2026-08-29 00:05:08 [main] INFO  o.testcontainers.images.PullPolicy - Image pull policy will be performed by: DefaultPullPolicy()
2026-08-29 00:05:08 [main] INFO  o.t.utility.ImageNameSubstitutor - Image name substitution will be performed by: DefaultImageNameSubstitutor (composite of 'ConfigurationFileImageNameSubstitutor' and 'PrefixingImageNameSubstitutor')
2026-08-29 00:05:08 [main] INFO  o.testcontainers.DockerClientFactory - Testcontainers version: 2.0.2
2026-08-29 00:05:08 [main] INFO  o.t.d.DockerClientProviderStrategy - Loaded org.testcontainers.dockerclient.UnixSocketClientProviderStrategy from ~/.testcontainers.properties, will try it first
2026-08-29 00:05:08 [main] INFO  o.t.d.DockerClientProviderStrategy - Found Docker environment with local Unix socket (unix:///var/run/docker.sock)
2026-08-29 00:05:08 [main] INFO  o.testcontainers.DockerClientFactory - Docker host IP address is localhost
2026-08-29 00:05:08 [main] INFO  o.testcontainers.DockerClientFactory - Connected to docker: 
  Server Version: 29.7.2
  API Version: 1.55
  Operating System: Arch Linux
  Total Memory: 63796 MB
2026-08-29 00:05:09 [main] INFO  tc.testcontainers/ryuk:0.13.0 - Creating container for image: testcontainers/ryuk:0.13.0
2026-08-29 00:05:09 [main] INFO  tc.testcontainers/ryuk:0.13.0 - Container testcontainers/ryuk:0.13.0 is starting: c8648cfab14d2b94140bc75c0b871a3a11c4a0f6c0e219d9994160a07c7f7f7d
2026-08-29 00:05:09 [main] INFO  tc.testcontainers/ryuk:0.13.0 - Container testcontainers/ryuk:0.13.0 started in PT0.326056471S
2026-08-29 00:05:09 [main] INFO  o.t.utility.RyukResourceReaper - Ryuk started - will monitor and terminate Testcontainers containers on JVM exit
2026-08-29 00:05:09 [main] INFO  o.testcontainers.DockerClientFactory - Checking the system...
2026-08-29 00:05:09 [main] INFO  o.testcontainers.DockerClientFactory - ✔︎ Docker server version should be at least 1.6.0
2026-08-29 00:05:09 [main] INFO  t.g.io/epos-eric/metadata-database/deploy:main - Creating container for image: ghcr.io/epos-eric/metadata-database/deploy:main
2026-08-29 00:05:09 [main] INFO  t.g.io/epos-eric/metadata-database/deploy:main - Container ghcr.io/epos-eric/metadata-database/deploy:main is starting: 49653b70e6d1f3d168730c356acbfee6a4e0680e2d9ace0724915fbc49d4f91f
2026-08-29 00:05:13 [main] INFO  t.g.io/epos-eric/metadata-database/deploy:main - Container ghcr.io/epos-eric/metadata-database/deploy:main started in PT4.333598775S
2026-08-29 00:05:13 [main] INFO  t.g.io/epos-eric/metadata-database/deploy:main - Container is started (JDBC URL: jdbc:postgresql://localhost:33819/cerif?loggerLevel=OFF)
2026-08-29 00:05:13 [main] INFO  com.zaxxer.hikari.HikariDataSource - metadata_catalogue - Starting...
2026-08-29 00:05:14 [main] INFO  com.zaxxer.hikari.pool.HikariPool - metadata_catalogue - Added connection org.postgresql.jdbc.PgConnection@1d1cbd0f
2026-08-29 00:05:14 [main] INFO  com.zaxxer.hikari.HikariDataSource - metadata_catalogue - Start completed.
2026-08-29 00:05:15 [main] INFO  com.zaxxer.hikari.HikariDataSource - metadata_catalogue - Shutdown initiated...
2026-08-29 00:05:15 [main] INFO  com.zaxxer.hikari.HikariDataSource - metadata_catalogue - Shutdown completed.
2026-08-29 00:07:00 [main] INFO  o.testcontainers.images.PullPolicy - Image pull policy will be performed by: DefaultPullPolicy()
2026-08-29 00:07:00 [main] INFO  o.t.utility.ImageNameSubstitutor - Image name substitution will be performed by: DefaultImageNameSubstitutor (composite of 'ConfigurationFileImageNameSubstitutor' and 'PrefixingImageNameSubstitutor')
2026-08-29 00:07:00 [main] INFO  o.testcontainers.DockerClientFactory - Testcontainers version: 2.0.2
2026-08-29 00:07:00 [main] INFO  o.t.d.DockerClientProviderStrategy - Loaded org.testcontainers.dockerclient.UnixSocketClientProviderStrategy from ~/.testcontainers.properties, will try it first
2026-08-29 00:07:00 [main] INFO  o.t.d.DockerClientProviderStrategy - Found Docker environment with local Unix socket (unix:///var/run/docker.sock)
2026-08-29 00:07:00 [main] INFO  o.testcontainers.DockerClientFactory - Docker host IP address is localhost
2026-08-29 00:07:00 [main] INFO  o.testcontainers.DockerClientFactory - Connected to docker: 
  Server Version: 29.7.2
  API Version: 1.55
  Operating System: Arch Linux
  Total Memory: 63796 MB
2026-08-29 00:07:01 [main] INFO  tc.testcontainers/ryuk:0.13.0 - Creating container for image: testcontainers/ryuk:0.13.0
2026-08-29 00:07:01 [main] INFO  tc.testcontainers/ryuk:0.13.0 - Container testcontainers/ryuk:0.13.0 is starting: 637eea647d4ced7359532b30b4321ad461db5c96cca8cc3d34606590e61d536b
2026-08-29 00:07:01 [main] INFO  tc.testcontainers/ryuk:0.13.0 - Container testcontainers/ryuk:0.13.0 started in PT0.312451912S
2026-08-29 00:07:01 [main] INFO  o.t.utility.RyukResourceReaper - Ryuk started - will monitor and terminate Testcontainers containers on JVM exit
2026-08-29 00:07:01 [main] INFO  o.testcontainers.DockerClientFactory - Checking the system...
2026-08-29 00:07:01 [main] INFO  o.testcontainers.DockerClientFactory - ✔︎ Docker server version should be at least 1.6.0
2026-08-29 00:07:01 [main] INFO  t.g.io/epos-eric/metadata-database/deploy:main - Creating container for image: ghcr.io/epos-eric/metadata-database/deploy:main
2026-08-29 00:07:01 [main] INFO  t.g.io/epos-eric/metadata-database/deploy:main - Container ghcr.io/epos-eric/metadata-database/deploy:main is starting: 140831f20cf8feef9f589d0d4bf873d46b7cba66ab8fddb657b5a8bc8e39cc32
2026-08-29 00:07:06 [main] INFO  t.g.io/epos-eric/metadata-database/deploy:main - Container ghcr.io/epos-eric/metadata-database/deploy:main started in PT4.519019376S
2026-08-29 00:07:06 [main] INFO  t.g.io/epos-eric/metadata-database/deploy:main - Container is started (JDBC URL: jdbc:postgresql://localhost:33821/cerif?loggerLevel=OFF)
2026-08-29 00:07:06 [main] INFO  com.zaxxer.hikari.HikariDataSource - metadata_catalogue - Starting...
2026-08-29 00:07:06 [main] INFO  com.zaxxer.hikari.pool.HikariPool - metadata_catalogue - Added connection org.postgresql.jdbc.PgConnection@5578be42
2026-08-29 00:07:06 [main] INFO  com.zaxxer.hikari.HikariDataSource - metadata_catalogue - Start completed.
2026-08-29 00:07:07 [main] INFO  com.zaxxer.hikari.HikariDataSource - metadata_catalogue - Shutdown initiated...
2026-08-29 00:07:07 [main] INFO  com.zaxxer.hikari.HikariDataSource - metadata_catalogue - Shutdown completed.
2026-08-29 00:07:44 [main] INFO  o.testcontainers.images.PullPolicy - Image pull policy will be performed by: DefaultPullPolicy()
2026-08-29 00:07:44 [main] INFO  o.t.utility.ImageNameSubstitutor - Image name substitution will be performed by: DefaultImageNameSubstitutor (composite of 'ConfigurationFileImageNameSubstitutor' and 'PrefixingImageNameSubstitutor')
2026-08-29 00:07:44 [main] INFO  o.testcontainers.DockerClientFactory - Testcontainers version: 2.0.2
2026-08-29 00:07:44 [main] INFO  o.t.d.DockerClientProviderStrategy - Loaded org.testcontainers.dockerclient.UnixSocketClientProviderStrategy from ~/.testcontainers.properties, will try it first
2026-08-29 00:07:44 [main] INFO  o.t.d.DockerClientProviderStrategy - Found Docker environment with local Unix socket (unix:///var/run/docker.sock)
2026-08-29 00:07:44 [main] INFO  o.testcontainers.DockerClientFactory - Docker host IP address is localhost
2026-08-29 00:07:44 [main] INFO  o.testcontainers.DockerClientFactory - Connected to docker: 
  Server Version: 29.7.2
  API Version: 1.55
  Operating System: Arch Linux
  Total Memory: 63796 MB
2026-08-29 00:07:45 [main] INFO  tc.testcontainers/ryuk:0.13.0 - Creating container for image: testcontainers/ryuk:0.13.0
2026-08-29 00:07:45 [main] INFO  tc.testcontainers/ryuk:0.13.0 - Container testcontainers/ryuk:0.13.0 is starting: 53dd34e92c5a012764975eff282434bff3526e3cef91caa3137247c4ec3f4d6b
2026-08-29 00:07:45 [main] INFO  tc.testcontainers/ryuk:0.13.0 - Container testcontainers/ryuk:0.13.0 started in PT0.314038865S
2026-08-29 00:07:45 [main] INFO  o.t.utility.RyukResourceReaper - Ryuk started - will monitor and terminate Testcontainers containers on JVM exit
2026-08-29 00:07:45 [main] INFO  o.testcontainers.DockerClientFactory - Checking the system...
2026-08-29 00:07:45 [main] INFO  o.testcontainers.DockerClientFactory - ✔︎ Docker server version should be at least 1.6.0
2026-08-29 00:07:45 [main] INFO  t.g.io/epos-eric/metadata-database/deploy:main - Creating container for image: ghcr.io/epos-eric/metadata-database/deploy:main
2026-08-29 00:07:46 [main] INFO  t.g.io/epos-eric/metadata-database/deploy:main - Container ghcr.io/epos-eric/metadata-database/deploy:main is starting: bcc01379fe29a24afb92750541a5d0e299f2cc23ba6e8311c4eb077c727c803d
2026-08-29 00:07:49 [main] INFO  t.g.io/epos-eric/metadata-database/deploy:main - Container ghcr.io/epos-eric/metadata-database/deploy:main started in PT4.15631547S
2026-08-29 00:07:49 [main] INFO  t.g.io/epos-eric/metadata-database/deploy:main - Container is started (JDBC URL: jdbc:postgresql://localhost:33823/cerif?loggerLevel=OFF)
2026-08-29 00:07:50 [main] INFO  com.zaxxer.hikari.HikariDataSource - metadata_catalogue - Starting...
2026-08-29 00:07:50 [main] INFO  com.zaxxer.hikari.pool.HikariPool - metadata_catalogue - Added connection org.postgresql.jdbc.PgConnection@5578be42
2026-08-29 00:07:50 [main] INFO  com.zaxxer.hikari.HikariDataSource - metadata_catalogue - Start completed.
2026-08-29 00:07:51 [main] INFO  com.zaxxer.hikari.HikariDataSource - metadata_catalogue - Shutdown initiated...
2026-08-29 00:07:51 [main] INFO  com.zaxxer.hikari.HikariDataSource - metadata_catalogue - Shutdown completed.
2026-08-29 00:08:23 [main] INFO  o.testcontainers.images.PullPolicy - Image pull policy will be performed by: DefaultPullPolicy()
2026-08-29 00:08:23 [main] INFO  o.t.utility.ImageNameSubstitutor - Image name substitution will be performed by: DefaultImageNameSubstitutor (composite of 'ConfigurationFileImageNameSubstitutor' and 'PrefixingImageNameSubstitutor')
2026-08-29 00:08:23 [main] INFO  o.testcontainers.DockerClientFactory - Testcontainers version: 2.0.2
2026-08-29 00:08:23 [main] INFO  o.t.d.DockerClientProviderStrategy - Loaded org.testcontainers.dockerclient.UnixSocketClientProviderStrategy from ~/.testcontainers.properties, will try it first
2026-08-29 00:08:23 [main] INFO  o.t.d.DockerClientProviderStrategy - Found Docker environment with local Unix socket (unix:///var/run/docker.sock)
2026-08-29 00:08:23 [main] INFO  o.testcontainers.DockerClientFactory - Docker host IP address is localhost
2026-08-29 00:08:23 [main] INFO  o.testcontainers.DockerClientFactory - Connected to docker: 
  Server Version: 29.7.2
  API Version: 1.55
  Operating System: Arch Linux
  Total Memory: 63796 MB
2026-08-29 00:08:24 [main] INFO  tc.testcontainers/ryuk:0.13.0 - Creating container for image: testcontainers/ryuk:0.13.0
2026-08-29 00:08:24 [main] INFO  tc.testcontainers/ryuk:0.13.0 - Container testcontainers/ryuk:0.13.0 is starting: d9cc0faec446621d5f9364a4381de8c1b7d0b19481868b072f9824cb0042201e
2026-08-29 00:08:24 [main] INFO  tc.testcontainers/ryuk:0.13.0 - Container testcontainers/ryuk:0.13.0 started in PT0.291287175S
2026-08-29 00:08:24 [main] INFO  o.t.utility.RyukResourceReaper - Ryuk started - will monitor and terminate Testcontainers containers on JVM exit
2026-08-29 00:08:24 [main] INFO  o.testcontainers.DockerClientFactory - Checking the system...
2026-08-29 00:08:24 [main] INFO  o.testcontainers.DockerClientFactory - ✔︎ Docker server version should be at least 1.6.0
2026-08-29 00:08:24 [main] INFO  t.g.io/epos-eric/metadata-database/deploy:main - Creating container for image: ghcr.io/epos-eric/metadata-database/deploy:main
2026-08-29 00:08:24 [main] INFO  t.g.io/epos-eric/metadata-database/deploy:main - Container ghcr.io/epos-eric/metadata-database/deploy:main is starting: 9884fba122dce896645270cba2b615dda96e0c565ab95c8f4986fae72c3aac40
2026-08-29 00:08:28 [main] INFO  t.g.io/epos-eric/metadata-database/deploy:main - Container ghcr.io/epos-eric/metadata-database/deploy:main started in PT3.934092109S
2026-08-29 00:08:28 [main] INFO  t.g.io/epos-eric/metadata-database/deploy:main - Container is started (JDBC URL: jdbc:postgresql://localhost:33825/cerif?loggerLevel=OFF)
2026-08-29 00:08:28 [main] INFO  com.zaxxer.hikari.HikariDataSource - metadata_catalogue - Starting...
2026-08-29 00:08:28 [main] INFO  com.zaxxer.hikari.pool.HikariPool - metadata_catalogue - Added connection org.postgresql.jdbc.PgConnection@5578be42
2026-08-29 00:08:28 [main] INFO  com.zaxxer.hikari.HikariDataSource - metadata_catalogue - Start completed.
2026-08-29 00:08:29 [main] INFO  com.zaxxer.hikari.HikariDataSource - metadata_catalogue - Shutdown initiated...
2026-08-29 00:08:29 [main] INFO  com.zaxxer.hikari.HikariDataSource - metadata_catalogue - Shutdown completed.
2026-08-29 00:08:46 [main] INFO  o.testcontainers.images.PullPolicy - Image pull policy will be performed by: DefaultPullPolicy()
2026-08-29 00:08:46 [main] INFO  o.t.utility.ImageNameSubstitutor - Image name substitution will be performed by: DefaultImageNameSubstitutor (composite of 'ConfigurationFileImageNameSubstitutor' and 'PrefixingImageNameSubstitutor')
2026-08-29 00:08:46 [main] INFO  o.testcontainers.DockerClientFactory - Testcontainers version: 2.0.2
2026-08-29 00:08:47 [main] INFO  o.t.d.DockerClientProviderStrategy - Loaded org.testcontainers.dockerclient.UnixSocketClientProviderStrategy from ~/.testcontainers.properties, will try it first
2026-08-29 00:08:47 [main] INFO  o.t.d.DockerClientProviderStrategy - Found Docker environment with local Unix socket (unix:///var/run/docker.sock)
2026-08-29 00:08:47 [main] INFO  o.testcontainers.DockerClientFactory - Docker host IP address is localhost
2026-08-29 00:08:47 [main] INFO  o.testcontainers.DockerClientFactory - Connected to docker: 
  Server Version: 29.7.2
  API Version: 1.55
  Operating System: Arch Linux
  Total Memory: 63796 MB
2026-08-29 00:08:48 [main] INFO  tc.testcontainers/ryuk:0.13.0 - Creating container for image: testcontainers/ryuk:0.13.0
2026-08-29 00:08:48 [main] INFO  tc.testcontainers/ryuk:0.13.0 - Container testcontainers/ryuk:0.13.0 is starting: 2807c91c34a9f6e32c13c870d81576d9122d5527980681b48237b74aa18a41d5
2026-08-29 00:08:48 [main] INFO  tc.testcontainers/ryuk:0.13.0 - Container testcontainers/ryuk:0.13.0 started in PT0.326477209S
2026-08-29 00:08:48 [main] INFO  o.t.utility.RyukResourceReaper - Ryuk started - will monitor and terminate Testcontainers containers on JVM exit
2026-08-29 00:08:48 [main] INFO  o.testcontainers.DockerClientFactory - Checking the system...
2026-08-29 00:08:48 [main] INFO  o.testcontainers.DockerClientFactory - ✔︎ Docker server version should be at least 1.6.0
2026-08-29 00:08:48 [main] INFO  t.g.io/epos-eric/metadata-database/deploy:main - Creating container for image: ghcr.io/epos-eric/metadata-database/deploy:main
2026-08-29 00:08:48 [main] INFO  t.g.io/epos-eric/metadata-database/deploy:main - Container ghcr.io/epos-eric/metadata-database/deploy:main is starting: 7014b9d8195ea7dec3612eb0ff63630f5281433547b16fb9e634ac4a77a5ef07
2026-08-29 00:08:53 [main] INFO  t.g.io/epos-eric/metadata-database/deploy:main - Container ghcr.io/epos-eric/metadata-database/deploy:main started in PT4.662168897S
2026-08-29 00:08:53 [main] INFO  t.g.io/epos-eric/metadata-database/deploy:main - Container is started (JDBC URL: jdbc:postgresql://localhost:33827/cerif?loggerLevel=OFF)
2026-08-29 00:08:53 [main] INFO  com.zaxxer.hikari.HikariDataSource - metadata_catalogue - Starting...
2026-08-29 00:08:53 [main] INFO  com.zaxxer.hikari.pool.HikariPool - metadata_catalogue - Added connection org.postgresql.jdbc.PgConnection@4e49ce2b
2026-08-29 00:08:53 [main] INFO  com.zaxxer.hikari.HikariDataSource - metadata_catalogue - Start completed.
2026-08-29 00:08:54 [main] INFO  com.zaxxer.hikari.HikariDataSource - metadata_catalogue - Shutdown initiated...
2026-08-29 00:08:54 [main] INFO  com.zaxxer.hikari.HikariDataSource - metadata_catalogue - Shutdown completed.
2026-08-29 00:09:10 [main] INFO  o.testcontainers.images.PullPolicy - Image pull policy will be performed by: DefaultPullPolicy()
2026-08-29 00:09:10 [main] INFO  o.t.utility.ImageNameSubstitutor - Image name substitution will be performed by: DefaultImageNameSubstitutor (composite of 'ConfigurationFileImageNameSubstitutor' and 'PrefixingImageNameSubstitutor')
2026-08-29 00:09:10 [main] INFO  o.testcontainers.DockerClientFactory - Testcontainers version: 2.0.2
2026-08-29 00:09:11 [main] INFO  o.t.d.DockerClientProviderStrategy - Loaded org.testcontainers.dockerclient.UnixSocketClientProviderStrategy from ~/.testcontainers.properties, will try it first
2026-08-29 00:09:11 [main] INFO  o.t.d.DockerClientProviderStrategy - Found Docker environment with local Unix socket (unix:///var/run/docker.sock)
2026-08-29 00:09:11 [main] INFO  o.testcontainers.DockerClientFactory - Docker host IP address is localhost
2026-08-29 00:09:11 [main] INFO  o.testcontainers.DockerClientFactory - Connected to docker: 
  Server Version: 29.7.2
  API Version: 1.55
  Operating System: Arch Linux
  Total Memory: 63796 MB
2026-08-29 00:09:12 [main] INFO  tc.testcontainers/ryuk:0.13.0 - Creating container for image: testcontainers/ryuk:0.13.0
2026-08-29 00:09:12 [main] INFO  tc.testcontainers/ryuk:0.13.0 - Container testcontainers/ryuk:0.13.0 is starting: a209995d26573823e63a6f15909113bd94e9321e8d4745ff8cfbc26f98efd219
2026-08-29 00:09:12 [main] INFO  tc.testcontainers/ryuk:0.13.0 - Container testcontainers/ryuk:0.13.0 started in PT0.295126866S
2026-08-29 00:09:12 [main] INFO  o.t.utility.RyukResourceReaper - Ryuk started - will monitor and terminate Testcontainers containers on JVM exit
2026-08-29 00:09:12 [main] INFO  o.testcontainers.DockerClientFactory - Checking the system...
2026-08-29 00:09:12 [main] INFO  o.testcontainers.DockerClientFactory - ✔︎ Docker server version should be at least 1.6.0
2026-08-29 00:09:12 [main] INFO  t.g.io/epos-eric/metadata-database/deploy:main - Creating container for image: ghcr.io/epos-eric/metadata-database/deploy:main
2026-08-29 00:09:12 [main] INFO  t.g.io/epos-eric/metadata-database/deploy:main - Container ghcr.io/epos-eric/metadata-database/deploy:main is starting: 15a772d3a81c67fc8c3e4c26f1b95631d80a9bfb5f976141d18e965b4f2569e4
2026-08-29 00:09:16 [main] INFO  t.g.io/epos-eric/metadata-database/deploy:main - Container ghcr.io/epos-eric/metadata-database/deploy:main started in PT4.027752515S
2026-08-29 00:09:16 [main] INFO  t.g.io/epos-eric/metadata-database/deploy:main - Container is started (JDBC URL: jdbc:postgresql://localhost:33829/cerif?loggerLevel=OFF)
2026-08-29 00:09:16 [main] INFO  com.zaxxer.hikari.HikariDataSource - metadata_catalogue - Starting...
2026-08-29 00:09:16 [main] INFO  com.zaxxer.hikari.pool.HikariPool - metadata_catalogue - Added connection org.postgresql.jdbc.PgConnection@5578be42
2026-08-29 00:09:16 [main] INFO  com.zaxxer.hikari.HikariDataSource - metadata_catalogue - Start completed.
2026-08-29 00:09:18 [main] INFO  com.zaxxer.hikari.HikariDataSource - metadata_catalogue - Shutdown initiated...
2026-08-29 00:09:18 [main] INFO  com.zaxxer.hikari.HikariDataSource - metadata_catalogue - Shutdown completed.
2026-08-29 01:34:23 [main] INFO  o.testcontainers.images.PullPolicy - Image pull policy will be performed by: DefaultPullPolicy()
2026-08-29 01:34:23 [main] INFO  o.t.utility.ImageNameSubstitutor - Image name substitution will be performed by: DefaultImageNameSubstitutor (composite of 'ConfigurationFileImageNameSubstitutor' and 'PrefixingImageNameSubstitutor')
2026-08-29 01:34:23 [main] INFO  o.testcontainers.DockerClientFactory - Testcontainers version: 2.0.2
2026-08-29 01:34:23 [main] INFO  o.t.d.DockerClientProviderStrategy - Loaded org.testcontainers.dockerclient.UnixSocketClientProviderStrategy from ~/.testcontainers.properties, will try it first
2026-08-29 01:34:23 [main] INFO  o.t.d.DockerClientProviderStrategy - Found Docker environment with local Unix socket (unix:///var/run/docker.sock)
2026-08-29 01:34:23 [main] INFO  o.testcontainers.DockerClientFactory - Docker host IP address is localhost
2026-08-29 01:34:23 [main] INFO  o.testcontainers.DockerClientFactory - Connected to docker: 
  Server Version: 29.7.2
  API Version: 1.55
  Operating System: Arch Linux
  Total Memory: 63796 MB
2026-08-29 01:34:24 [main] INFO  tc.testcontainers/ryuk:0.13.0 - Creating container for image: testcontainers/ryuk:0.13.0
2026-08-29 01:34:24 [main] INFO  tc.testcontainers/ryuk:0.13.0 - Container testcontainers/ryuk:0.13.0 is starting: 3089c92b882e76fa9e2c8fe3b4c48a45f4316ff95c077a6cdf9bbb1191a8decd
2026-08-29 01:34:24 [main] INFO  tc.testcontainers/ryuk:0.13.0 - Container testcontainers/ryuk:0.13.0 started in PT0.346753866S
2026-08-29 01:34:24 [main] INFO  o.t.utility.RyukResourceReaper - Ryuk started - will monitor and terminate Testcontainers containers on JVM exit
2026-08-29 01:34:24 [main] INFO  o.testcontainers.DockerClientFactory - Checking the system...
2026-08-29 01:34:24 [main] INFO  o.testcontainers.DockerClientFactory - ✔︎ Docker server version should be at least 1.6.0
2026-08-29 01:34:24 [main] INFO  t.g.io/epos-eric/metadata-database/deploy:main - Creating container for image: ghcr.io/epos-eric/metadata-database/deploy:main
2026-08-29 01:34:24 [main] INFO  t.g.io/epos-eric/metadata-database/deploy:main - Container ghcr.io/epos-eric/metadata-database/deploy:main is starting: 2f3aa0769e4d9a4e789b54a6a8bfe12a14c32df902fe7f3ff1039e19216bde17
2026-08-29 01:34:28 [main] INFO  t.g.io/epos-eric/metadata-database/deploy:main - Container ghcr.io/epos-eric/metadata-database/deploy:main started in PT4.040253493S
2026-08-29 01:34:28 [main] INFO  t.g.io/epos-eric/metadata-database/deploy:main - Container is started (JDBC URL: jdbc:postgresql://localhost:33831/cerif?loggerLevel=OFF)
2026-08-29 01:34:28 [main] INFO  com.zaxxer.hikari.HikariDataSource - metadata_catalogue - Starting...
2026-08-29 01:34:28 [main] INFO  com.zaxxer.hikari.pool.HikariPool - metadata_catalogue - Added connection org.postgresql.jdbc.PgConnection@5578be42
2026-08-29 01:34:28 [main] INFO  com.zaxxer.hikari.HikariDataSource - metadata_catalogue - Start completed.
2026-08-29 01:34:30 [main] INFO  com.zaxxer.hikari.HikariDataSource - metadata_catalogue - Shutdown initiated...
2026-08-29 01:34:30 [main] INFO  com.zaxxer.hikari.HikariDataSource - metadata_catalogue - Shutdown completed.
2026-08-29 01:38:03 [main] INFO  o.testcontainers.images.PullPolicy - Image pull policy will be performed by: DefaultPullPolicy()
2026-08-29 01:38:03 [main] INFO  o.t.utility.ImageNameSubstitutor - Image name substitution will be performed by: DefaultImageNameSubstitutor (composite of 'ConfigurationFileImageNameSubstitutor' and 'PrefixingImageNameSubstitutor')
2026-08-29 01:38:03 [main] INFO  o.testcontainers.DockerClientFactory - Testcontainers version: 2.0.2
2026-08-29 01:38:03 [main] INFO  o.t.d.DockerClientProviderStrategy - Loaded org.testcontainers.dockerclient.UnixSocketClientProviderStrategy from ~/.testcontainers.properties, will try it first
2026-08-29 01:38:03 [main] INFO  o.t.d.DockerClientProviderStrategy - Found Docker environment with local Unix socket (unix:///var/run/docker.sock)
2026-08-29 01:38:03 [main] INFO  o.testcontainers.DockerClientFactory - Docker host IP address is localhost
2026-08-29 01:38:03 [main] INFO  o.testcontainers.DockerClientFactory - Connected to docker: 
  Server Version: 29.7.2
  API Version: 1.55
  Operating System: Arch Linux
  Total Memory: 63796 MB
2026-08-29 01:38:04 [main] INFO  tc.testcontainers/ryuk:0.13.0 - Creating container for image: testcontainers/ryuk:0.13.0
2026-08-29 01:38:04 [main] INFO  tc.testcontainers/ryuk:0.13.0 - Container testcontainers/ryuk:0.13.0 is starting: d36449a75defba29257b9c462e0d836802810be9ceadb2b18e731c943fa6e7a5
2026-08-29 01:38:05 [main] INFO  tc.testcontainers/ryuk:0.13.0 - Container testcontainers/ryuk:0.13.0 started in PT0.334727962S
2026-08-29 01:38:05 [main] INFO  o.t.utility.RyukResourceReaper - Ryuk started - will monitor and terminate Testcontainers containers on JVM exit
2026-08-29 01:38:05 [main] INFO  o.testcontainers.DockerClientFactory - Checking the system...
2026-08-29 01:38:05 [main] INFO  o.testcontainers.DockerClientFactory - ✔︎ Docker server version should be at least 1.6.0
2026-08-29 01:38:05 [main] INFO  t.g.io/epos-eric/metadata-database/deploy:main - Creating container for image: ghcr.io/epos-eric/metadata-database/deploy:main
2026-08-29 01:38:05 [main] INFO  t.g.io/epos-eric/metadata-database/deploy:main - Container ghcr.io/epos-eric/metadata-database/deploy:main is starting: eb95e272c39144df3bcda126bdcec56b489dbe5289a24ffe52179b4f00305129
2026-08-29 01:38:09 [main] INFO  t.g.io/epos-eric/metadata-database/deploy:main - Container ghcr.io/epos-eric/metadata-database/deploy:main started in PT4.068854537S
2026-08-29 01:38:09 [main] INFO  t.g.io/epos-eric/metadata-database/deploy:main - Container is started (JDBC URL: jdbc:postgresql://localhost:33833/cerif?loggerLevel=OFF)
2026-08-29 01:38:09 [main] INFO  com.zaxxer.hikari.HikariDataSource - metadata_catalogue - Starting...
2026-08-29 01:38:09 [main] INFO  com.zaxxer.hikari.pool.HikariPool - metadata_catalogue - Added connection org.postgresql.jdbc.PgConnection@5578be42
2026-08-29 01:38:09 [main] INFO  com.zaxxer.hikari.HikariDataSource - metadata_catalogue - Start completed.
2026-08-29 01:38:10 [main] INFO  com.zaxxer.hikari.HikariDataSource - metadata_catalogue - Shutdown initiated...
2026-08-29 01:38:10 [main] INFO  com.zaxxer.hikari.HikariDataSource - metadata_catalogue - Shutdown completed.
2026-08-29 01:38:35 [main] INFO  o.testcontainers.images.PullPolicy - Image pull policy will be performed by: DefaultPullPolicy()
2026-08-29 01:38:35 [main] INFO  o.t.utility.ImageNameSubstitutor - Image name substitution will be performed by: DefaultImageNameSubstitutor (composite of 'ConfigurationFileImageNameSubstitutor' and 'PrefixingImageNameSubstitutor')
2026-08-29 01:38:35 [main] INFO  o.testcontainers.DockerClientFactory - Testcontainers version: 2.0.2
2026-08-29 01:38:35 [main] INFO  o.t.d.DockerClientProviderStrategy - Loaded org.testcontainers.dockerclient.UnixSocketClientProviderStrategy from ~/.testcontainers.properties, will try it first
2026-08-29 01:38:35 [main] INFO  o.t.d.DockerClientProviderStrategy - Found Docker environment with local Unix socket (unix:///var/run/docker.sock)
2026-08-29 01:38:35 [main] INFO  o.testcontainers.DockerClientFactory - Docker host IP address is localhost
2026-08-29 01:38:35 [main] INFO  o.testcontainers.DockerClientFactory - Connected to docker: 
  Server Version: 29.7.2
  API Version: 1.55
  Operating System: Arch Linux
  Total Memory: 63796 MB
2026-08-29 01:38:36 [main] INFO  tc.testcontainers/ryuk:0.13.0 - Creating container for image: testcontainers/ryuk:0.13.0
2026-08-29 01:38:36 [main] INFO  tc.testcontainers/ryuk:0.13.0 - Container testcontainers/ryuk:0.13.0 is starting: 2ea9a9dc1ecaefe8b3b9cfb46177b9675ea34b32a22893a91d62eb264b085131
2026-08-29 01:38:36 [main] INFO  tc.testcontainers/ryuk:0.13.0 - Container testcontainers/ryuk:0.13.0 started in PT0.291598646S
2026-08-29 01:38:36 [main] INFO  o.t.utility.RyukResourceReaper - Ryuk started - will monitor and terminate Testcontainers containers on JVM exit
2026-08-29 01:38:36 [main] INFO  o.testcontainers.DockerClientFactory - Checking the system...
2026-08-29 01:38:36 [main] INFO  o.testcontainers.DockerClientFactory - ✔︎ Docker server version should be at least 1.6.0
2026-08-29 01:38:36 [main] INFO  t.g.io/epos-eric/metadata-database/deploy:main - Creating container for image: ghcr.io/epos-eric/metadata-database/deploy:main
2026-08-29 01:38:36 [main] INFO  t.g.io/epos-eric/metadata-database/deploy:main - Container ghcr.io/epos-eric/metadata-database/deploy:main is starting: ca5d86325cf7a72d85c99bd5cd0ceff0aa5f0f7ebef473b8c675d1bcb6eb011c
2026-08-29 01:38:41 [main] INFO  t.g.io/epos-eric/metadata-database/deploy:main - Container ghcr.io/epos-eric/metadata-database/deploy:main started in PT4.284849104S
2026-08-29 01:38:41 [main] INFO  t.g.io/epos-eric/metadata-database/deploy:main - Container is started (JDBC URL: jdbc:postgresql://localhost:33835/cerif?loggerLevel=OFF)
2026-08-29 01:38:41 [main] INFO  com.zaxxer.hikari.HikariDataSource - metadata_catalogue - Starting...
2026-08-29 01:38:41 [main] INFO  com.zaxxer.hikari.pool.HikariPool - metadata_catalogue - Added connection org.postgresql.jdbc.PgConnection@4e49ce2b
2026-08-29 01:38:41 [main] INFO  com.zaxxer.hikari.HikariDataSource - metadata_catalogue - Start completed.
2026-08-29 01:38:42 [main] INFO  com.zaxxer.hikari.HikariDataSource - metadata_catalogue - Shutdown initiated...
2026-08-29 01:38:42 [main] INFO  com.zaxxer.hikari.HikariDataSource - metadata_catalogue - Shutdown completed.
2026-08-29 01:39:05 [main] INFO  o.testcontainers.images.PullPolicy - Image pull policy will be performed by: DefaultPullPolicy()
2026-08-29 01:39:05 [main] INFO  o.t.utility.ImageNameSubstitutor - Image name substitution will be performed by: DefaultImageNameSubstitutor (composite of 'ConfigurationFileImageNameSubstitutor' and 'PrefixingImageNameSubstitutor')
2026-08-29 01:39:05 [main] INFO  o.testcontainers.DockerClientFactory - Testcontainers version: 2.0.2
2026-08-29 01:39:05 [main] INFO  o.t.d.DockerClientProviderStrategy - Loaded org.testcontainers.dockerclient.UnixSocketClientProviderStrategy from ~/.testcontainers.properties, will try it first
2026-08-29 01:39:05 [main] INFO  o.t.d.DockerClientProviderStrategy - Found Docker environment with local Unix socket (unix:///var/run/docker.sock)
2026-08-29 01:39:05 [main] INFO  o.testcontainers.DockerClientFactory - Docker host IP address is localhost
2026-08-29 01:39:05 [main] INFO  o.testcontainers.DockerClientFactory - Connected to docker: 
  Server Version: 29.7.2
  API Version: 1.55
  Operating System: Arch Linux
  Total Memory: 63796 MB
2026-08-29 01:39:06 [main] INFO  tc.testcontainers/ryuk:0.13.0 - Creating container for image: testcontainers/ryuk:0.13.0
2026-08-29 01:39:06 [main] INFO  tc.testcontainers/ryuk:0.13.0 - Container testcontainers/ryuk:0.13.0 is starting: b68cb6e1450b6fda60c13a062d4bffea7d03429366f94e17ed3c1497b5de4cf4
2026-08-29 01:39:06 [main] INFO  tc.testcontainers/ryuk:0.13.0 - Container testcontainers/ryuk:0.13.0 started in PT0.298864676S
2026-08-29 01:39:06 [main] INFO  o.t.utility.RyukResourceReaper - Ryuk started - will monitor and terminate Testcontainers containers on JVM exit
2026-08-29 01:39:06 [main] INFO  o.testcontainers.DockerClientFactory - Checking the system...
2026-08-29 01:39:06 [main] INFO  o.testcontainers.DockerClientFactory - ✔︎ Docker server version should be at least 1.6.0
2026-08-29 01:39:06 [main] INFO  t.g.io/epos-eric/metadata-database/deploy:main - Creating container for image: ghcr.io/epos-eric/metadata-database/deploy:main
2026-08-29 01:39:06 [main] INFO  t.g.io/epos-eric/metadata-database/deploy:main - Container ghcr.io/epos-eric/metadata-database/deploy:main is starting: 0b3d9475a17babb3393181882b87814d84ce97fa7ee597c2c913ceebc17a30e4
2026-08-29 01:39:10 [main] INFO  t.g.io/epos-eric/metadata-database/deploy:main - Container ghcr.io/epos-eric/metadata-database/deploy:main started in PT3.859510283S
2026-08-29 01:39:10 [main] INFO  t.g.io/epos-eric/metadata-database/deploy:main - Container is started (JDBC URL: jdbc:postgresql://localhost:33837/cerif?loggerLevel=OFF)
2026-08-29 01:39:10 [main] INFO  com.zaxxer.hikari.HikariDataSource - metadata_catalogue - Starting...
2026-08-29 01:39:10 [main] INFO  com.zaxxer.hikari.pool.HikariPool - metadata_catalogue - Added connection org.postgresql.jdbc.PgConnection@5578be42
2026-08-29 01:39:10 [main] INFO  com.zaxxer.hikari.HikariDataSource - metadata_catalogue - Start completed.
2026-08-29 01:39:12 [main] INFO  com.zaxxer.hikari.HikariDataSource - metadata_catalogue - Shutdown initiated...
2026-08-29 01:39:12 [main] INFO  com.zaxxer.hikari.HikariDataSource - metadata_catalogue - Shutdown completed.
2026-08-29 01:40:17 [main] INFO  o.testcontainers.images.PullPolicy - Image pull policy will be performed by: DefaultPullPolicy()
2026-08-29 01:40:17 [main] INFO  o.t.utility.ImageNameSubstitutor - Image name substitution will be performed by: DefaultImageNameSubstitutor (composite of 'ConfigurationFileImageNameSubstitutor' and 'PrefixingImageNameSubstitutor')
2026-08-29 01:40:17 [main] INFO  o.testcontainers.DockerClientFactory - Testcontainers version: 2.0.2
2026-08-29 01:40:17 [main] INFO  o.t.d.DockerClientProviderStrategy - Loaded org.testcontainers.dockerclient.UnixSocketClientProviderStrategy from ~/.testcontainers.properties, will try it first
2026-08-29 01:40:17 [main] INFO  o.t.d.DockerClientProviderStrategy - Found Docker environment with local Unix socket (unix:///var/run/docker.sock)
2026-08-29 01:40:17 [main] INFO  o.testcontainers.DockerClientFactory - Docker host IP address is localhost
2026-08-29 01:40:17 [main] INFO  o.testcontainers.DockerClientFactory - Connected to docker: 
  Server Version: 29.7.2
  API Version: 1.55
  Operating System: Arch Linux
  Total Memory: 63796 MB
2026-08-29 01:40:18 [main] INFO  tc.testcontainers/ryuk:0.13.0 - Creating container for image: testcontainers/ryuk:0.13.0
2026-08-29 01:40:18 [main] INFO  tc.testcontainers/ryuk:0.13.0 - Container testcontainers/ryuk:0.13.0 is starting: a7fd6673a9ed09c7b383252be8a80245e5cfc0cd787c171549b18271ab4393cf
2026-08-29 01:40:18 [main] INFO  tc.testcontainers/ryuk:0.13.0 - Container testcontainers/ryuk:0.13.0 started in PT0.298852382S
2026-08-29 01:40:18 [main] INFO  o.t.utility.RyukResourceReaper - Ryuk started - will monitor and terminate Testcontainers containers on JVM exit
2026-08-29 01:40:18 [main] INFO  o.testcontainers.DockerClientFactory - Checking the system...
2026-08-29 01:40:18 [main] INFO  o.testcontainers.DockerClientFactory - ✔︎ Docker server version should be at least 1.6.0
2026-08-29 01:40:18 [main] INFO  t.g.io/epos-eric/metadata-database/deploy:main - Creating container for image: ghcr.io/epos-eric/metadata-database/deploy:main
2026-08-29 01:40:18 [main] INFO  t.g.io/epos-eric/metadata-database/deploy:main - Container ghcr.io/epos-eric/metadata-database/deploy:main is starting: 4914d8e50b3a08aed6b46600d859b7fe3e74b8f4a29a82452bce1ce6cbd31095
2026-08-29 01:40:22 [main] INFO  t.g.io/epos-eric/metadata-database/deploy:main - Container ghcr.io/epos-eric/metadata-database/deploy:main started in PT3.96053447S
2026-08-29 01:40:22 [main] INFO  t.g.io/epos-eric/metadata-database/deploy:main - Container is started (JDBC URL: jdbc:postgresql://localhost:33839/cerif?loggerLevel=OFF)
2026-08-29 01:40:22 [main] INFO  com.zaxxer.hikari.HikariDataSource - metadata_catalogue - Starting...
2026-08-29 01:40:22 [main] INFO  com.zaxxer.hikari.pool.HikariPool - metadata_catalogue - Added connection org.postgresql.jdbc.PgConnection@5578be42
2026-08-29 01:40:22 [main] INFO  com.zaxxer.hikari.HikariDataSource - metadata_catalogue - Start completed.
2026-08-29 01:40:24 [main] INFO  com.zaxxer.hikari.HikariDataSource - metadata_catalogue - Shutdown initiated...
2026-08-29 01:40:24 [main] INFO  com.zaxxer.hikari.HikariDataSource - metadata_catalogue - Shutdown completed.
2026-08-29 01:41:21 [main] INFO  o.testcontainers.images.PullPolicy - Image pull policy will be performed by: DefaultPullPolicy()
2026-08-29 01:41:21 [main] INFO  o.t.utility.ImageNameSubstitutor - Image name substitution will be performed by: DefaultImageNameSubstitutor (composite of 'ConfigurationFileImageNameSubstitutor' and 'PrefixingImageNameSubstitutor')
2026-08-29 01:41:21 [main] INFO  o.testcontainers.DockerClientFactory - Testcontainers version: 2.0.2
2026-08-29 01:41:21 [main] INFO  o.t.d.DockerClientProviderStrategy - Loaded org.testcontainers.dockerclient.UnixSocketClientProviderStrategy from ~/.testcontainers.properties, will try it first
2026-08-29 01:41:21 [main] INFO  o.t.d.DockerClientProviderStrategy - Found Docker environment with local Unix socket (unix:///var/run/docker.sock)
2026-08-29 01:41:21 [main] INFO  o.testcontainers.DockerClientFactory - Docker host IP address is localhost
2026-08-29 01:41:21 [main] INFO  o.testcontainers.DockerClientFactory - Connected to docker: 
  Server Version: 29.7.2
  API Version: 1.55
  Operating System: Arch Linux
  Total Memory: 63796 MB
2026-08-29 01:41:22 [main] INFO  tc.testcontainers/ryuk:0.13.0 - Creating container for image: testcontainers/ryuk:0.13.0
2026-08-29 01:41:22 [main] INFO  tc.testcontainers/ryuk:0.13.0 - Container testcontainers/ryuk:0.13.0 is starting: 3463034d0e2202d91fe7d8f9b51946191544b74dd5f0c7597eb26e228312f01f
2026-08-29 01:41:23 [main] INFO  tc.testcontainers/ryuk:0.13.0 - Container testcontainers/ryuk:0.13.0 started in PT0.270568863S
2026-08-29 01:41:23 [main] INFO  o.t.utility.RyukResourceReaper - Ryuk started - will monitor and terminate Testcontainers containers on JVM exit
2026-08-29 01:41:23 [main] INFO  o.testcontainers.DockerClientFactory - Checking the system...
2026-08-29 01:41:23 [main] INFO  o.testcontainers.DockerClientFactory - ✔︎ Docker server version should be at least 1.6.0
2026-08-29 01:41:23 [main] INFO  t.g.io/epos-eric/metadata-database/deploy:main - Creating container for image: ghcr.io/epos-eric/metadata-database/deploy:main
2026-08-29 01:41:23 [main] INFO  t.g.io/epos-eric/metadata-database/deploy:main - Container ghcr.io/epos-eric/metadata-database/deploy:main is starting: 222d71d6cfae93c381efe2182a965f62b8ed5e403384b271ddb1fc1d95b1bb60
2026-08-29 01:41:27 [main] INFO  t.g.io/epos-eric/metadata-database/deploy:main - Container ghcr.io/epos-eric/metadata-database/deploy:main started in PT3.822784584S
2026-08-29 01:41:27 [main] INFO  t.g.io/epos-eric/metadata-database/deploy:main - Container is started (JDBC URL: jdbc:postgresql://localhost:33841/cerif?loggerLevel=OFF)
2026-08-29 01:41:27 [main] INFO  com.zaxxer.hikari.HikariDataSource - metadata_catalogue - Starting...
2026-08-29 01:41:27 [main] INFO  com.zaxxer.hikari.pool.HikariPool - metadata_catalogue - Added connection org.postgresql.jdbc.PgConnection@5578be42
2026-08-29 01:41:27 [main] INFO  com.zaxxer.hikari.HikariDataSource - metadata_catalogue - Start completed.
2026-08-29 01:41:28 [main] INFO  com.zaxxer.hikari.HikariDataSource - metadata_catalogue - Shutdown initiated...
2026-08-29 01:41:28 [main] INFO  com.zaxxer.hikari.HikariDataSource - metadata_catalogue - Shutdown completed.
2026-08-29 01:46:52 [main] INFO  o.testcontainers.images.PullPolicy - Image pull policy will be performed by: DefaultPullPolicy()
2026-08-29 01:46:52 [main] INFO  o.t.utility.ImageNameSubstitutor - Image name substitution will be performed by: DefaultImageNameSubstitutor (composite of 'ConfigurationFileImageNameSubstitutor' and 'PrefixingImageNameSubstitutor')
2026-08-29 01:46:53 [main] INFO  o.testcontainers.DockerClientFactory - Testcontainers version: 2.0.2
2026-08-29 01:46:53 [main] INFO  o.t.d.DockerClientProviderStrategy - Loaded org.testcontainers.dockerclient.UnixSocketClientProviderStrategy from ~/.testcontainers.properties, will try it first
2026-08-29 01:46:53 [main] INFO  o.t.d.DockerClientProviderStrategy - Found Docker environment with local Unix socket (unix:///var/run/docker.sock)
2026-08-29 01:46:53 [main] INFO  o.testcontainers.DockerClientFactory - Docker host IP address is localhost
2026-08-29 01:46:53 [main] INFO  o.testcontainers.DockerClientFactory - Connected to docker: 
  Server Version: 29.7.2
  API Version: 1.55
  Operating System: Arch Linux
  Total Memory: 63796 MB
2026-08-29 01:46:54 [main] INFO  tc.testcontainers/ryuk:0.13.0 - Creating container for image: testcontainers/ryuk:0.13.0
2026-08-29 01:46:54 [main] INFO  tc.testcontainers/ryuk:0.13.0 - Container testcontainers/ryuk:0.13.0 is starting: 4e9bab3c938f2d1729132cb7a03d59de8f5bce8350384906c42b0d43593211d1
2026-08-29 01:46:54 [main] INFO  tc.testcontainers/ryuk:0.13.0 - Container testcontainers/ryuk:0.13.0 started in PT0.317390146S
2026-08-29 01:46:54 [main] INFO  o.t.utility.RyukResourceReaper - Ryuk started - will monitor and terminate Testcontainers containers on JVM exit
2026-08-29 01:46:54 [main] INFO  o.testcontainers.DockerClientFactory - Checking the system...
2026-08-29 01:46:54 [main] INFO  o.testcontainers.DockerClientFactory - ✔︎ Docker server version should be at least 1.6.0
2026-08-29 01:46:54 [main] INFO  t.g.io/epos-eric/metadata-database/deploy:main - Creating container for image: ghcr.io/epos-eric/metadata-database/deploy:main
2026-08-29 01:46:54 [main] INFO  t.g.io/epos-eric/metadata-database/deploy:main - Container ghcr.io/epos-eric/metadata-database/deploy:main is starting: cf3d60c2c9dc756171eee2838af7d1838fdc726f99e43b3e8812de9c755c990a
2026-08-29 01:46:59 [main] INFO  t.g.io/epos-eric/metadata-database/deploy:main - Container ghcr.io/epos-eric/metadata-database/deploy:main started in PT4.729674769S
2026-08-29 01:46:59 [main] INFO  t.g.io/epos-eric/metadata-database/deploy:main - Container is started (JDBC URL: jdbc:postgresql://localhost:33843/cerif?loggerLevel=OFF)
2026-08-29 01:46:59 [main] INFO  com.zaxxer.hikari.HikariDataSource - metadata_catalogue - Starting...
2026-08-29 01:46:59 [main] INFO  com.zaxxer.hikari.pool.HikariPool - metadata_catalogue - Added connection org.postgresql.jdbc.PgConnection@5578be42
2026-08-29 01:46:59 [main] INFO  com.zaxxer.hikari.HikariDataSource - metadata_catalogue - Start completed.
2026-08-29 01:47:00 [main] INFO  com.zaxxer.hikari.HikariDataSource - metadata_catalogue - Shutdown initiated...
2026-08-29 01:47:00 [main] INFO  com.zaxxer.hikari.HikariDataSource - metadata_catalogue - Shutdown completed.
2026-08-29 01:47:33 [main] INFO  o.testcontainers.images.PullPolicy - Image pull policy will be performed by: DefaultPullPolicy()
2026-08-29 01:47:33 [main] INFO  o.t.utility.ImageNameSubstitutor - Image name substitution will be performed by: DefaultImageNameSubstitutor (composite of 'ConfigurationFileImageNameSubstitutor' and 'PrefixingImageNameSubstitutor')
2026-08-29 01:47:33 [main] INFO  o.testcontainers.DockerClientFactory - Testcontainers version: 2.0.2
2026-08-29 01:47:33 [main] INFO  o.t.d.DockerClientProviderStrategy - Loaded org.testcontainers.dockerclient.UnixSocketClientProviderStrategy from ~/.testcontainers.properties, will try it first
2026-08-29 01:47:33 [main] INFO  o.t.d.DockerClientProviderStrategy - Found Docker environment with local Unix socket (unix:///var/run/docker.sock)
2026-08-29 01:47:33 [main] INFO  o.testcontainers.DockerClientFactory - Docker host IP address is localhost
2026-08-29 01:47:33 [main] INFO  o.testcontainers.DockerClientFactory - Connected to docker: 
  Server Version: 29.7.2
  API Version: 1.55
  Operating System: Arch Linux
  Total Memory: 63796 MB
2026-08-29 01:47:34 [main] INFO  tc.testcontainers/ryuk:0.13.0 - Creating container for image: testcontainers/ryuk:0.13.0
2026-08-29 01:47:34 [main] INFO  tc.testcontainers/ryuk:0.13.0 - Container testcontainers/ryuk:0.13.0 is starting: 5a7879e4ef695d9030320bb581734fe169e1a1e5aabba862648c76decbc785c5
2026-08-29 01:47:34 [main] INFO  tc.testcontainers/ryuk:0.13.0 - Container testcontainers/ryuk:0.13.0 started in PT0.318681062S
2026-08-29 01:47:34 [main] INFO  o.t.utility.RyukResourceReaper - Ryuk started - will monitor and terminate Testcontainers containers on JVM exit
2026-08-29 01:47:34 [main] INFO  o.testcontainers.DockerClientFactory - Checking the system...
2026-08-29 01:47:34 [main] INFO  o.testcontainers.DockerClientFactory - ✔︎ Docker server version should be at least 1.6.0
2026-08-29 01:47:34 [main] INFO  t.g.io/epos-eric/metadata-database/deploy:main - Creating container for image: ghcr.io/epos-eric/metadata-database/deploy:main
2026-08-29 01:47:34 [main] INFO  t.g.io/epos-eric/metadata-database/deploy:main - Container ghcr.io/epos-eric/metadata-database/deploy:main is starting: f071385929ddd74016d244a5226c2acce5fd0489baa1f27e347255273a4a7e73
2026-08-29 01:47:38 [main] INFO  t.g.io/epos-eric/metadata-database/deploy:main - Container ghcr.io/epos-eric/metadata-database/deploy:main started in PT4.111114316S
2026-08-29 01:47:38 [main] INFO  t.g.io/epos-eric/metadata-database/deploy:main - Container is started (JDBC URL: jdbc:postgresql://localhost:33845/cerif?loggerLevel=OFF)
2026-08-29 01:47:38 [main] INFO  com.zaxxer.hikari.HikariDataSource - metadata_catalogue - Starting...
2026-08-29 01:47:38 [main] INFO  com.zaxxer.hikari.pool.HikariPool - metadata_catalogue - Added connection org.postgresql.jdbc.PgConnection@5578be42
2026-08-29 01:47:38 [main] INFO  com.zaxxer.hikari.HikariDataSource - metadata_catalogue - Start completed.
2026-08-29 01:47:40 [main] INFO  com.zaxxer.hikari.HikariDataSource - metadata_catalogue - Shutdown initiated...
2026-08-29 01:47:40 [main] INFO  com.zaxxer.hikari.HikariDataSource - metadata_catalogue - Shutdown completed.
2026-08-29 01:48:14 [main] INFO  o.testcontainers.images.PullPolicy - Image pull policy will be performed by: DefaultPullPolicy()
2026-08-29 01:48:14 [main] INFO  o.t.utility.ImageNameSubstitutor - Image name substitution will be performed by: DefaultImageNameSubstitutor (composite of 'ConfigurationFileImageNameSubstitutor' and 'PrefixingImageNameSubstitutor')
2026-08-29 01:48:14 [main] INFO  o.testcontainers.DockerClientFactory - Testcontainers version: 2.0.2
2026-08-29 01:48:14 [main] INFO  o.t.d.DockerClientProviderStrategy - Loaded org.testcontainers.dockerclient.UnixSocketClientProviderStrategy from ~/.testcontainers.properties, will try it first
2026-08-29 01:48:14 [main] INFO  o.t.d.DockerClientProviderStrategy - Found Docker environment with local Unix socket (unix:///var/run/docker.sock)
2026-08-29 01:48:14 [main] INFO  o.testcontainers.DockerClientFactory - Docker host IP address is localhost
2026-08-29 01:48:14 [main] INFO  o.testcontainers.DockerClientFactory - Connected to docker: 
  Server Version: 29.7.2
  API Version: 1.55
  Operating System: Arch Linux
  Total Memory: 63796 MB
2026-08-29 01:48:15 [main] INFO  tc.testcontainers/ryuk:0.13.0 - Creating container for image: testcontainers/ryuk:0.13.0
2026-08-29 01:48:15 [main] INFO  tc.testcontainers/ryuk:0.13.0 - Container testcontainers/ryuk:0.13.0 is starting: 64419781af8aebc5c504e74307b92a3343c80ae3092a3c16328d2767832f6cfc
2026-08-29 01:48:16 [main] INFO  tc.testcontainers/ryuk:0.13.0 - Container testcontainers/ryuk:0.13.0 started in PT0.327147801S
2026-08-29 01:48:16 [main] INFO  o.t.utility.RyukResourceReaper - Ryuk started - will monitor and terminate Testcontainers containers on JVM exit
2026-08-29 01:48:16 [main] INFO  o.testcontainers.DockerClientFactory - Checking the system...
2026-08-29 01:48:16 [main] INFO  o.testcontainers.DockerClientFactory - ✔︎ Docker server version should be at least 1.6.0
2026-08-29 01:48:16 [main] INFO  t.g.io/epos-eric/metadata-database/deploy:main - Creating container for image: ghcr.io/epos-eric/metadata-database/deploy:main
2026-08-29 01:48:16 [main] INFO  t.g.io/epos-eric/metadata-database/deploy:main - Container ghcr.io/epos-eric/metadata-database/deploy:main is starting: 456e9bea0e8bea724af35714978388ceea77d7d892376b092d97b0aec94533d1
2026-08-29 01:48:19 [main] INFO  t.g.io/epos-eric/metadata-database/deploy:main - Container ghcr.io/epos-eric/metadata-database/deploy:main started in PT3.7895512S
2026-08-29 01:48:19 [main] INFO  t.g.io/epos-eric/metadata-database/deploy:main - Container is started (JDBC URL: jdbc:postgresql://localhost:33847/cerif?loggerLevel=OFF)
2026-08-29 01:48:19 [main] INFO  com.zaxxer.hikari.HikariDataSource - metadata_catalogue - Starting...
2026-08-29 01:48:20 [main] INFO  com.zaxxer.hikari.pool.HikariPool - metadata_catalogue - Added connection org.postgresql.jdbc.PgConnection@5578be42
2026-08-29 01:48:20 [main] INFO  com.zaxxer.hikari.HikariDataSource - metadata_catalogue - Start completed.
2026-08-29 01:48:21 [main] INFO  com.zaxxer.hikari.HikariDataSource - metadata_catalogue - Shutdown initiated...
2026-08-29 01:48:21 [main] INFO  com.zaxxer.hikari.HikariDataSource - metadata_catalogue - Shutdown completed.
2026-08-29 01:49:39 [main] INFO  o.testcontainers.images.PullPolicy - Image pull policy will be performed by: DefaultPullPolicy()
2026-08-29 01:49:39 [main] INFO  o.t.utility.ImageNameSubstitutor - Image name substitution will be performed by: DefaultImageNameSubstitutor (composite of 'ConfigurationFileImageNameSubstitutor' and 'PrefixingImageNameSubstitutor')
2026-08-29 01:49:39 [main] INFO  o.testcontainers.DockerClientFactory - Testcontainers version: 2.0.2
2026-08-29 01:49:39 [main] INFO  o.t.d.DockerClientProviderStrategy - Loaded org.testcontainers.dockerclient.UnixSocketClientProviderStrategy from ~/.testcontainers.properties, will try it first
2026-08-29 01:49:39 [main] INFO  o.t.d.DockerClientProviderStrategy - Found Docker environment with local Unix socket (unix:///var/run/docker.sock)
2026-08-29 01:49:39 [main] INFO  o.testcontainers.DockerClientFactory - Docker host IP address is localhost
2026-08-29 01:49:39 [main] INFO  o.testcontainers.DockerClientFactory - Connected to docker: 
  Server Version: 29.7.2
  API Version: 1.55
  Operating System: Arch Linux
  Total Memory: 63796 MB
2026-08-29 01:49:40 [main] INFO  tc.testcontainers/ryuk:0.13.0 - Creating container for image: testcontainers/ryuk:0.13.0
2026-08-29 01:49:40 [main] INFO  tc.testcontainers/ryuk:0.13.0 - Container testcontainers/ryuk:0.13.0 is starting: 8ce51fa7e0025561d019fadee767bcd2cef602bc0dcd0e79950273b3874a9d36
2026-08-29 01:49:41 [main] INFO  tc.testcontainers/ryuk:0.13.0 - Container testcontainers/ryuk:0.13.0 started in PT0.287054554S
2026-08-29 01:49:41 [main] INFO  o.t.utility.RyukResourceReaper - Ryuk started - will monitor and terminate Testcontainers containers on JVM exit
2026-08-29 01:49:41 [main] INFO  o.testcontainers.DockerClientFactory - Checking the system...
2026-08-29 01:49:41 [main] INFO  o.testcontainers.DockerClientFactory - ✔︎ Docker server version should be at least 1.6.0
2026-08-29 01:49:41 [main] INFO  t.g.io/epos-eric/metadata-database/deploy:main - Creating container for image: ghcr.io/epos-eric/metadata-database/deploy:main
2026-08-29 01:49:41 [main] INFO  t.g.io/epos-eric/metadata-database/deploy:main - Container ghcr.io/epos-eric/metadata-database/deploy:main is starting: 9201c2443dbb55de6942f9017c6f651b6525f1a71df7f0d7ae66464a08c78582
2026-08-29 01:49:45 [main] INFO  t.g.io/epos-eric/metadata-database/deploy:main - Container ghcr.io/epos-eric/metadata-database/deploy:main started in PT4.088265049S
2026-08-29 01:49:45 [main] INFO  t.g.io/epos-eric/metadata-database/deploy:main - Container is started (JDBC URL: jdbc:postgresql://localhost:33849/cerif?loggerLevel=OFF)
2026-08-29 01:49:45 [main] INFO  com.zaxxer.hikari.HikariDataSource - metadata_catalogue - Starting...
2026-08-29 01:49:45 [main] INFO  com.zaxxer.hikari.pool.HikariPool - metadata_catalogue - Added connection org.postgresql.jdbc.PgConnection@5578be42
2026-08-29 01:49:45 [main] INFO  com.zaxxer.hikari.HikariDataSource - metadata_catalogue - Start completed.
2026-08-29 01:49:46 [main] INFO  com.zaxxer.hikari.HikariDataSource - metadata_catalogue - Shutdown initiated...
2026-08-29 01:49:46 [main] INFO  com.zaxxer.hikari.HikariDataSource - metadata_catalogue - Shutdown completed.
2026-08-29 01:51:15 [main] INFO  o.testcontainers.images.PullPolicy - Image pull policy will be performed by: DefaultPullPolicy()
2026-08-29 01:51:15 [main] INFO  o.t.utility.ImageNameSubstitutor - Image name substitution will be performed by: DefaultImageNameSubstitutor (composite of 'ConfigurationFileImageNameSubstitutor' and 'PrefixingImageNameSubstitutor')
2026-08-29 01:51:15 [main] INFO  o.testcontainers.DockerClientFactory - Testcontainers version: 2.0.2
2026-08-29 01:51:16 [main] INFO  o.t.d.DockerClientProviderStrategy - Loaded org.testcontainers.dockerclient.UnixSocketClientProviderStrategy from ~/.testcontainers.properties, will try it first
2026-08-29 01:51:16 [main] INFO  o.t.d.DockerClientProviderStrategy - Found Docker environment with local Unix socket (unix:///var/run/docker.sock)
2026-08-29 01:51:16 [main] INFO  o.testcontainers.DockerClientFactory - Docker host IP address is localhost
2026-08-29 01:51:16 [main] INFO  o.testcontainers.DockerClientFactory - Connected to docker: 
  Server Version: 29.7.2
  API Version: 1.55
  Operating System: Arch Linux
  Total Memory: 63796 MB
2026-08-29 01:51:17 [main] INFO  tc.testcontainers/ryuk:0.13.0 - Creating container for image: testcontainers/ryuk:0.13.0
2026-08-29 01:51:17 [main] INFO  tc.testcontainers/ryuk:0.13.0 - Container testcontainers/ryuk:0.13.0 is starting: 8b792d5630a340c8e7aeb3ae769fef0007e3e5d83bddae2e91f59a9ec68fc08b
2026-08-29 01:51:17 [main] INFO  tc.testcontainers/ryuk:0.13.0 - Container testcontainers/ryuk:0.13.0 started in PT0.320915559S
2026-08-29 01:51:17 [main] INFO  o.t.utility.RyukResourceReaper - Ryuk started - will monitor and terminate Testcontainers containers on JVM exit
2026-08-29 01:51:17 [main] INFO  o.testcontainers.DockerClientFactory - Checking the system...
2026-08-29 01:51:17 [main] INFO  o.testcontainers.DockerClientFactory - ✔︎ Docker server version should be at least 1.6.0
2026-08-29 01:51:17 [main] INFO  t.g.io/epos-eric/metadata-database/deploy:main - Creating container for image: ghcr.io/epos-eric/metadata-database/deploy:main
2026-08-29 01:51:17 [main] INFO  t.g.io/epos-eric/metadata-database/deploy:main - Container ghcr.io/epos-eric/metadata-database/deploy:main is starting: c87fe9e1f84768c96a26a1917cf52b8c0a9aa10400b57e1fa9bc9f38313bea62
2026-08-29 01:51:21 [main] INFO  t.g.io/epos-eric/metadata-database/deploy:main - Container ghcr.io/epos-eric/metadata-database/deploy:main started in PT3.877465179S
2026-08-29 01:51:21 [main] INFO  t.g.io/epos-eric/metadata-database/deploy:main - Container is started (JDBC URL: jdbc:postgresql://localhost:33851/cerif?loggerLevel=OFF)
2026-08-29 01:51:21 [main] INFO  com.zaxxer.hikari.HikariDataSource - metadata_catalogue - Starting...
2026-08-29 01:51:21 [main] INFO  com.zaxxer.hikari.pool.HikariPool - metadata_catalogue - Added connection org.postgresql.jdbc.PgConnection@5578be42
2026-08-29 01:51:21 [main] INFO  com.zaxxer.hikari.HikariDataSource - metadata_catalogue - Start completed.
2026-08-29 01:51:23 [main] INFO  com.zaxxer.hikari.HikariDataSource - metadata_catalogue - Shutdown initiated...
2026-08-29 01:51:23 [main] INFO  com.zaxxer.hikari.HikariDataSource - metadata_catalogue - Shutdown completed.
2026-08-29 11:34:47 [main] INFO  o.testcontainers.images.PullPolicy - Image pull policy will be performed by: DefaultPullPolicy()
2026-08-29 11:34:47 [main] INFO  o.t.utility.ImageNameSubstitutor - Image name substitution will be performed by: DefaultImageNameSubstitutor (composite of 'ConfigurationFileImageNameSubstitutor' and 'PrefixingImageNameSubstitutor')
2026-08-29 11:34:47 [main] INFO  o.testcontainers.DockerClientFactory - Testcontainers version: 2.0.2
2026-08-29 11:34:47 [main] INFO  o.t.d.DockerClientProviderStrategy - Loaded org.testcontainers.dockerclient.UnixSocketClientProviderStrategy from ~/.testcontainers.properties, will try it first
2026-08-29 11:34:47 [main] INFO  o.t.d.DockerClientProviderStrategy - Found Docker environment with local Unix socket (unix:///var/run/docker.sock)
2026-08-29 11:34:47 [main] INFO  o.testcontainers.DockerClientFactory - Docker host IP address is localhost
2026-08-29 11:34:47 [main] INFO  o.testcontainers.DockerClientFactory - Connected to docker: 
  Server Version: 29.7.2
  API Version: 1.55
  Operating System: Arch Linux
  Total Memory: 63796 MB
2026-08-29 11:34:48 [main] INFO  tc.testcontainers/ryuk:0.13.0 - Creating container for image: testcontainers/ryuk:0.13.0
2026-08-29 11:34:48 [main] INFO  tc.testcontainers/ryuk:0.13.0 - Container testcontainers/ryuk:0.13.0 is starting: 20497f8849e2f2d7269a55c20e953834746cf1823ba734935984f8e9aea2a9d5
2026-08-29 11:34:49 [main] INFO  tc.testcontainers/ryuk:0.13.0 - Container testcontainers/ryuk:0.13.0 started in PT0.307444467S
2026-08-29 11:34:49 [main] INFO  o.t.utility.RyukResourceReaper - Ryuk started - will monitor and terminate Testcontainers containers on JVM exit
2026-08-29 11:34:49 [main] INFO  o.testcontainers.DockerClientFactory - Checking the system...
2026-08-29 11:34:49 [main] INFO  o.testcontainers.DockerClientFactory - ✔︎ Docker server version should be at least 1.6.0
2026-08-29 11:34:49 [main] INFO  t.g.io/epos-eric/metadata-database/deploy:main - Creating container for image: ghcr.io/epos-eric/metadata-database/deploy:main
2026-08-29 11:34:49 [main] INFO  t.g.io/epos-eric/metadata-database/deploy:main - Container ghcr.io/epos-eric/metadata-database/deploy:main is starting: 9f51afd641496ab0967b6f443f3a0d1db428b6ddb91ec8249366580e4422d813
2026-08-29 11:34:52 [main] INFO  t.g.io/epos-eric/metadata-database/deploy:main - Container ghcr.io/epos-eric/metadata-database/deploy:main started in PT3.829284518S
2026-08-29 11:34:52 [main] INFO  t.g.io/epos-eric/metadata-database/deploy:main - Container is started (JDBC URL: jdbc:postgresql://localhost:33853/cerif?loggerLevel=OFF)
2026-08-29 11:34:53 [main] INFO  com.zaxxer.hikari.HikariDataSource - metadata_catalogue - Starting...
2026-08-29 11:34:53 [main] INFO  com.zaxxer.hikari.pool.HikariPool - metadata_catalogue - Added connection org.postgresql.jdbc.PgConnection@5578be42
2026-08-29 11:34:53 [main] INFO  com.zaxxer.hikari.HikariDataSource - metadata_catalogue - Start completed.
2026-08-29 11:34:54 [main] INFO  com.zaxxer.hikari.HikariDataSource - metadata_catalogue - Shutdown initiated...
2026-08-29 11:34:54 [main] INFO  com.zaxxer.hikari.HikariDataSource - metadata_catalogue - Shutdown completed.
2026-08-29 11:35:23 [main] INFO  o.testcontainers.images.PullPolicy - Image pull policy will be performed by: DefaultPullPolicy()
2026-08-29 11:35:23 [main] INFO  o.t.utility.ImageNameSubstitutor - Image name substitution will be performed by: DefaultImageNameSubstitutor (composite of 'ConfigurationFileImageNameSubstitutor' and 'PrefixingImageNameSubstitutor')
2026-08-29 11:35:23 [main] INFO  o.testcontainers.DockerClientFactory - Testcontainers version: 2.0.2
2026-08-29 11:35:23 [main] INFO  o.t.d.DockerClientProviderStrategy - Loaded org.testcontainers.dockerclient.UnixSocketClientProviderStrategy from ~/.testcontainers.properties, will try it first
2026-08-29 11:35:23 [main] INFO  o.t.d.DockerClientProviderStrategy - Found Docker environment with local Unix socket (unix:///var/run/docker.sock)
2026-08-29 11:35:23 [main] INFO  o.testcontainers.DockerClientFactory - Docker host IP address is localhost
2026-08-29 11:35:23 [main] INFO  o.testcontainers.DockerClientFactory - Connected to docker: 
  Server Version: 29.7.2
  API Version: 1.55
  Operating System: Arch Linux
  Total Memory: 63796 MB
2026-08-29 11:35:24 [main] INFO  tc.testcontainers/ryuk:0.13.0 - Creating container for image: testcontainers/ryuk:0.13.0
2026-08-29 11:35:24 [main] INFO  tc.testcontainers/ryuk:0.13.0 - Container testcontainers/ryuk:0.13.0 is starting: 37679af085631a57005f90712d3345adf596dded9b7edfd135f9db1217392779
2026-08-29 11:35:24 [main] INFO  tc.testcontainers/ryuk:0.13.0 - Container testcontainers/ryuk:0.13.0 started in PT0.329514938S
2026-08-29 11:35:24 [main] INFO  o.t.utility.RyukResourceReaper - Ryuk started - will monitor and terminate Testcontainers containers on JVM exit
2026-08-29 11:35:24 [main] INFO  o.testcontainers.DockerClientFactory - Checking the system...
2026-08-29 11:35:24 [main] INFO  o.testcontainers.DockerClientFactory - ✔︎ Docker server version should be at least 1.6.0
2026-08-29 11:35:24 [main] INFO  t.g.io/epos-eric/metadata-database/deploy:main - Creating container for image: ghcr.io/epos-eric/metadata-database/deploy:main
2026-08-29 11:35:24 [main] INFO  t.g.io/epos-eric/metadata-database/deploy:main - Container ghcr.io/epos-eric/metadata-database/deploy:main is starting: 45eb845b55e41d20991d8e434ed4f3ecab2ba24944f9b9727fa0560c7fb76ab0
2026-08-29 11:35:29 [main] INFO  t.g.io/epos-eric/metadata-database/deploy:main - Container ghcr.io/epos-eric/metadata-database/deploy:main started in PT4.377052124S
2026-08-29 11:35:29 [main] INFO  t.g.io/epos-eric/metadata-database/deploy:main - Container is started (JDBC URL: jdbc:postgresql://localhost:33855/cerif?loggerLevel=OFF)
2026-08-29 11:35:29 [main] INFO  com.zaxxer.hikari.HikariDataSource - metadata_catalogue - Starting...
2026-08-29 11:35:29 [main] INFO  com.zaxxer.hikari.pool.HikariPool - metadata_catalogue - Added connection org.postgresql.jdbc.PgConnection@3f50b680
2026-08-29 11:35:29 [main] INFO  com.zaxxer.hikari.HikariDataSource - metadata_catalogue - Start completed.
2026-08-29 11:35:30 [main] INFO  com.zaxxer.hikari.HikariDataSource - metadata_catalogue - Shutdown initiated...
2026-08-29 11:35:30 [main] INFO  com.zaxxer.hikari.HikariDataSource - metadata_catalogue - Shutdown completed.
2026-08-29 11:35:30 [main] INFO  t.g.io/epos-eric/metadata-database/deploy:main - Creating container for image: ghcr.io/epos-eric/metadata-database/deploy:main
2026-08-29 11:35:30 [main] INFO  t.g.io/epos-eric/metadata-database/deploy:main - Container ghcr.io/epos-eric/metadata-database/deploy:main is starting: 991ab320cc437a0a874c971c93af1f770b04a1e068baa370b8fa7f32402af011
2026-08-29 11:35:34 [main] INFO  t.g.io/epos-eric/metadata-database/deploy:main - Container ghcr.io/epos-eric/metadata-database/deploy:main started in PT4.03729947S
2026-08-29 11:35:34 [main] INFO  t.g.io/epos-eric/metadata-database/deploy:main - Container is started (JDBC URL: jdbc:postgresql://localhost:33856/cerif?loggerLevel=OFF)
2026-08-29 11:35:34 [main] INFO  com.zaxxer.hikari.HikariDataSource - metadata_catalogue - Starting...
2026-08-29 11:35:34 [main] INFO  com.zaxxer.hikari.pool.HikariPool - metadata_catalogue - Added connection org.postgresql.jdbc.PgConnection@faec277
2026-08-29 11:35:34 [main] INFO  com.zaxxer.hikari.HikariDataSource - metadata_catalogue - Start completed.
2026-08-29 11:35:36 [main] INFO  com.zaxxer.hikari.HikariDataSource - metadata_catalogue - Shutdown initiated...
2026-08-29 11:35:36 [main] INFO  com.zaxxer.hikari.HikariDataSource - metadata_catalogue - Shutdown completed.
2026-08-29 11:35:36 [main] INFO  t.g.io/epos-eric/metadata-database/deploy:main - Creating container for image: ghcr.io/epos-eric/metadata-database/deploy:main
2026-08-29 11:35:36 [main] INFO  t.g.io/epos-eric/metadata-database/deploy:main - Container ghcr.io/epos-eric/metadata-database/deploy:main is starting: 762ce0675f6272b6c061375e127e9c8dfa52a23dd1c9973348229d2fd261caa7
2026-08-29 11:35:40 [main] INFO  t.g.io/epos-eric/metadata-database/deploy:main - Container ghcr.io/epos-eric/metadata-database/deploy:main started in PT4.287022385S
2026-08-29 11:35:40 [main] INFO  t.g.io/epos-eric/metadata-database/deploy:main - Container is started (JDBC URL: jdbc:postgresql://localhost:33857/cerif?loggerLevel=OFF)
2026-08-29 11:35:40 [main] INFO  com.zaxxer.hikari.HikariDataSource - metadata_catalogue - Starting...
2026-08-29 11:35:40 [main] INFO  com.zaxxer.hikari.pool.HikariPool - metadata_catalogue - Added connection org.postgresql.jdbc.PgConnection@53c40ed6
2026-08-29 11:35:40 [main] INFO  com.zaxxer.hikari.HikariDataSource - metadata_catalogue - Start completed.
2026-08-29 11:35:41 [main] INFO  com.zaxxer.hikari.HikariDataSource - metadata_catalogue - Shutdown initiated...
2026-08-29 11:35:41 [main] INFO  com.zaxxer.hikari.HikariDataSource - metadata_catalogue - Shutdown completed.
2026-08-29 15:42:29 [main] INFO  o.testcontainers.images.PullPolicy - Image pull policy will be performed by: DefaultPullPolicy()
2026-08-29 15:42:29 [main] INFO  o.t.utility.ImageNameSubstitutor - Image name substitution will be performed by: DefaultImageNameSubstitutor (composite of 'ConfigurationFileImageNameSubstitutor' and 'PrefixingImageNameSubstitutor')
2026-08-29 15:42:29 [main] INFO  o.testcontainers.DockerClientFactory - Testcontainers version: 2.0.2
2026-08-29 15:42:29 [main] INFO  o.t.d.DockerClientProviderStrategy - Loaded org.testcontainers.dockerclient.UnixSocketClientProviderStrategy from ~/.testcontainers.properties, will try it first
2026-08-29 15:42:29 [main] INFO  o.t.d.DockerClientProviderStrategy - Found Docker environment with local Unix socket (unix:///var/run/docker.sock)
2026-08-29 15:42:29 [main] INFO  o.testcontainers.DockerClientFactory - Docker host IP address is localhost
2026-08-29 15:42:29 [main] INFO  o.testcontainers.DockerClientFactory - Connected to docker: 
  Server Version: 29.7.2
  API Version: 1.55
  Operating System: Arch Linux
  Total Memory: 63796 MB
2026-08-29 15:42:30 [main] INFO  tc.testcontainers/ryuk:0.13.0 - Creating container for image: testcontainers/ryuk:0.13.0
2026-08-29 15:42:30 [main] INFO  tc.testcontainers/ryuk:0.13.0 - Container testcontainers/ryuk:0.13.0 is starting: c5a13dc8452a6b0d30904366bf01b0b70394ef046ccec6cf7a037c69a1bccc51
2026-08-29 15:42:31 [main] INFO  tc.testcontainers/ryuk:0.13.0 - Container testcontainers/ryuk:0.13.0 started in PT0.242922085S
2026-08-29 15:42:31 [main] INFO  o.t.utility.RyukResourceReaper - Ryuk started - will monitor and terminate Testcontainers containers on JVM exit
2026-08-29 15:42:31 [main] INFO  o.testcontainers.DockerClientFactory - Checking the system...
2026-08-29 15:42:31 [main] INFO  o.testcontainers.DockerClientFactory - ✔︎ Docker server version should be at least 1.6.0
2026-08-29 15:42:31 [main] INFO  t.g.io/epos-eric/metadata-database/deploy:main - Creating container for image: ghcr.io/epos-eric/metadata-database/deploy:main
2026-08-29 15:42:31 [main] INFO  t.g.io/epos-eric/metadata-database/deploy:main - Container ghcr.io/epos-eric/metadata-database/deploy:main is starting: a1d3d75c89eb3034e6beaf55a61cbd9d59917edde2a8f808e18c332429f464d5
2026-08-29 15:42:34 [main] INFO  t.g.io/epos-eric/metadata-database/deploy:main - Container ghcr.io/epos-eric/metadata-database/deploy:main started in PT3.809006419S
2026-08-29 15:42:34 [main] INFO  t.g.io/epos-eric/metadata-database/deploy:main - Container is started (JDBC URL: jdbc:postgresql://localhost:33859/cerif?loggerLevel=OFF)
2026-08-29 15:42:34 [main] INFO  com.zaxxer.hikari.HikariDataSource - metadata_catalogue - Starting...
2026-08-29 15:42:35 [main] INFO  com.zaxxer.hikari.pool.HikariPool - metadata_catalogue - Added connection org.postgresql.jdbc.PgConnection@5578be42
2026-08-29 15:42:35 [main] INFO  com.zaxxer.hikari.HikariDataSource - metadata_catalogue - Start completed.
2026-08-29 15:42:36 [main] INFO  com.zaxxer.hikari.HikariDataSource - metadata_catalogue - Shutdown initiated...
2026-08-29 15:42:36 [main] INFO  com.zaxxer.hikari.HikariDataSource - metadata_catalogue - Shutdown completed.
2026-08-29 15:43:00 [main] INFO  o.testcontainers.images.PullPolicy - Image pull policy will be performed by: DefaultPullPolicy()
2026-08-29 15:43:00 [main] INFO  o.t.utility.ImageNameSubstitutor - Image name substitution will be performed by: DefaultImageNameSubstitutor (composite of 'ConfigurationFileImageNameSubstitutor' and 'PrefixingImageNameSubstitutor')
2026-08-29 15:43:00 [main] INFO  o.testcontainers.DockerClientFactory - Testcontainers version: 2.0.2
2026-08-29 15:43:00 [main] INFO  o.t.d.DockerClientProviderStrategy - Loaded org.testcontainers.dockerclient.UnixSocketClientProviderStrategy from ~/.testcontainers.properties, will try it first
2026-08-29 15:43:00 [main] INFO  o.t.d.DockerClientProviderStrategy - Found Docker environment with local Unix socket (unix:///var/run/docker.sock)
2026-08-29 15:43:00 [main] INFO  o.testcontainers.DockerClientFactory - Docker host IP address is localhost
2026-08-29 15:43:00 [main] INFO  o.testcontainers.DockerClientFactory - Connected to docker: 
  Server Version: 29.7.2
  API Version: 1.55
  Operating System: Arch Linux
  Total Memory: 63796 MB
2026-08-29 15:43:01 [main] INFO  tc.testcontainers/ryuk:0.13.0 - Creating container for image: testcontainers/ryuk:0.13.0
2026-08-29 15:43:01 [main] INFO  tc.testcontainers/ryuk:0.13.0 - Container testcontainers/ryuk:0.13.0 is starting: 7c872d9530fd9d5e97e35566f9811b3d5bfaacfde72296ab64d8dde7fef0049d
2026-08-29 15:43:01 [main] INFO  tc.testcontainers/ryuk:0.13.0 - Container testcontainers/ryuk:0.13.0 started in PT0.315943522S
2026-08-29 15:43:01 [main] INFO  o.t.utility.RyukResourceReaper - Ryuk started - will monitor and terminate Testcontainers containers on JVM exit
2026-08-29 15:43:01 [main] INFO  o.testcontainers.DockerClientFactory - Checking the system...
2026-08-29 15:43:01 [main] INFO  o.testcontainers.DockerClientFactory - ✔︎ Docker server version should be at least 1.6.0
2026-08-29 15:43:01 [main] INFO  t.g.io/epos-eric/metadata-database/deploy:main - Creating container for image: ghcr.io/epos-eric/metadata-database/deploy:main
2026-08-29 15:43:01 [main] INFO  t.g.io/epos-eric/metadata-database/deploy:main - Container ghcr.io/epos-eric/metadata-database/deploy:main is starting: 35541a2cd12475389858ad62faf755bfefb945869bd2a2c7cd0c195b34c20e84
2026-08-29 15:43:05 [main] INFO  t.g.io/epos-eric/metadata-database/deploy:main - Container ghcr.io/epos-eric/metadata-database/deploy:main started in PT3.775598026S
2026-08-29 15:43:05 [main] INFO  t.g.io/epos-eric/metadata-database/deploy:main - Container is started (JDBC URL: jdbc:postgresql://localhost:33861/cerif?loggerLevel=OFF)
2026-08-29 15:43:05 [main] INFO  com.zaxxer.hikari.HikariDataSource - metadata_catalogue - Starting...
2026-08-29 15:43:05 [main] INFO  com.zaxxer.hikari.pool.HikariPool - metadata_catalogue - Added connection org.postgresql.jdbc.PgConnection@5578be42
2026-08-29 15:43:05 [main] INFO  com.zaxxer.hikari.HikariDataSource - metadata_catalogue - Start completed.
2026-08-29 15:43:07 [main] INFO  com.zaxxer.hikari.HikariDataSource - metadata_catalogue - Shutdown initiated...
2026-08-29 15:43:07 [main] INFO  com.zaxxer.hikari.HikariDataSource - metadata_catalogue - Shutdown completed.
2026-08-29 15:43:41 [main] INFO  o.testcontainers.images.PullPolicy - Image pull policy will be performed by: DefaultPullPolicy()
2026-08-29 15:43:41 [main] INFO  o.t.utility.ImageNameSubstitutor - Image name substitution will be performed by: DefaultImageNameSubstitutor (composite of 'ConfigurationFileImageNameSubstitutor' and 'PrefixingImageNameSubstitutor')
2026-08-29 15:43:41 [main] INFO  o.testcontainers.DockerClientFactory - Testcontainers version: 2.0.2
2026-08-29 15:43:41 [main] INFO  o.t.d.DockerClientProviderStrategy - Loaded org.testcontainers.dockerclient.UnixSocketClientProviderStrategy from ~/.testcontainers.properties, will try it first
2026-08-29 15:43:41 [main] INFO  o.t.d.DockerClientProviderStrategy - Found Docker environment with local Unix socket (unix:///var/run/docker.sock)
2026-08-29 15:43:41 [main] INFO  o.testcontainers.DockerClientFactory - Docker host IP address is localhost
2026-08-29 15:43:41 [main] INFO  o.testcontainers.DockerClientFactory - Connected to docker: 
  Server Version: 29.7.2
  API Version: 1.55
  Operating System: Arch Linux
  Total Memory: 63796 MB
2026-08-29 15:43:42 [main] INFO  tc.testcontainers/ryuk:0.13.0 - Creating container for image: testcontainers/ryuk:0.13.0
2026-08-29 15:43:42 [main] INFO  tc.testcontainers/ryuk:0.13.0 - Container testcontainers/ryuk:0.13.0 is starting: 5c80491fe256d58d5a9386cece14f9e6cfe888d27061b1ba8bb1f6c3ede50055
2026-08-29 15:43:42 [main] INFO  tc.testcontainers/ryuk:0.13.0 - Container testcontainers/ryuk:0.13.0 started in PT0.338359573S
2026-08-29 15:43:42 [main] INFO  o.t.utility.RyukResourceReaper - Ryuk started - will monitor and terminate Testcontainers containers on JVM exit
2026-08-29 15:43:42 [main] INFO  o.testcontainers.DockerClientFactory - Checking the system...
2026-08-29 15:43:42 [main] INFO  o.testcontainers.DockerClientFactory - ✔︎ Docker server version should be at least 1.6.0
2026-08-29 15:43:42 [main] INFO  t.g.io/epos-eric/metadata-database/deploy:main - Creating container for image: ghcr.io/epos-eric/metadata-database/deploy:main
2026-08-29 15:43:42 [main] INFO  t.g.io/epos-eric/metadata-database/deploy:main - Container ghcr.io/epos-eric/metadata-database/deploy:main is starting: dfe134451a3551a2baca4a0e17882a394f59fb75aebbbfd4af2b92c325d31f33
2026-08-29 15:43:46 [main] INFO  t.g.io/epos-eric/metadata-database/deploy:main - Container ghcr.io/epos-eric/metadata-database/deploy:main started in PT4.188018564S
2026-08-29 15:43:46 [main] INFO  t.g.io/epos-eric/metadata-database/deploy:main - Container is started (JDBC URL: jdbc:postgresql://localhost:33863/cerif?loggerLevel=OFF)
2026-08-29 15:43:46 [main] INFO  com.zaxxer.hikari.HikariDataSource - metadata_catalogue - Starting...
2026-08-29 15:43:46 [main] INFO  com.zaxxer.hikari.pool.HikariPool - metadata_catalogue - Added connection org.postgresql.jdbc.PgConnection@5578be42
2026-08-29 15:43:46 [main] INFO  com.zaxxer.hikari.HikariDataSource - metadata_catalogue - Start completed.
2026-08-29 15:43:48 [main] INFO  com.zaxxer.hikari.HikariDataSource - metadata_catalogue - Shutdown initiated...
2026-08-29 15:43:48 [main] INFO  com.zaxxer.hikari.HikariDataSource - metadata_catalogue - Shutdown completed.
2026-08-29 15:44:14 [main] INFO  o.testcontainers.images.PullPolicy - Image pull policy will be performed by: DefaultPullPolicy()
2026-08-29 15:44:14 [main] INFO  o.t.utility.ImageNameSubstitutor - Image name substitution will be performed by: DefaultImageNameSubstitutor (composite of 'ConfigurationFileImageNameSubstitutor' and 'PrefixingImageNameSubstitutor')
2026-08-29 15:44:14 [main] INFO  o.testcontainers.DockerClientFactory - Testcontainers version: 2.0.2
2026-08-29 15:44:14 [main] INFO  o.t.d.DockerClientProviderStrategy - Loaded org.testcontainers.dockerclient.UnixSocketClientProviderStrategy from ~/.testcontainers.properties, will try it first
2026-08-29 15:44:14 [main] INFO  o.t.d.DockerClientProviderStrategy - Found Docker environment with local Unix socket (unix:///var/run/docker.sock)
2026-08-29 15:44:14 [main] INFO  o.testcontainers.DockerClientFactory - Docker host IP address is localhost
2026-08-29 15:44:14 [main] INFO  o.testcontainers.DockerClientFactory - Connected to docker: 
  Server Version: 29.7.2
  API Version: 1.55
  Operating System: Arch Linux
  Total Memory: 63796 MB
2026-08-29 15:44:15 [main] INFO  tc.testcontainers/ryuk:0.13.0 - Creating container for image: testcontainers/ryuk:0.13.0
2026-08-29 15:44:15 [main] INFO  tc.testcontainers/ryuk:0.13.0 - Container testcontainers/ryuk:0.13.0 is starting: 377bbb1f6678c93b63e435eb8892c1d64835d4e9e8ef82b922562228de47bea7
2026-08-29 15:44:16 [main] INFO  tc.testcontainers/ryuk:0.13.0 - Container testcontainers/ryuk:0.13.0 started in PT0.33129928S
2026-08-29 15:44:16 [main] INFO  o.t.utility.RyukResourceReaper - Ryuk started - will monitor and terminate Testcontainers containers on JVM exit
2026-08-29 15:44:16 [main] INFO  o.testcontainers.DockerClientFactory - Checking the system...
2026-08-29 15:44:16 [main] INFO  o.testcontainers.DockerClientFactory - ✔︎ Docker server version should be at least 1.6.0
2026-08-29 15:44:16 [main] INFO  t.g.io/epos-eric/metadata-database/deploy:main - Creating container for image: ghcr.io/epos-eric/metadata-database/deploy:main
2026-08-29 15:44:16 [main] INFO  t.g.io/epos-eric/metadata-database/deploy:main - Container ghcr.io/epos-eric/metadata-database/deploy:main is starting: f8aa5db863bb1067b58352b3fca34a0a923f0a19a0fafc5b9e0de819b7f9123d
2026-08-29 15:44:20 [main] INFO  t.g.io/epos-eric/metadata-database/deploy:main - Container ghcr.io/epos-eric/metadata-database/deploy:main started in PT4.185942978S
2026-08-29 15:44:20 [main] INFO  t.g.io/epos-eric/metadata-database/deploy:main - Container is started (JDBC URL: jdbc:postgresql://localhost:33865/cerif?loggerLevel=OFF)
2026-08-29 15:44:20 [main] INFO  com.zaxxer.hikari.HikariDataSource - metadata_catalogue - Starting...
2026-08-29 15:44:20 [main] INFO  com.zaxxer.hikari.pool.HikariPool - metadata_catalogue - Added connection org.postgresql.jdbc.PgConnection@5578be42
2026-08-29 15:44:20 [main] INFO  com.zaxxer.hikari.HikariDataSource - metadata_catalogue - Start completed.
2026-08-29 15:44:21 [main] INFO  com.zaxxer.hikari.HikariDataSource - metadata_catalogue - Shutdown initiated...
2026-08-29 15:44:21 [main] INFO  com.zaxxer.hikari.HikariDataSource - metadata_catalogue - Shutdown completed.
2026-08-29 15:45:19 [main] INFO  o.testcontainers.images.PullPolicy - Image pull policy will be performed by: DefaultPullPolicy()
2026-08-29 15:45:19 [main] INFO  o.t.utility.ImageNameSubstitutor - Image name substitution will be performed by: DefaultImageNameSubstitutor (composite of 'ConfigurationFileImageNameSubstitutor' and 'PrefixingImageNameSubstitutor')
2026-08-29 15:45:19 [main] INFO  o.testcontainers.DockerClientFactory - Testcontainers version: 2.0.2
2026-08-29 15:45:19 [main] INFO  o.t.d.DockerClientProviderStrategy - Loaded org.testcontainers.dockerclient.UnixSocketClientProviderStrategy from ~/.testcontainers.properties, will try it first
2026-08-29 15:45:19 [main] INFO  o.t.d.DockerClientProviderStrategy - Found Docker environment with local Unix socket (unix:///var/run/docker.sock)
2026-08-29 15:45:19 [main] INFO  o.testcontainers.DockerClientFactory - Docker host IP address is localhost
2026-08-29 15:45:19 [main] INFO  o.testcontainers.DockerClientFactory - Connected to docker: 
  Server Version: 29.7.2
  API Version: 1.55
  Operating System: Arch Linux
  Total Memory: 63796 MB
2026-08-29 15:45:20 [main] INFO  tc.testcontainers/ryuk:0.13.0 - Creating container for image: testcontainers/ryuk:0.13.0
2026-08-29 15:45:20 [main] INFO  tc.testcontainers/ryuk:0.13.0 - Container testcontainers/ryuk:0.13.0 is starting: 612d34e3576ea416a5026d318f766faf2f810c837436ce89c4019fa666422e5d
2026-08-29 15:45:20 [main] INFO  tc.testcontainers/ryuk:0.13.0 - Container testcontainers/ryuk:0.13.0 started in PT0.37494128S
2026-08-29 15:45:20 [main] INFO  o.t.utility.RyukResourceReaper - Ryuk started - will monitor and terminate Testcontainers containers on JVM exit
2026-08-29 15:45:20 [main] INFO  o.testcontainers.DockerClientFactory - Checking the system...
2026-08-29 15:45:20 [main] INFO  o.testcontainers.DockerClientFactory - ✔︎ Docker server version should be at least 1.6.0
2026-08-29 15:45:20 [main] INFO  t.g.io/epos-eric/metadata-database/deploy:main - Creating container for image: ghcr.io/epos-eric/metadata-database/deploy:main
2026-08-29 15:45:21 [main] INFO  t.g.io/epos-eric/metadata-database/deploy:main - Container ghcr.io/epos-eric/metadata-database/deploy:main is starting: 68da86252c8788df4d99f7517733f089b77f4772330d9c6b15052f6e948e5f73
2026-08-29 15:45:24 [main] INFO  t.g.io/epos-eric/metadata-database/deploy:main - Container ghcr.io/epos-eric/metadata-database/deploy:main started in PT3.915121739S
2026-08-29 15:45:24 [main] INFO  t.g.io/epos-eric/metadata-database/deploy:main - Container is started (JDBC URL: jdbc:postgresql://localhost:33867/cerif?loggerLevel=OFF)
2026-08-29 15:45:24 [main] INFO  com.zaxxer.hikari.HikariDataSource - metadata_catalogue - Starting...
2026-08-29 15:45:25 [main] INFO  com.zaxxer.hikari.pool.HikariPool - metadata_catalogue - Added connection org.postgresql.jdbc.PgConnection@5578be42
2026-08-29 15:45:25 [main] INFO  com.zaxxer.hikari.HikariDataSource - metadata_catalogue - Start completed.
2026-08-29 15:45:26 [main] INFO  com.zaxxer.hikari.HikariDataSource - metadata_catalogue - Shutdown initiated...
2026-08-29 15:45:26 [main] INFO  com.zaxxer.hikari.HikariDataSource - metadata_catalogue - Shutdown completed.
2026-08-29 15:45:56 [main] INFO  o.testcontainers.images.PullPolicy - Image pull policy will be performed by: DefaultPullPolicy()
2026-08-29 15:45:56 [main] INFO  o.t.utility.ImageNameSubstitutor - Image name substitution will be performed by: DefaultImageNameSubstitutor (composite of 'ConfigurationFileImageNameSubstitutor' and 'PrefixingImageNameSubstitutor')
2026-08-29 15:45:56 [main] INFO  o.testcontainers.DockerClientFactory - Testcontainers version: 2.0.2
2026-08-29 15:45:56 [main] INFO  o.t.d.DockerClientProviderStrategy - Loaded org.testcontainers.dockerclient.UnixSocketClientProviderStrategy from ~/.testcontainers.properties, will try it first
2026-08-29 15:45:56 [main] INFO  o.t.d.DockerClientProviderStrategy - Found Docker environment with local Unix socket (unix:///var/run/docker.sock)
2026-08-29 15:45:56 [main] INFO  o.testcontainers.DockerClientFactory - Docker host IP address is localhost
2026-08-29 15:45:56 [main] INFO  o.testcontainers.DockerClientFactory - Connected to docker: 
  Server Version: 29.7.2
  API Version: 1.55
  Operating System: Arch Linux
  Total Memory: 63796 MB
2026-08-29 15:45:57 [main] INFO  tc.testcontainers/ryuk:0.13.0 - Creating container for image: testcontainers/ryuk:0.13.0
2026-08-29 15:45:57 [main] INFO  tc.testcontainers/ryuk:0.13.0 - Container testcontainers/ryuk:0.13.0 is starting: dc135eef0f3cbb6125f83bb9744bbba774e40de47697e115e76eeb5e8fa6a0f3
2026-08-29 15:45:57 [main] INFO  tc.testcontainers/ryuk:0.13.0 - Container testcontainers/ryuk:0.13.0 started in PT0.327239603S
2026-08-29 15:45:57 [main] INFO  o.t.utility.RyukResourceReaper - Ryuk started - will monitor and terminate Testcontainers containers on JVM exit
2026-08-29 15:45:57 [main] INFO  o.testcontainers.DockerClientFactory - Checking the system...
2026-08-29 15:45:57 [main] INFO  o.testcontainers.DockerClientFactory - ✔︎ Docker server version should be at least 1.6.0
2026-08-29 15:45:57 [main] INFO  t.g.io/epos-eric/metadata-database/deploy:main - Creating container for image: ghcr.io/epos-eric/metadata-database/deploy:main
2026-08-29 15:45:57 [main] INFO  t.g.io/epos-eric/metadata-database/deploy:main - Container ghcr.io/epos-eric/metadata-database/deploy:main is starting: f3eea0ad7e8960423ec97a1e57435cc7ee123c040da12234f48a923f171717a1
2026-08-29 15:46:01 [main] INFO  t.g.io/epos-eric/metadata-database/deploy:main - Container ghcr.io/epos-eric/metadata-database/deploy:main started in PT4.217634953S
2026-08-29 15:46:01 [main] INFO  t.g.io/epos-eric/metadata-database/deploy:main - Container is started (JDBC URL: jdbc:postgresql://localhost:33869/cerif?loggerLevel=OFF)
2026-08-29 15:46:01 [main] INFO  com.zaxxer.hikari.HikariDataSource - metadata_catalogue - Starting...
2026-08-29 15:46:02 [main] INFO  com.zaxxer.hikari.pool.HikariPool - metadata_catalogue - Added connection org.postgresql.jdbc.PgConnection@5578be42
2026-08-29 15:46:02 [main] INFO  com.zaxxer.hikari.HikariDataSource - metadata_catalogue - Start completed.
2026-08-29 15:46:03 [main] INFO  com.zaxxer.hikari.HikariDataSource - metadata_catalogue - Shutdown initiated...
2026-08-29 15:46:03 [main] INFO  com.zaxxer.hikari.HikariDataSource - metadata_catalogue - Shutdown completed.
2026-08-29 15:46:56 [main] INFO  o.testcontainers.images.PullPolicy - Image pull policy will be performed by: DefaultPullPolicy()
2026-08-29 15:46:56 [main] INFO  o.t.utility.ImageNameSubstitutor - Image name substitution will be performed by: DefaultImageNameSubstitutor (composite of 'ConfigurationFileImageNameSubstitutor' and 'PrefixingImageNameSubstitutor')
2026-08-29 15:46:56 [main] INFO  o.testcontainers.DockerClientFactory - Testcontainers version: 2.0.2
2026-08-29 15:46:56 [main] INFO  o.t.d.DockerClientProviderStrategy - Loaded org.testcontainers.dockerclient.UnixSocketClientProviderStrategy from ~/.testcontainers.properties, will try it first
2026-08-29 15:46:56 [main] INFO  o.t.d.DockerClientProviderStrategy - Found Docker environment with local Unix socket (unix:///var/run/docker.sock)
2026-08-29 15:46:56 [main] INFO  o.testcontainers.DockerClientFactory - Docker host IP address is localhost
2026-08-29 15:46:56 [main] INFO  o.testcontainers.DockerClientFactory - Connected to docker: 
  Server Version: 29.7.2
  API Version: 1.55
  Operating System: Arch Linux
  Total Memory: 63796 MB
2026-08-29 15:46:57 [main] INFO  tc.testcontainers/ryuk:0.13.0 - Creating container for image: testcontainers/ryuk:0.13.0
2026-08-29 15:46:57 [main] INFO  tc.testcontainers/ryuk:0.13.0 - Container testcontainers/ryuk:0.13.0 is starting: 1c2bec71babff8856b6e592afcff22c4bfb953f1f8ec4f4582275dc5aa48fdf7
2026-08-29 15:46:57 [main] INFO  tc.testcontainers/ryuk:0.13.0 - Container testcontainers/ryuk:0.13.0 started in PT0.347187634S
2026-08-29 15:46:57 [main] INFO  o.t.utility.RyukResourceReaper - Ryuk started - will monitor and terminate Testcontainers containers on JVM exit
2026-08-29 15:46:57 [main] INFO  o.testcontainers.DockerClientFactory - Checking the system...
2026-08-29 15:46:57 [main] INFO  o.testcontainers.DockerClientFactory - ✔︎ Docker server version should be at least 1.6.0
2026-08-29 15:46:57 [main] INFO  t.g.io/epos-eric/metadata-database/deploy:main - Creating container for image: ghcr.io/epos-eric/metadata-database/deploy:main
2026-08-29 15:46:57 [main] INFO  t.g.io/epos-eric/metadata-database/deploy:main - Container ghcr.io/epos-eric/metadata-database/deploy:main is starting: 75498ed3691e4c3dd0bbbf5fdb31d7df53ace41cebca2d964af7e0cab481fd70
2026-08-29 15:47:01 [main] INFO  t.g.io/epos-eric/metadata-database/deploy:main - Container ghcr.io/epos-eric/metadata-database/deploy:main started in PT4.127648927S
2026-08-29 15:47:01 [main] INFO  t.g.io/epos-eric/metadata-database/deploy:main - Container is started (JDBC URL: jdbc:postgresql://localhost:33871/cerif?loggerLevel=OFF)
2026-08-29 15:47:01 [main] INFO  com.zaxxer.hikari.HikariDataSource - metadata_catalogue - Starting...
2026-08-29 15:47:02 [main] INFO  com.zaxxer.hikari.pool.HikariPool - metadata_catalogue - Added connection org.postgresql.jdbc.PgConnection@5578be42
2026-08-29 15:47:02 [main] INFO  com.zaxxer.hikari.HikariDataSource - metadata_catalogue - Start completed.
2026-08-29 15:47:03 [main] INFO  com.zaxxer.hikari.HikariDataSource - metadata_catalogue - Shutdown initiated...
2026-08-29 15:47:03 [main] INFO  com.zaxxer.hikari.HikariDataSource - metadata_catalogue - Shutdown completed.
2026-08-29 15:47:38 [main] INFO  o.testcontainers.images.PullPolicy - Image pull policy will be performed by: DefaultPullPolicy()
2026-08-29 15:47:38 [main] INFO  o.t.utility.ImageNameSubstitutor - Image name substitution will be performed by: DefaultImageNameSubstitutor (composite of 'ConfigurationFileImageNameSubstitutor' and 'PrefixingImageNameSubstitutor')
2026-08-29 15:47:38 [main] INFO  o.testcontainers.DockerClientFactory - Testcontainers version: 2.0.2
2026-08-29 15:47:38 [main] INFO  o.t.d.DockerClientProviderStrategy - Loaded org.testcontainers.dockerclient.UnixSocketClientProviderStrategy from ~/.testcontainers.properties, will try it first
2026-08-29 15:47:38 [main] INFO  o.t.d.DockerClientProviderStrategy - Found Docker environment with local Unix socket (unix:///var/run/docker.sock)
2026-08-29 15:47:38 [main] INFO  o.testcontainers.DockerClientFactory - Docker host IP address is localhost
2026-08-29 15:47:38 [main] INFO  o.testcontainers.DockerClientFactory - Connected to docker: 
  Server Version: 29.7.2
  API Version: 1.55
  Operating System: Arch Linux
  Total Memory: 63796 MB
2026-08-29 15:47:39 [main] INFO  tc.testcontainers/ryuk:0.13.0 - Creating container for image: testcontainers/ryuk:0.13.0
2026-08-29 15:47:39 [main] INFO  tc.testcontainers/ryuk:0.13.0 - Container testcontainers/ryuk:0.13.0 is starting: dd91eff11f7eb08bff46acfa8ee1200db869b21bfa526ea9ad1f106ddd7c9848
2026-08-29 15:47:40 [main] INFO  tc.testcontainers/ryuk:0.13.0 - Container testcontainers/ryuk:0.13.0 started in PT0.292070732S
2026-08-29 15:47:40 [main] INFO  o.t.utility.RyukResourceReaper - Ryuk started - will monitor and terminate Testcontainers containers on JVM exit
2026-08-29 15:47:40 [main] INFO  o.testcontainers.DockerClientFactory - Checking the system...
2026-08-29 15:47:40 [main] INFO  o.testcontainers.DockerClientFactory - ✔︎ Docker server version should be at least 1.6.0
2026-08-29 15:47:40 [main] INFO  t.g.io/epos-eric/metadata-database/deploy:main - Creating container for image: ghcr.io/epos-eric/metadata-database/deploy:main
2026-08-29 15:47:40 [main] INFO  t.g.io/epos-eric/metadata-database/deploy:main - Container ghcr.io/epos-eric/metadata-database/deploy:main is starting: 1e43fa3a375eaf55ed231efe2a403eb3a06d0fd1ea626f12cace5306cd7c52b4
2026-08-29 15:47:43 [main] INFO  t.g.io/epos-eric/metadata-database/deploy:main - Container ghcr.io/epos-eric/metadata-database/deploy:main started in PT3.751234227S
2026-08-29 15:47:43 [main] INFO  t.g.io/epos-eric/metadata-database/deploy:main - Container is started (JDBC URL: jdbc:postgresql://localhost:33873/cerif?loggerLevel=OFF)
2026-08-29 15:47:43 [main] INFO  com.zaxxer.hikari.HikariDataSource - metadata_catalogue - Starting...
2026-08-29 15:47:44 [main] INFO  com.zaxxer.hikari.pool.HikariPool - metadata_catalogue - Added connection org.postgresql.jdbc.PgConnection@2d4608a6
2026-08-29 15:47:44 [main] INFO  com.zaxxer.hikari.HikariDataSource - metadata_catalogue - Start completed.
2026-08-29 15:47:45 [main] INFO  com.zaxxer.hikari.HikariDataSource - metadata_catalogue - Shutdown initiated...
2026-08-29 15:47:45 [main] INFO  com.zaxxer.hikari.HikariDataSource - metadata_catalogue - Shutdown completed.
2026-08-29 15:47:45 [main] INFO  t.g.io/epos-eric/metadata-database/deploy:main - Creating container for image: ghcr.io/epos-eric/metadata-database/deploy:main
2026-08-29 15:47:45 [main] INFO  t.g.io/epos-eric/metadata-database/deploy:main - Container ghcr.io/epos-eric/metadata-database/deploy:main is starting: b23112c10ad2828f0a56c9507115778b39e21fc6360fed49d663a586b89559e0
2026-08-29 15:47:49 [main] INFO  t.g.io/epos-eric/metadata-database/deploy:main - Container ghcr.io/epos-eric/metadata-database/deploy:main started in PT4.157704399S
2026-08-29 15:47:49 [main] INFO  t.g.io/epos-eric/metadata-database/deploy:main - Container is started (JDBC URL: jdbc:postgresql://localhost:33874/cerif?loggerLevel=OFF)
2026-08-29 15:47:49 [main] INFO  com.zaxxer.hikari.HikariDataSource - metadata_catalogue - Starting...
2026-08-29 15:47:49 [main] INFO  com.zaxxer.hikari.pool.HikariPool - metadata_catalogue - Added connection org.postgresql.jdbc.PgConnection@fe08eaf
2026-08-29 15:47:49 [main] INFO  com.zaxxer.hikari.HikariDataSource - metadata_catalogue - Start completed.
2026-08-29 15:47:50 [main] INFO  com.zaxxer.hikari.HikariDataSource - metadata_catalogue - Shutdown initiated...
2026-08-29 15:47:50 [main] INFO  com.zaxxer.hikari.HikariDataSource - metadata_catalogue - Shutdown completed.
2026-08-29 15:47:50 [main] INFO  t.g.io/epos-eric/metadata-database/deploy:main - Creating container for image: ghcr.io/epos-eric/metadata-database/deploy:main
2026-08-29 15:47:50 [main] INFO  t.g.io/epos-eric/metadata-database/deploy:main - Container ghcr.io/epos-eric/metadata-database/deploy:main is starting: 774e0d68aea0a27ff1d91f0ee4155c50374eed3c7c49d615fe0cdef974cbc8e5
2026-08-29 15:47:54 [main] INFO  t.g.io/epos-eric/metadata-database/deploy:main - Container ghcr.io/epos-eric/metadata-database/deploy:main started in PT4.025081677S
2026-08-29 15:47:54 [main] INFO  t.g.io/epos-eric/metadata-database/deploy:main - Container is started (JDBC URL: jdbc:postgresql://localhost:33875/cerif?loggerLevel=OFF)
2026-08-29 15:47:54 [main] INFO  com.zaxxer.hikari.HikariDataSource - metadata_catalogue - Starting...
2026-08-29 15:47:54 [main] INFO  com.zaxxer.hikari.pool.HikariPool - metadata_catalogue - Added connection org.postgresql.jdbc.PgConnection@23e9dd78
2026-08-29 15:47:54 [main] INFO  com.zaxxer.hikari.HikariDataSource - metadata_catalogue - Start completed.
2026-08-29 15:47:56 [main] INFO  com.zaxxer.hikari.HikariDataSource - metadata_catalogue - Shutdown initiated...
2026-08-29 15:47:56 [main] INFO  com.zaxxer.hikari.HikariDataSource - metadata_catalogue - Shutdown completed.
2026-08-29 15:47:56 [main] INFO  t.g.io/epos-eric/metadata-database/deploy:main - Creating container for image: ghcr.io/epos-eric/metadata-database/deploy:main
2026-08-29 15:47:56 [main] INFO  t.g.io/epos-eric/metadata-database/deploy:main - Container ghcr.io/epos-eric/metadata-database/deploy:main is starting: 1be613a791622fb1ffe34b9b79770400997f41511243dda978d7d9326fd90a4e
2026-08-29 15:48:00 [main] INFO  t.g.io/epos-eric/metadata-database/deploy:main - Container ghcr.io/epos-eric/metadata-database/deploy:main started in PT3.924128828S
2026-08-29 15:48:00 [main] INFO  t.g.io/epos-eric/metadata-database/deploy:main - Container is started (JDBC URL: jdbc:postgresql://localhost:33876/cerif?loggerLevel=OFF)
2026-08-29 15:48:00 [main] INFO  com.zaxxer.hikari.HikariDataSource - metadata_catalogue - Starting...
2026-08-29 15:48:00 [main] INFO  com.zaxxer.hikari.pool.HikariPool - metadata_catalogue - Added connection org.postgresql.jdbc.PgConnection@71135794
2026-08-29 15:48:00 [main] INFO  com.zaxxer.hikari.HikariDataSource - metadata_catalogue - Start completed.
2026-08-29 15:48:01 [main] INFO  com.zaxxer.hikari.HikariDataSource - metadata_catalogue - Shutdown initiated...
2026-08-29 15:48:01 [main] INFO  com.zaxxer.hikari.HikariDataSource - metadata_catalogue - Shutdown completed.
2026-08-29 15:48:28 [main] INFO  o.testcontainers.images.PullPolicy - Image pull policy will be performed by: DefaultPullPolicy()
2026-08-29 15:48:28 [main] INFO  o.t.utility.ImageNameSubstitutor - Image name substitution will be performed by: DefaultImageNameSubstitutor (composite of 'ConfigurationFileImageNameSubstitutor' and 'PrefixingImageNameSubstitutor')
2026-08-29 15:48:28 [main] INFO  o.testcontainers.DockerClientFactory - Testcontainers version: 2.0.2
2026-08-29 15:48:29 [main] INFO  o.t.d.DockerClientProviderStrategy - Loaded org.testcontainers.dockerclient.UnixSocketClientProviderStrategy from ~/.testcontainers.properties, will try it first
2026-08-29 15:48:29 [main] INFO  o.t.d.DockerClientProviderStrategy - Found Docker environment with local Unix socket (unix:///var/run/docker.sock)
2026-08-29 15:48:29 [main] INFO  o.testcontainers.DockerClientFactory - Docker host IP address is localhost
2026-08-29 15:48:29 [main] INFO  o.testcontainers.DockerClientFactory - Connected to docker: 
  Server Version: 29.7.2
  API Version: 1.55
  Operating System: Arch Linux
  Total Memory: 63796 MB
2026-08-29 15:48:30 [main] INFO  tc.testcontainers/ryuk:0.13.0 - Creating container for image: testcontainers/ryuk:0.13.0
2026-08-29 15:48:30 [main] INFO  tc.testcontainers/ryuk:0.13.0 - Container testcontainers/ryuk:0.13.0 is starting: d70df63d04dbfedc0000c3d994377ecdcd7bbc58870dd7f8c18371a066cd173d
2026-08-29 15:48:30 [main] INFO  tc.testcontainers/ryuk:0.13.0 - Container testcontainers/ryuk:0.13.0 started in PT0.348511975S
2026-08-29 15:48:30 [main] INFO  o.t.utility.RyukResourceReaper - Ryuk started - will monitor and terminate Testcontainers containers on JVM exit
2026-08-29 15:48:30 [main] INFO  o.testcontainers.DockerClientFactory - Checking the system...
2026-08-29 15:48:30 [main] INFO  o.testcontainers.DockerClientFactory - ✔︎ Docker server version should be at least 1.6.0
2026-08-29 15:48:30 [main] INFO  t.g.io/epos-eric/metadata-database/deploy:main - Creating container for image: ghcr.io/epos-eric/metadata-database/deploy:main
2026-08-29 15:48:30 [main] INFO  t.g.io/epos-eric/metadata-database/deploy:main - Container ghcr.io/epos-eric/metadata-database/deploy:main is starting: f3a537324a0d6333aeb6d6b5cb05abbbee0b702c306446442791c6b9e60f7aac
2026-08-29 15:48:34 [main] INFO  t.g.io/epos-eric/metadata-database/deploy:main - Container ghcr.io/epos-eric/metadata-database/deploy:main started in PT4.366571723S
2026-08-29 15:48:34 [main] INFO  t.g.io/epos-eric/metadata-database/deploy:main - Container is started (JDBC URL: jdbc:postgresql://localhost:33878/cerif?loggerLevel=OFF)
2026-08-29 15:48:34 [main] INFO  com.zaxxer.hikari.HikariDataSource - metadata_catalogue - Starting...
2026-08-29 15:48:35 [main] INFO  com.zaxxer.hikari.pool.HikariPool - metadata_catalogue - Added connection org.postgresql.jdbc.PgConnection@5578be42
2026-08-29 15:48:35 [main] INFO  com.zaxxer.hikari.HikariDataSource - metadata_catalogue - Start completed.
2026-08-29 15:48:36 [main] INFO  com.zaxxer.hikari.HikariDataSource - metadata_catalogue - Shutdown initiated...
2026-08-29 15:48:36 [main] INFO  com.zaxxer.hikari.HikariDataSource - metadata_catalogue - Shutdown completed.
2026-08-29 15:48:50 [main] INFO  o.testcontainers.images.PullPolicy - Image pull policy will be performed by: DefaultPullPolicy()
2026-08-29 15:48:50 [main] INFO  o.t.utility.ImageNameSubstitutor - Image name substitution will be performed by: DefaultImageNameSubstitutor (composite of 'ConfigurationFileImageNameSubstitutor' and 'PrefixingImageNameSubstitutor')
2026-08-29 15:48:50 [main] INFO  o.testcontainers.DockerClientFactory - Testcontainers version: 2.0.2
2026-08-29 15:48:50 [main] INFO  o.t.d.DockerClientProviderStrategy - Loaded org.testcontainers.dockerclient.UnixSocketClientProviderStrategy from ~/.testcontainers.properties, will try it first
2026-08-29 15:48:50 [main] INFO  o.t.d.DockerClientProviderStrategy - Found Docker environment with local Unix socket (unix:///var/run/docker.sock)
2026-08-29 15:48:50 [main] INFO  o.testcontainers.DockerClientFactory - Docker host IP address is localhost
2026-08-29 15:48:50 [main] INFO  o.testcontainers.DockerClientFactory - Connected to docker: 
  Server Version: 29.7.2
  API Version: 1.55
  Operating System: Arch Linux
  Total Memory: 63796 MB
2026-08-29 15:48:51 [main] INFO  tc.testcontainers/ryuk:0.13.0 - Creating container for image: testcontainers/ryuk:0.13.0
2026-08-29 15:48:51 [main] INFO  tc.testcontainers/ryuk:0.13.0 - Container testcontainers/ryuk:0.13.0 is starting: d0121938a16a5d094b5f978fedd837d3b086514ef82bb137b736bcc88479bbde
2026-08-29 15:48:51 [main] INFO  tc.testcontainers/ryuk:0.13.0 - Container testcontainers/ryuk:0.13.0 started in PT0.303727872S
2026-08-29 15:48:51 [main] INFO  o.t.utility.RyukResourceReaper - Ryuk started - will monitor and terminate Testcontainers containers on JVM exit
2026-08-29 15:48:51 [main] INFO  o.testcontainers.DockerClientFactory - Checking the system...
2026-08-29 15:48:51 [main] INFO  o.testcontainers.DockerClientFactory - ✔︎ Docker server version should be at least 1.6.0
2026-08-29 15:48:51 [main] INFO  t.g.io/epos-eric/metadata-database/deploy:main - Creating container for image: ghcr.io/epos-eric/metadata-database/deploy:main
2026-08-29 15:48:51 [main] INFO  t.g.io/epos-eric/metadata-database/deploy:main - Container ghcr.io/epos-eric/metadata-database/deploy:main is starting: e2f6f3c29133e574860712e96d272ed5a41a9f6203b318d878ca2c6011b79c40
2026-08-29 15:48:55 [main] INFO  t.g.io/epos-eric/metadata-database/deploy:main - Container ghcr.io/epos-eric/metadata-database/deploy:main started in PT4.137730912S
2026-08-29 15:48:55 [main] INFO  t.g.io/epos-eric/metadata-database/deploy:main - Container is started (JDBC URL: jdbc:postgresql://localhost:33880/cerif?loggerLevel=OFF)
2026-08-29 15:48:55 [main] INFO  com.zaxxer.hikari.HikariDataSource - metadata_catalogue - Starting...
2026-08-29 15:48:56 [main] INFO  com.zaxxer.hikari.pool.HikariPool - metadata_catalogue - Added connection org.postgresql.jdbc.PgConnection@5578be42
2026-08-29 15:48:56 [main] INFO  com.zaxxer.hikari.HikariDataSource - metadata_catalogue - Start completed.
2026-08-29 15:48:57 [main] INFO  com.zaxxer.hikari.HikariDataSource - metadata_catalogue - Shutdown initiated...
2026-08-29 15:48:57 [main] INFO  com.zaxxer.hikari.HikariDataSource - metadata_catalogue - Shutdown completed.
2026-08-29 15:49:44 [main] INFO  o.testcontainers.images.PullPolicy - Image pull policy will be performed by: DefaultPullPolicy()
2026-08-29 15:49:44 [main] INFO  o.t.utility.ImageNameSubstitutor - Image name substitution will be performed by: DefaultImageNameSubstitutor (composite of 'ConfigurationFileImageNameSubstitutor' and 'PrefixingImageNameSubstitutor')
2026-08-29 15:49:44 [main] INFO  o.testcontainers.DockerClientFactory - Testcontainers version: 2.0.2
2026-08-29 15:49:44 [main] INFO  o.t.d.DockerClientProviderStrategy - Loaded org.testcontainers.dockerclient.UnixSocketClientProviderStrategy from ~/.testcontainers.properties, will try it first
2026-08-29 15:49:44 [main] INFO  o.t.d.DockerClientProviderStrategy - Found Docker environment with local Unix socket (unix:///var/run/docker.sock)
2026-08-29 15:49:44 [main] INFO  o.testcontainers.DockerClientFactory - Docker host IP address is localhost
2026-08-29 15:49:44 [main] INFO  o.testcontainers.DockerClientFactory - Connected to docker: 
  Server Version: 29.7.2
  API Version: 1.55
  Operating System: Arch Linux
  Total Memory: 63796 MB
2026-08-29 15:49:45 [main] INFO  tc.testcontainers/ryuk:0.13.0 - Creating container for image: testcontainers/ryuk:0.13.0
2026-08-29 15:49:45 [main] INFO  tc.testcontainers/ryuk:0.13.0 - Container testcontainers/ryuk:0.13.0 is starting: 010407f102201a6069cb33c383bb598856baf5db8e7bfdede2726cb31ec6c987
2026-08-29 15:49:45 [main] INFO  tc.testcontainers/ryuk:0.13.0 - Container testcontainers/ryuk:0.13.0 started in PT0.282317569S
2026-08-29 15:49:45 [main] INFO  o.t.utility.RyukResourceReaper - Ryuk started - will monitor and terminate Testcontainers containers on JVM exit
2026-08-29 15:49:45 [main] INFO  o.testcontainers.DockerClientFactory - Checking the system...
2026-08-29 15:49:45 [main] INFO  o.testcontainers.DockerClientFactory - ✔︎ Docker server version should be at least 1.6.0
2026-08-29 15:49:45 [main] INFO  t.g.io/epos-eric/metadata-database/deploy:main - Creating container for image: ghcr.io/epos-eric/metadata-database/deploy:main
2026-08-29 15:49:46 [main] INFO  t.g.io/epos-eric/metadata-database/deploy:main - Container ghcr.io/epos-eric/metadata-database/deploy:main is starting: 66b0e9c10bd8cf0e73254eee34eb368fb43ae2525ed07b67d9fab25d73895294
2026-08-29 15:49:49 [main] INFO  t.g.io/epos-eric/metadata-database/deploy:main - Container ghcr.io/epos-eric/metadata-database/deploy:main started in PT4.172419767S
2026-08-29 15:49:49 [main] INFO  t.g.io/epos-eric/metadata-database/deploy:main - Container is started (JDBC URL: jdbc:postgresql://localhost:33882/cerif?loggerLevel=OFF)
2026-08-29 15:49:50 [main] INFO  com.zaxxer.hikari.HikariDataSource - metadata_catalogue - Starting...
2026-08-29 15:49:50 [main] INFO  com.zaxxer.hikari.pool.HikariPool - metadata_catalogue - Added connection org.postgresql.jdbc.PgConnection@5578be42
2026-08-29 15:49:50 [main] INFO  com.zaxxer.hikari.HikariDataSource - metadata_catalogue - Start completed.
2026-08-29 15:49:51 [main] INFO  com.zaxxer.hikari.HikariDataSource - metadata_catalogue - Shutdown initiated...
2026-08-29 15:49:51 [main] INFO  com.zaxxer.hikari.HikariDataSource - metadata_catalogue - Shutdown completed.
2026-08-29 16:09:47 [main] INFO  o.testcontainers.images.PullPolicy - Image pull policy will be performed by: DefaultPullPolicy()
2026-08-29 16:09:47 [main] INFO  o.t.utility.ImageNameSubstitutor - Image name substitution will be performed by: DefaultImageNameSubstitutor (composite of 'ConfigurationFileImageNameSubstitutor' and 'PrefixingImageNameSubstitutor')
2026-08-29 16:09:47 [main] INFO  o.testcontainers.DockerClientFactory - Testcontainers version: 2.0.2
2026-08-29 16:09:47 [main] INFO  o.t.d.DockerClientProviderStrategy - Loaded org.testcontainers.dockerclient.UnixSocketClientProviderStrategy from ~/.testcontainers.properties, will try it first
2026-08-29 16:09:47 [main] INFO  o.t.d.DockerClientProviderStrategy - Found Docker environment with local Unix socket (unix:///var/run/docker.sock)
2026-08-29 16:09:47 [main] INFO  o.testcontainers.DockerClientFactory - Docker host IP address is localhost
2026-08-29 16:09:47 [main] INFO  o.testcontainers.DockerClientFactory - Connected to docker: 
  Server Version: 29.7.2
  API Version: 1.55
  Operating System: Arch Linux
  Total Memory: 63796 MB
2026-08-29 16:09:48 [main] INFO  tc.testcontainers/ryuk:0.13.0 - Creating container for image: testcontainers/ryuk:0.13.0
2026-08-29 16:09:48 [main] INFO  tc.testcontainers/ryuk:0.13.0 - Container testcontainers/ryuk:0.13.0 is starting: 93d56342e3633c6cebbdc9502c2437d7245c1ca2d6003b1491a23ba3f514bc53
2026-08-29 16:09:48 [main] INFO  tc.testcontainers/ryuk:0.13.0 - Container testcontainers/ryuk:0.13.0 started in PT0.310303558S
2026-08-29 16:09:48 [main] INFO  o.t.utility.RyukResourceReaper - Ryuk started - will monitor and terminate Testcontainers containers on JVM exit
2026-08-29 16:09:48 [main] INFO  o.testcontainers.DockerClientFactory - Checking the system...
2026-08-29 16:09:48 [main] INFO  o.testcontainers.DockerClientFactory - ✔︎ Docker server version should be at least 1.6.0
2026-08-29 16:09:48 [main] INFO  t.g.io/epos-eric/metadata-database/deploy:main - Creating container for image: ghcr.io/epos-eric/metadata-database/deploy:main
2026-08-29 16:09:48 [main] INFO  t.g.io/epos-eric/metadata-database/deploy:main - Container ghcr.io/epos-eric/metadata-database/deploy:main is starting: be62f87ca0d8e8561edf301991dac177fd7c8026f57ebe30947612f9350ff049
2026-08-29 16:09:52 [main] INFO  t.g.io/epos-eric/metadata-database/deploy:main - Container ghcr.io/epos-eric/metadata-database/deploy:main started in PT3.863206642S
2026-08-29 16:09:52 [main] INFO  t.g.io/epos-eric/metadata-database/deploy:main - Container is started (JDBC URL: jdbc:postgresql://localhost:33884/cerif?loggerLevel=OFF)
2026-08-29 16:09:52 [main] INFO  com.zaxxer.hikari.HikariDataSource - metadata_catalogue - Starting...
2026-08-29 16:09:52 [main] INFO  com.zaxxer.hikari.pool.HikariPool - metadata_catalogue - Added connection org.postgresql.jdbc.PgConnection@5578be42
2026-08-29 16:09:52 [main] INFO  com.zaxxer.hikari.HikariDataSource - metadata_catalogue - Start completed.
2026-08-29 16:09:54 [main] INFO  com.zaxxer.hikari.HikariDataSource - metadata_catalogue - Shutdown initiated...
2026-08-29 16:09:54 [main] INFO  com.zaxxer.hikari.HikariDataSource - metadata_catalogue - Shutdown completed.
2026-08-29 16:28:45 [main] INFO  o.testcontainers.images.PullPolicy - Image pull policy will be performed by: DefaultPullPolicy()
2026-08-29 16:28:45 [main] INFO  o.t.utility.ImageNameSubstitutor - Image name substitution will be performed by: DefaultImageNameSubstitutor (composite of 'ConfigurationFileImageNameSubstitutor' and 'PrefixingImageNameSubstitutor')
2026-08-29 16:28:45 [main] INFO  o.testcontainers.DockerClientFactory - Testcontainers version: 2.0.2
2026-08-29 16:28:45 [main] INFO  o.t.d.DockerClientProviderStrategy - Loaded org.testcontainers.dockerclient.UnixSocketClientProviderStrategy from ~/.testcontainers.properties, will try it first
2026-08-29 16:28:45 [main] INFO  o.t.d.DockerClientProviderStrategy - Found Docker environment with local Unix socket (unix:///var/run/docker.sock)
2026-08-29 16:28:45 [main] INFO  o.testcontainers.DockerClientFactory - Docker host IP address is localhost
2026-08-29 16:28:45 [main] INFO  o.testcontainers.DockerClientFactory - Connected to docker: 
  Server Version: 29.7.2
  API Version: 1.55
  Operating System: Arch Linux
  Total Memory: 63796 MB
2026-08-29 16:28:46 [main] INFO  tc.testcontainers/ryuk:0.13.0 - Creating container for image: testcontainers/ryuk:0.13.0
2026-08-29 16:28:46 [main] INFO  tc.testcontainers/ryuk:0.13.0 - Container testcontainers/ryuk:0.13.0 is starting: 4f1b320e1135a5bf7dcf429eb75f88fde0f835f81eb113da02bff5bae1d72748
2026-08-29 16:28:46 [main] INFO  tc.testcontainers/ryuk:0.13.0 - Container testcontainers/ryuk:0.13.0 started in PT0.362094324S
2026-08-29 16:28:46 [main] INFO  o.t.utility.RyukResourceReaper - Ryuk started - will monitor and terminate Testcontainers containers on JVM exit
2026-08-29 16:28:46 [main] INFO  o.testcontainers.DockerClientFactory - Checking the system...
2026-08-29 16:28:46 [main] INFO  o.testcontainers.DockerClientFactory - ✔︎ Docker server version should be at least 1.6.0
2026-08-29 16:28:46 [main] INFO  t.g.io/epos-eric/metadata-database/deploy:main - Creating container for image: ghcr.io/epos-eric/metadata-database/deploy:main
2026-08-29 16:28:47 [main] INFO  t.g.io/epos-eric/metadata-database/deploy:main - Container ghcr.io/epos-eric/metadata-database/deploy:main is starting: a349af628de7fd0aa25e20ce4af0def6fa0705c813ae9db38aea5c1c5a473efc
2026-08-29 16:28:50 [main] INFO  t.g.io/epos-eric/metadata-database/deploy:main - Container ghcr.io/epos-eric/metadata-database/deploy:main started in PT3.948022542S
2026-08-29 16:28:50 [main] INFO  t.g.io/epos-eric/metadata-database/deploy:main - Container is started (JDBC URL: jdbc:postgresql://localhost:33886/cerif?loggerLevel=OFF)
2026-08-29 16:28:50 [main] INFO  com.zaxxer.hikari.HikariDataSource - metadata_catalogue - Starting...
2026-08-29 16:28:51 [main] INFO  com.zaxxer.hikari.pool.HikariPool - metadata_catalogue - Added connection org.postgresql.jdbc.PgConnection@5578be42
2026-08-29 16:28:51 [main] INFO  com.zaxxer.hikari.HikariDataSource - metadata_catalogue - Start completed.
2026-08-29 16:28:52 [main] INFO  com.zaxxer.hikari.HikariDataSource - metadata_catalogue - Shutdown initiated...
2026-08-29 16:28:52 [main] INFO  com.zaxxer.hikari.HikariDataSource - metadata_catalogue - Shutdown completed.
2026-08-29 16:31:25 [main] INFO  o.testcontainers.images.PullPolicy - Image pull policy will be performed by: DefaultPullPolicy()
2026-08-29 16:31:25 [main] INFO  o.t.utility.ImageNameSubstitutor - Image name substitution will be performed by: DefaultImageNameSubstitutor (composite of 'ConfigurationFileImageNameSubstitutor' and 'PrefixingImageNameSubstitutor')
2026-08-29 16:31:25 [main] INFO  o.testcontainers.DockerClientFactory - Testcontainers version: 2.0.2
2026-08-29 16:31:25 [main] INFO  o.t.d.DockerClientProviderStrategy - Loaded org.testcontainers.dockerclient.UnixSocketClientProviderStrategy from ~/.testcontainers.properties, will try it first
2026-08-29 16:31:25 [main] INFO  o.t.d.DockerClientProviderStrategy - Found Docker environment with local Unix socket (unix:///var/run/docker.sock)
2026-08-29 16:31:25 [main] INFO  o.testcontainers.DockerClientFactory - Docker host IP address is localhost
2026-08-29 16:31:25 [main] INFO  o.testcontainers.DockerClientFactory - Connected to docker: 
  Server Version: 29.7.2
  API Version: 1.55
  Operating System: Arch Linux
  Total Memory: 63796 MB
2026-08-29 16:31:26 [main] INFO  tc.testcontainers/ryuk:0.13.0 - Creating container for image: testcontainers/ryuk:0.13.0
2026-08-29 16:31:26 [main] INFO  tc.testcontainers/ryuk:0.13.0 - Container testcontainers/ryuk:0.13.0 is starting: 80cb405131a2b29794416299f885e4f2cc0ce2cdfbbb51b4d75d7555f8332ab5
2026-08-29 16:31:26 [main] INFO  tc.testcontainers/ryuk:0.13.0 - Container testcontainers/ryuk:0.13.0 started in PT0.289536004S
2026-08-29 16:31:26 [main] INFO  o.t.utility.RyukResourceReaper - Ryuk started - will monitor and terminate Testcontainers containers on JVM exit
2026-08-29 16:31:26 [main] INFO  o.testcontainers.DockerClientFactory - Checking the system...
2026-08-29 16:31:26 [main] INFO  o.testcontainers.DockerClientFactory - ✔︎ Docker server version should be at least 1.6.0
2026-08-29 16:31:26 [main] INFO  t.g.io/epos-eric/metadata-database/deploy:main - Creating container for image: ghcr.io/epos-eric/metadata-database/deploy:main
2026-08-29 16:31:26 [main] INFO  t.g.io/epos-eric/metadata-database/deploy:main - Container ghcr.io/epos-eric/metadata-database/deploy:main is starting: bd9bd5b538af9658b8f8e1e5b53cb32c750661bdf2b43ee49230d2be12b2831b
2026-08-29 16:31:30 [main] INFO  t.g.io/epos-eric/metadata-database/deploy:main - Container ghcr.io/epos-eric/metadata-database/deploy:main started in PT3.955000559S
2026-08-29 16:31:30 [main] INFO  t.g.io/epos-eric/metadata-database/deploy:main - Container is started (JDBC URL: jdbc:postgresql://localhost:33888/cerif?loggerLevel=OFF)
2026-08-29 16:31:30 [main] INFO  com.zaxxer.hikari.HikariDataSource - metadata_catalogue - Starting...
2026-08-29 16:31:31 [main] INFO  com.zaxxer.hikari.pool.HikariPool - metadata_catalogue - Added connection org.postgresql.jdbc.PgConnection@5578be42
2026-08-29 16:31:31 [main] INFO  com.zaxxer.hikari.HikariDataSource - metadata_catalogue - Start completed.
2026-08-29 16:31:32 [main] INFO  com.zaxxer.hikari.HikariDataSource - metadata_catalogue - Shutdown initiated...
2026-08-29 16:31:32 [main] INFO  com.zaxxer.hikari.HikariDataSource - metadata_catalogue - Shutdown completed.
2026-08-29 16:31:49 [main] INFO  o.testcontainers.images.PullPolicy - Image pull policy will be performed by: DefaultPullPolicy()
2026-08-29 16:31:49 [main] INFO  o.t.utility.ImageNameSubstitutor - Image name substitution will be performed by: DefaultImageNameSubstitutor (composite of 'ConfigurationFileImageNameSubstitutor' and 'PrefixingImageNameSubstitutor')
2026-08-29 16:31:49 [main] INFO  o.testcontainers.DockerClientFactory - Testcontainers version: 2.0.2
2026-08-29 16:31:49 [main] INFO  o.t.d.DockerClientProviderStrategy - Loaded org.testcontainers.dockerclient.UnixSocketClientProviderStrategy from ~/.testcontainers.properties, will try it first
2026-08-29 16:31:49 [main] INFO  o.t.d.DockerClientProviderStrategy - Found Docker environment with local Unix socket (unix:///var/run/docker.sock)
2026-08-29 16:31:49 [main] INFO  o.testcontainers.DockerClientFactory - Docker host IP address is localhost
2026-08-29 16:31:49 [main] INFO  o.testcontainers.DockerClientFactory - Connected to docker: 
  Server Version: 29.7.2
  API Version: 1.55
  Operating System: Arch Linux
  Total Memory: 63796 MB
2026-08-29 16:31:50 [main] INFO  tc.testcontainers/ryuk:0.13.0 - Creating container for image: testcontainers/ryuk:0.13.0
2026-08-29 16:31:50 [main] INFO  tc.testcontainers/ryuk:0.13.0 - Container testcontainers/ryuk:0.13.0 is starting: 169de414459c730125e7c7ea7ea31e23b41acc098e51ed66e3aa183767e7e1ea
2026-08-29 16:31:50 [main] INFO  tc.testcontainers/ryuk:0.13.0 - Container testcontainers/ryuk:0.13.0 started in PT0.275398178S
2026-08-29 16:31:50 [main] INFO  o.t.utility.RyukResourceReaper - Ryuk started - will monitor and terminate Testcontainers containers on JVM exit
2026-08-29 16:31:50 [main] INFO  o.testcontainers.DockerClientFactory - Checking the system...
2026-08-29 16:31:50 [main] INFO  o.testcontainers.DockerClientFactory - ✔︎ Docker server version should be at least 1.6.0
2026-08-29 16:31:50 [main] INFO  t.g.io/epos-eric/metadata-database/deploy:main - Creating container for image: ghcr.io/epos-eric/metadata-database/deploy:main
2026-08-29 16:31:50 [main] INFO  t.g.io/epos-eric/metadata-database/deploy:main - Container ghcr.io/epos-eric/metadata-database/deploy:main is starting: 6e14fe36b3f8235442adeb68f58648ab7456e648ec229a3dccfbc77209016d0e
2026-08-29 16:31:54 [main] INFO  t.g.io/epos-eric/metadata-database/deploy:main - Container ghcr.io/epos-eric/metadata-database/deploy:main started in PT3.942687229S
2026-08-29 16:31:54 [main] INFO  t.g.io/epos-eric/metadata-database/deploy:main - Container is started (JDBC URL: jdbc:postgresql://localhost:33890/cerif?loggerLevel=OFF)
2026-08-29 16:31:54 [main] INFO  com.zaxxer.hikari.HikariDataSource - metadata_catalogue - Starting...
2026-08-29 16:31:54 [main] INFO  com.zaxxer.hikari.pool.HikariPool - metadata_catalogue - Added connection org.postgresql.jdbc.PgConnection@5578be42
2026-08-29 16:31:54 [main] INFO  com.zaxxer.hikari.HikariDataSource - metadata_catalogue - Start completed.
2026-08-29 16:31:56 [main] INFO  com.zaxxer.hikari.HikariDataSource - metadata_catalogue - Shutdown initiated...
2026-08-29 16:31:56 [main] INFO  com.zaxxer.hikari.HikariDataSource - metadata_catalogue - Shutdown completed.
2026-08-29 16:51:53 [main] INFO  o.testcontainers.images.PullPolicy - Image pull policy will be performed by: DefaultPullPolicy()
2026-08-29 16:51:53 [main] INFO  o.t.utility.ImageNameSubstitutor - Image name substitution will be performed by: DefaultImageNameSubstitutor (composite of 'ConfigurationFileImageNameSubstitutor' and 'PrefixingImageNameSubstitutor')
2026-08-29 16:51:53 [main] INFO  o.testcontainers.DockerClientFactory - Testcontainers version: 2.0.2
2026-08-29 16:51:53 [main] INFO  o.t.d.DockerClientProviderStrategy - Loaded org.testcontainers.dockerclient.UnixSocketClientProviderStrategy from ~/.testcontainers.properties, will try it first
2026-08-29 16:51:53 [main] INFO  o.t.d.DockerClientProviderStrategy - Found Docker environment with local Unix socket (unix:///var/run/docker.sock)
2026-08-29 16:51:53 [main] INFO  o.testcontainers.DockerClientFactory - Docker host IP address is localhost
2026-08-29 16:51:53 [main] INFO  o.testcontainers.DockerClientFactory - Connected to docker: 
  Server Version: 29.7.2
  API Version: 1.55
  Operating System: Arch Linux
  Total Memory: 63796 MB
2026-08-29 16:51:54 [main] INFO  tc.testcontainers/ryuk:0.13.0 - Creating container for image: testcontainers/ryuk:0.13.0
2026-08-29 16:51:54 [main] INFO  tc.testcontainers/ryuk:0.13.0 - Container testcontainers/ryuk:0.13.0 is starting: 4ae11abe36f1bf150e78e41c17cd3d799f4c29d913260dc1f3d40d5f4e5851e7
2026-08-29 16:51:54 [main] INFO  tc.testcontainers/ryuk:0.13.0 - Container testcontainers/ryuk:0.13.0 started in PT0.328960045S
2026-08-29 16:51:54 [main] INFO  o.t.utility.RyukResourceReaper - Ryuk started - will monitor and terminate Testcontainers containers on JVM exit
2026-08-29 16:51:54 [main] INFO  o.testcontainers.DockerClientFactory - Checking the system...
2026-08-29 16:51:54 [main] INFO  o.testcontainers.DockerClientFactory - ✔︎ Docker server version should be at least 1.6.0
2026-08-29 16:51:54 [main] INFO  t.g.io/epos-eric/metadata-database/deploy:main - Creating container for image: ghcr.io/epos-eric/metadata-database/deploy:main
2026-08-29 16:51:54 [main] INFO  t.g.io/epos-eric/metadata-database/deploy:main - Container ghcr.io/epos-eric/metadata-database/deploy:main is starting: d484d6c72c0827e99b9ffbcccb6de6d7f4a6d520719d0ecaa6817f012efe792a
2026-08-29 16:51:58 [main] INFO  t.g.io/epos-eric/metadata-database/deploy:main - Container ghcr.io/epos-eric/metadata-database/deploy:main started in PT3.767821915S
2026-08-29 16:51:58 [main] INFO  t.g.io/epos-eric/metadata-database/deploy:main - Container is started (JDBC URL: jdbc:postgresql://localhost:33892/cerif?loggerLevel=OFF)
2026-08-29 16:51:58 [main] INFO  com.zaxxer.hikari.HikariDataSource - metadata_catalogue - Starting...
2026-08-29 16:51:58 [main] INFO  com.zaxxer.hikari.pool.HikariPool - metadata_catalogue - Added connection org.postgresql.jdbc.PgConnection@5578be42
2026-08-29 16:51:58 [main] INFO  com.zaxxer.hikari.HikariDataSource - metadata_catalogue - Start completed.
2026-08-29 16:51:59 [main] INFO  com.zaxxer.hikari.HikariDataSource - metadata_catalogue - Shutdown initiated...
2026-08-29 16:51:59 [main] INFO  com.zaxxer.hikari.HikariDataSource - metadata_catalogue - Shutdown completed.
2026-08-29 16:52:34 [main] INFO  o.testcontainers.images.PullPolicy - Image pull policy will be performed by: DefaultPullPolicy()
2026-08-29 16:52:34 [main] INFO  o.t.utility.ImageNameSubstitutor - Image name substitution will be performed by: DefaultImageNameSubstitutor (composite of 'ConfigurationFileImageNameSubstitutor' and 'PrefixingImageNameSubstitutor')
2026-08-29 16:52:34 [main] INFO  o.testcontainers.DockerClientFactory - Testcontainers version: 2.0.2
2026-08-29 16:52:34 [main] INFO  o.t.d.DockerClientProviderStrategy - Loaded org.testcontainers.dockerclient.UnixSocketClientProviderStrategy from ~/.testcontainers.properties, will try it first
2026-08-29 16:52:34 [main] INFO  o.t.d.DockerClientProviderStrategy - Found Docker environment with local Unix socket (unix:///var/run/docker.sock)
2026-08-29 16:52:34 [main] INFO  o.testcontainers.DockerClientFactory - Docker host IP address is localhost
2026-08-29 16:52:34 [main] INFO  o.testcontainers.DockerClientFactory - Connected to docker: 
  Server Version: 29.7.2
  API Version: 1.55
  Operating System: Arch Linux
  Total Memory: 63796 MB
2026-08-29 16:52:35 [main] INFO  tc.testcontainers/ryuk:0.13.0 - Creating container for image: testcontainers/ryuk:0.13.0
2026-08-29 16:52:35 [main] INFO  tc.testcontainers/ryuk:0.13.0 - Container testcontainers/ryuk:0.13.0 is starting: 3f84d002dba0e9717724e8085f26d4ceea764a4ee78d2202632d721bc740bce2
2026-08-29 16:52:35 [main] INFO  tc.testcontainers/ryuk:0.13.0 - Container testcontainers/ryuk:0.13.0 started in PT0.3279562S
2026-08-29 16:52:36 [main] INFO  o.t.utility.RyukResourceReaper - Ryuk started - will monitor and terminate Testcontainers containers on JVM exit
2026-08-29 16:52:36 [main] INFO  o.testcontainers.DockerClientFactory - Checking the system...
2026-08-29 16:52:36 [main] INFO  o.testcontainers.DockerClientFactory - ✔︎ Docker server version should be at least 1.6.0
2026-08-29 16:52:36 [main] INFO  t.g.io/epos-eric/metadata-database/deploy:main - Creating container for image: ghcr.io/epos-eric/metadata-database/deploy:main
2026-08-29 16:52:36 [main] INFO  t.g.io/epos-eric/metadata-database/deploy:main - Container ghcr.io/epos-eric/metadata-database/deploy:main is starting: 9b251005620be3c61fbf36c73edd1c72b4dd3b62092dddcddb1ba2457277fab2
2026-08-29 16:52:39 [main] INFO  t.g.io/epos-eric/metadata-database/deploy:main - Container ghcr.io/epos-eric/metadata-database/deploy:main started in PT3.89749437S
2026-08-29 16:52:39 [main] INFO  t.g.io/epos-eric/metadata-database/deploy:main - Container is started (JDBC URL: jdbc:postgresql://localhost:33894/cerif?loggerLevel=OFF)
2026-08-29 16:52:39 [main] INFO  com.zaxxer.hikari.HikariDataSource - metadata_catalogue - Starting...
2026-08-29 16:52:40 [main] INFO  com.zaxxer.hikari.pool.HikariPool - metadata_catalogue - Added connection org.postgresql.jdbc.PgConnection@5578be42
2026-08-29 16:52:40 [main] INFO  com.zaxxer.hikari.HikariDataSource - metadata_catalogue - Start completed.
2026-08-29 16:52:41 [main] INFO  com.zaxxer.hikari.HikariDataSource - metadata_catalogue - Shutdown initiated...
2026-08-29 16:52:41 [main] INFO  com.zaxxer.hikari.HikariDataSource - metadata_catalogue - Shutdown completed.
2026-08-29 16:53:35 [main] INFO  o.testcontainers.images.PullPolicy - Image pull policy will be performed by: DefaultPullPolicy()
2026-08-29 16:53:35 [main] INFO  o.t.utility.ImageNameSubstitutor - Image name substitution will be performed by: DefaultImageNameSubstitutor (composite of 'ConfigurationFileImageNameSubstitutor' and 'PrefixingImageNameSubstitutor')
2026-08-29 16:53:35 [main] INFO  o.testcontainers.DockerClientFactory - Testcontainers version: 2.0.2
2026-08-29 16:53:35 [main] INFO  o.t.d.DockerClientProviderStrategy - Loaded org.testcontainers.dockerclient.UnixSocketClientProviderStrategy from ~/.testcontainers.properties, will try it first
2026-08-29 16:53:35 [main] INFO  o.t.d.DockerClientProviderStrategy - Found Docker environment with local Unix socket (unix:///var/run/docker.sock)
2026-08-29 16:53:35 [main] INFO  o.testcontainers.DockerClientFactory - Docker host IP address is localhost
2026-08-29 16:53:35 [main] INFO  o.testcontainers.DockerClientFactory - Connected to docker: 
  Server Version: 29.7.2
  API Version: 1.55
  Operating System: Arch Linux
  Total Memory: 63796 MB
2026-08-29 16:53:36 [main] INFO  tc.testcontainers/ryuk:0.13.0 - Creating container for image: testcontainers/ryuk:0.13.0
2026-08-29 16:53:36 [main] INFO  tc.testcontainers/ryuk:0.13.0 - Container testcontainers/ryuk:0.13.0 is starting: 3b6e0a05f0efad854c2f1792880870e1867045e6dec65b25b881653c6dd1ca19
2026-08-29 16:53:36 [main] INFO  tc.testcontainers/ryuk:0.13.0 - Container testcontainers/ryuk:0.13.0 started in PT0.336011174S
2026-08-29 16:53:36 [main] INFO  o.t.utility.RyukResourceReaper - Ryuk started - will monitor and terminate Testcontainers containers on JVM exit
2026-08-29 16:53:36 [main] INFO  o.testcontainers.DockerClientFactory - Checking the system...
2026-08-29 16:53:36 [main] INFO  o.testcontainers.DockerClientFactory - ✔︎ Docker server version should be at least 1.6.0
2026-08-29 16:53:36 [main] INFO  t.g.io/epos-eric/metadata-database/deploy:main - Creating container for image: ghcr.io/epos-eric/metadata-database/deploy:main
2026-08-29 16:53:36 [main] INFO  t.g.io/epos-eric/metadata-database/deploy:main - Container ghcr.io/epos-eric/metadata-database/deploy:main is starting: 7b8bf51075f36241ed24b2303c4be6fa2b7382de8f0fa22d23efcd80192901e7
2026-08-29 16:53:40 [main] INFO  t.g.io/epos-eric/metadata-database/deploy:main - Container ghcr.io/epos-eric/metadata-database/deploy:main started in PT4.215044694S
2026-08-29 16:53:40 [main] INFO  t.g.io/epos-eric/metadata-database/deploy:main - Container is started (JDBC URL: jdbc:postgresql://localhost:33896/cerif?loggerLevel=OFF)
2026-08-29 16:53:41 [main] INFO  com.zaxxer.hikari.HikariDataSource - metadata_catalogue - Starting...
2026-08-29 16:53:41 [main] INFO  com.zaxxer.hikari.pool.HikariPool - metadata_catalogue - Added connection org.postgresql.jdbc.PgConnection@5578be42
2026-08-29 16:53:41 [main] INFO  com.zaxxer.hikari.HikariDataSource - metadata_catalogue - Start completed.
2026-08-29 16:53:42 [main] INFO  com.zaxxer.hikari.HikariDataSource - metadata_catalogue - Shutdown initiated...
2026-08-29 16:53:42 [main] INFO  com.zaxxer.hikari.HikariDataSource - metadata_catalogue - Shutdown completed.
2026-08-29 17:02:05 [main] INFO  o.testcontainers.images.PullPolicy - Image pull policy will be performed by: DefaultPullPolicy()
2026-08-29 17:02:05 [main] INFO  o.t.utility.ImageNameSubstitutor - Image name substitution will be performed by: DefaultImageNameSubstitutor (composite of 'ConfigurationFileImageNameSubstitutor' and 'PrefixingImageNameSubstitutor')
2026-08-29 17:02:05 [main] INFO  o.testcontainers.DockerClientFactory - Testcontainers version: 2.0.2
2026-08-29 17:02:05 [main] INFO  o.t.d.DockerClientProviderStrategy - Loaded org.testcontainers.dockerclient.UnixSocketClientProviderStrategy from ~/.testcontainers.properties, will try it first
2026-08-29 17:02:06 [main] INFO  o.t.d.DockerClientProviderStrategy - Found Docker environment with local Unix socket (unix:///var/run/docker.sock)
2026-08-29 17:02:06 [main] INFO  o.testcontainers.DockerClientFactory - Docker host IP address is localhost
2026-08-29 17:02:06 [main] INFO  o.testcontainers.DockerClientFactory - Connected to docker: 
  Server Version: 29.7.2
  API Version: 1.55
  Operating System: Arch Linux
  Total Memory: 63796 MB
2026-08-29 17:02:07 [main] INFO  tc.testcontainers/ryuk:0.13.0 - Creating container for image: testcontainers/ryuk:0.13.0
2026-08-29 17:02:07 [main] INFO  tc.testcontainers/ryuk:0.13.0 - Container testcontainers/ryuk:0.13.0 is starting: 92f732436561e86a4a64dc8bb2e9cf4a9be1f8aa3c9a4ca7d64b0e6935e1a361
2026-08-29 17:02:07 [main] INFO  tc.testcontainers/ryuk:0.13.0 - Container testcontainers/ryuk:0.13.0 started in PT0.317900594S
2026-08-29 17:02:07 [main] INFO  o.t.utility.RyukResourceReaper - Ryuk started - will monitor and terminate Testcontainers containers on JVM exit
2026-08-29 17:02:07 [main] INFO  o.testcontainers.DockerClientFactory - Checking the system...
2026-08-29 17:02:07 [main] INFO  o.testcontainers.DockerClientFactory - ✔︎ Docker server version should be at least 1.6.0
2026-08-29 17:02:07 [main] INFO  t.g.io/epos-eric/metadata-database/deploy:main - Creating container for image: ghcr.io/epos-eric/metadata-database/deploy:main
2026-08-29 17:02:07 [main] INFO  t.g.io/epos-eric/metadata-database/deploy:main - Container ghcr.io/epos-eric/metadata-database/deploy:main is starting: 157821dc1ae99f9c7a6eae776894d310bcd8d9aa68027550895a1c0bd0ad2eb5
2026-08-29 17:02:11 [main] INFO  t.g.io/epos-eric/metadata-database/deploy:main - Container ghcr.io/epos-eric/metadata-database/deploy:main started in PT4.111169102S
2026-08-29 17:02:11 [main] INFO  t.g.io/epos-eric/metadata-database/deploy:main - Container is started (JDBC URL: jdbc:postgresql://localhost:33898/cerif?loggerLevel=OFF)
2026-08-29 17:02:11 [main] INFO  com.zaxxer.hikari.HikariDataSource - metadata_catalogue - Starting...
2026-08-29 17:02:11 [main] INFO  com.zaxxer.hikari.pool.HikariPool - metadata_catalogue - Added connection org.postgresql.jdbc.PgConnection@5578be42
2026-08-29 17:02:11 [main] INFO  com.zaxxer.hikari.HikariDataSource - metadata_catalogue - Start completed.
2026-08-29 17:02:12 [main] INFO  com.zaxxer.hikari.HikariDataSource - metadata_catalogue - Shutdown initiated...
2026-08-29 17:02:12 [main] INFO  com.zaxxer.hikari.HikariDataSource - metadata_catalogue - Shutdown completed.
2026-08-29 17:03:39 [main] INFO  o.testcontainers.images.PullPolicy - Image pull policy will be performed by: DefaultPullPolicy()
2026-08-29 17:03:39 [main] INFO  o.t.utility.ImageNameSubstitutor - Image name substitution will be performed by: DefaultImageNameSubstitutor (composite of 'ConfigurationFileImageNameSubstitutor' and 'PrefixingImageNameSubstitutor')
2026-08-29 17:03:39 [main] INFO  o.testcontainers.DockerClientFactory - Testcontainers version: 2.0.2
2026-08-29 17:03:39 [main] INFO  o.t.d.DockerClientProviderStrategy - Loaded org.testcontainers.dockerclient.UnixSocketClientProviderStrategy from ~/.testcontainers.properties, will try it first
2026-08-29 17:03:39 [main] INFO  o.t.d.DockerClientProviderStrategy - Found Docker environment with local Unix socket (unix:///var/run/docker.sock)
2026-08-29 17:03:39 [main] INFO  o.testcontainers.DockerClientFactory - Docker host IP address is localhost
2026-08-29 17:03:39 [main] INFO  o.testcontainers.DockerClientFactory - Connected to docker: 
  Server Version: 29.7.2
  API Version: 1.55
  Operating System: Arch Linux
  Total Memory: 63796 MB
2026-08-29 17:03:40 [main] INFO  tc.testcontainers/ryuk:0.13.0 - Creating container for image: testcontainers/ryuk:0.13.0
2026-08-29 17:03:40 [main] INFO  tc.testcontainers/ryuk:0.13.0 - Container testcontainers/ryuk:0.13.0 is starting: 6cae909f2688386dffe72715c33549349d579ad3ebbd697939035c3fbd0cf2e8
2026-08-29 17:03:40 [main] INFO  tc.testcontainers/ryuk:0.13.0 - Container testcontainers/ryuk:0.13.0 started in PT0.295955137S
2026-08-29 17:03:40 [main] INFO  o.t.utility.RyukResourceReaper - Ryuk started - will monitor and terminate Testcontainers containers on JVM exit
2026-08-29 17:03:40 [main] INFO  o.testcontainers.DockerClientFactory - Checking the system...
2026-08-29 17:03:40 [main] INFO  o.testcontainers.DockerClientFactory - ✔︎ Docker server version should be at least 1.6.0
2026-08-29 17:03:40 [main] INFO  t.g.io/epos-eric/metadata-database/deploy:main - Creating container for image: ghcr.io/epos-eric/metadata-database/deploy:main
2026-08-29 17:03:41 [main] INFO  t.g.io/epos-eric/metadata-database/deploy:main - Container ghcr.io/epos-eric/metadata-database/deploy:main is starting: c55aec4b77434b4824872d3a46a1977b7267e2cdfa2fe684466f5e963900d302
2026-08-29 17:03:44 [main] INFO  t.g.io/epos-eric/metadata-database/deploy:main - Container ghcr.io/epos-eric/metadata-database/deploy:main started in PT3.964241332S
2026-08-29 17:03:44 [main] INFO  t.g.io/epos-eric/metadata-database/deploy:main - Container is started (JDBC URL: jdbc:postgresql://localhost:33900/cerif?loggerLevel=OFF)
2026-08-29 17:03:44 [main] INFO  com.zaxxer.hikari.HikariDataSource - metadata_catalogue - Starting...
2026-08-29 17:03:45 [main] INFO  com.zaxxer.hikari.pool.HikariPool - metadata_catalogue - Added connection org.postgresql.jdbc.PgConnection@5578be42
2026-08-29 17:03:45 [main] INFO  com.zaxxer.hikari.HikariDataSource - metadata_catalogue - Start completed.
2026-08-29 17:03:46 [main] INFO  com.zaxxer.hikari.HikariDataSource - metadata_catalogue - Shutdown initiated...
2026-08-29 17:03:46 [main] INFO  com.zaxxer.hikari.HikariDataSource - metadata_catalogue - Shutdown completed.
2026-08-29 17:04:45 [main] INFO  o.testcontainers.images.PullPolicy - Image pull policy will be performed by: DefaultPullPolicy()
2026-08-29 17:04:45 [main] INFO  o.t.utility.ImageNameSubstitutor - Image name substitution will be performed by: DefaultImageNameSubstitutor (composite of 'ConfigurationFileImageNameSubstitutor' and 'PrefixingImageNameSubstitutor')
2026-08-29 17:04:46 [main] INFO  o.testcontainers.DockerClientFactory - Testcontainers version: 2.0.2
2026-08-29 17:04:46 [main] INFO  o.t.d.DockerClientProviderStrategy - Loaded org.testcontainers.dockerclient.UnixSocketClientProviderStrategy from ~/.testcontainers.properties, will try it first
2026-08-29 17:04:46 [main] INFO  o.t.d.DockerClientProviderStrategy - Found Docker environment with local Unix socket (unix:///var/run/docker.sock)
2026-08-29 17:04:46 [main] INFO  o.testcontainers.DockerClientFactory - Docker host IP address is localhost
2026-08-29 17:04:46 [main] INFO  o.testcontainers.DockerClientFactory - Connected to docker: 
  Server Version: 29.7.2
  API Version: 1.55
  Operating System: Arch Linux
  Total Memory: 63796 MB
2026-08-29 17:04:47 [main] INFO  tc.testcontainers/ryuk:0.13.0 - Creating container for image: testcontainers/ryuk:0.13.0
2026-08-29 17:04:47 [main] INFO  tc.testcontainers/ryuk:0.13.0 - Container testcontainers/ryuk:0.13.0 is starting: ec173ec7ed97a3564760130d3fa2b9708e977f773245f061ab1c9fa5f158a391
2026-08-29 17:04:47 [main] INFO  tc.testcontainers/ryuk:0.13.0 - Container testcontainers/ryuk:0.13.0 started in PT0.3906302S
2026-08-29 17:04:47 [main] INFO  o.t.utility.RyukResourceReaper - Ryuk started - will monitor and terminate Testcontainers containers on JVM exit
2026-08-29 17:04:47 [main] INFO  o.testcontainers.DockerClientFactory - Checking the system...
2026-08-29 17:04:47 [main] INFO  o.testcontainers.DockerClientFactory - ✔︎ Docker server version should be at least 1.6.0
2026-08-29 17:04:47 [main] INFO  t.g.io/epos-eric/metadata-database/deploy:main - Creating container for image: ghcr.io/epos-eric/metadata-database/deploy:main
2026-08-29 17:04:47 [main] INFO  t.g.io/epos-eric/metadata-database/deploy:main - Container ghcr.io/epos-eric/metadata-database/deploy:main is starting: 9253cdd3145a6e3ec91d03f09a612352bff7e5c289a1b2b1a13060fdcba233b4
2026-08-29 17:04:51 [main] INFO  t.g.io/epos-eric/metadata-database/deploy:main - Container ghcr.io/epos-eric/metadata-database/deploy:main started in PT4.127662902S
2026-08-29 17:04:51 [main] INFO  t.g.io/epos-eric/metadata-database/deploy:main - Container is started (JDBC URL: jdbc:postgresql://localhost:33902/cerif?loggerLevel=OFF)
2026-08-29 17:04:51 [main] INFO  com.zaxxer.hikari.HikariDataSource - metadata_catalogue - Starting...
2026-08-29 17:04:52 [main] INFO  com.zaxxer.hikari.pool.HikariPool - metadata_catalogue - Added connection org.postgresql.jdbc.PgConnection@5578be42
2026-08-29 17:04:52 [main] INFO  com.zaxxer.hikari.HikariDataSource - metadata_catalogue - Start completed.
2026-08-29 17:04:53 [main] INFO  com.zaxxer.hikari.HikariDataSource - metadata_catalogue - Shutdown initiated...
2026-08-29 17:04:53 [main] INFO  com.zaxxer.hikari.HikariDataSource - metadata_catalogue - Shutdown completed.
2026-08-29 17:05:27 [main] INFO  o.testcontainers.images.PullPolicy - Image pull policy will be performed by: DefaultPullPolicy()
2026-08-29 17:05:27 [main] INFO  o.t.utility.ImageNameSubstitutor - Image name substitution will be performed by: DefaultImageNameSubstitutor (composite of 'ConfigurationFileImageNameSubstitutor' and 'PrefixingImageNameSubstitutor')
2026-08-29 17:05:27 [main] INFO  o.testcontainers.DockerClientFactory - Testcontainers version: 2.0.2
2026-08-29 17:05:27 [main] INFO  o.t.d.DockerClientProviderStrategy - Loaded org.testcontainers.dockerclient.UnixSocketClientProviderStrategy from ~/.testcontainers.properties, will try it first
2026-08-29 17:05:27 [main] INFO  o.t.d.DockerClientProviderStrategy - Found Docker environment with local Unix socket (unix:///var/run/docker.sock)
2026-08-29 17:05:27 [main] INFO  o.testcontainers.DockerClientFactory - Docker host IP address is localhost
2026-08-29 17:05:27 [main] INFO  o.testcontainers.DockerClientFactory - Connected to docker: 
  Server Version: 29.7.2
  API Version: 1.55
  Operating System: Arch Linux
  Total Memory: 63796 MB
2026-08-29 17:05:28 [main] INFO  tc.testcontainers/ryuk:0.13.0 - Creating container for image: testcontainers/ryuk:0.13.0
2026-08-29 17:05:28 [main] INFO  tc.testcontainers/ryuk:0.13.0 - Container testcontainers/ryuk:0.13.0 is starting: e902be854bf91c774a679c900ca8ab8cdc3175f1a21adaae9e57b36cd9dddf4d
2026-08-29 17:05:28 [main] INFO  tc.testcontainers/ryuk:0.13.0 - Container testcontainers/ryuk:0.13.0 started in PT0.281205739S
2026-08-29 17:05:28 [main] INFO  o.t.utility.RyukResourceReaper - Ryuk started - will monitor and terminate Testcontainers containers on JVM exit
2026-08-29 17:05:28 [main] INFO  o.testcontainers.DockerClientFactory - Checking the system...
2026-08-29 17:05:28 [main] INFO  o.testcontainers.DockerClientFactory - ✔︎ Docker server version should be at least 1.6.0
2026-08-29 17:05:28 [main] INFO  t.g.io/epos-eric/metadata-database/deploy:main - Creating container for image: ghcr.io/epos-eric/metadata-database/deploy:main
2026-08-29 17:05:28 [main] INFO  t.g.io/epos-eric/metadata-database/deploy:main - Container ghcr.io/epos-eric/metadata-database/deploy:main is starting: 705daadcd287487f167c24fd0835d675cb64809813436abd1f3e8494179d9b5a
2026-08-29 17:05:32 [main] INFO  t.g.io/epos-eric/metadata-database/deploy:main - Container ghcr.io/epos-eric/metadata-database/deploy:main started in PT3.683606167S
2026-08-29 17:05:32 [main] INFO  t.g.io/epos-eric/metadata-database/deploy:main - Container is started (JDBC URL: jdbc:postgresql://localhost:33904/cerif?loggerLevel=OFF)
2026-08-29 17:05:32 [main] INFO  com.zaxxer.hikari.HikariDataSource - metadata_catalogue - Starting...
2026-08-29 17:05:32 [main] INFO  com.zaxxer.hikari.pool.HikariPool - metadata_catalogue - Added connection org.postgresql.jdbc.PgConnection@5578be42
2026-08-29 17:05:32 [main] INFO  com.zaxxer.hikari.HikariDataSource - metadata_catalogue - Start completed.
2026-08-29 17:05:33 [main] INFO  com.zaxxer.hikari.HikariDataSource - metadata_catalogue - Shutdown initiated...
2026-08-29 17:05:33 [main] INFO  com.zaxxer.hikari.HikariDataSource - metadata_catalogue - Shutdown completed.
2026-08-29 17:05:51 [main] INFO  o.testcontainers.images.PullPolicy - Image pull policy will be performed by: DefaultPullPolicy()
2026-08-29 17:05:51 [main] INFO  o.t.utility.ImageNameSubstitutor - Image name substitution will be performed by: DefaultImageNameSubstitutor (composite of 'ConfigurationFileImageNameSubstitutor' and 'PrefixingImageNameSubstitutor')
2026-08-29 17:05:51 [main] INFO  o.testcontainers.DockerClientFactory - Testcontainers version: 2.0.2
2026-08-29 17:05:51 [main] INFO  o.t.d.DockerClientProviderStrategy - Loaded org.testcontainers.dockerclient.UnixSocketClientProviderStrategy from ~/.testcontainers.properties, will try it first
2026-08-29 17:05:52 [main] INFO  o.t.d.DockerClientProviderStrategy - Found Docker environment with local Unix socket (unix:///var/run/docker.sock)
2026-08-29 17:05:52 [main] INFO  o.testcontainers.DockerClientFactory - Docker host IP address is localhost
2026-08-29 17:05:52 [main] INFO  o.testcontainers.DockerClientFactory - Connected to docker: 
  Server Version: 29.7.2
  API Version: 1.55
  Operating System: Arch Linux
  Total Memory: 63796 MB
2026-08-29 17:05:53 [main] INFO  tc.testcontainers/ryuk:0.13.0 - Creating container for image: testcontainers/ryuk:0.13.0
2026-08-29 17:05:53 [main] INFO  tc.testcontainers/ryuk:0.13.0 - Container testcontainers/ryuk:0.13.0 is starting: bf389dc041575bea1a9551f9a017b4c3e94220672b3aa7d4260562c924d175ab
2026-08-29 17:05:53 [main] INFO  tc.testcontainers/ryuk:0.13.0 - Container testcontainers/ryuk:0.13.0 started in PT0.293776047S
2026-08-29 17:05:53 [main] INFO  o.t.utility.RyukResourceReaper - Ryuk started - will monitor and terminate Testcontainers containers on JVM exit
2026-08-29 17:05:53 [main] INFO  o.testcontainers.DockerClientFactory - Checking the system...
2026-08-29 17:05:53 [main] INFO  o.testcontainers.DockerClientFactory - ✔︎ Docker server version should be at least 1.6.0
2026-08-29 17:05:53 [main] INFO  t.g.io/epos-eric/metadata-database/deploy:main - Creating container for image: ghcr.io/epos-eric/metadata-database/deploy:main
2026-08-29 17:05:53 [main] INFO  t.g.io/epos-eric/metadata-database/deploy:main - Container ghcr.io/epos-eric/metadata-database/deploy:main is starting: 15dfcf329e83b2ba4116b82af82c1c22b4161d33d46c250ed80f6fa87edb411b
2026-08-29 17:05:57 [main] INFO  t.g.io/epos-eric/metadata-database/deploy:main - Container ghcr.io/epos-eric/metadata-database/deploy:main started in PT3.784080531S
2026-08-29 17:05:57 [main] INFO  t.g.io/epos-eric/metadata-database/deploy:main - Container is started (JDBC URL: jdbc:postgresql://localhost:33906/cerif?loggerLevel=OFF)
2026-08-29 17:05:57 [main] INFO  com.zaxxer.hikari.HikariDataSource - metadata_catalogue - Starting...
2026-08-29 17:05:57 [main] INFO  com.zaxxer.hikari.pool.HikariPool - metadata_catalogue - Added connection org.postgresql.jdbc.PgConnection@5578be42
2026-08-29 17:05:57 [main] INFO  com.zaxxer.hikari.HikariDataSource - metadata_catalogue - Start completed.
2026-08-29 17:05:58 [main] INFO  com.zaxxer.hikari.HikariDataSource - metadata_catalogue - Shutdown initiated...
2026-08-29 17:05:58 [main] INFO  com.zaxxer.hikari.HikariDataSource - metadata_catalogue - Shutdown completed.
2026-08-29 17:06:29 [main] INFO  o.testcontainers.images.PullPolicy - Image pull policy will be performed by: DefaultPullPolicy()
2026-08-29 17:06:29 [main] INFO  o.t.utility.ImageNameSubstitutor - Image name substitution will be performed by: DefaultImageNameSubstitutor (composite of 'ConfigurationFileImageNameSubstitutor' and 'PrefixingImageNameSubstitutor')
2026-08-29 17:06:29 [main] INFO  o.testcontainers.DockerClientFactory - Testcontainers version: 2.0.2
2026-08-29 17:06:29 [main] INFO  o.t.d.DockerClientProviderStrategy - Loaded org.testcontainers.dockerclient.UnixSocketClientProviderStrategy from ~/.testcontainers.properties, will try it first
2026-08-29 17:06:29 [main] INFO  o.t.d.DockerClientProviderStrategy - Found Docker environment with local Unix socket (unix:///var/run/docker.sock)
2026-08-29 17:06:29 [main] INFO  o.testcontainers.DockerClientFactory - Docker host IP address is localhost
2026-08-29 17:06:29 [main] INFO  o.testcontainers.DockerClientFactory - Connected to docker: 
  Server Version: 29.7.2
  API Version: 1.55
  Operating System: Arch Linux
  Total Memory: 63796 MB
2026-08-29 17:06:30 [main] INFO  tc.testcontainers/ryuk:0.13.0 - Creating container for image: testcontainers/ryuk:0.13.0
2026-08-29 17:06:30 [main] INFO  tc.testcontainers/ryuk:0.13.0 - Container testcontainers/ryuk:0.13.0 is starting: 62f2592ccf2c64150d9a6298ad7cf792504447588d0303126f4015e524f3b842
2026-08-29 17:06:30 [main] INFO  tc.testcontainers/ryuk:0.13.0 - Container testcontainers/ryuk:0.13.0 started in PT0.300451806S
2026-08-29 17:06:30 [main] INFO  o.t.utility.RyukResourceReaper - Ryuk started - will monitor and terminate Testcontainers containers on JVM exit
2026-08-29 17:06:30 [main] INFO  o.testcontainers.DockerClientFactory - Checking the system...
2026-08-29 17:06:30 [main] INFO  o.testcontainers.DockerClientFactory - ✔︎ Docker server version should be at least 1.6.0
2026-08-29 17:06:30 [main] INFO  t.g.io/epos-eric/metadata-database/deploy:main - Creating container for image: ghcr.io/epos-eric/metadata-database/deploy:main
2026-08-29 17:06:31 [main] INFO  t.g.io/epos-eric/metadata-database/deploy:main - Container ghcr.io/epos-eric/metadata-database/deploy:main is starting: deb08f8ce6f1a4c722f76a59626bc950f102e659a74bfe80f9e8df4d88779c00
2026-08-29 17:06:34 [main] INFO  t.g.io/epos-eric/metadata-database/deploy:main - Container ghcr.io/epos-eric/metadata-database/deploy:main started in PT3.959848408S
2026-08-29 17:06:34 [main] INFO  t.g.io/epos-eric/metadata-database/deploy:main - Container is started (JDBC URL: jdbc:postgresql://localhost:33908/cerif?loggerLevel=OFF)
2026-08-29 17:06:34 [main] INFO  com.zaxxer.hikari.HikariDataSource - metadata_catalogue - Starting...
2026-08-29 17:06:35 [main] INFO  com.zaxxer.hikari.pool.HikariPool - metadata_catalogue - Added connection org.postgresql.jdbc.PgConnection@5578be42
2026-08-29 17:06:35 [main] INFO  com.zaxxer.hikari.HikariDataSource - metadata_catalogue - Start completed.
2026-08-29 17:06:36 [main] INFO  com.zaxxer.hikari.HikariDataSource - metadata_catalogue - Shutdown initiated...
2026-08-29 17:06:36 [main] INFO  com.zaxxer.hikari.HikariDataSource - metadata_catalogue - Shutdown completed.
2026-08-29 17:07:13 [main] INFO  o.testcontainers.images.PullPolicy - Image pull policy will be performed by: DefaultPullPolicy()
2026-08-29 17:07:13 [main] INFO  o.t.utility.ImageNameSubstitutor - Image name substitution will be performed by: DefaultImageNameSubstitutor (composite of 'ConfigurationFileImageNameSubstitutor' and 'PrefixingImageNameSubstitutor')
2026-08-29 17:07:13 [main] INFO  o.testcontainers.DockerClientFactory - Testcontainers version: 2.0.2
2026-08-29 17:07:14 [main] INFO  o.t.d.DockerClientProviderStrategy - Loaded org.testcontainers.dockerclient.UnixSocketClientProviderStrategy from ~/.testcontainers.properties, will try it first
2026-08-29 17:07:14 [main] INFO  o.t.d.DockerClientProviderStrategy - Found Docker environment with local Unix socket (unix:///var/run/docker.sock)
2026-08-29 17:07:14 [main] INFO  o.testcontainers.DockerClientFactory - Docker host IP address is localhost
2026-08-29 17:07:14 [main] INFO  o.testcontainers.DockerClientFactory - Connected to docker: 
  Server Version: 29.7.2
  API Version: 1.55
  Operating System: Arch Linux
  Total Memory: 63796 MB
2026-08-29 17:07:15 [main] INFO  tc.testcontainers/ryuk:0.13.0 - Creating container for image: testcontainers/ryuk:0.13.0
2026-08-29 17:07:15 [main] INFO  tc.testcontainers/ryuk:0.13.0 - Container testcontainers/ryuk:0.13.0 is starting: 124625c6f23c1c8da2f326bd1f6adeace18446c73f3f0b25bbe06b9820640200
2026-08-29 17:07:15 [main] INFO  tc.testcontainers/ryuk:0.13.0 - Container testcontainers/ryuk:0.13.0 started in PT0.339791475S
2026-08-29 17:07:15 [main] INFO  o.t.utility.RyukResourceReaper - Ryuk started - will monitor and terminate Testcontainers containers on JVM exit
2026-08-29 17:07:15 [main] INFO  o.testcontainers.DockerClientFactory - Checking the system...
2026-08-29 17:07:15 [main] INFO  o.testcontainers.DockerClientFactory - ✔︎ Docker server version should be at least 1.6.0
2026-08-29 17:07:15 [main] INFO  t.g.io/epos-eric/metadata-database/deploy:main - Creating container for image: ghcr.io/epos-eric/metadata-database/deploy:main
2026-08-29 17:07:15 [main] INFO  t.g.io/epos-eric/metadata-database/deploy:main - Container ghcr.io/epos-eric/metadata-database/deploy:main is starting: 0a1216c57994f315cc2ee6d371cfa4e2fe233355e598b0a68a8c8e29d3ebcb08
2026-08-29 17:07:19 [main] INFO  t.g.io/epos-eric/metadata-database/deploy:main - Container ghcr.io/epos-eric/metadata-database/deploy:main started in PT3.860421283S
2026-08-29 17:07:19 [main] INFO  t.g.io/epos-eric/metadata-database/deploy:main - Container is started (JDBC URL: jdbc:postgresql://localhost:33910/cerif?loggerLevel=OFF)
2026-08-29 17:07:19 [main] INFO  com.zaxxer.hikari.HikariDataSource - metadata_catalogue - Starting...
2026-08-29 17:07:19 [main] INFO  com.zaxxer.hikari.pool.HikariPool - metadata_catalogue - Added connection org.postgresql.jdbc.PgConnection@5578be42
2026-08-29 17:07:19 [main] INFO  com.zaxxer.hikari.HikariDataSource - metadata_catalogue - Start completed.
2026-08-29 17:07:21 [main] INFO  com.zaxxer.hikari.HikariDataSource - metadata_catalogue - Shutdown initiated...
2026-08-29 17:07:21 [main] INFO  com.zaxxer.hikari.HikariDataSource - metadata_catalogue - Shutdown completed.
2026-08-29 17:09:05 [main] INFO  o.testcontainers.images.PullPolicy - Image pull policy will be performed by: DefaultPullPolicy()
2026-08-29 17:09:05 [main] INFO  o.t.utility.ImageNameSubstitutor - Image name substitution will be performed by: DefaultImageNameSubstitutor (composite of 'ConfigurationFileImageNameSubstitutor' and 'PrefixingImageNameSubstitutor')
2026-08-29 17:09:05 [main] INFO  o.testcontainers.DockerClientFactory - Testcontainers version: 2.0.2
2026-08-29 17:09:05 [main] INFO  o.t.d.DockerClientProviderStrategy - Loaded org.testcontainers.dockerclient.UnixSocketClientProviderStrategy from ~/.testcontainers.properties, will try it first
2026-08-29 17:09:05 [main] INFO  o.t.d.DockerClientProviderStrategy - Found Docker environment with local Unix socket (unix:///var/run/docker.sock)
2026-08-29 17:09:05 [main] INFO  o.testcontainers.DockerClientFactory - Docker host IP address is localhost
2026-08-29 17:09:05 [main] INFO  o.testcontainers.DockerClientFactory - Connected to docker: 
  Server Version: 29.7.2
  API Version: 1.55
  Operating System: Arch Linux
  Total Memory: 63796 MB
2026-08-29 17:09:06 [main] INFO  tc.testcontainers/ryuk:0.13.0 - Creating container for image: testcontainers/ryuk:0.13.0
2026-08-29 17:09:06 [main] INFO  tc.testcontainers/ryuk:0.13.0 - Container testcontainers/ryuk:0.13.0 is starting: 4609c7a20e259d017ec6a1f2ab666a67ca18897465118ddcedd8a86419e229fd
2026-08-29 17:09:06 [main] INFO  tc.testcontainers/ryuk:0.13.0 - Container testcontainers/ryuk:0.13.0 started in PT0.307664498S
2026-08-29 17:09:06 [main] INFO  o.t.utility.RyukResourceReaper - Ryuk started - will monitor and terminate Testcontainers containers on JVM exit
2026-08-29 17:09:06 [main] INFO  o.testcontainers.DockerClientFactory - Checking the system...
2026-08-29 17:09:06 [main] INFO  o.testcontainers.DockerClientFactory - ✔︎ Docker server version should be at least 1.6.0
2026-08-29 17:09:06 [main] INFO  t.g.io/epos-eric/metadata-database/deploy:main - Creating container for image: ghcr.io/epos-eric/metadata-database/deploy:main
2026-08-29 17:09:06 [main] INFO  t.g.io/epos-eric/metadata-database/deploy:main - Container ghcr.io/epos-eric/metadata-database/deploy:main is starting: 60bebcb37d50eac29f615d0640a08c9ccd1242e518da8ce6ca34a6b29f3d58be
2026-08-29 17:09:10 [main] INFO  t.g.io/epos-eric/metadata-database/deploy:main - Container ghcr.io/epos-eric/metadata-database/deploy:main started in PT3.857247753S
2026-08-29 17:09:10 [main] INFO  t.g.io/epos-eric/metadata-database/deploy:main - Container is started (JDBC URL: jdbc:postgresql://localhost:33912/cerif?loggerLevel=OFF)
2026-08-29 17:09:10 [main] INFO  com.zaxxer.hikari.HikariDataSource - metadata_catalogue - Starting...
2026-08-29 17:09:10 [main] INFO  com.zaxxer.hikari.pool.HikariPool - metadata_catalogue - Added connection org.postgresql.jdbc.PgConnection@5578be42
2026-08-29 17:09:10 [main] INFO  com.zaxxer.hikari.HikariDataSource - metadata_catalogue - Start completed.
2026-08-29 17:09:12 [main] INFO  com.zaxxer.hikari.HikariDataSource - metadata_catalogue - Shutdown initiated...
2026-08-29 17:09:12 [main] INFO  com.zaxxer.hikari.HikariDataSource - metadata_catalogue - Shutdown completed.
2026-08-29 17:09:35 [main] INFO  o.testcontainers.images.PullPolicy - Image pull policy will be performed by: DefaultPullPolicy()
2026-08-29 17:09:35 [main] INFO  o.t.utility.ImageNameSubstitutor - Image name substitution will be performed by: DefaultImageNameSubstitutor (composite of 'ConfigurationFileImageNameSubstitutor' and 'PrefixingImageNameSubstitutor')
2026-08-29 17:09:35 [main] INFO  o.testcontainers.DockerClientFactory - Testcontainers version: 2.0.2
2026-08-29 17:09:35 [main] INFO  o.t.d.DockerClientProviderStrategy - Loaded org.testcontainers.dockerclient.UnixSocketClientProviderStrategy from ~/.testcontainers.properties, will try it first
2026-08-29 17:09:35 [main] INFO  o.t.d.DockerClientProviderStrategy - Found Docker environment with local Unix socket (unix:///var/run/docker.sock)
2026-08-29 17:09:35 [main] INFO  o.testcontainers.DockerClientFactory - Docker host IP address is localhost
2026-08-29 17:09:35 [main] INFO  o.testcontainers.DockerClientFactory - Connected to docker: 
  Server Version: 29.7.2
  API Version: 1.55
  Operating System: Arch Linux
  Total Memory: 63796 MB
2026-08-29 17:09:36 [main] INFO  tc.testcontainers/ryuk:0.13.0 - Creating container for image: testcontainers/ryuk:0.13.0
2026-08-29 17:09:36 [main] INFO  tc.testcontainers/ryuk:0.13.0 - Container testcontainers/ryuk:0.13.0 is starting: b05246de55f5197168abc589fda583dd55a3936f9e89d369526abbee17fc7c72
2026-08-29 17:09:36 [main] INFO  tc.testcontainers/ryuk:0.13.0 - Container testcontainers/ryuk:0.13.0 started in PT0.281388147S
2026-08-29 17:09:36 [main] INFO  o.t.utility.RyukResourceReaper - Ryuk started - will monitor and terminate Testcontainers containers on JVM exit
2026-08-29 17:09:36 [main] INFO  o.testcontainers.DockerClientFactory - Checking the system...
2026-08-29 17:09:36 [main] INFO  o.testcontainers.DockerClientFactory - ✔︎ Docker server version should be at least 1.6.0
2026-08-29 17:09:36 [main] INFO  t.g.io/epos-eric/metadata-database/deploy:main - Creating container for image: ghcr.io/epos-eric/metadata-database/deploy:main
2026-08-29 17:09:36 [main] INFO  t.g.io/epos-eric/metadata-database/deploy:main - Container ghcr.io/epos-eric/metadata-database/deploy:main is starting: af3af3b20ff1353bb0e2766588188cd1dec0847d1bb16d5cef98f0bcd3933db0
2026-08-29 17:09:40 [main] INFO  t.g.io/epos-eric/metadata-database/deploy:main - Container ghcr.io/epos-eric/metadata-database/deploy:main started in PT4.215150347S
2026-08-29 17:09:40 [main] INFO  t.g.io/epos-eric/metadata-database/deploy:main - Container is started (JDBC URL: jdbc:postgresql://localhost:33915/cerif?loggerLevel=OFF)
2026-08-29 17:09:40 [main] INFO  com.zaxxer.hikari.HikariDataSource - metadata_catalogue - Starting...
2026-08-29 17:09:41 [main] INFO  com.zaxxer.hikari.pool.HikariPool - metadata_catalogue - Added connection org.postgresql.jdbc.PgConnection@5578be42
2026-08-29 17:09:41 [main] INFO  com.zaxxer.hikari.HikariDataSource - metadata_catalogue - Start completed.
2026-08-29 17:09:42 [main] INFO  com.zaxxer.hikari.HikariDataSource - metadata_catalogue - Shutdown initiated...
2026-08-29 17:09:42 [main] INFO  com.zaxxer.hikari.HikariDataSource - metadata_catalogue - Shutdown completed.
2026-08-29 17:10:05 [main] INFO  o.testcontainers.images.PullPolicy - Image pull policy will be performed by: DefaultPullPolicy()
2026-08-29 17:10:05 [main] INFO  o.t.utility.ImageNameSubstitutor - Image name substitution will be performed by: DefaultImageNameSubstitutor (composite of 'ConfigurationFileImageNameSubstitutor' and 'PrefixingImageNameSubstitutor')
2026-08-29 17:10:05 [main] INFO  o.testcontainers.DockerClientFactory - Testcontainers version: 2.0.2
2026-08-29 17:10:05 [main] INFO  o.t.d.DockerClientProviderStrategy - Loaded org.testcontainers.dockerclient.UnixSocketClientProviderStrategy from ~/.testcontainers.properties, will try it first
2026-08-29 17:10:05 [main] INFO  o.t.d.DockerClientProviderStrategy - Found Docker environment with local Unix socket (unix:///var/run/docker.sock)
2026-08-29 17:10:05 [main] INFO  o.testcontainers.DockerClientFactory - Docker host IP address is localhost
2026-08-29 17:10:05 [main] INFO  o.testcontainers.DockerClientFactory - Connected to docker: 
  Server Version: 29.7.2
  API Version: 1.55
  Operating System: Arch Linux
  Total Memory: 63796 MB
2026-08-29 17:10:06 [main] INFO  tc.testcontainers/ryuk:0.13.0 - Creating container for image: testcontainers/ryuk:0.13.0
2026-08-29 17:10:06 [main] INFO  tc.testcontainers/ryuk:0.13.0 - Container testcontainers/ryuk:0.13.0 is starting: c40a88373ba2833d478c4350fc8e56d3cdca7de704dced8defedc92a0651f423
2026-08-29 17:10:07 [main] INFO  tc.testcontainers/ryuk:0.13.0 - Container testcontainers/ryuk:0.13.0 started in PT0.308188921S
2026-08-29 17:10:07 [main] INFO  o.t.utility.RyukResourceReaper - Ryuk started - will monitor and terminate Testcontainers containers on JVM exit
2026-08-29 17:10:07 [main] INFO  o.testcontainers.DockerClientFactory - Checking the system...
2026-08-29 17:10:07 [main] INFO  o.testcontainers.DockerClientFactory - ✔︎ Docker server version should be at least 1.6.0
2026-08-29 17:10:07 [main] INFO  t.g.io/epos-eric/metadata-database/deploy:main - Creating container for image: ghcr.io/epos-eric/metadata-database/deploy:main
2026-08-29 17:10:07 [main] INFO  t.g.io/epos-eric/metadata-database/deploy:main - Container ghcr.io/epos-eric/metadata-database/deploy:main is starting: bfcdd27bbd35782c6e1691f01b1b73f01678fac2e12cd9687d29534a8b023201
2026-08-29 17:10:10 [main] INFO  t.g.io/epos-eric/metadata-database/deploy:main - Container ghcr.io/epos-eric/metadata-database/deploy:main started in PT3.952117404S
2026-08-29 17:10:10 [main] INFO  t.g.io/epos-eric/metadata-database/deploy:main - Container is started (JDBC URL: jdbc:postgresql://localhost:33917/cerif?loggerLevel=OFF)
2026-08-29 17:10:11 [main] INFO  com.zaxxer.hikari.HikariDataSource - metadata_catalogue - Starting...
2026-08-29 17:10:11 [main] INFO  com.zaxxer.hikari.pool.HikariPool - metadata_catalogue - Added connection org.postgresql.jdbc.PgConnection@5578be42
2026-08-29 17:10:11 [main] INFO  com.zaxxer.hikari.HikariDataSource - metadata_catalogue - Start completed.
2026-08-29 17:10:12 [main] INFO  com.zaxxer.hikari.HikariDataSource - metadata_catalogue - Shutdown initiated...
2026-08-29 17:10:12 [main] INFO  com.zaxxer.hikari.HikariDataSource - metadata_catalogue - Shutdown completed.
2026-08-29 17:10:40 [main] INFO  o.testcontainers.images.PullPolicy - Image pull policy will be performed by: DefaultPullPolicy()
2026-08-29 17:10:40 [main] INFO  o.t.utility.ImageNameSubstitutor - Image name substitution will be performed by: DefaultImageNameSubstitutor (composite of 'ConfigurationFileImageNameSubstitutor' and 'PrefixingImageNameSubstitutor')
2026-08-29 17:10:40 [main] INFO  o.testcontainers.DockerClientFactory - Testcontainers version: 2.0.2
2026-08-29 17:10:40 [main] INFO  o.t.d.DockerClientProviderStrategy - Loaded org.testcontainers.dockerclient.UnixSocketClientProviderStrategy from ~/.testcontainers.properties, will try it first
2026-08-29 17:10:40 [main] INFO  o.t.d.DockerClientProviderStrategy - Found Docker environment with local Unix socket (unix:///var/run/docker.sock)
2026-08-29 17:10:40 [main] INFO  o.testcontainers.DockerClientFactory - Docker host IP address is localhost
2026-08-29 17:10:40 [main] INFO  o.testcontainers.DockerClientFactory - Connected to docker: 
  Server Version: 29.7.2
  API Version: 1.55
  Operating System: Arch Linux
  Total Memory: 63796 MB
2026-08-29 17:10:41 [main] INFO  tc.testcontainers/ryuk:0.13.0 - Creating container for image: testcontainers/ryuk:0.13.0
2026-08-29 17:10:41 [main] INFO  tc.testcontainers/ryuk:0.13.0 - Container testcontainers/ryuk:0.13.0 is starting: 775ef975f9a3725031d4c3e76758d6cd47fa62790a3513da942eed820bcf3c47
2026-08-29 17:10:41 [main] INFO  tc.testcontainers/ryuk:0.13.0 - Container testcontainers/ryuk:0.13.0 started in PT0.393723409S
2026-08-29 17:10:41 [main] INFO  o.t.utility.RyukResourceReaper - Ryuk started - will monitor and terminate Testcontainers containers on JVM exit
2026-08-29 17:10:41 [main] INFO  o.testcontainers.DockerClientFactory - Checking the system...
2026-08-29 17:10:41 [main] INFO  o.testcontainers.DockerClientFactory - ✔︎ Docker server version should be at least 1.6.0
2026-08-29 17:10:41 [main] INFO  t.g.io/epos-eric/metadata-database/deploy:main - Creating container for image: ghcr.io/epos-eric/metadata-database/deploy:main
2026-08-29 17:10:41 [main] INFO  t.g.io/epos-eric/metadata-database/deploy:main - Container ghcr.io/epos-eric/metadata-database/deploy:main is starting: b65b26e8f919850b01217cf0f3a6bef79b65a1f148a50a6b3c27c7a196e1cf74
2026-08-29 17:10:45 [main] INFO  t.g.io/epos-eric/metadata-database/deploy:main - Container ghcr.io/epos-eric/metadata-database/deploy:main started in PT3.84762357S
2026-08-29 17:10:45 [main] INFO  t.g.io/epos-eric/metadata-database/deploy:main - Container is started (JDBC URL: jdbc:postgresql://localhost:33919/cerif?loggerLevel=OFF)
2026-08-29 17:10:45 [main] INFO  com.zaxxer.hikari.HikariDataSource - metadata_catalogue - Starting...
2026-08-29 17:10:45 [main] INFO  com.zaxxer.hikari.pool.HikariPool - metadata_catalogue - Added connection org.postgresql.jdbc.PgConnection@5578be42
2026-08-29 17:10:45 [main] INFO  com.zaxxer.hikari.HikariDataSource - metadata_catalogue - Start completed.
2026-08-29 17:10:47 [main] INFO  com.zaxxer.hikari.HikariDataSource - metadata_catalogue - Shutdown initiated...
2026-08-29 17:10:47 [main] INFO  com.zaxxer.hikari.HikariDataSource - metadata_catalogue - Shutdown completed.
2026-08-29 17:11:16 [main] INFO  o.testcontainers.images.PullPolicy - Image pull policy will be performed by: DefaultPullPolicy()
2026-08-29 17:11:16 [main] INFO  o.t.utility.ImageNameSubstitutor - Image name substitution will be performed by: DefaultImageNameSubstitutor (composite of 'ConfigurationFileImageNameSubstitutor' and 'PrefixingImageNameSubstitutor')
2026-08-29 17:11:16 [main] INFO  o.testcontainers.DockerClientFactory - Testcontainers version: 2.0.2
2026-08-29 17:11:16 [main] INFO  o.t.d.DockerClientProviderStrategy - Loaded org.testcontainers.dockerclient.UnixSocketClientProviderStrategy from ~/.testcontainers.properties, will try it first
2026-08-29 17:11:16 [main] INFO  o.t.d.DockerClientProviderStrategy - Found Docker environment with local Unix socket (unix:///var/run/docker.sock)
2026-08-29 17:11:16 [main] INFO  o.testcontainers.DockerClientFactory - Docker host IP address is localhost
2026-08-29 17:11:16 [main] INFO  o.testcontainers.DockerClientFactory - Connected to docker: 
  Server Version: 29.7.2
  API Version: 1.55
  Operating System: Arch Linux
  Total Memory: 63796 MB
2026-08-29 17:11:17 [main] INFO  tc.testcontainers/ryuk:0.13.0 - Creating container for image: testcontainers/ryuk:0.13.0
2026-08-29 17:11:17 [main] INFO  tc.testcontainers/ryuk:0.13.0 - Container testcontainers/ryuk:0.13.0 is starting: b7783de351f4cd640199e1ee5b902dcd855a79ed78ce403d5af14f284062f09c
2026-08-29 17:11:17 [main] INFO  tc.testcontainers/ryuk:0.13.0 - Container testcontainers/ryuk:0.13.0 started in PT0.289536108S
2026-08-29 17:11:17 [main] INFO  o.t.utility.RyukResourceReaper - Ryuk started - will monitor and terminate Testcontainers containers on JVM exit
2026-08-29 17:11:17 [main] INFO  o.testcontainers.DockerClientFactory - Checking the system...
2026-08-29 17:11:17 [main] INFO  o.testcontainers.DockerClientFactory - ✔︎ Docker server version should be at least 1.6.0
2026-08-29 17:11:17 [main] INFO  t.g.io/epos-eric/metadata-database/deploy:main - Creating container for image: ghcr.io/epos-eric/metadata-database/deploy:main
2026-08-29 17:11:18 [main] INFO  t.g.io/epos-eric/metadata-database/deploy:main - Container ghcr.io/epos-eric/metadata-database/deploy:main is starting: 4a47eb37807cfb93ce836087ec46d0d258bb4313abb7fa2402718450edba6698
2026-08-29 17:11:22 [main] INFO  t.g.io/epos-eric/metadata-database/deploy:main - Container ghcr.io/epos-eric/metadata-database/deploy:main started in PT4.109116515S
2026-08-29 17:11:22 [main] INFO  t.g.io/epos-eric/metadata-database/deploy:main - Container is started (JDBC URL: jdbc:postgresql://localhost:33921/cerif?loggerLevel=OFF)
2026-08-29 17:11:22 [main] INFO  com.zaxxer.hikari.HikariDataSource - metadata_catalogue - Starting...
2026-08-29 17:11:22 [main] INFO  com.zaxxer.hikari.pool.HikariPool - metadata_catalogue - Added connection org.postgresql.jdbc.PgConnection@5578be42
2026-08-29 17:11:22 [main] INFO  com.zaxxer.hikari.HikariDataSource - metadata_catalogue - Start completed.
2026-08-29 17:11:23 [main] INFO  com.zaxxer.hikari.HikariDataSource - metadata_catalogue - Shutdown initiated...
2026-08-29 17:11:23 [main] INFO  com.zaxxer.hikari.HikariDataSource - metadata_catalogue - Shutdown completed.
2026-08-29 17:11:44 [main] INFO  o.testcontainers.images.PullPolicy - Image pull policy will be performed by: DefaultPullPolicy()
2026-08-29 17:11:44 [main] INFO  o.t.utility.ImageNameSubstitutor - Image name substitution will be performed by: DefaultImageNameSubstitutor (composite of 'ConfigurationFileImageNameSubstitutor' and 'PrefixingImageNameSubstitutor')
2026-08-29 17:11:44 [main] INFO  o.testcontainers.DockerClientFactory - Testcontainers version: 2.0.2
2026-08-29 17:11:44 [main] INFO  o.t.d.DockerClientProviderStrategy - Loaded org.testcontainers.dockerclient.UnixSocketClientProviderStrategy from ~/.testcontainers.properties, will try it first
2026-08-29 17:11:44 [main] INFO  o.t.d.DockerClientProviderStrategy - Found Docker environment with local Unix socket (unix:///var/run/docker.sock)
2026-08-29 17:11:44 [main] INFO  o.testcontainers.DockerClientFactory - Docker host IP address is localhost
2026-08-29 17:11:44 [main] INFO  o.testcontainers.DockerClientFactory - Connected to docker: 
  Server Version: 29.7.2
  API Version: 1.55
  Operating System: Arch Linux
  Total Memory: 63796 MB
2026-08-29 17:11:45 [main] INFO  tc.testcontainers/ryuk:0.13.0 - Creating container for image: testcontainers/ryuk:0.13.0
2026-08-29 17:11:45 [main] INFO  tc.testcontainers/ryuk:0.13.0 - Container testcontainers/ryuk:0.13.0 is starting: 92710e058f992be9e06508f1d34308174ec39d6847385f27d2ea5812b7da9fca
2026-08-29 17:11:45 [main] INFO  tc.testcontainers/ryuk:0.13.0 - Container testcontainers/ryuk:0.13.0 started in PT0.373317309S
2026-08-29 17:11:45 [main] INFO  o.t.utility.RyukResourceReaper - Ryuk started - will monitor and terminate Testcontainers containers on JVM exit
2026-08-29 17:11:45 [main] INFO  o.testcontainers.DockerClientFactory - Checking the system...
2026-08-29 17:11:45 [main] INFO  o.testcontainers.DockerClientFactory - ✔︎ Docker server version should be at least 1.6.0
2026-08-29 17:11:45 [main] INFO  t.g.io/epos-eric/metadata-database/deploy:main - Creating container for image: ghcr.io/epos-eric/metadata-database/deploy:main
2026-08-29 17:11:45 [main] INFO  t.g.io/epos-eric/metadata-database/deploy:main - Container ghcr.io/epos-eric/metadata-database/deploy:main is starting: 955197ca63025a1e68e0d1fb72559aa1a706f434de3ce556c888e70ded8525dd
2026-08-29 17:11:50 [main] INFO  t.g.io/epos-eric/metadata-database/deploy:main - Container ghcr.io/epos-eric/metadata-database/deploy:main started in PT4.264712446S
2026-08-29 17:11:50 [main] INFO  t.g.io/epos-eric/metadata-database/deploy:main - Container is started (JDBC URL: jdbc:postgresql://localhost:33923/cerif?loggerLevel=OFF)
2026-08-29 17:11:50 [main] INFO  com.zaxxer.hikari.HikariDataSource - metadata_catalogue - Starting...
2026-08-29 17:11:50 [main] INFO  com.zaxxer.hikari.pool.HikariPool - metadata_catalogue - Added connection org.postgresql.jdbc.PgConnection@5578be42
2026-08-29 17:11:50 [main] INFO  com.zaxxer.hikari.HikariDataSource - metadata_catalogue - Start completed.
2026-08-29 17:11:51 [main] INFO  com.zaxxer.hikari.HikariDataSource - metadata_catalogue - Shutdown initiated...
2026-08-29 17:11:51 [main] INFO  com.zaxxer.hikari.HikariDataSource - metadata_catalogue - Shutdown completed.
2026-08-29 17:16:30 [main] INFO  o.testcontainers.images.PullPolicy - Image pull policy will be performed by: DefaultPullPolicy()
2026-08-29 17:16:30 [main] INFO  o.t.utility.ImageNameSubstitutor - Image name substitution will be performed by: DefaultImageNameSubstitutor (composite of 'ConfigurationFileImageNameSubstitutor' and 'PrefixingImageNameSubstitutor')
2026-08-29 17:16:30 [main] INFO  o.testcontainers.DockerClientFactory - Testcontainers version: 2.0.2
2026-08-29 17:16:30 [main] INFO  o.t.d.DockerClientProviderStrategy - Loaded org.testcontainers.dockerclient.UnixSocketClientProviderStrategy from ~/.testcontainers.properties, will try it first
2026-08-29 17:16:30 [main] INFO  o.t.d.DockerClientProviderStrategy - Found Docker environment with local Unix socket (unix:///var/run/docker.sock)
2026-08-29 17:16:30 [main] INFO  o.testcontainers.DockerClientFactory - Docker host IP address is localhost
2026-08-29 17:16:30 [main] INFO  o.testcontainers.DockerClientFactory - Connected to docker: 
  Server Version: 29.7.2
  API Version: 1.55
  Operating System: Arch Linux
  Total Memory: 63796 MB
2026-08-29 17:16:31 [main] INFO  tc.testcontainers/ryuk:0.13.0 - Creating container for image: testcontainers/ryuk:0.13.0
2026-08-29 17:16:31 [main] INFO  tc.testcontainers/ryuk:0.13.0 - Container testcontainers/ryuk:0.13.0 is starting: 1910f1cabdf2926d5af66b81bfe7b009eefb506c70bf68aa063cc7a19069f641
2026-08-29 17:16:31 [main] INFO  tc.testcontainers/ryuk:0.13.0 - Container testcontainers/ryuk:0.13.0 started in PT0.331895291S
2026-08-29 17:16:31 [main] INFO  o.t.utility.RyukResourceReaper - Ryuk started - will monitor and terminate Testcontainers containers on JVM exit
2026-08-29 17:16:31 [main] INFO  o.testcontainers.DockerClientFactory - Checking the system...
2026-08-29 17:16:31 [main] INFO  o.testcontainers.DockerClientFactory - ✔︎ Docker server version should be at least 1.6.0
2026-08-29 17:16:31 [main] INFO  t.g.io/epos-eric/metadata-database/deploy:main - Creating container for image: ghcr.io/epos-eric/metadata-database/deploy:main
2026-08-29 17:16:31 [main] INFO  t.g.io/epos-eric/metadata-database/deploy:main - Container ghcr.io/epos-eric/metadata-database/deploy:main is starting: 32a5391f197d78c6f1639c08e4caa84835b86d1f36cddb3038582eb8170ea19a
2026-08-29 17:16:35 [main] INFO  t.g.io/epos-eric/metadata-database/deploy:main - Container ghcr.io/epos-eric/metadata-database/deploy:main started in PT4.021259505S
2026-08-29 17:16:35 [main] INFO  t.g.io/epos-eric/metadata-database/deploy:main - Container is started (JDBC URL: jdbc:postgresql://localhost:33925/cerif?loggerLevel=OFF)
2026-08-29 17:16:35 [main] INFO  com.zaxxer.hikari.HikariDataSource - metadata_catalogue - Starting...
2026-08-29 17:16:35 [main] INFO  com.zaxxer.hikari.pool.HikariPool - metadata_catalogue - Added connection org.postgresql.jdbc.PgConnection@4f5b08d
2026-08-29 17:16:35 [main] INFO  com.zaxxer.hikari.HikariDataSource - metadata_catalogue - Start completed.
2026-08-29 17:16:37 [main] INFO  com.zaxxer.hikari.HikariDataSource - metadata_catalogue - Shutdown initiated...
2026-08-29 17:16:37 [main] INFO  com.zaxxer.hikari.HikariDataSource - metadata_catalogue - Shutdown completed.
2026-08-29 17:16:37 [main] INFO  t.g.io/epos-eric/metadata-database/deploy:main - Creating container for image: ghcr.io/epos-eric/metadata-database/deploy:main
2026-08-29 17:16:37 [main] INFO  t.g.io/epos-eric/metadata-database/deploy:main - Container ghcr.io/epos-eric/metadata-database/deploy:main is starting: 616ea0a886dc3922cd6f80175a557a656fa5d27a799aafdfd3258b54be36f726
2026-08-29 17:16:41 [main] INFO  t.g.io/epos-eric/metadata-database/deploy:main - Container ghcr.io/epos-eric/metadata-database/deploy:main started in PT3.868477182S
2026-08-29 17:16:41 [main] INFO  t.g.io/epos-eric/metadata-database/deploy:main - Container is started (JDBC URL: jdbc:postgresql://localhost:33926/cerif?loggerLevel=OFF)
2026-08-29 17:16:41 [main] INFO  com.zaxxer.hikari.HikariDataSource - metadata_catalogue - Starting...
2026-08-29 17:16:41 [main] INFO  com.zaxxer.hikari.pool.HikariPool - metadata_catalogue - Added connection org.postgresql.jdbc.PgConnection@1171ba7e
2026-08-29 17:16:41 [main] INFO  com.zaxxer.hikari.HikariDataSource - metadata_catalogue - Start completed.
2026-08-29 17:16:42 [main] INFO  com.zaxxer.hikari.HikariDataSource - metadata_catalogue - Shutdown initiated...
2026-08-29 17:16:42 [main] INFO  com.zaxxer.hikari.HikariDataSource - metadata_catalogue - Shutdown completed.
2026-08-29 18:17:57 [main] INFO  o.testcontainers.images.PullPolicy - Image pull policy will be performed by: DefaultPullPolicy()
2026-08-29 18:17:57 [main] INFO  o.t.utility.ImageNameSubstitutor - Image name substitution will be performed by: DefaultImageNameSubstitutor (composite of 'ConfigurationFileImageNameSubstitutor' and 'PrefixingImageNameSubstitutor')
2026-08-29 18:17:57 [main] INFO  o.testcontainers.DockerClientFactory - Testcontainers version: 2.0.2
2026-08-29 18:17:57 [main] INFO  o.t.d.DockerClientProviderStrategy - Loaded org.testcontainers.dockerclient.UnixSocketClientProviderStrategy from ~/.testcontainers.properties, will try it first
2026-08-29 18:17:57 [main] INFO  o.t.d.DockerClientProviderStrategy - Found Docker environment with local Unix socket (unix:///var/run/docker.sock)
2026-08-29 18:17:57 [main] INFO  o.testcontainers.DockerClientFactory - Docker host IP address is localhost
2026-08-29 18:17:57 [main] INFO  o.testcontainers.DockerClientFactory - Connected to docker: 
  Server Version: 29.7.2
  API Version: 1.55
  Operating System: Arch Linux
  Total Memory: 63796 MB
2026-08-29 18:17:58 [main] INFO  tc.testcontainers/ryuk:0.13.0 - Creating container for image: testcontainers/ryuk:0.13.0
2026-08-29 18:17:58 [main] INFO  tc.testcontainers/ryuk:0.13.0 - Container testcontainers/ryuk:0.13.0 is starting: 7eda01c092e48582d8b1a4374def3df26a7440f7fccfe05c238af88985052387
2026-08-29 18:17:58 [main] INFO  tc.testcontainers/ryuk:0.13.0 - Container testcontainers/ryuk:0.13.0 started in PT0.276778288S
2026-08-29 18:17:58 [main] INFO  o.t.utility.RyukResourceReaper - Ryuk started - will monitor and terminate Testcontainers containers on JVM exit
2026-08-29 18:17:58 [main] INFO  o.testcontainers.DockerClientFactory - Checking the system...
2026-08-29 18:17:58 [main] INFO  o.testcontainers.DockerClientFactory - ✔︎ Docker server version should be at least 1.6.0
2026-08-29 18:17:58 [main] INFO  t.g.io/epos-eric/metadata-database/deploy:main - Creating container for image: ghcr.io/epos-eric/metadata-database/deploy:main
2026-08-29 18:17:58 [main] INFO  t.g.io/epos-eric/metadata-database/deploy:main - Container ghcr.io/epos-eric/metadata-database/deploy:main is starting: 3044c71e07c181eee588b44484de49f65d9b6643c061770bdeb9718b8c63de43
2026-08-29 18:18:02 [main] INFO  t.g.io/epos-eric/metadata-database/deploy:main - Container ghcr.io/epos-eric/metadata-database/deploy:main started in PT4.222349464S
2026-08-29 18:18:02 [main] INFO  t.g.io/epos-eric/metadata-database/deploy:main - Container is started (JDBC URL: jdbc:postgresql://localhost:33928/cerif?loggerLevel=OFF)
2026-08-29 18:18:03 [main] INFO  com.zaxxer.hikari.HikariDataSource - metadata_catalogue - Starting...
2026-08-29 18:18:03 [main] INFO  com.zaxxer.hikari.pool.HikariPool - metadata_catalogue - Added connection org.postgresql.jdbc.PgConnection@5578be42
2026-08-29 18:18:03 [main] INFO  com.zaxxer.hikari.HikariDataSource - metadata_catalogue - Start completed.
2026-08-29 18:18:04 [main] INFO  com.zaxxer.hikari.HikariDataSource - metadata_catalogue - Shutdown initiated...
2026-08-29 18:18:04 [main] INFO  com.zaxxer.hikari.HikariDataSource - metadata_catalogue - Shutdown completed.
2026-08-29 18:19:12 [main] INFO  o.testcontainers.images.PullPolicy - Image pull policy will be performed by: DefaultPullPolicy()
2026-08-29 18:19:12 [main] INFO  o.t.utility.ImageNameSubstitutor - Image name substitution will be performed by: DefaultImageNameSubstitutor (composite of 'ConfigurationFileImageNameSubstitutor' and 'PrefixingImageNameSubstitutor')
2026-08-29 18:19:12 [main] INFO  o.testcontainers.DockerClientFactory - Testcontainers version: 2.0.2
2026-08-29 18:19:12 [main] INFO  o.t.d.DockerClientProviderStrategy - Loaded org.testcontainers.dockerclient.UnixSocketClientProviderStrategy from ~/.testcontainers.properties, will try it first
2026-08-29 18:19:13 [main] INFO  o.t.d.DockerClientProviderStrategy - Found Docker environment with local Unix socket (unix:///var/run/docker.sock)
2026-08-29 18:19:13 [main] INFO  o.testcontainers.DockerClientFactory - Docker host IP address is localhost
2026-08-29 18:19:13 [main] INFO  o.testcontainers.DockerClientFactory - Connected to docker: 
  Server Version: 29.7.2
  API Version: 1.55
  Operating System: Arch Linux
  Total Memory: 63796 MB
2026-08-29 18:19:13 [main] INFO  tc.testcontainers/ryuk:0.13.0 - Creating container for image: testcontainers/ryuk:0.13.0
2026-08-29 18:19:13 [main] INFO  tc.testcontainers/ryuk:0.13.0 - Container testcontainers/ryuk:0.13.0 is starting: de6ae651dbf9f6e7510269607c80a400e9eb65708e5cb9d751e3123eaeea5661
2026-08-29 18:19:14 [main] INFO  tc.testcontainers/ryuk:0.13.0 - Container testcontainers/ryuk:0.13.0 started in PT0.361759287S
2026-08-29 18:19:14 [main] INFO  o.t.utility.RyukResourceReaper - Ryuk started - will monitor and terminate Testcontainers containers on JVM exit
2026-08-29 18:19:14 [main] INFO  o.testcontainers.DockerClientFactory - Checking the system...
2026-08-29 18:19:14 [main] INFO  o.testcontainers.DockerClientFactory - ✔︎ Docker server version should be at least 1.6.0
2026-08-29 18:19:14 [main] INFO  t.g.io/epos-eric/metadata-database/deploy:main - Creating container for image: ghcr.io/epos-eric/metadata-database/deploy:main
2026-08-29 18:19:14 [main] INFO  t.g.io/epos-eric/metadata-database/deploy:main - Container ghcr.io/epos-eric/metadata-database/deploy:main is starting: f203fa5723ac33b430e381c48530ea609d0ddb99d67fae16cfcfb9896b2457d2
2026-08-29 18:19:18 [main] INFO  t.g.io/epos-eric/metadata-database/deploy:main - Container ghcr.io/epos-eric/metadata-database/deploy:main started in PT4.288926934S
2026-08-29 18:19:18 [main] INFO  t.g.io/epos-eric/metadata-database/deploy:main - Container is started (JDBC URL: jdbc:postgresql://localhost:33930/cerif?loggerLevel=OFF)
2026-08-29 18:19:18 [main] INFO  com.zaxxer.hikari.HikariDataSource - metadata_catalogue - Starting...
2026-08-29 18:19:18 [main] INFO  com.zaxxer.hikari.pool.HikariPool - metadata_catalogue - Added connection org.postgresql.jdbc.PgConnection@5578be42
2026-08-29 18:19:18 [main] INFO  com.zaxxer.hikari.HikariDataSource - metadata_catalogue - Start completed.
2026-08-29 18:19:20 [main] INFO  com.zaxxer.hikari.HikariDataSource - metadata_catalogue - Shutdown initiated...
2026-08-29 18:19:20 [main] INFO  com.zaxxer.hikari.HikariDataSource - metadata_catalogue - Shutdown completed.
2026-08-29 18:19:48 [main] INFO  o.testcontainers.images.PullPolicy - Image pull policy will be performed by: DefaultPullPolicy()
2026-08-29 18:19:48 [main] INFO  o.t.utility.ImageNameSubstitutor - Image name substitution will be performed by: DefaultImageNameSubstitutor (composite of 'ConfigurationFileImageNameSubstitutor' and 'PrefixingImageNameSubstitutor')
2026-08-29 18:19:48 [main] INFO  o.testcontainers.DockerClientFactory - Testcontainers version: 2.0.2
2026-08-29 18:19:48 [main] INFO  o.t.d.DockerClientProviderStrategy - Loaded org.testcontainers.dockerclient.UnixSocketClientProviderStrategy from ~/.testcontainers.properties, will try it first
2026-08-29 18:19:48 [main] INFO  o.t.d.DockerClientProviderStrategy - Found Docker environment with local Unix socket (unix:///var/run/docker.sock)
2026-08-29 18:19:48 [main] INFO  o.testcontainers.DockerClientFactory - Docker host IP address is localhost
2026-08-29 18:19:48 [main] INFO  o.testcontainers.DockerClientFactory - Connected to docker: 
  Server Version: 29.7.2
  API Version: 1.55
  Operating System: Arch Linux
  Total Memory: 63796 MB
2026-08-29 18:19:49 [main] INFO  tc.testcontainers/ryuk:0.13.0 - Creating container for image: testcontainers/ryuk:0.13.0
2026-08-29 18:19:49 [main] INFO  tc.testcontainers/ryuk:0.13.0 - Container testcontainers/ryuk:0.13.0 is starting: 541b6105f96582935d0142e1ffc152977b4471f27df46681a2f5c38494ee68b5
2026-08-29 18:19:50 [main] INFO  tc.testcontainers/ryuk:0.13.0 - Container testcontainers/ryuk:0.13.0 started in PT0.35469387S
2026-08-29 18:19:50 [main] INFO  o.t.utility.RyukResourceReaper - Ryuk started - will monitor and terminate Testcontainers containers on JVM exit
2026-08-29 18:19:50 [main] INFO  o.testcontainers.DockerClientFactory - Checking the system...
2026-08-29 18:19:50 [main] INFO  o.testcontainers.DockerClientFactory - ✔︎ Docker server version should be at least 1.6.0
2026-08-29 18:19:50 [main] INFO  t.g.io/epos-eric/metadata-database/deploy:main - Creating container for image: ghcr.io/epos-eric/metadata-database/deploy:main
2026-08-29 18:19:50 [main] INFO  t.g.io/epos-eric/metadata-database/deploy:main - Container ghcr.io/epos-eric/metadata-database/deploy:main is starting: 03769f1733db7be8914b620a7bbd9d13fcb39cb6a75521c5e8643dc9e2673678
2026-08-29 18:19:54 [main] INFO  t.g.io/epos-eric/metadata-database/deploy:main - Container ghcr.io/epos-eric/metadata-database/deploy:main started in PT4.005425288S
2026-08-29 18:19:54 [main] INFO  t.g.io/epos-eric/metadata-database/deploy:main - Container is started (JDBC URL: jdbc:postgresql://localhost:33932/cerif?loggerLevel=OFF)
2026-08-29 18:19:54 [main] INFO  com.zaxxer.hikari.HikariDataSource - metadata_catalogue - Starting...
2026-08-29 18:19:54 [main] INFO  com.zaxxer.hikari.pool.HikariPool - metadata_catalogue - Added connection org.postgresql.jdbc.PgConnection@5578be42
2026-08-29 18:19:54 [main] INFO  com.zaxxer.hikari.HikariDataSource - metadata_catalogue - Start completed.
2026-08-29 18:19:55 [main] INFO  com.zaxxer.hikari.HikariDataSource - metadata_catalogue - Shutdown initiated...
2026-08-29 18:19:55 [main] INFO  com.zaxxer.hikari.HikariDataSource - metadata_catalogue - Shutdown completed.
2026-08-29 18:20:03 [main] INFO  o.testcontainers.images.PullPolicy - Image pull policy will be performed by: DefaultPullPolicy()
2026-08-29 18:20:03 [main] INFO  o.t.utility.ImageNameSubstitutor - Image name substitution will be performed by: DefaultImageNameSubstitutor (composite of 'ConfigurationFileImageNameSubstitutor' and 'PrefixingImageNameSubstitutor')
2026-08-29 18:20:03 [main] INFO  o.testcontainers.DockerClientFactory - Testcontainers version: 2.0.2
2026-08-29 18:20:04 [main] INFO  o.t.d.DockerClientProviderStrategy - Loaded org.testcontainers.dockerclient.UnixSocketClientProviderStrategy from ~/.testcontainers.properties, will try it first
2026-08-29 18:20:04 [main] INFO  o.t.d.DockerClientProviderStrategy - Found Docker environment with local Unix socket (unix:///var/run/docker.sock)
2026-08-29 18:20:04 [main] INFO  o.testcontainers.DockerClientFactory - Docker host IP address is localhost
2026-08-29 18:20:04 [main] INFO  o.testcontainers.DockerClientFactory - Connected to docker: 
  Server Version: 29.7.2
  API Version: 1.55
  Operating System: Arch Linux
  Total Memory: 63796 MB
2026-08-29 18:20:05 [main] INFO  tc.testcontainers/ryuk:0.13.0 - Creating container for image: testcontainers/ryuk:0.13.0
2026-08-29 18:20:05 [main] INFO  tc.testcontainers/ryuk:0.13.0 - Container testcontainers/ryuk:0.13.0 is starting: 71ca4b8eabd840f2b213076b9bad2313f4698dcece6637242c48988d0437ac92
2026-08-29 18:20:05 [main] INFO  tc.testcontainers/ryuk:0.13.0 - Container testcontainers/ryuk:0.13.0 started in PT0.270160281S
2026-08-29 18:20:05 [main] INFO  o.t.utility.RyukResourceReaper - Ryuk started - will monitor and terminate Testcontainers containers on JVM exit
2026-08-29 18:20:05 [main] INFO  o.testcontainers.DockerClientFactory - Checking the system...
2026-08-29 18:20:05 [main] INFO  o.testcontainers.DockerClientFactory - ✔︎ Docker server version should be at least 1.6.0
2026-08-29 18:20:05 [main] INFO  t.g.io/epos-eric/metadata-database/deploy:main - Creating container for image: ghcr.io/epos-eric/metadata-database/deploy:main
2026-08-29 18:20:05 [main] INFO  t.g.io/epos-eric/metadata-database/deploy:main - Container ghcr.io/epos-eric/metadata-database/deploy:main is starting: 45eec1f329c0aa84422bfe518786928e7b1b99f8814c503ea99a9b559dfbb212
2026-08-29 18:20:09 [main] INFO  t.g.io/epos-eric/metadata-database/deploy:main - Container ghcr.io/epos-eric/metadata-database/deploy:main started in PT3.996077729S
2026-08-29 18:20:09 [main] INFO  t.g.io/epos-eric/metadata-database/deploy:main - Container is started (JDBC URL: jdbc:postgresql://localhost:33934/cerif?loggerLevel=OFF)
2026-08-29 18:20:09 [main] INFO  com.zaxxer.hikari.HikariDataSource - metadata_catalogue - Starting...
2026-08-29 18:20:09 [main] INFO  com.zaxxer.hikari.pool.HikariPool - metadata_catalogue - Added connection org.postgresql.jdbc.PgConnection@cda6019
2026-08-29 18:20:09 [main] INFO  com.zaxxer.hikari.HikariDataSource - metadata_catalogue - Start completed.
2026-08-29 18:20:11 [main] INFO  com.zaxxer.hikari.HikariDataSource - metadata_catalogue - Shutdown initiated...
2026-08-29 18:20:11 [main] INFO  com.zaxxer.hikari.HikariDataSource - metadata_catalogue - Shutdown completed.
2026-08-29 18:21:03 [main] INFO  o.testcontainers.images.PullPolicy - Image pull policy will be performed by: DefaultPullPolicy()
2026-08-29 18:21:03 [main] INFO  o.t.utility.ImageNameSubstitutor - Image name substitution will be performed by: DefaultImageNameSubstitutor (composite of 'ConfigurationFileImageNameSubstitutor' and 'PrefixingImageNameSubstitutor')
2026-08-29 18:21:03 [main] INFO  o.testcontainers.DockerClientFactory - Testcontainers version: 2.0.2
2026-08-29 18:21:03 [main] INFO  o.t.d.DockerClientProviderStrategy - Loaded org.testcontainers.dockerclient.UnixSocketClientProviderStrategy from ~/.testcontainers.properties, will try it first
2026-08-29 18:21:04 [main] INFO  o.t.d.DockerClientProviderStrategy - Found Docker environment with local Unix socket (unix:///var/run/docker.sock)
2026-08-29 18:21:04 [main] INFO  o.testcontainers.DockerClientFactory - Docker host IP address is localhost
2026-08-29 18:21:04 [main] INFO  o.testcontainers.DockerClientFactory - Connected to docker: 
  Server Version: 29.7.2
  API Version: 1.55
  Operating System: Arch Linux
  Total Memory: 63796 MB
2026-08-29 18:21:05 [main] INFO  tc.testcontainers/ryuk:0.13.0 - Creating container for image: testcontainers/ryuk:0.13.0
2026-08-29 18:21:05 [main] INFO  tc.testcontainers/ryuk:0.13.0 - Container testcontainers/ryuk:0.13.0 is starting: e42ebe1851afbaae76ad001bd40bbd9ef1da6a89abd4ac75f8024a8784ab750e
2026-08-29 18:21:05 [main] INFO  tc.testcontainers/ryuk:0.13.0 - Container testcontainers/ryuk:0.13.0 started in PT0.321561335S
2026-08-29 18:21:05 [main] INFO  o.t.utility.RyukResourceReaper - Ryuk started - will monitor and terminate Testcontainers containers on JVM exit
2026-08-29 18:21:05 [main] INFO  o.testcontainers.DockerClientFactory - Checking the system...
2026-08-29 18:21:05 [main] INFO  o.testcontainers.DockerClientFactory - ✔︎ Docker server version should be at least 1.6.0
2026-08-29 18:21:05 [main] INFO  t.g.io/epos-eric/metadata-database/deploy:main - Creating container for image: ghcr.io/epos-eric/metadata-database/deploy:main
2026-08-29 18:21:05 [main] INFO  t.g.io/epos-eric/metadata-database/deploy:main - Container ghcr.io/epos-eric/metadata-database/deploy:main is starting: e8b4d9fab983c2a0df5a02d8866cb05448020de3a071f9a51d78f6065ddad619
2026-08-29 18:21:09 [main] INFO  t.g.io/epos-eric/metadata-database/deploy:main - Container ghcr.io/epos-eric/metadata-database/deploy:main started in PT3.902540505S
2026-08-29 18:21:09 [main] INFO  t.g.io/epos-eric/metadata-database/deploy:main - Container is started (JDBC URL: jdbc:postgresql://localhost:33936/cerif?loggerLevel=OFF)
2026-08-29 18:21:09 [main] INFO  com.zaxxer.hikari.HikariDataSource - metadata_catalogue - Starting...
2026-08-29 18:21:09 [main] INFO  com.zaxxer.hikari.pool.HikariPool - metadata_catalogue - Added connection org.postgresql.jdbc.PgConnection@5578be42
2026-08-29 18:21:09 [main] INFO  com.zaxxer.hikari.HikariDataSource - metadata_catalogue - Start completed.
2026-08-29 18:21:10 [main] INFO  com.zaxxer.hikari.HikariDataSource - metadata_catalogue - Shutdown initiated...
2026-08-29 18:21:10 [main] INFO  com.zaxxer.hikari.HikariDataSource - metadata_catalogue - Shutdown completed.
2026-08-29 18:21:46 [main] INFO  o.testcontainers.images.PullPolicy - Image pull policy will be performed by: DefaultPullPolicy()
2026-08-29 18:21:46 [main] INFO  o.t.utility.ImageNameSubstitutor - Image name substitution will be performed by: DefaultImageNameSubstitutor (composite of 'ConfigurationFileImageNameSubstitutor' and 'PrefixingImageNameSubstitutor')
2026-08-29 18:21:46 [main] INFO  o.testcontainers.DockerClientFactory - Testcontainers version: 2.0.2
2026-08-29 18:21:46 [main] INFO  o.t.d.DockerClientProviderStrategy - Loaded org.testcontainers.dockerclient.UnixSocketClientProviderStrategy from ~/.testcontainers.properties, will try it first
2026-08-29 18:21:46 [main] INFO  o.t.d.DockerClientProviderStrategy - Found Docker environment with local Unix socket (unix:///var/run/docker.sock)
2026-08-29 18:21:46 [main] INFO  o.testcontainers.DockerClientFactory - Docker host IP address is localhost
2026-08-29 18:21:46 [main] INFO  o.testcontainers.DockerClientFactory - Connected to docker: 
  Server Version: 29.7.2
  API Version: 1.55
  Operating System: Arch Linux
  Total Memory: 63796 MB
2026-08-29 18:21:47 [main] INFO  tc.testcontainers/ryuk:0.13.0 - Creating container for image: testcontainers/ryuk:0.13.0
2026-08-29 18:21:47 [main] INFO  tc.testcontainers/ryuk:0.13.0 - Container testcontainers/ryuk:0.13.0 is starting: 8efc6194bc9b9bce3fd18d31e76540068848bafb09a2e6bb3bf89c0b166cb500
2026-08-29 18:21:48 [main] INFO  tc.testcontainers/ryuk:0.13.0 - Container testcontainers/ryuk:0.13.0 started in PT0.300524478S
2026-08-29 18:21:48 [main] INFO  o.t.utility.RyukResourceReaper - Ryuk started - will monitor and terminate Testcontainers containers on JVM exit
2026-08-29 18:21:48 [main] INFO  o.testcontainers.DockerClientFactory - Checking the system...
2026-08-29 18:21:48 [main] INFO  o.testcontainers.DockerClientFactory - ✔︎ Docker server version should be at least 1.6.0
2026-08-29 18:21:48 [main] INFO  t.g.io/epos-eric/metadata-database/deploy:main - Creating container for image: ghcr.io/epos-eric/metadata-database/deploy:main
2026-08-29 18:21:48 [main] INFO  t.g.io/epos-eric/metadata-database/deploy:main - Container ghcr.io/epos-eric/metadata-database/deploy:main is starting: f111a43df8c951002524a0b5187fa89ba558b2d47f73b73c2c58e08648507d02
2026-08-29 18:21:52 [main] INFO  t.g.io/epos-eric/metadata-database/deploy:main - Container ghcr.io/epos-eric/metadata-database/deploy:main started in PT4.117338752S
2026-08-29 18:21:52 [main] INFO  t.g.io/epos-eric/metadata-database/deploy:main - Container is started (JDBC URL: jdbc:postgresql://localhost:33938/cerif?loggerLevel=OFF)
2026-08-29 18:21:52 [main] INFO  com.zaxxer.hikari.HikariDataSource - metadata_catalogue - Starting...
2026-08-29 18:21:52 [main] INFO  com.zaxxer.hikari.pool.HikariPool - metadata_catalogue - Added connection org.postgresql.jdbc.PgConnection@4527f70a
2026-08-29 18:21:52 [main] INFO  com.zaxxer.hikari.HikariDataSource - metadata_catalogue - Start completed.
2026-08-29 18:21:53 [main] INFO  com.zaxxer.hikari.HikariDataSource - metadata_catalogue - Shutdown initiated...
2026-08-29 18:21:53 [main] INFO  com.zaxxer.hikari.HikariDataSource - metadata_catalogue - Shutdown completed.
2026-08-29 18:25:22 [main] INFO  o.testcontainers.images.PullPolicy - Image pull policy will be performed by: DefaultPullPolicy()
2026-08-29 18:25:22 [main] INFO  o.t.utility.ImageNameSubstitutor - Image name substitution will be performed by: DefaultImageNameSubstitutor (composite of 'ConfigurationFileImageNameSubstitutor' and 'PrefixingImageNameSubstitutor')
2026-08-29 18:25:22 [main] INFO  o.testcontainers.DockerClientFactory - Testcontainers version: 2.0.2
2026-08-29 18:25:22 [main] INFO  o.t.d.DockerClientProviderStrategy - Loaded org.testcontainers.dockerclient.UnixSocketClientProviderStrategy from ~/.testcontainers.properties, will try it first
2026-08-29 18:25:22 [main] INFO  o.t.d.DockerClientProviderStrategy - Found Docker environment with local Unix socket (unix:///var/run/docker.sock)
2026-08-29 18:25:22 [main] INFO  o.testcontainers.DockerClientFactory - Docker host IP address is localhost
2026-08-29 18:25:22 [main] INFO  o.testcontainers.DockerClientFactory - Connected to docker: 
  Server Version: 29.7.2
  API Version: 1.55
  Operating System: Arch Linux
  Total Memory: 63796 MB
2026-08-29 18:25:23 [main] INFO  tc.testcontainers/ryuk:0.13.0 - Creating container for image: testcontainers/ryuk:0.13.0
2026-08-29 18:25:23 [main] INFO  tc.testcontainers/ryuk:0.13.0 - Container testcontainers/ryuk:0.13.0 is starting: 70ed06118b9c3a0674be47e409d377f0127630d240e74489729b55042e2cfebf
2026-08-29 18:25:24 [main] INFO  tc.testcontainers/ryuk:0.13.0 - Container testcontainers/ryuk:0.13.0 started in PT0.296155986S
2026-08-29 18:25:24 [main] INFO  o.t.utility.RyukResourceReaper - Ryuk started - will monitor and terminate Testcontainers containers on JVM exit
2026-08-29 18:25:24 [main] INFO  o.testcontainers.DockerClientFactory - Checking the system...
2026-08-29 18:25:24 [main] INFO  o.testcontainers.DockerClientFactory - ✔︎ Docker server version should be at least 1.6.0
2026-08-29 18:25:24 [main] INFO  t.g.io/epos-eric/metadata-database/deploy:main - Creating container for image: ghcr.io/epos-eric/metadata-database/deploy:main
2026-08-29 18:25:24 [main] INFO  t.g.io/epos-eric/metadata-database/deploy:main - Container ghcr.io/epos-eric/metadata-database/deploy:main is starting: 9cf3fc2d214f9e1bd344651bfad5f4e7bdfdb40a371dd35853019ca9d98b1ced
2026-08-29 18:25:27 [main] INFO  t.g.io/epos-eric/metadata-database/deploy:main - Container ghcr.io/epos-eric/metadata-database/deploy:main started in PT3.819450164S
2026-08-29 18:25:27 [main] INFO  t.g.io/epos-eric/metadata-database/deploy:main - Container is started (JDBC URL: jdbc:postgresql://localhost:33940/cerif?loggerLevel=OFF)
2026-08-29 18:25:27 [main] INFO  com.zaxxer.hikari.HikariDataSource - metadata_catalogue - Starting...
2026-08-29 18:25:28 [main] INFO  com.zaxxer.hikari.pool.HikariPool - metadata_catalogue - Added connection org.postgresql.jdbc.PgConnection@488f3dd1
2026-08-29 18:25:28 [main] INFO  com.zaxxer.hikari.HikariDataSource - metadata_catalogue - Start completed.
2026-08-29 18:25:28 [main] INFO  com.zaxxer.hikari.HikariDataSource - metadata_catalogue - Shutdown initiated...
2026-08-29 18:25:28 [main] INFO  com.zaxxer.hikari.HikariDataSource - metadata_catalogue - Shutdown completed.
2026-08-29 18:25:28 [main] INFO  t.g.io/epos-eric/metadata-database/deploy:main - Creating container for image: ghcr.io/epos-eric/metadata-database/deploy:main
2026-08-29 18:25:29 [main] INFO  t.g.io/epos-eric/metadata-database/deploy:main - Container ghcr.io/epos-eric/metadata-database/deploy:main is starting: f396be15a616556ae188137bc70ecd7413bc4d4ca6e893b5a49b3e980f3e67bc
2026-08-29 18:25:32 [main] INFO  t.g.io/epos-eric/metadata-database/deploy:main - Container ghcr.io/epos-eric/metadata-database/deploy:main started in PT3.856771674S
2026-08-29 18:25:32 [main] INFO  t.g.io/epos-eric/metadata-database/deploy:main - Container is started (JDBC URL: jdbc:postgresql://localhost:33941/cerif?loggerLevel=OFF)
2026-08-29 18:25:32 [main] INFO  com.zaxxer.hikari.HikariDataSource - metadata_catalogue - Starting...
2026-08-29 18:25:32 [main] INFO  com.zaxxer.hikari.pool.HikariPool - metadata_catalogue - Added connection org.postgresql.jdbc.PgConnection@25fa6889
2026-08-29 18:25:32 [main] INFO  com.zaxxer.hikari.HikariDataSource - metadata_catalogue - Start completed.
2026-08-29 18:25:33 [main] INFO  com.zaxxer.hikari.HikariDataSource - metadata_catalogue - Shutdown initiated...
2026-08-29 18:25:33 [main] INFO  com.zaxxer.hikari.HikariDataSource - metadata_catalogue - Shutdown completed.
2026-08-29 18:25:33 [main] INFO  t.g.io/epos-eric/metadata-database/deploy:main - Creating container for image: ghcr.io/epos-eric/metadata-database/deploy:main
2026-08-29 18:25:33 [main] INFO  t.g.io/epos-eric/metadata-database/deploy:main - Container ghcr.io/epos-eric/metadata-database/deploy:main is starting: d2b47cdf5e63f3eeaa094f4ea0e7a43d9ec2685604d48cb1459fd52c8b8bc72f
2026-08-29 18:25:37 [main] INFO  t.g.io/epos-eric/metadata-database/deploy:main - Container ghcr.io/epos-eric/metadata-database/deploy:main started in PT3.964892779S
2026-08-29 18:25:37 [main] INFO  t.g.io/epos-eric/metadata-database/deploy:main - Container is started (JDBC URL: jdbc:postgresql://localhost:33942/cerif?loggerLevel=OFF)
2026-08-29 18:25:37 [main] INFO  com.zaxxer.hikari.HikariDataSource - metadata_catalogue - Starting...
2026-08-29 18:25:37 [main] INFO  com.zaxxer.hikari.pool.HikariPool - metadata_catalogue - Added connection org.postgresql.jdbc.PgConnection@6533629
2026-08-29 18:25:37 [main] INFO  com.zaxxer.hikari.HikariDataSource - metadata_catalogue - Start completed.
2026-08-29 18:25:37 [main] INFO  com.zaxxer.hikari.HikariDataSource - metadata_catalogue - Shutdown initiated...
2026-08-29 18:25:37 [main] INFO  com.zaxxer.hikari.HikariDataSource - metadata_catalogue - Shutdown completed.
2026-08-29 18:25:37 [main] INFO  t.g.io/epos-eric/metadata-database/deploy:main - Creating container for image: ghcr.io/epos-eric/metadata-database/deploy:main
2026-08-29 18:25:38 [main] INFO  t.g.io/epos-eric/metadata-database/deploy:main - Container ghcr.io/epos-eric/metadata-database/deploy:main is starting: a27563b0df4e239b0ceee81909583717fbf0ebc862a5cae080b682298d94fde0
2026-08-29 18:25:42 [main] INFO  t.g.io/epos-eric/metadata-database/deploy:main - Container ghcr.io/epos-eric/metadata-database/deploy:main started in PT4.167902238S
2026-08-29 18:25:42 [main] INFO  t.g.io/epos-eric/metadata-database/deploy:main - Container is started (JDBC URL: jdbc:postgresql://localhost:33943/cerif?loggerLevel=OFF)
2026-08-29 18:25:42 [main] INFO  com.zaxxer.hikari.HikariDataSource - metadata_catalogue - Starting...
2026-08-29 18:25:42 [main] INFO  com.zaxxer.hikari.pool.HikariPool - metadata_catalogue - Added connection org.postgresql.jdbc.PgConnection@5cd701e4
2026-08-29 18:25:42 [main] INFO  com.zaxxer.hikari.HikariDataSource - metadata_catalogue - Start completed.
2026-08-29 18:25:43 [main] INFO  com.zaxxer.hikari.HikariDataSource - metadata_catalogue - Shutdown initiated...
2026-08-29 18:25:43 [main] INFO  com.zaxxer.hikari.HikariDataSource - metadata_catalogue - Shutdown completed.
2026-08-29 18:25:43 [main] INFO  t.g.io/epos-eric/metadata-database/deploy:main - Creating container for image: ghcr.io/epos-eric/metadata-database/deploy:main
2026-08-29 18:25:43 [main] INFO  t.g.io/epos-eric/metadata-database/deploy:main - Container ghcr.io/epos-eric/metadata-database/deploy:main is starting: 4e8377f36d4caaca50cd03b3119a6bb3fab83792f7b63957135a07f352e8f862
2026-08-29 18:25:47 [main] INFO  t.g.io/epos-eric/metadata-database/deploy:main - Container ghcr.io/epos-eric/metadata-database/deploy:main started in PT3.707483421S
2026-08-29 18:25:47 [main] INFO  t.g.io/epos-eric/metadata-database/deploy:main - Container is started (JDBC URL: jdbc:postgresql://localhost:33944/cerif?loggerLevel=OFF)
2026-08-29 18:25:47 [main] INFO  com.zaxxer.hikari.HikariDataSource - metadata_catalogue - Starting...
2026-08-29 18:25:47 [main] INFO  com.zaxxer.hikari.pool.HikariPool - metadata_catalogue - Added connection org.postgresql.jdbc.PgConnection@23ea3853
2026-08-29 18:25:47 [main] INFO  com.zaxxer.hikari.HikariDataSource - metadata_catalogue - Start completed.
2026-08-29 18:25:47 [main] INFO  com.zaxxer.hikari.HikariDataSource - metadata_catalogue - Shutdown initiated...
2026-08-29 18:25:47 [main] INFO  com.zaxxer.hikari.HikariDataSource - metadata_catalogue - Shutdown completed.
2026-08-29 18:25:48 [main] INFO  t.g.io/epos-eric/metadata-database/deploy:main - Creating container for image: ghcr.io/epos-eric/metadata-database/deploy:main
2026-08-29 18:25:48 [main] INFO  t.g.io/epos-eric/metadata-database/deploy:main - Container ghcr.io/epos-eric/metadata-database/deploy:main is starting: bfdc67c7b25f4a4ff5e10adbc7aaa83570ef564a8db449f1c4acf18ef7ea98c2
2026-08-29 18:25:51 [main] INFO  t.g.io/epos-eric/metadata-database/deploy:main - Container ghcr.io/epos-eric/metadata-database/deploy:main started in PT3.845335715S
2026-08-29 18:25:51 [main] INFO  t.g.io/epos-eric/metadata-database/deploy:main - Container is started (JDBC URL: jdbc:postgresql://localhost:33945/cerif?loggerLevel=OFF)
2026-08-29 18:25:51 [main] INFO  com.zaxxer.hikari.HikariDataSource - metadata_catalogue - Starting...
2026-08-29 18:25:51 [main] INFO  com.zaxxer.hikari.pool.HikariPool - metadata_catalogue - Added connection org.postgresql.jdbc.PgConnection@4a013b23
2026-08-29 18:25:51 [main] INFO  com.zaxxer.hikari.HikariDataSource - metadata_catalogue - Start completed.
2026-08-29 18:25:52 [main] INFO  com.zaxxer.hikari.HikariDataSource - metadata_catalogue - Shutdown initiated...
2026-08-29 18:25:52 [main] INFO  com.zaxxer.hikari.HikariDataSource - metadata_catalogue - Shutdown completed.
2026-08-29 18:25:52 [main] INFO  t.g.io/epos-eric/metadata-database/deploy:main - Creating container for image: ghcr.io/epos-eric/metadata-database/deploy:main
2026-08-29 18:25:52 [main] INFO  t.g.io/epos-eric/metadata-database/deploy:main - Container ghcr.io/epos-eric/metadata-database/deploy:main is starting: 1d2f1fa48e3f781af6f769ef3dd6af58623d488ba0849a58fb72b6cda9dbb2a4
2026-08-29 18:25:56 [main] INFO  t.g.io/epos-eric/metadata-database/deploy:main - Container ghcr.io/epos-eric/metadata-database/deploy:main started in PT3.694400357S
2026-08-29 18:25:56 [main] INFO  t.g.io/epos-eric/metadata-database/deploy:main - Container is started (JDBC URL: jdbc:postgresql://localhost:33946/cerif?loggerLevel=OFF)
2026-08-29 18:25:56 [main] INFO  com.zaxxer.hikari.HikariDataSource - metadata_catalogue - Starting...
2026-08-29 18:25:56 [main] INFO  com.zaxxer.hikari.pool.HikariPool - metadata_catalogue - Added connection org.postgresql.jdbc.PgConnection@1adec8d
2026-08-29 18:25:56 [main] INFO  com.zaxxer.hikari.HikariDataSource - metadata_catalogue - Start completed.
2026-08-29 18:25:56 [main] INFO  com.zaxxer.hikari.HikariDataSource - metadata_catalogue - Shutdown initiated...
2026-08-29 18:25:56 [main] INFO  com.zaxxer.hikari.HikariDataSource - metadata_catalogue - Shutdown completed.
2026-08-29 18:25:56 [main] INFO  t.g.io/epos-eric/metadata-database/deploy:main - Creating container for image: ghcr.io/epos-eric/metadata-database/deploy:main
2026-08-29 18:25:57 [main] INFO  t.g.io/epos-eric/metadata-database/deploy:main - Container ghcr.io/epos-eric/metadata-database/deploy:main is starting: b0121fa1bc71fa14156f3d189affb701047fe994b37c56a31de189edb5984fd3
2026-08-29 18:26:00 [main] INFO  t.g.io/epos-eric/metadata-database/deploy:main - Container ghcr.io/epos-eric/metadata-database/deploy:main started in PT3.49314297S
2026-08-29 18:26:00 [main] INFO  t.g.io/epos-eric/metadata-database/deploy:main - Container is started (JDBC URL: jdbc:postgresql://localhost:33947/cerif?loggerLevel=OFF)
2026-08-29 18:26:00 [main] INFO  com.zaxxer.hikari.HikariDataSource - metadata_catalogue - Starting...
2026-08-29 18:26:00 [main] INFO  com.zaxxer.hikari.pool.HikariPool - metadata_catalogue - Added connection org.postgresql.jdbc.PgConnection@48614fb3
2026-08-29 18:26:00 [main] INFO  com.zaxxer.hikari.HikariDataSource - metadata_catalogue - Start completed.
2026-08-29 18:26:00 [main] INFO  com.zaxxer.hikari.HikariDataSource - metadata_catalogue - Shutdown initiated...
2026-08-29 18:26:00 [main] INFO  com.zaxxer.hikari.HikariDataSource - metadata_catalogue - Shutdown completed.
2026-08-29 18:26:00 [main] INFO  t.g.io/epos-eric/metadata-database/deploy:main - Creating container for image: ghcr.io/epos-eric/metadata-database/deploy:main
2026-08-29 18:26:01 [main] INFO  t.g.io/epos-eric/metadata-database/deploy:main - Container ghcr.io/epos-eric/metadata-database/deploy:main is starting: 8fa1027e3df65f12d6ae27cd87596ebbfa33c90c20758ac1b4e3f3dd9a8f1d80
2026-08-29 18:26:04 [main] INFO  t.g.io/epos-eric/metadata-database/deploy:main - Container ghcr.io/epos-eric/metadata-database/deploy:main started in PT3.682679046S
2026-08-29 18:26:04 [main] INFO  t.g.io/epos-eric/metadata-database/deploy:main - Container is started (JDBC URL: jdbc:postgresql://localhost:33948/cerif?loggerLevel=OFF)
2026-08-29 18:26:04 [main] INFO  com.zaxxer.hikari.HikariDataSource - metadata_catalogue - Starting...
2026-08-29 18:26:04 [main] INFO  com.zaxxer.hikari.pool.HikariPool - metadata_catalogue - Added connection org.postgresql.jdbc.PgConnection@281d3ce7
2026-08-29 18:26:04 [main] INFO  com.zaxxer.hikari.HikariDataSource - metadata_catalogue - Start completed.
2026-08-29 18:26:05 [main] INFO  com.zaxxer.hikari.HikariDataSource - metadata_catalogue - Shutdown initiated...
2026-08-29 18:26:05 [main] INFO  com.zaxxer.hikari.HikariDataSource - metadata_catalogue - Shutdown completed.
2026-08-29 18:26:05 [main] INFO  t.g.io/epos-eric/metadata-database/deploy:main - Creating container for image: ghcr.io/epos-eric/metadata-database/deploy:main
2026-08-29 18:26:05 [main] INFO  t.g.io/epos-eric/metadata-database/deploy:main - Container ghcr.io/epos-eric/metadata-database/deploy:main is starting: 2d9edcf5408830b24aec9f490910dfc682015aceb24628a6d56986ba10932ac4
2026-08-29 18:26:09 [main] INFO  t.g.io/epos-eric/metadata-database/deploy:main - Container ghcr.io/epos-eric/metadata-database/deploy:main started in PT3.582898219S
2026-08-29 18:26:09 [main] INFO  t.g.io/epos-eric/metadata-database/deploy:main - Container is started (JDBC URL: jdbc:postgresql://localhost:33949/cerif?loggerLevel=OFF)
2026-08-29 18:26:09 [main] INFO  com.zaxxer.hikari.HikariDataSource - metadata_catalogue - Starting...
2026-08-29 18:26:09 [main] INFO  com.zaxxer.hikari.pool.HikariPool - metadata_catalogue - Added connection org.postgresql.jdbc.PgConnection@6965c32
2026-08-29 18:26:09 [main] INFO  com.zaxxer.hikari.HikariDataSource - metadata_catalogue - Start completed.
2026-08-29 18:26:09 [main] INFO  com.zaxxer.hikari.HikariDataSource - metadata_catalogue - Shutdown initiated...
2026-08-29 18:26:09 [main] INFO  com.zaxxer.hikari.HikariDataSource - metadata_catalogue - Shutdown completed.
2026-08-29 18:26:09 [main] INFO  t.g.io/epos-eric/metadata-database/deploy:main - Creating container for image: ghcr.io/epos-eric/metadata-database/deploy:main
2026-08-29 18:26:09 [main] INFO  t.g.io/epos-eric/metadata-database/deploy:main - Container ghcr.io/epos-eric/metadata-database/deploy:main is starting: fef506078dfd0eb1315ebb24fabe0af75354ca25f24271ade7e5072bd03e3feb
2026-08-29 18:26:13 [main] INFO  t.g.io/epos-eric/metadata-database/deploy:main - Container ghcr.io/epos-eric/metadata-database/deploy:main started in PT3.745166455S
2026-08-29 18:26:13 [main] INFO  t.g.io/epos-eric/metadata-database/deploy:main - Container is started (JDBC URL: jdbc:postgresql://localhost:33950/cerif?loggerLevel=OFF)
2026-08-29 18:26:13 [main] INFO  com.zaxxer.hikari.HikariDataSource - metadata_catalogue - Starting...
2026-08-29 18:26:13 [main] INFO  com.zaxxer.hikari.pool.HikariPool - metadata_catalogue - Added connection org.postgresql.jdbc.PgConnection@18dda2e1
2026-08-29 18:26:13 [main] INFO  com.zaxxer.hikari.HikariDataSource - metadata_catalogue - Start completed.
2026-08-29 18:26:13 [main] INFO  com.zaxxer.hikari.HikariDataSource - metadata_catalogue - Shutdown initiated...
2026-08-29 18:26:13 [main] INFO  com.zaxxer.hikari.HikariDataSource - metadata_catalogue - Shutdown completed.
2026-08-29 18:26:13 [main] INFO  t.g.io/epos-eric/metadata-database/deploy:main - Creating container for image: ghcr.io/epos-eric/metadata-database/deploy:main
2026-08-29 18:26:14 [main] INFO  t.g.io/epos-eric/metadata-database/deploy:main - Container ghcr.io/epos-eric/metadata-database/deploy:main is starting: 99f814aa49103ecc31b36897b623f5ed4cbc5ae67d9e5918b86292996c07704f
2026-08-29 18:26:17 [main] INFO  t.g.io/epos-eric/metadata-database/deploy:main - Container ghcr.io/epos-eric/metadata-database/deploy:main started in PT3.713524941S
2026-08-29 18:26:17 [main] INFO  t.g.io/epos-eric/metadata-database/deploy:main - Container is started (JDBC URL: jdbc:postgresql://localhost:33951/cerif?loggerLevel=OFF)
2026-08-29 18:26:17 [main] INFO  com.zaxxer.hikari.HikariDataSource - metadata_catalogue - Starting...
2026-08-29 18:26:17 [main] INFO  com.zaxxer.hikari.pool.HikariPool - metadata_catalogue - Added connection org.postgresql.jdbc.PgConnection@1320d929
2026-08-29 18:26:17 [main] INFO  com.zaxxer.hikari.HikariDataSource - metadata_catalogue - Start completed.
2026-08-29 18:26:17 [main] INFO  com.zaxxer.hikari.HikariDataSource - metadata_catalogue - Shutdown initiated...
2026-08-29 18:26:17 [main] INFO  com.zaxxer.hikari.HikariDataSource - metadata_catalogue - Shutdown completed.
2026-08-29 18:26:18 [main] INFO  t.g.io/epos-eric/metadata-database/deploy:main - Creating container for image: ghcr.io/epos-eric/metadata-database/deploy:main
2026-08-29 18:26:18 [main] INFO  t.g.io/epos-eric/metadata-database/deploy:main - Container ghcr.io/epos-eric/metadata-database/deploy:main is starting: 1da2078b2c03e7d98b64248d95f9ee4e64e9999c15412fd65e2efa54ee83fa75
2026-08-29 18:26:21 [main] INFO  t.g.io/epos-eric/metadata-database/deploy:main - Container ghcr.io/epos-eric/metadata-database/deploy:main started in PT3.596695451S
2026-08-29 18:26:21 [main] INFO  t.g.io/epos-eric/metadata-database/deploy:main - Container is started (JDBC URL: jdbc:postgresql://localhost:33952/cerif?loggerLevel=OFF)
2026-08-29 18:26:21 [main] INFO  com.zaxxer.hikari.HikariDataSource - metadata_catalogue - Starting...
2026-08-29 18:26:21 [main] INFO  com.zaxxer.hikari.pool.HikariPool - metadata_catalogue - Added connection org.postgresql.jdbc.PgConnection@4c8ab21f
2026-08-29 18:26:21 [main] INFO  com.zaxxer.hikari.HikariDataSource - metadata_catalogue - Start completed.
2026-08-29 18:26:22 [main] INFO  com.zaxxer.hikari.HikariDataSource - metadata_catalogue - Shutdown initiated...
2026-08-29 18:26:22 [main] INFO  com.zaxxer.hikari.HikariDataSource - metadata_catalogue - Shutdown completed.
2026-08-29 18:26:22 [main] INFO  t.g.io/epos-eric/metadata-database/deploy:main - Creating container for image: ghcr.io/epos-eric/metadata-database/deploy:main
2026-08-29 18:26:22 [main] INFO  t.g.io/epos-eric/metadata-database/deploy:main - Container ghcr.io/epos-eric/metadata-database/deploy:main is starting: 7252b60d6c41ffa1688aa4ffca81c48d9aaf5e058212fc2e400572d9d065f37d
2026-08-29 18:26:26 [main] INFO  t.g.io/epos-eric/metadata-database/deploy:main - Container ghcr.io/epos-eric/metadata-database/deploy:main started in PT3.708134866S
2026-08-29 18:26:26 [main] INFO  t.g.io/epos-eric/metadata-database/deploy:main - Container is started (JDBC URL: jdbc:postgresql://localhost:33953/cerif?loggerLevel=OFF)
2026-08-29 18:26:26 [main] INFO  com.zaxxer.hikari.HikariDataSource - metadata_catalogue - Starting...
2026-08-29 18:26:26 [main] INFO  com.zaxxer.hikari.pool.HikariPool - metadata_catalogue - Added connection org.postgresql.jdbc.PgConnection@7aead7d9
2026-08-29 18:26:26 [main] INFO  com.zaxxer.hikari.HikariDataSource - metadata_catalogue - Start completed.
2026-08-29 18:26:26 [main] INFO  com.zaxxer.hikari.HikariDataSource - metadata_catalogue - Shutdown initiated...
2026-08-29 18:26:26 [main] INFO  com.zaxxer.hikari.HikariDataSource - metadata_catalogue - Shutdown completed.
2026-08-29 18:26:27 [main] INFO  t.g.io/epos-eric/metadata-database/deploy:main - Creating container for image: ghcr.io/epos-eric/metadata-database/deploy:main
2026-08-29 18:26:27 [main] INFO  t.g.io/epos-eric/metadata-database/deploy:main - Container ghcr.io/epos-eric/metadata-database/deploy:main is starting: f47894dde5492cdf6e45eca0432ec581296900aebd22efba7b14495f51e1f333
2026-08-29 18:26:30 [main] INFO  t.g.io/epos-eric/metadata-database/deploy:main - Container ghcr.io/epos-eric/metadata-database/deploy:main started in PT3.698891759S
2026-08-29 18:26:30 [main] INFO  t.g.io/epos-eric/metadata-database/deploy:main - Container is started (JDBC URL: jdbc:postgresql://localhost:33954/cerif?loggerLevel=OFF)
2026-08-29 18:26:30 [main] INFO  com.zaxxer.hikari.HikariDataSource - metadata_catalogue - Starting...
2026-08-29 18:26:30 [main] INFO  com.zaxxer.hikari.pool.HikariPool - metadata_catalogue - Added connection org.postgresql.jdbc.PgConnection@5c8d22de
2026-08-29 18:26:30 [main] INFO  com.zaxxer.hikari.HikariDataSource - metadata_catalogue - Start completed.
2026-08-29 18:26:31 [main] INFO  com.zaxxer.hikari.HikariDataSource - metadata_catalogue - Shutdown initiated...
2026-08-29 18:26:31 [main] INFO  com.zaxxer.hikari.HikariDataSource - metadata_catalogue - Shutdown completed.
2026-08-29 18:26:31 [main] INFO  t.g.io/epos-eric/metadata-database/deploy:main - Creating container for image: ghcr.io/epos-eric/metadata-database/deploy:main
2026-08-29 18:26:31 [main] INFO  t.g.io/epos-eric/metadata-database/deploy:main - Container ghcr.io/epos-eric/metadata-database/deploy:main is starting: e021b1b960ffa110484be42de6f01da9af6506038eb6dc91d2362386ff5e6e9f
2026-08-29 18:26:34 [main] INFO  t.g.io/epos-eric/metadata-database/deploy:main - Container ghcr.io/epos-eric/metadata-database/deploy:main started in PT3.636792219S
2026-08-29 18:26:34 [main] INFO  t.g.io/epos-eric/metadata-database/deploy:main - Container is started (JDBC URL: jdbc:postgresql://localhost:33955/cerif?loggerLevel=OFF)
2026-08-29 18:26:34 [main] INFO  com.zaxxer.hikari.HikariDataSource - metadata_catalogue - Starting...
2026-08-29 18:26:34 [main] INFO  com.zaxxer.hikari.pool.HikariPool - metadata_catalogue - Added connection org.postgresql.jdbc.PgConnection@72d44be3
2026-08-29 18:26:34 [main] INFO  com.zaxxer.hikari.HikariDataSource - metadata_catalogue - Start completed.
2026-08-29 18:26:35 [main] INFO  com.zaxxer.hikari.HikariDataSource - metadata_catalogue - Shutdown initiated...
2026-08-29 18:26:35 [main] INFO  com.zaxxer.hikari.HikariDataSource - metadata_catalogue - Shutdown completed.
2026-08-29 18:26:35 [main] INFO  t.g.io/epos-eric/metadata-database/deploy:main - Creating container for image: ghcr.io/epos-eric/metadata-database/deploy:main
2026-08-29 18:26:36 [main] INFO  t.g.io/epos-eric/metadata-database/deploy:main - Container ghcr.io/epos-eric/metadata-database/deploy:main is starting: 84547dea51c9f45019e26e8dcfe375296f2f7f20437aad0961cf50a7beaea34a
2026-08-29 18:26:39 [main] INFO  t.g.io/epos-eric/metadata-database/deploy:main - Container ghcr.io/epos-eric/metadata-database/deploy:main started in PT3.50536659S
2026-08-29 18:26:39 [main] INFO  t.g.io/epos-eric/metadata-database/deploy:main - Container is started (JDBC URL: jdbc:postgresql://localhost:33956/cerif?loggerLevel=OFF)
2026-08-29 18:26:39 [main] INFO  com.zaxxer.hikari.HikariDataSource - metadata_catalogue - Starting...
2026-08-29 18:26:39 [main] INFO  com.zaxxer.hikari.pool.HikariPool - metadata_catalogue - Added connection org.postgresql.jdbc.PgConnection@271f6597
2026-08-29 18:26:39 [main] INFO  com.zaxxer.hikari.HikariDataSource - metadata_catalogue - Start completed.
2026-08-29 18:26:39 [main] INFO  com.zaxxer.hikari.HikariDataSource - metadata_catalogue - Shutdown initiated...
2026-08-29 18:26:39 [main] INFO  com.zaxxer.hikari.HikariDataSource - metadata_catalogue - Shutdown completed.
2026-08-29 18:26:40 [main] INFO  t.g.io/epos-eric/metadata-database/deploy:main - Creating container for image: ghcr.io/epos-eric/metadata-database/deploy:main
2026-08-29 18:26:40 [main] INFO  t.g.io/epos-eric/metadata-database/deploy:main - Container ghcr.io/epos-eric/metadata-database/deploy:main is starting: 4d4ca49fb5ffd337f17d4f50e199fc3f83c684f515b79a429826ec277d29e144
2026-08-29 18:26:43 [main] INFO  t.g.io/epos-eric/metadata-database/deploy:main - Container ghcr.io/epos-eric/metadata-database/deploy:main started in PT3.594961248S
2026-08-29 18:26:43 [main] INFO  t.g.io/epos-eric/metadata-database/deploy:main - Container is started (JDBC URL: jdbc:postgresql://localhost:33957/cerif?loggerLevel=OFF)
2026-08-29 18:26:43 [main] INFO  com.zaxxer.hikari.HikariDataSource - metadata_catalogue - Starting...
2026-08-29 18:26:43 [main] INFO  com.zaxxer.hikari.pool.HikariPool - metadata_catalogue - Added connection org.postgresql.jdbc.PgConnection@209db88a
2026-08-29 18:26:43 [main] INFO  com.zaxxer.hikari.HikariDataSource - metadata_catalogue - Start completed.
2026-08-29 18:26:44 [main] INFO  com.zaxxer.hikari.HikariDataSource - metadata_catalogue - Shutdown initiated...
2026-08-29 18:26:44 [main] INFO  com.zaxxer.hikari.HikariDataSource - metadata_catalogue - Shutdown completed.
2026-08-29 18:26:44 [main] INFO  t.g.io/epos-eric/metadata-database/deploy:main - Creating container for image: ghcr.io/epos-eric/metadata-database/deploy:main
2026-08-29 18:26:44 [main] INFO  t.g.io/epos-eric/metadata-database/deploy:main - Container ghcr.io/epos-eric/metadata-database/deploy:main is starting: a0213587f26151ed3b79c7227b8dd9773b85b945176dcdd301e54aaa1157c2a9
2026-08-29 18:26:47 [main] INFO  t.g.io/epos-eric/metadata-database/deploy:main - Container ghcr.io/epos-eric/metadata-database/deploy:main started in PT3.594026398S
2026-08-29 18:26:47 [main] INFO  t.g.io/epos-eric/metadata-database/deploy:main - Container is started (JDBC URL: jdbc:postgresql://localhost:33958/cerif?loggerLevel=OFF)
2026-08-29 18:26:47 [main] INFO  com.zaxxer.hikari.HikariDataSource - metadata_catalogue - Starting...
2026-08-29 18:26:47 [main] INFO  com.zaxxer.hikari.pool.HikariPool - metadata_catalogue - Added connection org.postgresql.jdbc.PgConnection@69919fed
2026-08-29 18:26:47 [main] INFO  com.zaxxer.hikari.HikariDataSource - metadata_catalogue - Start completed.
2026-08-29 18:26:48 [main] INFO  com.zaxxer.hikari.HikariDataSource - metadata_catalogue - Shutdown initiated...
2026-08-29 18:26:48 [main] INFO  com.zaxxer.hikari.HikariDataSource - metadata_catalogue - Shutdown completed.
2026-08-29 18:26:48 [main] INFO  t.g.io/epos-eric/metadata-database/deploy:main - Creating container for image: ghcr.io/epos-eric/metadata-database/deploy:main
2026-08-29 18:26:48 [main] INFO  t.g.io/epos-eric/metadata-database/deploy:main - Container ghcr.io/epos-eric/metadata-database/deploy:main is starting: ccb2a6b023afceb74220f6ea10c748c118b3897fa5a497183803ef9f9a1bc685
2026-08-29 18:26:51 [main] INFO  t.g.io/epos-eric/metadata-database/deploy:main - Container ghcr.io/epos-eric/metadata-database/deploy:main started in PT3.531449501S
2026-08-29 18:26:51 [main] INFO  t.g.io/epos-eric/metadata-database/deploy:main - Container is started (JDBC URL: jdbc:postgresql://localhost:33959/cerif?loggerLevel=OFF)
2026-08-29 18:26:51 [main] INFO  com.zaxxer.hikari.HikariDataSource - metadata_catalogue - Starting...
2026-08-29 18:26:52 [main] INFO  com.zaxxer.hikari.pool.HikariPool - metadata_catalogue - Added connection org.postgresql.jdbc.PgConnection@5ed2af52
2026-08-29 18:26:52 [main] INFO  com.zaxxer.hikari.HikariDataSource - metadata_catalogue - Start completed.
2026-08-29 18:26:52 [main] ERROR dao.EposDataModelDAO - Error in getOneFromDBByUIDNoCache
java.lang.IllegalArgumentException: An exception occurred while creating a query in EntityManager: 
Exception Description: Problem compiling [SELECT c FROM Documentation c WHERE c.uid = :uid]. 
[14, 27] The abstract schema type 'Documentation' is unknown.
[36, 41] The state field path 'c.uid' cannot be resolved to a valid type.
	at org.eclipse.persistence.internal.jpa.EntityManagerImpl.createQuery(EntityManagerImpl.java:1728)
	at org.eclipse.persistence.internal.jpa.EntityManagerImpl.createQuery(EntityManagerImpl.java:1749)
	at dao.EposDataModelDAO.getOneFromDBByUIDNoCache(EposDataModelDAO.java:1371)
	at dao.EposDataModelDAO.repointArchivedVersionReferences(EposDataModelDAO.java:346)
	at abstractapis.AbstractAPI.repointPublishedVersion(AbstractAPI.java:161)
	at commonapis.DocumentationAPI.create(DocumentationAPI.java:91)
	at commonapis.DocumentationAPI.create(DocumentationAPI.java:25)
	at integrationtests.unittests.ComprehensiveMetadataTest.testWebServiceArchivedToDraftKeepsSpatialAndTemporal(ComprehensiveMetadataTest.java:394)
	at java.base/jdk.internal.reflect.DirectMethodHandleAccessor.invoke(DirectMethodHandleAccessor.java:103)
	at java.base/java.lang.reflect.Method.invoke(Method.java:580)
	at org.junit.platform.commons.util.ReflectionUtils.invokeMethod(ReflectionUtils.java:787)
	at org.junit.platform.commons.support.ReflectionSupport.invokeMethod(ReflectionSupport.java:479)
	at org.junit.jupiter.engine.execution.MethodInvocation.proceed(MethodInvocation.java:60)
	at org.junit.jupiter.engine.execution.InvocationInterceptorChain$ValidatingInvocation.proceed(InvocationInterceptorChain.java:131)
	at org.junit.jupiter.engine.extension.TimeoutExtension.intercept(TimeoutExtension.java:161)
	at org.junit.jupiter.engine.extension.TimeoutExtension.interceptTestableMethod(TimeoutExtension.java:152)
	at org.junit.jupiter.engine.extension.TimeoutExtension.interceptTestMethod(TimeoutExtension.java:91)
	at org.junit.jupiter.engine.execution.InterceptingExecutableInvoker$ReflectiveInterceptorCall.lambda$ofVoidMethod$0(InterceptingExecutableInvoker.java:112)
	at org.junit.jupiter.engine.execution.InterceptingExecutableInvoker.lambda$invoke$0(InterceptingExecutableInvoker.java:94)
	at org.junit.jupiter.engine.execution.InvocationInterceptorChain$InterceptedInvocation.proceed(InvocationInterceptorChain.java:106)
	at org.junit.jupiter.engine.execution.InvocationInterceptorChain.proceed(InvocationInterceptorChain.java:64)
	at org.junit.jupiter.engine.execution.InvocationInterceptorChain.chainAndInvoke(InvocationInterceptorChain.java:45)
	at org.junit.jupiter.engine.execution.InvocationInterceptorChain.invoke(InvocationInterceptorChain.java:37)
	at org.junit.jupiter.engine.execution.InterceptingExecutableInvoker.invoke(InterceptingExecutableInvoker.java:93)
	at org.junit.jupiter.engine.execution.InterceptingExecutableInvoker.invoke(InterceptingExecutableInvoker.java:87)
	at org.junit.jupiter.engine.descriptor.TestMethodTestDescriptor.lambda$invokeTestMethod$4(TestMethodTestDescriptor.java:221)
	at org.junit.platform.engine.support.hierarchical.ThrowableCollector.execute(ThrowableCollector.java:73)
	at org.junit.jupiter.engine.descriptor.TestMethodTestDescriptor.invokeTestMethod(TestMethodTestDescriptor.java:217)
	at org.junit.jupiter.engine.descriptor.TestMethodTestDescriptor.execute(TestMethodTestDescriptor.java:159)
	at org.junit.jupiter.engine.descriptor.TestMethodTestDescriptor.execute(TestMethodTestDescriptor.java:70)
	at org.junit.platform.engine.support.hierarchical.NodeTestTask.lambda$executeRecursively$6(NodeTestTask.java:157)
	at org.junit.platform.engine.support.hierarchical.ThrowableCollector.execute(ThrowableCollector.java:73)
	at org.junit.platform.engine.support.hierarchical.NodeTestTask.lambda$executeRecursively$8(NodeTestTask.java:147)
	at org.junit.platform.engine.support.hierarchical.Node.around(Node.java:137)
	at org.junit.platform.engine.support.hierarchical.NodeTestTask.lambda$executeRecursively$9(NodeTestTask.java:145)
	at org.junit.platform.engine.support.hierarchical.ThrowableCollector.execute(ThrowableCollector.java:73)
	at org.junit.platform.engine.support.hierarchical.NodeTestTask.executeRecursively(NodeTestTask.java:144)
	at org.junit.platform.engine.support.hierarchical.NodeTestTask.execute(NodeTestTask.java:101)
	at java.base/java.util.ArrayList.forEach(ArrayList.java:1596)
	at org.junit.platform.engine.support.hierarchical.SameThreadHierarchicalTestExecutorService.invokeAll(SameThreadHierarchicalTestExecutorService.java:41)
	at org.junit.platform.engine.support.hierarchical.NodeTestTask.lambda$executeRecursively$6(NodeTestTask.java:161)
	at org.junit.platform.engine.support.hierarchical.ThrowableCollector.execute(ThrowableCollector.java:73)
	at org.junit.platform.engine.support.hierarchical.NodeTestTask.lambda$executeRecursively$8(NodeTestTask.java:147)
	at org.junit.platform.engine.support.hierarchical.Node.around(Node.java:137)
	at org.junit.platform.engine.support.hierarchical.NodeTestTask.lambda$executeRecursively$9(NodeTestTask.java:145)
	at org.junit.platform.engine.support.hierarchical.ThrowableCollector.execute(ThrowableCollector.java:73)
	at org.junit.platform.engine.support.hierarchical.NodeTestTask.executeRecursively(NodeTestTask.java:144)
	at org.junit.platform.engine.support.hierarchical.NodeTestTask.execute(NodeTestTask.java:101)
	at java.base/java.util.ArrayList.forEach(ArrayList.java:1596)
	at org.junit.platform.engine.support.hierarchical.SameThreadHierarchicalTestExecutorService.invokeAll(SameThreadHierarchicalTestExecutorService.java:41)
	at org.junit.platform.engine.support.hierarchical.NodeTestTask.lambda$executeRecursively$6(NodeTestTask.java:161)
	at org.junit.platform.engine.support.hierarchical.ThrowableCollector.execute(ThrowableCollector.java:73)
	at org.junit.platform.engine.support.hierarchical.NodeTestTask.lambda$executeRecursively$8(NodeTestTask.java:147)
	at org.junit.platform.engine.support.hierarchical.Node.around(Node.java:137)
	at org.junit.platform.engine.support.hierarchical.NodeTestTask.lambda$executeRecursively$9(NodeTestTask.java:145)
	at org.junit.platform.engine.support.hierarchical.ThrowableCollector.execute(ThrowableCollector.java:73)
	at org.junit.platform.engine.support.hierarchical.NodeTestTask.executeRecursively(NodeTestTask.java:144)
	at org.junit.platform.engine.support.hierarchical.NodeTestTask.execute(NodeTestTask.java:101)
	at org.junit.platform.engine.support.hierarchical.SameThreadHierarchicalTestExecutorService.submit(SameThreadHierarchicalTestExecutorService.java:35)
	at org.junit.platform.engine.support.hierarchical.HierarchicalTestExecutor.execute(HierarchicalTestExecutor.java:57)
	at org.junit.platform.engine.support.hierarchical.HierarchicalTestEngine.execute(HierarchicalTestEngine.java:54)
	at org.junit.platform.launcher.core.EngineExecutionOrchestrator.executeEngine(EngineExecutionOrchestrator.java:230)
	at org.junit.platform.launcher.core.EngineExecutionOrchestrator.failOrExecuteEngine(EngineExecutionOrchestrator.java:204)
	at org.junit.platform.launcher.core.EngineExecutionOrchestrator.execute(EngineExecutionOrchestrator.java:172)
	at org.junit.platform.launcher.core.EngineExecutionOrchestrator.execute(EngineExecutionOrchestrator.java:101)
	at org.junit.platform.launcher.core.EngineExecutionOrchestrator.lambda$execute$0(EngineExecutionOrchestrator.java:64)
	at org.junit.platform.launcher.core.EngineExecutionOrchestrator.withInterceptedStreams(EngineExecutionOrchestrator.java:150)
	at org.junit.platform.launcher.core.EngineExecutionOrchestrator.execute(EngineExecutionOrchestrator.java:63)
	at org.junit.platform.launcher.core.DefaultLauncher.execute(DefaultLauncher.java:109)
	at org.junit.platform.launcher.core.DefaultLauncher.execute(DefaultLauncher.java:91)
	at org.junit.platform.launcher.core.DelegatingLauncher.execute(DelegatingLauncher.java:47)
	at org.junit.platform.launcher.core.InterceptingLauncher.lambda$execute$1(InterceptingLauncher.java:39)
	at org.junit.platform.launcher.core.ClasspathAlignmentCheckingLauncherInterceptor.intercept(ClasspathAlignmentCheckingLauncherInterceptor.java:25)
	at org.junit.platform.launcher.core.InterceptingLauncher.execute(InterceptingLauncher.java:38)
	at org.junit.platform.launcher.core.DelegatingLauncher.execute(DelegatingLauncher.java:47)
	at org.apache.maven.surefire.junitplatform.LazyLauncher.execute(LazyLauncher.java:56)
	at org.apache.maven.surefire.junitplatform.JUnitPlatformProvider.execute(JUnitPlatformProvider.java:194)
	at org.apache.maven.surefire.junitplatform.JUnitPlatformProvider.invokeAllTests(JUnitPlatformProvider.java:150)
	at org.apache.maven.surefire.junitplatform.JUnitPlatformProvider.invoke(JUnitPlatformProvider.java:124)
	at org.apache.maven.surefire.booter.ForkedBooter.runSuitesInProcess(ForkedBooter.java:385)
	at org.apache.maven.surefire.booter.ForkedBooter.execute(ForkedBooter.java:162)
	at org.apache.maven.surefire.booter.ForkedBooter.run(ForkedBooter.java:507)
	at org.apache.maven.surefire.booter.ForkedBooter.main(ForkedBooter.java:495)
Caused by: org.eclipse.persistence.exceptions.JPQLException: 
Exception Description: Problem compiling [SELECT c FROM Documentation c WHERE c.uid = :uid]. 
[14, 27] The abstract schema type 'Documentation' is unknown.
[36, 41] The state field path 'c.uid' cannot be resolved to a valid type.
	at org.eclipse.persistence.internal.jpa.jpql.HermesParser.buildException(HermesParser.java:159)
	at org.eclipse.persistence.internal.jpa.jpql.HermesParser.validate(HermesParser.java:337)
	at org.eclipse.persistence.internal.jpa.jpql.HermesParser.populateQueryImp(HermesParser.java:271)
	at org.eclipse.persistence.internal.jpa.jpql.HermesParser.buildQuery(HermesParser.java:164)
	at org.eclipse.persistence.internal.jpa.EJBQueryImpl.buildEJBQLDatabaseQuery(EJBQueryImpl.java:141)
	at org.eclipse.persistence.internal.jpa.EJBQueryImpl.buildEJBQLDatabaseQuery(EJBQueryImpl.java:117)
	at org.eclipse.persistence.internal.jpa.EJBQueryImpl.<init>(EJBQueryImpl.java:104)
	at org.eclipse.persistence.internal.jpa.EJBQueryImpl.<init>(EJBQueryImpl.java:88)
	at org.eclipse.persistence.internal.jpa.EntityManagerImpl.createQuery(EntityManagerImpl.java:1726)
	... 82 common frames omitted
2026-08-29 18:26:53 [main] INFO  com.zaxxer.hikari.HikariDataSource - metadata_catalogue - Shutdown initiated...
2026-08-29 18:26:53 [main] INFO  com.zaxxer.hikari.HikariDataSource - metadata_catalogue - Shutdown completed.
2026-08-29 18:26:53 [main] INFO  t.g.io/epos-eric/metadata-database/deploy:main - Creating container for image: ghcr.io/epos-eric/metadata-database/deploy:main
2026-08-29 18:26:53 [main] INFO  t.g.io/epos-eric/metadata-database/deploy:main - Container ghcr.io/epos-eric/metadata-database/deploy:main is starting: 0a0e2fa9950b986ad7b50ffcb8a57fd5b3bec445007f1eca36d435002f2b31ee
2026-08-29 18:26:57 [main] INFO  t.g.io/epos-eric/metadata-database/deploy:main - Container ghcr.io/epos-eric/metadata-database/deploy:main started in PT4.069901212S
2026-08-29 18:26:57 [main] INFO  t.g.io/epos-eric/metadata-database/deploy:main - Container is started (JDBC URL: jdbc:postgresql://localhost:33960/cerif?loggerLevel=OFF)
2026-08-29 18:26:57 [main] INFO  com.zaxxer.hikari.HikariDataSource - metadata_catalogue - Starting...
2026-08-29 18:26:57 [main] INFO  com.zaxxer.hikari.pool.HikariPool - metadata_catalogue - Added connection org.postgresql.jdbc.PgConnection@ac891b5
2026-08-29 18:26:57 [main] INFO  com.zaxxer.hikari.HikariDataSource - metadata_catalogue - Start completed.
2026-08-29 18:26:59 [main] INFO  com.zaxxer.hikari.HikariDataSource - metadata_catalogue - Shutdown initiated...
2026-08-29 18:26:59 [main] INFO  com.zaxxer.hikari.HikariDataSource - metadata_catalogue - Shutdown completed.
2026-08-29 18:26:59 [main] INFO  t.g.io/epos-eric/metadata-database/deploy:main - Creating container for image: ghcr.io/epos-eric/metadata-database/deploy:main
2026-08-29 18:26:59 [main] INFO  t.g.io/epos-eric/metadata-database/deploy:main - Container ghcr.io/epos-eric/metadata-database/deploy:main is starting: ed5818e2b62d5ecb605da0fb5e0112b7c6c021f659ffe8de8c72e87625842b0d
2026-08-29 18:27:03 [main] INFO  t.g.io/epos-eric/metadata-database/deploy:main - Container ghcr.io/epos-eric/metadata-database/deploy:main started in PT4.387685619S
2026-08-29 18:27:03 [main] INFO  t.g.io/epos-eric/metadata-database/deploy:main - Container is started (JDBC URL: jdbc:postgresql://localhost:33961/cerif?loggerLevel=OFF)
2026-08-29 18:27:03 [main] INFO  com.zaxxer.hikari.HikariDataSource - metadata_catalogue - Starting...
2026-08-29 18:27:03 [main] INFO  com.zaxxer.hikari.pool.HikariPool - metadata_catalogue - Added connection org.postgresql.jdbc.PgConnection@7604ce58
2026-08-29 18:27:03 [main] INFO  com.zaxxer.hikari.HikariDataSource - metadata_catalogue - Start completed.
2026-08-29 18:27:04 [main] INFO  com.zaxxer.hikari.HikariDataSource - metadata_catalogue - Shutdown initiated...
2026-08-29 18:27:04 [main] INFO  com.zaxxer.hikari.HikariDataSource - metadata_catalogue - Shutdown completed.
2026-08-29 18:27:04 [main] INFO  t.g.io/epos-eric/metadata-database/deploy:main - Creating container for image: ghcr.io/epos-eric/metadata-database/deploy:main
2026-08-29 18:27:04 [main] INFO  t.g.io/epos-eric/metadata-database/deploy:main - Container ghcr.io/epos-eric/metadata-database/deploy:main is starting: 41518e32970ec93a85aa9f6a8b15703310314b17638d7af2e84e50535a7bc2f3
2026-08-29 18:27:08 [main] INFO  t.g.io/epos-eric/metadata-database/deploy:main - Container ghcr.io/epos-eric/metadata-database/deploy:main started in PT4.271643053S
2026-08-29 18:27:08 [main] INFO  t.g.io/epos-eric/metadata-database/deploy:main - Container is started (JDBC URL: jdbc:postgresql://localhost:33962/cerif?loggerLevel=OFF)
2026-08-29 18:27:08 [main] INFO  com.zaxxer.hikari.HikariDataSource - metadata_catalogue - Starting...
2026-08-29 18:27:08 [main] INFO  com.zaxxer.hikari.pool.HikariPool - metadata_catalogue - Added connection org.postgresql.jdbc.PgConnection@46ae23ca
2026-08-29 18:27:08 [main] INFO  com.zaxxer.hikari.HikariDataSource - metadata_catalogue - Start completed.
2026-08-29 18:27:09 [main] INFO  com.zaxxer.hikari.HikariDataSource - metadata_catalogue - Shutdown initiated...
2026-08-29 18:27:09 [main] INFO  com.zaxxer.hikari.HikariDataSource - metadata_catalogue - Shutdown completed.
2026-08-29 18:27:09 [main] INFO  t.g.io/epos-eric/metadata-database/deploy:main - Creating container for image: ghcr.io/epos-eric/metadata-database/deploy:main
2026-08-29 18:27:09 [main] INFO  t.g.io/epos-eric/metadata-database/deploy:main - Container ghcr.io/epos-eric/metadata-database/deploy:main is starting: 5c50f05703cd4839384f1e4ba662a9ffbf4527a6f00e5d58bab64140ba28eb21
2026-08-29 18:27:13 [main] INFO  t.g.io/epos-eric/metadata-database/deploy:main - Container ghcr.io/epos-eric/metadata-database/deploy:main started in PT3.956016028S
2026-08-29 18:27:13 [main] INFO  t.g.io/epos-eric/metadata-database/deploy:main - Container is started (JDBC URL: jdbc:postgresql://localhost:33963/cerif?loggerLevel=OFF)
2026-08-29 18:27:13 [main] INFO  com.zaxxer.hikari.HikariDataSource - metadata_catalogue - Starting...
2026-08-29 18:27:13 [main] INFO  com.zaxxer.hikari.pool.HikariPool - metadata_catalogue - Added connection org.postgresql.jdbc.PgConnection@7df8898a
2026-08-29 18:27:13 [main] INFO  com.zaxxer.hikari.HikariDataSource - metadata_catalogue - Start completed.
2026-08-29 18:27:14 [main] INFO  com.zaxxer.hikari.HikariDataSource - metadata_catalogue - Shutdown initiated...
2026-08-29 18:27:14 [main] INFO  com.zaxxer.hikari.HikariDataSource - metadata_catalogue - Shutdown completed.
2026-08-29 18:27:14 [main] INFO  t.g.io/epos-eric/metadata-database/deploy:main - Creating container for image: ghcr.io/epos-eric/metadata-database/deploy:main
2026-08-29 18:27:14 [main] INFO  t.g.io/epos-eric/metadata-database/deploy:main - Container ghcr.io/epos-eric/metadata-database/deploy:main is starting: 867a46425c59531f71ef503c79162cd7ad482a309457091f451ff35735175160
2026-08-29 18:27:18 [main] INFO  t.g.io/epos-eric/metadata-database/deploy:main - Container ghcr.io/epos-eric/metadata-database/deploy:main started in PT4.362373656S
2026-08-29 18:27:18 [main] INFO  t.g.io/epos-eric/metadata-database/deploy:main - Container is started (JDBC URL: jdbc:postgresql://localhost:33964/cerif?loggerLevel=OFF)
2026-08-29 18:27:18 [main] INFO  com.zaxxer.hikari.HikariDataSource - metadata_catalogue - Starting...
2026-08-29 18:27:18 [main] INFO  com.zaxxer.hikari.pool.HikariPool - metadata_catalogue - Added connection org.postgresql.jdbc.PgConnection@25713130
2026-08-29 18:27:18 [main] INFO  com.zaxxer.hikari.HikariDataSource - metadata_catalogue - Start completed.
2026-08-29 18:27:41 [main] INFO  o.testcontainers.images.PullPolicy - Image pull policy will be performed by: DefaultPullPolicy()
2026-08-29 18:27:41 [main] INFO  o.t.utility.ImageNameSubstitutor - Image name substitution will be performed by: DefaultImageNameSubstitutor (composite of 'ConfigurationFileImageNameSubstitutor' and 'PrefixingImageNameSubstitutor')
2026-08-29 18:27:41 [main] INFO  o.testcontainers.DockerClientFactory - Testcontainers version: 2.0.2
2026-08-29 18:27:41 [main] INFO  o.t.d.DockerClientProviderStrategy - Loaded org.testcontainers.dockerclient.UnixSocketClientProviderStrategy from ~/.testcontainers.properties, will try it first
2026-08-29 18:27:41 [main] INFO  o.t.d.DockerClientProviderStrategy - Found Docker environment with local Unix socket (unix:///var/run/docker.sock)
2026-08-29 18:27:41 [main] INFO  o.testcontainers.DockerClientFactory - Docker host IP address is localhost
2026-08-29 18:27:41 [main] INFO  o.testcontainers.DockerClientFactory - Connected to docker: 
  Server Version: 29.7.2
  API Version: 1.55
  Operating System: Arch Linux
  Total Memory: 63796 MB
2026-08-29 18:27:42 [main] INFO  tc.testcontainers/ryuk:0.13.0 - Creating container for image: testcontainers/ryuk:0.13.0
2026-08-29 18:27:42 [main] INFO  tc.testcontainers/ryuk:0.13.0 - Container testcontainers/ryuk:0.13.0 is starting: ce3b6ba71f2af0c6493c590b946792f94a57dfad61887bdaa1521e410eb49ae2
2026-08-29 18:27:42 [main] INFO  tc.testcontainers/ryuk:0.13.0 - Container testcontainers/ryuk:0.13.0 started in PT0.262340526S
2026-08-29 18:27:42 [main] INFO  o.t.utility.RyukResourceReaper - Ryuk started - will monitor and terminate Testcontainers containers on JVM exit
2026-08-29 18:27:42 [main] INFO  o.testcontainers.DockerClientFactory - Checking the system...
2026-08-29 18:27:42 [main] INFO  o.testcontainers.DockerClientFactory - ✔︎ Docker server version should be at least 1.6.0
2026-08-29 18:27:42 [main] INFO  t.g.io/epos-eric/metadata-database/deploy:main - Creating container for image: ghcr.io/epos-eric/metadata-database/deploy:main
2026-08-29 18:27:42 [main] INFO  t.g.io/epos-eric/metadata-database/deploy:main - Container ghcr.io/epos-eric/metadata-database/deploy:main is starting: bd49e957d721b54a67ed38eef8cfcd51a2e3218f07889b7487742e2085ca2aed
2026-08-29 18:27:46 [main] INFO  t.g.io/epos-eric/metadata-database/deploy:main - Container ghcr.io/epos-eric/metadata-database/deploy:main started in PT4.184082598S
2026-08-29 18:27:46 [main] INFO  t.g.io/epos-eric/metadata-database/deploy:main - Container is started (JDBC URL: jdbc:postgresql://localhost:33966/cerif?loggerLevel=OFF)
2026-08-29 18:27:46 [main] INFO  com.zaxxer.hikari.HikariDataSource - metadata_catalogue - Starting...
2026-08-29 18:27:47 [main] INFO  com.zaxxer.hikari.pool.HikariPool - metadata_catalogue - Added connection org.postgresql.jdbc.PgConnection@488f3dd1
2026-08-29 18:27:47 [main] INFO  com.zaxxer.hikari.HikariDataSource - metadata_catalogue - Start completed.
2026-08-29 18:27:47 [main] INFO  com.zaxxer.hikari.HikariDataSource - metadata_catalogue - Shutdown initiated...
2026-08-29 18:27:47 [main] INFO  com.zaxxer.hikari.HikariDataSource - metadata_catalogue - Shutdown completed.
2026-08-29 18:27:47 [main] INFO  t.g.io/epos-eric/metadata-database/deploy:main - Creating container for image: ghcr.io/epos-eric/metadata-database/deploy:main
2026-08-29 18:27:48 [main] INFO  t.g.io/epos-eric/metadata-database/deploy:main - Container ghcr.io/epos-eric/metadata-database/deploy:main is starting: 2e2236b11b920c3900b81795537ed0353f79fed6cd6c7465111d5946d3d493c3
2026-08-29 18:27:51 [main] INFO  t.g.io/epos-eric/metadata-database/deploy:main - Container ghcr.io/epos-eric/metadata-database/deploy:main started in PT3.57566533S
2026-08-29 18:27:51 [main] INFO  t.g.io/epos-eric/metadata-database/deploy:main - Container is started (JDBC URL: jdbc:postgresql://localhost:33967/cerif?loggerLevel=OFF)
2026-08-29 18:27:51 [main] INFO  com.zaxxer.hikari.HikariDataSource - metadata_catalogue - Starting...
2026-08-29 18:27:51 [main] INFO  com.zaxxer.hikari.pool.HikariPool - metadata_catalogue - Added connection org.postgresql.jdbc.PgConnection@25fa6889
2026-08-29 18:27:51 [main] INFO  com.zaxxer.hikari.HikariDataSource - metadata_catalogue - Start completed.
2026-08-29 18:27:51 [main] INFO  com.zaxxer.hikari.HikariDataSource - metadata_catalogue - Shutdown initiated...
2026-08-29 18:27:51 [main] INFO  com.zaxxer.hikari.HikariDataSource - metadata_catalogue - Shutdown completed.
2026-08-29 18:27:52 [main] INFO  t.g.io/epos-eric/metadata-database/deploy:main - Creating container for image: ghcr.io/epos-eric/metadata-database/deploy:main
2026-08-29 18:27:52 [main] INFO  t.g.io/epos-eric/metadata-database/deploy:main - Container ghcr.io/epos-eric/metadata-database/deploy:main is starting: e542eb4e706b3ee67072ac56db4349784d9594943db1bde8c7988a0ee6fe447e
2026-08-29 18:27:55 [main] INFO  t.g.io/epos-eric/metadata-database/deploy:main - Container ghcr.io/epos-eric/metadata-database/deploy:main started in PT3.729473674S
2026-08-29 18:27:55 [main] INFO  t.g.io/epos-eric/metadata-database/deploy:main - Container is started (JDBC URL: jdbc:postgresql://localhost:33968/cerif?loggerLevel=OFF)
2026-08-29 18:27:55 [main] INFO  com.zaxxer.hikari.HikariDataSource - metadata_catalogue - Starting...
2026-08-29 18:27:55 [main] INFO  com.zaxxer.hikari.pool.HikariPool - metadata_catalogue - Added connection org.postgresql.jdbc.PgConnection@f49e81a
2026-08-29 18:27:55 [main] INFO  com.zaxxer.hikari.HikariDataSource - metadata_catalogue - Start completed.
2026-08-29 18:27:56 [main] INFO  com.zaxxer.hikari.HikariDataSource - metadata_catalogue - Shutdown initiated...
2026-08-29 18:27:56 [main] INFO  com.zaxxer.hikari.HikariDataSource - metadata_catalogue - Shutdown completed.
2026-08-29 18:27:56 [main] INFO  t.g.io/epos-eric/metadata-database/deploy:main - Creating container for image: ghcr.io/epos-eric/metadata-database/deploy:main
2026-08-29 18:27:56 [main] INFO  t.g.io/epos-eric/metadata-database/deploy:main - Container ghcr.io/epos-eric/metadata-database/deploy:main is starting: cd4ac13600f7ee0c9d674dad0c95df22b5a5b56296c9e28d82d918733d8d5ad4
2026-08-29 18:28:00 [main] INFO  t.g.io/epos-eric/metadata-database/deploy:main - Container ghcr.io/epos-eric/metadata-database/deploy:main started in PT3.833251373S
2026-08-29 18:28:00 [main] INFO  t.g.io/epos-eric/metadata-database/deploy:main - Container is started (JDBC URL: jdbc:postgresql://localhost:33969/cerif?loggerLevel=OFF)
2026-08-29 18:28:00 [main] INFO  com.zaxxer.hikari.HikariDataSource - metadata_catalogue - Starting...
2026-08-29 18:28:00 [main] INFO  com.zaxxer.hikari.pool.HikariPool - metadata_catalogue - Added connection org.postgresql.jdbc.PgConnection@6c9151c1
2026-08-29 18:28:00 [main] INFO  com.zaxxer.hikari.HikariDataSource - metadata_catalogue - Start completed.
2026-08-29 18:28:01 [main] INFO  com.zaxxer.hikari.HikariDataSource - metadata_catalogue - Shutdown initiated...
2026-08-29 18:28:01 [main] INFO  com.zaxxer.hikari.HikariDataSource - metadata_catalogue - Shutdown completed.
2026-08-29 18:28:01 [main] INFO  t.g.io/epos-eric/metadata-database/deploy:main - Creating container for image: ghcr.io/epos-eric/metadata-database/deploy:main
2026-08-29 18:28:01 [main] INFO  t.g.io/epos-eric/metadata-database/deploy:main - Container ghcr.io/epos-eric/metadata-database/deploy:main is starting: 7371bdd7e97e8e6700a6c7d7ffa8a19299afeac5d949d9e3d787bdc695d5ee8a
2026-08-29 18:28:05 [main] INFO  t.g.io/epos-eric/metadata-database/deploy:main - Container ghcr.io/epos-eric/metadata-database/deploy:main started in PT3.657080203S
2026-08-29 18:28:05 [main] INFO  t.g.io/epos-eric/metadata-database/deploy:main - Container is started (JDBC URL: jdbc:postgresql://localhost:33970/cerif?loggerLevel=OFF)
2026-08-29 18:28:05 [main] INFO  com.zaxxer.hikari.HikariDataSource - metadata_catalogue - Starting...
2026-08-29 18:28:05 [main] INFO  com.zaxxer.hikari.pool.HikariPool - metadata_catalogue - Added connection org.postgresql.jdbc.PgConnection@6f1163f7
2026-08-29 18:28:05 [main] INFO  com.zaxxer.hikari.HikariDataSource - metadata_catalogue - Start completed.
2026-08-29 18:28:05 [main] INFO  com.zaxxer.hikari.HikariDataSource - metadata_catalogue - Shutdown initiated...
2026-08-29 18:28:05 [main] INFO  com.zaxxer.hikari.HikariDataSource - metadata_catalogue - Shutdown completed.
2026-08-29 18:28:06 [main] INFO  t.g.io/epos-eric/metadata-database/deploy:main - Creating container for image: ghcr.io/epos-eric/metadata-database/deploy:main
2026-08-29 18:28:06 [main] INFO  t.g.io/epos-eric/metadata-database/deploy:main - Container ghcr.io/epos-eric/metadata-database/deploy:main is starting: 89670ead8af43311a9b1357b750fbffa151753e87fb3af1743c4c503591c04d9
2026-08-29 18:28:09 [main] INFO  t.g.io/epos-eric/metadata-database/deploy:main - Container ghcr.io/epos-eric/metadata-database/deploy:main started in PT3.663188638S
2026-08-29 18:28:09 [main] INFO  t.g.io/epos-eric/metadata-database/deploy:main - Container is started (JDBC URL: jdbc:postgresql://localhost:33971/cerif?loggerLevel=OFF)
2026-08-29 18:28:09 [main] INFO  com.zaxxer.hikari.HikariDataSource - metadata_catalogue - Starting...
2026-08-29 18:28:09 [main] INFO  com.zaxxer.hikari.pool.HikariPool - metadata_catalogue - Added connection org.postgresql.jdbc.PgConnection@7f20dfd5
2026-08-29 18:28:09 [main] INFO  com.zaxxer.hikari.HikariDataSource - metadata_catalogue - Start completed.
2026-08-29 18:28:10 [main] INFO  com.zaxxer.hikari.HikariDataSource - metadata_catalogue - Shutdown initiated...
2026-08-29 18:28:10 [main] INFO  com.zaxxer.hikari.HikariDataSource - metadata_catalogue - Shutdown completed.
2026-08-29 18:28:10 [main] INFO  t.g.io/epos-eric/metadata-database/deploy:main - Creating container for image: ghcr.io/epos-eric/metadata-database/deploy:main
2026-08-29 18:28:10 [main] INFO  t.g.io/epos-eric/metadata-database/deploy:main - Container ghcr.io/epos-eric/metadata-database/deploy:main is starting: 1e78d5fc57321a84676fb21bdccafdbb241bfac9768b4bfe1621e3df42607f85
2026-08-29 18:28:14 [main] INFO  t.g.io/epos-eric/metadata-database/deploy:main - Container ghcr.io/epos-eric/metadata-database/deploy:main started in PT3.719451153S
2026-08-29 18:28:14 [main] INFO  t.g.io/epos-eric/metadata-database/deploy:main - Container is started (JDBC URL: jdbc:postgresql://localhost:33972/cerif?loggerLevel=OFF)
2026-08-29 18:28:14 [main] INFO  com.zaxxer.hikari.HikariDataSource - metadata_catalogue - Starting...
2026-08-29 18:28:14 [main] INFO  com.zaxxer.hikari.pool.HikariPool - metadata_catalogue - Added connection org.postgresql.jdbc.PgConnection@6eb332d1
2026-08-29 18:28:14 [main] INFO  com.zaxxer.hikari.HikariDataSource - metadata_catalogue - Start completed.
2026-08-29 18:28:14 [main] INFO  com.zaxxer.hikari.HikariDataSource - metadata_catalogue - Shutdown initiated...
2026-08-29 18:28:14 [main] INFO  com.zaxxer.hikari.HikariDataSource - metadata_catalogue - Shutdown completed.
2026-08-29 18:28:14 [main] INFO  t.g.io/epos-eric/metadata-database/deploy:main - Creating container for image: ghcr.io/epos-eric/metadata-database/deploy:main
2026-08-29 18:28:14 [main] INFO  t.g.io/epos-eric/metadata-database/deploy:main - Container ghcr.io/epos-eric/metadata-database/deploy:main is starting: 41b80b979b50e30998db57fc38955b27d317198451d25d2b0b596e639e5718fd
2026-08-29 18:28:18 [main] INFO  t.g.io/epos-eric/metadata-database/deploy:main - Container ghcr.io/epos-eric/metadata-database/deploy:main started in PT3.890212236S
2026-08-29 18:28:18 [main] INFO  t.g.io/epos-eric/metadata-database/deploy:main - Container is started (JDBC URL: jdbc:postgresql://localhost:33973/cerif?loggerLevel=OFF)
2026-08-29 18:28:18 [main] INFO  com.zaxxer.hikari.HikariDataSource - metadata_catalogue - Starting...
2026-08-29 18:28:18 [main] INFO  com.zaxxer.hikari.pool.HikariPool - metadata_catalogue - Added connection org.postgresql.jdbc.PgConnection@4eb3b690
2026-08-29 18:28:18 [main] INFO  com.zaxxer.hikari.HikariDataSource - metadata_catalogue - Start completed.
2026-08-29 18:28:18 [main] INFO  com.zaxxer.hikari.HikariDataSource - metadata_catalogue - Shutdown initiated...
2026-08-29 18:28:18 [main] INFO  com.zaxxer.hikari.HikariDataSource - metadata_catalogue - Shutdown completed.
2026-08-29 18:28:19 [main] INFO  t.g.io/epos-eric/metadata-database/deploy:main - Creating container for image: ghcr.io/epos-eric/metadata-database/deploy:main
2026-08-29 18:28:19 [main] INFO  t.g.io/epos-eric/metadata-database/deploy:main - Container ghcr.io/epos-eric/metadata-database/deploy:main is starting: ec5fb128e0eda3deedf3f024b33571660ab91c333e5152a737c0751eac75eac4
2026-08-29 18:28:22 [main] INFO  t.g.io/epos-eric/metadata-database/deploy:main - Container ghcr.io/epos-eric/metadata-database/deploy:main started in PT3.814657772S
2026-08-29 18:28:23 [main] INFO  t.g.io/epos-eric/metadata-database/deploy:main - Container is started (JDBC URL: jdbc:postgresql://localhost:33974/cerif?loggerLevel=OFF)
2026-08-29 18:28:23 [main] INFO  com.zaxxer.hikari.HikariDataSource - metadata_catalogue - Starting...
2026-08-29 18:28:23 [main] INFO  com.zaxxer.hikari.pool.HikariPool - metadata_catalogue - Added connection org.postgresql.jdbc.PgConnection@fdfd984
2026-08-29 18:28:23 [main] INFO  com.zaxxer.hikari.HikariDataSource - metadata_catalogue - Start completed.
2026-08-29 18:28:23 [main] INFO  com.zaxxer.hikari.HikariDataSource - metadata_catalogue - Shutdown initiated...
2026-08-29 18:28:23 [main] INFO  com.zaxxer.hikari.HikariDataSource - metadata_catalogue - Shutdown completed.
2026-08-29 18:28:24 [main] INFO  t.g.io/epos-eric/metadata-database/deploy:main - Creating container for image: ghcr.io/epos-eric/metadata-database/deploy:main
2026-08-29 18:28:24 [main] INFO  t.g.io/epos-eric/metadata-database/deploy:main - Container ghcr.io/epos-eric/metadata-database/deploy:main is starting: 40cb8e0baa873a861ab155b1bc45316e389defb163623df2f4a93c2abf8f330f
2026-08-29 18:28:28 [main] INFO  t.g.io/epos-eric/metadata-database/deploy:main - Container ghcr.io/epos-eric/metadata-database/deploy:main started in PT4.276276625S
2026-08-29 18:28:28 [main] INFO  t.g.io/epos-eric/metadata-database/deploy:main - Container is started (JDBC URL: jdbc:postgresql://localhost:33975/cerif?loggerLevel=OFF)
2026-08-29 18:28:28 [main] INFO  com.zaxxer.hikari.HikariDataSource - metadata_catalogue - Starting...
2026-08-29 18:28:28 [main] INFO  com.zaxxer.hikari.pool.HikariPool - metadata_catalogue - Added connection org.postgresql.jdbc.PgConnection@6ee34fe4
2026-08-29 18:28:28 [main] INFO  com.zaxxer.hikari.HikariDataSource - metadata_catalogue - Start completed.
2026-08-29 18:28:28 [main] INFO  com.zaxxer.hikari.HikariDataSource - metadata_catalogue - Shutdown initiated...
2026-08-29 18:28:28 [main] INFO  com.zaxxer.hikari.HikariDataSource - metadata_catalogue - Shutdown completed.
2026-08-29 18:28:29 [main] INFO  t.g.io/epos-eric/metadata-database/deploy:main - Creating container for image: ghcr.io/epos-eric/metadata-database/deploy:main
2026-08-29 18:28:29 [main] INFO  t.g.io/epos-eric/metadata-database/deploy:main - Container ghcr.io/epos-eric/metadata-database/deploy:main is starting: 514d22c7b1707847a23f7bdd8641d4a11290dfa8a22554fbf9f67da721fa2e7d
2026-08-29 18:28:34 [main] INFO  t.g.io/epos-eric/metadata-database/deploy:main - Container ghcr.io/epos-eric/metadata-database/deploy:main started in PT4.637294749S
2026-08-29 18:28:34 [main] INFO  t.g.io/epos-eric/metadata-database/deploy:main - Container is started (JDBC URL: jdbc:postgresql://localhost:33976/cerif?loggerLevel=OFF)
2026-08-29 18:28:34 [main] INFO  com.zaxxer.hikari.HikariDataSource - metadata_catalogue - Starting...
2026-08-29 18:28:34 [main] INFO  com.zaxxer.hikari.pool.HikariPool - metadata_catalogue - Added connection org.postgresql.jdbc.PgConnection@7c3bac88
2026-08-29 18:28:34 [main] INFO  com.zaxxer.hikari.HikariDataSource - metadata_catalogue - Start completed.
2026-08-29 18:28:34 [main] INFO  com.zaxxer.hikari.HikariDataSource - metadata_catalogue - Shutdown initiated...
2026-08-29 18:28:34 [main] INFO  com.zaxxer.hikari.HikariDataSource - metadata_catalogue - Shutdown completed.
2026-08-29 18:28:34 [main] INFO  t.g.io/epos-eric/metadata-database/deploy:main - Creating container for image: ghcr.io/epos-eric/metadata-database/deploy:main
2026-08-29 18:28:34 [main] INFO  t.g.io/epos-eric/metadata-database/deploy:main - Container ghcr.io/epos-eric/metadata-database/deploy:main is starting: c253066e09b1248f7b32c827f91dac69bd139ebb2ea4c9f7e12bdcb0c06a7f94
2026-08-29 18:28:38 [main] INFO  t.g.io/epos-eric/metadata-database/deploy:main - Container ghcr.io/epos-eric/metadata-database/deploy:main started in PT3.967896358S
2026-08-29 18:28:38 [main] INFO  t.g.io/epos-eric/metadata-database/deploy:main - Container is started (JDBC URL: jdbc:postgresql://localhost:33977/cerif?loggerLevel=OFF)
2026-08-29 18:28:38 [main] INFO  com.zaxxer.hikari.HikariDataSource - metadata_catalogue - Starting...
2026-08-29 18:28:38 [main] INFO  com.zaxxer.hikari.pool.HikariPool - metadata_catalogue - Added connection org.postgresql.jdbc.PgConnection@3b5d0c4d
2026-08-29 18:28:38 [main] INFO  com.zaxxer.hikari.HikariDataSource - metadata_catalogue - Start completed.
2026-08-29 18:28:38 [main] INFO  com.zaxxer.hikari.HikariDataSource - metadata_catalogue - Shutdown initiated...
2026-08-29 18:28:38 [main] INFO  com.zaxxer.hikari.HikariDataSource - metadata_catalogue - Shutdown completed.
2026-08-29 18:28:39 [main] INFO  t.g.io/epos-eric/metadata-database/deploy:main - Creating container for image: ghcr.io/epos-eric/metadata-database/deploy:main
2026-08-29 18:28:39 [main] INFO  t.g.io/epos-eric/metadata-database/deploy:main - Container ghcr.io/epos-eric/metadata-database/deploy:main is starting: b92d8b8496e5c1408e30734a726e914b0c9a48310572e710ede6233c3a6a7364
2026-08-29 18:28:43 [main] INFO  t.g.io/epos-eric/metadata-database/deploy:main - Container ghcr.io/epos-eric/metadata-database/deploy:main started in PT4.026402856S
2026-08-29 18:28:43 [main] INFO  t.g.io/epos-eric/metadata-database/deploy:main - Container is started (JDBC URL: jdbc:postgresql://localhost:33978/cerif?loggerLevel=OFF)
2026-08-29 18:28:43 [main] INFO  com.zaxxer.hikari.HikariDataSource - metadata_catalogue - Starting...
2026-08-29 18:28:43 [main] INFO  com.zaxxer.hikari.pool.HikariPool - metadata_catalogue - Added connection org.postgresql.jdbc.PgConnection@5248474e
2026-08-29 18:28:43 [main] INFO  com.zaxxer.hikari.HikariDataSource - metadata_catalogue - Start completed.
2026-08-29 18:28:43 [main] INFO  com.zaxxer.hikari.HikariDataSource - metadata_catalogue - Shutdown initiated...
2026-08-29 18:28:43 [main] INFO  com.zaxxer.hikari.HikariDataSource - metadata_catalogue - Shutdown completed.
2026-08-29 18:28:43 [main] INFO  t.g.io/epos-eric/metadata-database/deploy:main - Creating container for image: ghcr.io/epos-eric/metadata-database/deploy:main
2026-08-29 18:28:43 [main] INFO  t.g.io/epos-eric/metadata-database/deploy:main - Container ghcr.io/epos-eric/metadata-database/deploy:main is starting: 0249230f42a0516b5c9d862b0fac6a8f6b7112fca9c0a2a50615b7b20ed9c62a
2026-08-29 18:28:47 [main] INFO  t.g.io/epos-eric/metadata-database/deploy:main - Container ghcr.io/epos-eric/metadata-database/deploy:main started in PT3.993405875S
2026-08-29 18:28:47 [main] INFO  t.g.io/epos-eric/metadata-database/deploy:main - Container is started (JDBC URL: jdbc:postgresql://localhost:33979/cerif?loggerLevel=OFF)
2026-08-29 18:28:47 [main] INFO  com.zaxxer.hikari.HikariDataSource - metadata_catalogue - Starting...
2026-08-29 18:28:47 [main] INFO  com.zaxxer.hikari.pool.HikariPool - metadata_catalogue - Added connection org.postgresql.jdbc.PgConnection@605790e5
2026-08-29 18:28:47 [main] INFO  com.zaxxer.hikari.HikariDataSource - metadata_catalogue - Start completed.
2026-08-29 18:28:48 [main] INFO  com.zaxxer.hikari.HikariDataSource - metadata_catalogue - Shutdown initiated...
2026-08-29 18:28:48 [main] INFO  com.zaxxer.hikari.HikariDataSource - metadata_catalogue - Shutdown completed.
2026-08-29 18:28:48 [main] INFO  t.g.io/epos-eric/metadata-database/deploy:main - Creating container for image: ghcr.io/epos-eric/metadata-database/deploy:main
2026-08-29 18:28:48 [main] INFO  t.g.io/epos-eric/metadata-database/deploy:main - Container ghcr.io/epos-eric/metadata-database/deploy:main is starting: 643f5b953a70fbd463cc6e200e8180c5196145f9a47505db76ece887d6d2383b
2026-08-29 18:28:52 [main] INFO  t.g.io/epos-eric/metadata-database/deploy:main - Container ghcr.io/epos-eric/metadata-database/deploy:main started in PT3.953439198S
2026-08-29 18:28:52 [main] INFO  t.g.io/epos-eric/metadata-database/deploy:main - Container is started (JDBC URL: jdbc:postgresql://localhost:33980/cerif?loggerLevel=OFF)
2026-08-29 18:28:52 [main] INFO  com.zaxxer.hikari.HikariDataSource - metadata_catalogue - Starting...
2026-08-29 18:28:52 [main] INFO  com.zaxxer.hikari.pool.HikariPool - metadata_catalogue - Added connection org.postgresql.jdbc.PgConnection@71ef3f0c
2026-08-29 18:28:52 [main] INFO  com.zaxxer.hikari.HikariDataSource - metadata_catalogue - Start completed.
2026-08-29 18:28:53 [main] INFO  com.zaxxer.hikari.HikariDataSource - metadata_catalogue - Shutdown initiated...
2026-08-29 18:28:53 [main] INFO  com.zaxxer.hikari.HikariDataSource - metadata_catalogue - Shutdown completed.
2026-08-29 18:28:53 [main] INFO  t.g.io/epos-eric/metadata-database/deploy:main - Creating container for image: ghcr.io/epos-eric/metadata-database/deploy:main
2026-08-29 18:28:53 [main] INFO  t.g.io/epos-eric/metadata-database/deploy:main - Container ghcr.io/epos-eric/metadata-database/deploy:main is starting: e9e1be112573a4ae9005f03f469c3ad281bca2c7020e89c88efe625aaf996ea0
2026-08-29 18:28:57 [main] INFO  t.g.io/epos-eric/metadata-database/deploy:main - Container ghcr.io/epos-eric/metadata-database/deploy:main started in PT4.139519639S
2026-08-29 18:28:57 [main] INFO  t.g.io/epos-eric/metadata-database/deploy:main - Container is started (JDBC URL: jdbc:postgresql://localhost:33981/cerif?loggerLevel=OFF)
2026-08-29 18:28:57 [main] INFO  com.zaxxer.hikari.HikariDataSource - metadata_catalogue - Starting...
2026-08-29 18:28:57 [main] INFO  com.zaxxer.hikari.pool.HikariPool - metadata_catalogue - Added connection org.postgresql.jdbc.PgConnection@4047ca4d
2026-08-29 18:28:57 [main] INFO  com.zaxxer.hikari.HikariDataSource - metadata_catalogue - Start completed.
2026-08-29 18:28:58 [main] INFO  com.zaxxer.hikari.HikariDataSource - metadata_catalogue - Shutdown initiated...
2026-08-29 18:28:58 [main] INFO  com.zaxxer.hikari.HikariDataSource - metadata_catalogue - Shutdown completed.
2026-08-29 18:28:59 [main] INFO  t.g.io/epos-eric/metadata-database/deploy:main - Creating container for image: ghcr.io/epos-eric/metadata-database/deploy:main
2026-08-29 18:28:59 [main] INFO  t.g.io/epos-eric/metadata-database/deploy:main - Container ghcr.io/epos-eric/metadata-database/deploy:main is starting: 0c940f4b5bbf26e6cf893d4c30083cb963b97dd2b2234a6f379d110d034f78c3
2026-08-29 18:29:03 [main] INFO  t.g.io/epos-eric/metadata-database/deploy:main - Container ghcr.io/epos-eric/metadata-database/deploy:main started in PT4.294618457S
2026-08-29 18:29:03 [main] INFO  t.g.io/epos-eric/metadata-database/deploy:main - Container is started (JDBC URL: jdbc:postgresql://localhost:33982/cerif?loggerLevel=OFF)
2026-08-29 18:29:03 [main] INFO  com.zaxxer.hikari.HikariDataSource - metadata_catalogue - Starting...
2026-08-29 18:29:03 [main] INFO  com.zaxxer.hikari.pool.HikariPool - metadata_catalogue - Added connection org.postgresql.jdbc.PgConnection@484e9fee
2026-08-29 18:29:03 [main] INFO  com.zaxxer.hikari.HikariDataSource - metadata_catalogue - Start completed.
2026-08-29 18:29:03 [main] INFO  com.zaxxer.hikari.HikariDataSource - metadata_catalogue - Shutdown initiated...
2026-08-29 18:29:03 [main] INFO  com.zaxxer.hikari.HikariDataSource - metadata_catalogue - Shutdown completed.
2026-08-29 18:29:04 [main] INFO  t.g.io/epos-eric/metadata-database/deploy:main - Creating container for image: ghcr.io/epos-eric/metadata-database/deploy:main
2026-08-29 18:29:04 [main] INFO  t.g.io/epos-eric/metadata-database/deploy:main - Container ghcr.io/epos-eric/metadata-database/deploy:main is starting: 2c496f8b95bb334ae3c90acea2ebd7d633a6320725d4712b97460be1236c2a58
2026-08-29 18:29:08 [main] INFO  t.g.io/epos-eric/metadata-database/deploy:main - Container ghcr.io/epos-eric/metadata-database/deploy:main started in PT4.295479556S
2026-08-29 18:29:08 [main] INFO  t.g.io/epos-eric/metadata-database/deploy:main - Container is started (JDBC URL: jdbc:postgresql://localhost:33983/cerif?loggerLevel=OFF)
2026-08-29 18:29:08 [main] INFO  com.zaxxer.hikari.HikariDataSource - metadata_catalogue - Starting...
2026-08-29 18:29:08 [main] INFO  com.zaxxer.hikari.pool.HikariPool - metadata_catalogue - Added connection org.postgresql.jdbc.PgConnection@143a4506
2026-08-29 18:29:08 [main] INFO  com.zaxxer.hikari.HikariDataSource - metadata_catalogue - Start completed.
2026-08-29 18:29:08 [main] INFO  com.zaxxer.hikari.HikariDataSource - metadata_catalogue - Shutdown initiated...
2026-08-29 18:29:08 [main] INFO  com.zaxxer.hikari.HikariDataSource - metadata_catalogue - Shutdown completed.
2026-08-29 18:29:09 [main] INFO  t.g.io/epos-eric/metadata-database/deploy:main - Creating container for image: ghcr.io/epos-eric/metadata-database/deploy:main
2026-08-29 18:29:09 [main] INFO  t.g.io/epos-eric/metadata-database/deploy:main - Container ghcr.io/epos-eric/metadata-database/deploy:main is starting: 89a30e694be9ed4297ca7e28235ff0a7f2a39de2b0a0d686c33794f6f50bac91
2026-08-29 18:29:13 [main] INFO  t.g.io/epos-eric/metadata-database/deploy:main - Container ghcr.io/epos-eric/metadata-database/deploy:main started in PT3.84487724S
2026-08-29 18:29:13 [main] INFO  t.g.io/epos-eric/metadata-database/deploy:main - Container is started (JDBC URL: jdbc:postgresql://localhost:33984/cerif?loggerLevel=OFF)
2026-08-29 18:29:13 [main] INFO  com.zaxxer.hikari.HikariDataSource - metadata_catalogue - Starting...
2026-08-29 18:29:13 [main] INFO  com.zaxxer.hikari.pool.HikariPool - metadata_catalogue - Added connection org.postgresql.jdbc.PgConnection@17574caa
2026-08-29 18:29:13 [main] INFO  com.zaxxer.hikari.HikariDataSource - metadata_catalogue - Start completed.
2026-08-29 18:29:13 [main] INFO  com.zaxxer.hikari.HikariDataSource - metadata_catalogue - Shutdown initiated...
2026-08-29 18:29:13 [main] INFO  com.zaxxer.hikari.HikariDataSource - metadata_catalogue - Shutdown completed.
2026-08-29 18:29:13 [main] INFO  t.g.io/epos-eric/metadata-database/deploy:main - Creating container for image: ghcr.io/epos-eric/metadata-database/deploy:main
2026-08-29 18:29:13 [main] INFO  t.g.io/epos-eric/metadata-database/deploy:main - Container ghcr.io/epos-eric/metadata-database/deploy:main is starting: b4de7bef2104402420e38cbe267a82f7a7a3ac43f6821091ded48c5bc564f44a
2026-08-29 18:29:18 [main] INFO  t.g.io/epos-eric/metadata-database/deploy:main - Container ghcr.io/epos-eric/metadata-database/deploy:main started in PT4.224574067S
2026-08-29 18:29:18 [main] INFO  t.g.io/epos-eric/metadata-database/deploy:main - Container is started (JDBC URL: jdbc:postgresql://localhost:33985/cerif?loggerLevel=OFF)
2026-08-29 18:29:18 [main] INFO  com.zaxxer.hikari.HikariDataSource - metadata_catalogue - Starting...
2026-08-29 18:29:18 [main] INFO  com.zaxxer.hikari.pool.HikariPool - metadata_catalogue - Added connection org.postgresql.jdbc.PgConnection@278f422
2026-08-29 18:29:18 [main] INFO  com.zaxxer.hikari.HikariDataSource - metadata_catalogue - Start completed.
2026-08-29 18:29:18 [main] ERROR dao.EposDataModelDAO - Error in getOneFromDBByUIDNoCache
java.lang.IllegalArgumentException: An exception occurred while creating a query in EntityManager: 
Exception Description: Problem compiling [SELECT c FROM Documentation c WHERE c.uid = :uid]. 
[14, 27] The abstract schema type 'Documentation' is unknown.
[36, 41] The state field path 'c.uid' cannot be resolved to a valid type.
	at org.eclipse.persistence.internal.jpa.EntityManagerImpl.createQuery(EntityManagerImpl.java:1728)
	at org.eclipse.persistence.internal.jpa.EntityManagerImpl.createQuery(EntityManagerImpl.java:1749)
	at dao.EposDataModelDAO.getOneFromDBByUIDNoCache(EposDataModelDAO.java:1371)
	at dao.EposDataModelDAO.repointArchivedVersionReferences(EposDataModelDAO.java:346)
	at abstractapis.AbstractAPI.repointPublishedVersion(AbstractAPI.java:161)
	at commonapis.DocumentationAPI.create(DocumentationAPI.java:91)
	at commonapis.DocumentationAPI.create(DocumentationAPI.java:25)
	at integrationtests.unittests.ComprehensiveMetadataTest.testWebServiceArchivedToDraftKeepsSpatialAndTemporal(ComprehensiveMetadataTest.java:394)
	at java.base/jdk.internal.reflect.DirectMethodHandleAccessor.invoke(DirectMethodHandleAccessor.java:103)
	at java.base/java.lang.reflect.Method.invoke(Method.java:580)
	at org.junit.platform.commons.util.ReflectionUtils.invokeMethod(ReflectionUtils.java:787)
	at org.junit.platform.commons.support.ReflectionSupport.invokeMethod(ReflectionSupport.java:479)
	at org.junit.jupiter.engine.execution.MethodInvocation.proceed(MethodInvocation.java:60)
	at org.junit.jupiter.engine.execution.InvocationInterceptorChain$ValidatingInvocation.proceed(InvocationInterceptorChain.java:131)
	at org.junit.jupiter.engine.extension.TimeoutExtension.intercept(TimeoutExtension.java:161)
	at org.junit.jupiter.engine.extension.TimeoutExtension.interceptTestableMethod(TimeoutExtension.java:152)
	at org.junit.jupiter.engine.extension.TimeoutExtension.interceptTestMethod(TimeoutExtension.java:91)
	at org.junit.jupiter.engine.execution.InterceptingExecutableInvoker$ReflectiveInterceptorCall.lambda$ofVoidMethod$0(InterceptingExecutableInvoker.java:112)
	at org.junit.jupiter.engine.execution.InterceptingExecutableInvoker.lambda$invoke$0(InterceptingExecutableInvoker.java:94)
	at org.junit.jupiter.engine.execution.InvocationInterceptorChain$InterceptedInvocation.proceed(InvocationInterceptorChain.java:106)
	at org.junit.jupiter.engine.execution.InvocationInterceptorChain.proceed(InvocationInterceptorChain.java:64)
	at org.junit.jupiter.engine.execution.InvocationInterceptorChain.chainAndInvoke(InvocationInterceptorChain.java:45)
	at org.junit.jupiter.engine.execution.InvocationInterceptorChain.invoke(InvocationInterceptorChain.java:37)
	at org.junit.jupiter.engine.execution.InterceptingExecutableInvoker.invoke(InterceptingExecutableInvoker.java:93)
	at org.junit.jupiter.engine.execution.InterceptingExecutableInvoker.invoke(InterceptingExecutableInvoker.java:87)
	at org.junit.jupiter.engine.descriptor.TestMethodTestDescriptor.lambda$invokeTestMethod$4(TestMethodTestDescriptor.java:221)
	at org.junit.platform.engine.support.hierarchical.ThrowableCollector.execute(ThrowableCollector.java:73)
	at org.junit.jupiter.engine.descriptor.TestMethodTestDescriptor.invokeTestMethod(TestMethodTestDescriptor.java:217)
	at org.junit.jupiter.engine.descriptor.TestMethodTestDescriptor.execute(TestMethodTestDescriptor.java:159)
	at org.junit.jupiter.engine.descriptor.TestMethodTestDescriptor.execute(TestMethodTestDescriptor.java:70)
	at org.junit.platform.engine.support.hierarchical.NodeTestTask.lambda$executeRecursively$6(NodeTestTask.java:157)
	at org.junit.platform.engine.support.hierarchical.ThrowableCollector.execute(ThrowableCollector.java:73)
	at org.junit.platform.engine.support.hierarchical.NodeTestTask.lambda$executeRecursively$8(NodeTestTask.java:147)
	at org.junit.platform.engine.support.hierarchical.Node.around(Node.java:137)
	at org.junit.platform.engine.support.hierarchical.NodeTestTask.lambda$executeRecursively$9(NodeTestTask.java:145)
	at org.junit.platform.engine.support.hierarchical.ThrowableCollector.execute(ThrowableCollector.java:73)
	at org.junit.platform.engine.support.hierarchical.NodeTestTask.executeRecursively(NodeTestTask.java:144)
	at org.junit.platform.engine.support.hierarchical.NodeTestTask.execute(NodeTestTask.java:101)
	at java.base/java.util.ArrayList.forEach(ArrayList.java:1596)
	at org.junit.platform.engine.support.hierarchical.SameThreadHierarchicalTestExecutorService.invokeAll(SameThreadHierarchicalTestExecutorService.java:41)
	at org.junit.platform.engine.support.hierarchical.NodeTestTask.lambda$executeRecursively$6(NodeTestTask.java:161)
	at org.junit.platform.engine.support.hierarchical.ThrowableCollector.execute(ThrowableCollector.java:73)
	at org.junit.platform.engine.support.hierarchical.NodeTestTask.lambda$executeRecursively$8(NodeTestTask.java:147)
	at org.junit.platform.engine.support.hierarchical.Node.around(Node.java:137)
	at org.junit.platform.engine.support.hierarchical.NodeTestTask.lambda$executeRecursively$9(NodeTestTask.java:145)
	at org.junit.platform.engine.support.hierarchical.ThrowableCollector.execute(ThrowableCollector.java:73)
	at org.junit.platform.engine.support.hierarchical.NodeTestTask.executeRecursively(NodeTestTask.java:144)
	at org.junit.platform.engine.support.hierarchical.NodeTestTask.execute(NodeTestTask.java:101)
	at java.base/java.util.ArrayList.forEach(ArrayList.java:1596)
	at org.junit.platform.engine.support.hierarchical.SameThreadHierarchicalTestExecutorService.invokeAll(SameThreadHierarchicalTestExecutorService.java:41)
	at org.junit.platform.engine.support.hierarchical.NodeTestTask.lambda$executeRecursively$6(NodeTestTask.java:161)
	at org.junit.platform.engine.support.hierarchical.ThrowableCollector.execute(ThrowableCollector.java:73)
	at org.junit.platform.engine.support.hierarchical.NodeTestTask.lambda$executeRecursively$8(NodeTestTask.java:147)
	at org.junit.platform.engine.support.hierarchical.Node.around(Node.java:137)
	at org.junit.platform.engine.support.hierarchical.NodeTestTask.lambda$executeRecursively$9(NodeTestTask.java:145)
	at org.junit.platform.engine.support.hierarchical.ThrowableCollector.execute(ThrowableCollector.java:73)
	at org.junit.platform.engine.support.hierarchical.NodeTestTask.executeRecursively(NodeTestTask.java:144)
	at org.junit.platform.engine.support.hierarchical.NodeTestTask.execute(NodeTestTask.java:101)
	at org.junit.platform.engine.support.hierarchical.SameThreadHierarchicalTestExecutorService.submit(SameThreadHierarchicalTestExecutorService.java:35)
	at org.junit.platform.engine.support.hierarchical.HierarchicalTestExecutor.execute(HierarchicalTestExecutor.java:57)
	at org.junit.platform.engine.support.hierarchical.HierarchicalTestEngine.execute(HierarchicalTestEngine.java:54)
	at org.junit.platform.launcher.core.EngineExecutionOrchestrator.executeEngine(EngineExecutionOrchestrator.java:230)
	at org.junit.platform.launcher.core.EngineExecutionOrchestrator.failOrExecuteEngine(EngineExecutionOrchestrator.java:204)
	at org.junit.platform.launcher.core.EngineExecutionOrchestrator.execute(EngineExecutionOrchestrator.java:172)
	at org.junit.platform.launcher.core.EngineExecutionOrchestrator.execute(EngineExecutionOrchestrator.java:101)
	at org.junit.platform.launcher.core.EngineExecutionOrchestrator.lambda$execute$0(EngineExecutionOrchestrator.java:64)
	at org.junit.platform.launcher.core.EngineExecutionOrchestrator.withInterceptedStreams(EngineExecutionOrchestrator.java:150)
	at org.junit.platform.launcher.core.EngineExecutionOrchestrator.execute(EngineExecutionOrchestrator.java:63)
	at org.junit.platform.launcher.core.DefaultLauncher.execute(DefaultLauncher.java:109)
	at org.junit.platform.launcher.core.DefaultLauncher.execute(DefaultLauncher.java:91)
	at org.junit.platform.launcher.core.DelegatingLauncher.execute(DelegatingLauncher.java:47)
	at org.junit.platform.launcher.core.InterceptingLauncher.lambda$execute$1(InterceptingLauncher.java:39)
	at org.junit.platform.launcher.core.ClasspathAlignmentCheckingLauncherInterceptor.intercept(ClasspathAlignmentCheckingLauncherInterceptor.java:25)
	at org.junit.platform.launcher.core.InterceptingLauncher.execute(InterceptingLauncher.java:38)
	at org.junit.platform.launcher.core.DelegatingLauncher.execute(DelegatingLauncher.java:47)
	at org.apache.maven.surefire.junitplatform.LazyLauncher.execute(LazyLauncher.java:56)
	at org.apache.maven.surefire.junitplatform.JUnitPlatformProvider.execute(JUnitPlatformProvider.java:194)
	at org.apache.maven.surefire.junitplatform.JUnitPlatformProvider.invokeAllTests(JUnitPlatformProvider.java:150)
	at org.apache.maven.surefire.junitplatform.JUnitPlatformProvider.invoke(JUnitPlatformProvider.java:124)
	at org.apache.maven.surefire.booter.ForkedBooter.runSuitesInProcess(ForkedBooter.java:385)
	at org.apache.maven.surefire.booter.ForkedBooter.execute(ForkedBooter.java:162)
	at org.apache.maven.surefire.booter.ForkedBooter.run(ForkedBooter.java:507)
	at org.apache.maven.surefire.booter.ForkedBooter.main(ForkedBooter.java:495)
Caused by: org.eclipse.persistence.exceptions.JPQLException: 
Exception Description: Problem compiling [SELECT c FROM Documentation c WHERE c.uid = :uid]. 
[14, 27] The abstract schema type 'Documentation' is unknown.
[36, 41] The state field path 'c.uid' cannot be resolved to a valid type.
	at org.eclipse.persistence.internal.jpa.jpql.HermesParser.buildException(HermesParser.java:159)
	at org.eclipse.persistence.internal.jpa.jpql.HermesParser.validate(HermesParser.java:337)
	at org.eclipse.persistence.internal.jpa.jpql.HermesParser.populateQueryImp(HermesParser.java:271)
	at org.eclipse.persistence.internal.jpa.jpql.HermesParser.buildQuery(HermesParser.java:164)
	at org.eclipse.persistence.internal.jpa.EJBQueryImpl.buildEJBQLDatabaseQuery(EJBQueryImpl.java:141)
	at org.eclipse.persistence.internal.jpa.EJBQueryImpl.buildEJBQLDatabaseQuery(EJBQueryImpl.java:117)
	at org.eclipse.persistence.internal.jpa.EJBQueryImpl.<init>(EJBQueryImpl.java:104)
	at org.eclipse.persistence.internal.jpa.EJBQueryImpl.<init>(EJBQueryImpl.java:88)
	at org.eclipse.persistence.internal.jpa.EntityManagerImpl.createQuery(EntityManagerImpl.java:1726)
	... 82 common frames omitted
2026-08-29 18:29:19 [main] INFO  com.zaxxer.hikari.HikariDataSource - metadata_catalogue - Shutdown initiated...
2026-08-29 18:29:19 [main] INFO  com.zaxxer.hikari.HikariDataSource - metadata_catalogue - Shutdown completed.
2026-08-29 18:29:19 [main] INFO  t.g.io/epos-eric/metadata-database/deploy:main - Creating container for image: ghcr.io/epos-eric/metadata-database/deploy:main
2026-08-29 18:29:19 [main] INFO  t.g.io/epos-eric/metadata-database/deploy:main - Container ghcr.io/epos-eric/metadata-database/deploy:main is starting: c05af10b79b30d23134cf754d2c1570feb782bd54844ea2b5f2dc27c8780f795
2026-08-29 18:29:23 [main] INFO  t.g.io/epos-eric/metadata-database/deploy:main - Container ghcr.io/epos-eric/metadata-database/deploy:main started in PT4.159678215S
2026-08-29 18:29:23 [main] INFO  t.g.io/epos-eric/metadata-database/deploy:main - Container is started (JDBC URL: jdbc:postgresql://localhost:33986/cerif?loggerLevel=OFF)
2026-08-29 18:29:23 [main] INFO  com.zaxxer.hikari.HikariDataSource - metadata_catalogue - Starting...
2026-08-29 18:29:23 [main] INFO  com.zaxxer.hikari.pool.HikariPool - metadata_catalogue - Added connection org.postgresql.jdbc.PgConnection@1722c1fa
2026-08-29 18:29:23 [main] INFO  com.zaxxer.hikari.HikariDataSource - metadata_catalogue - Start completed.
2026-08-29 18:29:26 [main] INFO  com.zaxxer.hikari.HikariDataSource - metadata_catalogue - Shutdown initiated...
2026-08-29 18:29:26 [main] INFO  com.zaxxer.hikari.HikariDataSource - metadata_catalogue - Shutdown completed.
2026-08-29 18:29:26 [main] INFO  t.g.io/epos-eric/metadata-database/deploy:main - Creating container for image: ghcr.io/epos-eric/metadata-database/deploy:main
2026-08-29 18:29:26 [main] INFO  t.g.io/epos-eric/metadata-database/deploy:main - Container ghcr.io/epos-eric/metadata-database/deploy:main is starting: cb1396ae3d53af031eb0658b32cfdbbd6514964b0a455df8f7478f4f0499e0c2
2026-08-29 18:29:30 [main] INFO  t.g.io/epos-eric/metadata-database/deploy:main - Container ghcr.io/epos-eric/metadata-database/deploy:main started in PT4.118804033S
2026-08-29 18:29:30 [main] INFO  t.g.io/epos-eric/metadata-database/deploy:main - Container is started (JDBC URL: jdbc:postgresql://localhost:33987/cerif?loggerLevel=OFF)
2026-08-29 18:29:30 [main] INFO  com.zaxxer.hikari.HikariDataSource - metadata_catalogue - Starting...
2026-08-29 18:29:30 [main] INFO  com.zaxxer.hikari.pool.HikariPool - metadata_catalogue - Added connection org.postgresql.jdbc.PgConnection@2e044892
2026-08-29 18:29:30 [main] INFO  com.zaxxer.hikari.HikariDataSource - metadata_catalogue - Start completed.
2026-08-29 18:29:30 [main] INFO  com.zaxxer.hikari.HikariDataSource - metadata_catalogue - Shutdown initiated...
2026-08-29 18:29:30 [main] INFO  com.zaxxer.hikari.HikariDataSource - metadata_catalogue - Shutdown completed.
2026-08-29 18:29:31 [main] INFO  t.g.io/epos-eric/metadata-database/deploy:main - Creating container for image: ghcr.io/epos-eric/metadata-database/deploy:main
2026-08-29 18:29:31 [main] INFO  t.g.io/epos-eric/metadata-database/deploy:main - Container ghcr.io/epos-eric/metadata-database/deploy:main is starting: 925b82d838d5b2b6df442171e66efabdcc2f552f415179f22773a2a0e1974f81
2026-08-29 18:29:35 [main] INFO  t.g.io/epos-eric/metadata-database/deploy:main - Container ghcr.io/epos-eric/metadata-database/deploy:main started in PT4.035457723S
2026-08-29 18:29:35 [main] INFO  t.g.io/epos-eric/metadata-database/deploy:main - Container is started (JDBC URL: jdbc:postgresql://localhost:33988/cerif?loggerLevel=OFF)
2026-08-29 18:29:35 [main] INFO  com.zaxxer.hikari.HikariDataSource - metadata_catalogue - Starting...
2026-08-29 18:29:35 [main] INFO  com.zaxxer.hikari.pool.HikariPool - metadata_catalogue - Added connection org.postgresql.jdbc.PgConnection@39236f4a
2026-08-29 18:29:35 [main] INFO  com.zaxxer.hikari.HikariDataSource - metadata_catalogue - Start completed.
2026-08-29 18:29:35 [main] INFO  com.zaxxer.hikari.HikariDataSource - metadata_catalogue - Shutdown initiated...
2026-08-29 18:29:35 [main] INFO  com.zaxxer.hikari.HikariDataSource - metadata_catalogue - Shutdown completed.
2026-08-29 18:29:36 [main] INFO  t.g.io/epos-eric/metadata-database/deploy:main - Creating container for image: ghcr.io/epos-eric/metadata-database/deploy:main
2026-08-29 18:29:36 [main] INFO  t.g.io/epos-eric/metadata-database/deploy:main - Container ghcr.io/epos-eric/metadata-database/deploy:main is starting: 00c38bece7b19839ac3b82c7177e3681d31f1391faba19345b4d80c3f2f88595
2026-08-29 18:29:40 [main] INFO  t.g.io/epos-eric/metadata-database/deploy:main - Container ghcr.io/epos-eric/metadata-database/deploy:main started in PT4.38522973S
2026-08-29 18:29:40 [main] INFO  t.g.io/epos-eric/metadata-database/deploy:main - Container is started (JDBC URL: jdbc:postgresql://localhost:33989/cerif?loggerLevel=OFF)
2026-08-29 18:29:40 [main] INFO  com.zaxxer.hikari.HikariDataSource - metadata_catalogue - Starting...
2026-08-29 18:29:40 [main] INFO  com.zaxxer.hikari.pool.HikariPool - metadata_catalogue - Added connection org.postgresql.jdbc.PgConnection@3433da8f
2026-08-29 18:29:40 [main] INFO  com.zaxxer.hikari.HikariDataSource - metadata_catalogue - Start completed.
2026-08-29 18:29:40 [main] INFO  com.zaxxer.hikari.HikariDataSource - metadata_catalogue - Shutdown initiated...
2026-08-29 18:29:40 [main] INFO  com.zaxxer.hikari.HikariDataSource - metadata_catalogue - Shutdown completed.
2026-08-29 18:29:41 [main] INFO  t.g.io/epos-eric/metadata-database/deploy:main - Creating container for image: ghcr.io/epos-eric/metadata-database/deploy:main
2026-08-29 18:29:41 [main] INFO  t.g.io/epos-eric/metadata-database/deploy:main - Container ghcr.io/epos-eric/metadata-database/deploy:main is starting: b9c2720be60bb4b61d8ed8d47ab40440f0323170d81391e07796d7d5f354a5e9
2026-08-29 18:29:46 [main] INFO  t.g.io/epos-eric/metadata-database/deploy:main - Container ghcr.io/epos-eric/metadata-database/deploy:main started in PT4.601982224S
2026-08-29 18:29:46 [main] INFO  t.g.io/epos-eric/metadata-database/deploy:main - Container is started (JDBC URL: jdbc:postgresql://localhost:33990/cerif?loggerLevel=OFF)
2026-08-29 18:29:46 [main] INFO  com.zaxxer.hikari.HikariDataSource - metadata_catalogue - Starting...
2026-08-29 18:29:46 [main] INFO  com.zaxxer.hikari.pool.HikariPool - metadata_catalogue - Added connection org.postgresql.jdbc.PgConnection@1b6df63c
2026-08-29 18:29:46 [main] INFO  com.zaxxer.hikari.HikariDataSource - metadata_catalogue - Start completed.
2026-08-29 18:29:46 [main] INFO  com.zaxxer.hikari.HikariDataSource - metadata_catalogue - Shutdown initiated...
2026-08-29 18:29:46 [main] INFO  com.zaxxer.hikari.HikariDataSource - metadata_catalogue - Shutdown completed.
2026-08-29 18:29:46 [main] INFO  t.g.io/epos-eric/metadata-database/deploy:main - Creating container for image: ghcr.io/epos-eric/metadata-database/deploy:main
2026-08-29 18:29:46 [main] INFO  t.g.io/epos-eric/metadata-database/deploy:main - Container ghcr.io/epos-eric/metadata-database/deploy:main is starting: d6ae3d571ae6462651539b7cd956438ab3769c9609a28c07c4894f881ff0fe54
2026-08-29 18:29:50 [main] INFO  t.g.io/epos-eric/metadata-database/deploy:main - Container ghcr.io/epos-eric/metadata-database/deploy:main started in PT4.362816824S
2026-08-29 18:29:50 [main] INFO  t.g.io/epos-eric/metadata-database/deploy:main - Container is started (JDBC URL: jdbc:postgresql://localhost:33991/cerif?loggerLevel=OFF)
2026-08-29 18:29:50 [main] INFO  com.zaxxer.hikari.HikariDataSource - metadata_catalogue - Starting...
2026-08-29 18:29:50 [main] INFO  com.zaxxer.hikari.pool.HikariPool - metadata_catalogue - Added connection org.postgresql.jdbc.PgConnection@3fecb459
2026-08-29 18:29:50 [main] INFO  com.zaxxer.hikari.HikariDataSource - metadata_catalogue - Start completed.
2026-08-29 18:29:51 [main] INFO  com.zaxxer.hikari.HikariDataSource - metadata_catalogue - Shutdown initiated...
2026-08-29 18:29:51 [main] INFO  com.zaxxer.hikari.HikariDataSource - metadata_catalogue - Shutdown completed.
2026-08-29 18:29:51 [main] INFO  t.g.io/epos-eric/metadata-database/deploy:main - Creating container for image: ghcr.io/epos-eric/metadata-database/deploy:main
2026-08-29 18:29:51 [main] INFO  t.g.io/epos-eric/metadata-database/deploy:main - Container ghcr.io/epos-eric/metadata-database/deploy:main is starting: 1a67e8029b6817f0a8fb28140b8c57a237ff922336a7856336fdfb059daf6ca0
2026-08-29 18:29:55 [main] INFO  t.g.io/epos-eric/metadata-database/deploy:main - Container ghcr.io/epos-eric/metadata-database/deploy:main started in PT4.174095317S
2026-08-29 18:29:55 [main] INFO  t.g.io/epos-eric/metadata-database/deploy:main - Container is started (JDBC URL: jdbc:postgresql://localhost:33992/cerif?loggerLevel=OFF)
2026-08-29 18:29:55 [main] INFO  com.zaxxer.hikari.HikariDataSource - metadata_catalogue - Starting...
2026-08-29 18:29:55 [main] INFO  com.zaxxer.hikari.pool.HikariPool - metadata_catalogue - Added connection org.postgresql.jdbc.PgConnection@7831cf5c
2026-08-29 18:29:55 [main] INFO  com.zaxxer.hikari.HikariDataSource - metadata_catalogue - Start completed.
2026-08-29 18:29:57 [main] INFO  com.zaxxer.hikari.HikariDataSource - metadata_catalogue - Shutdown initiated...
2026-08-29 18:29:57 [main] INFO  com.zaxxer.hikari.HikariDataSource - metadata_catalogue - Shutdown completed.
2026-08-29 18:29:57 [main] INFO  t.g.io/epos-eric/metadata-database/deploy:main - Creating container for image: ghcr.io/epos-eric/metadata-database/deploy:main
2026-08-29 18:29:57 [main] INFO  t.g.io/epos-eric/metadata-database/deploy:main - Container ghcr.io/epos-eric/metadata-database/deploy:main is starting: a06099d8062c57860e59cbb9b031cf4b40a21cc669f2e40747ebb031fd51f129
2026-08-29 18:30:01 [main] INFO  t.g.io/epos-eric/metadata-database/deploy:main - Container ghcr.io/epos-eric/metadata-database/deploy:main started in PT3.812001342S
2026-08-29 18:30:01 [main] INFO  t.g.io/epos-eric/metadata-database/deploy:main - Container is started (JDBC URL: jdbc:postgresql://localhost:33993/cerif?loggerLevel=OFF)
2026-08-29 18:30:01 [main] INFO  com.zaxxer.hikari.HikariDataSource - metadata_catalogue - Starting...
2026-08-29 18:30:01 [main] INFO  com.zaxxer.hikari.pool.HikariPool - metadata_catalogue - Added connection org.postgresql.jdbc.PgConnection@112085ea
2026-08-29 18:30:01 [main] INFO  com.zaxxer.hikari.HikariDataSource - metadata_catalogue - Start completed.
2026-08-29 18:30:01 [main] INFO  com.zaxxer.hikari.HikariDataSource - metadata_catalogue - Shutdown initiated...
2026-08-29 18:30:01 [main] INFO  com.zaxxer.hikari.HikariDataSource - metadata_catalogue - Shutdown completed.
2026-08-29 18:30:02 [main] INFO  t.g.io/epos-eric/metadata-database/deploy:main - Creating container for image: ghcr.io/epos-eric/metadata-database/deploy:main
2026-08-29 18:30:02 [main] INFO  t.g.io/epos-eric/metadata-database/deploy:main - Container ghcr.io/epos-eric/metadata-database/deploy:main is starting: 4fd468ede8ab4e64457ca8b1431098c0f57b23f8e7497ec4c8e26015671d050f
2026-08-29 18:30:06 [main] INFO  t.g.io/epos-eric/metadata-database/deploy:main - Container ghcr.io/epos-eric/metadata-database/deploy:main started in PT4.422224009S
2026-08-29 18:30:06 [main] INFO  t.g.io/epos-eric/metadata-database/deploy:main - Container is started (JDBC URL: jdbc:postgresql://localhost:33994/cerif?loggerLevel=OFF)
2026-08-29 18:30:06 [main] INFO  com.zaxxer.hikari.HikariDataSource - metadata_catalogue - Starting...
2026-08-29 18:30:06 [main] INFO  com.zaxxer.hikari.pool.HikariPool - metadata_catalogue - Added connection org.postgresql.jdbc.PgConnection@639aa001
2026-08-29 18:30:06 [main] INFO  com.zaxxer.hikari.HikariDataSource - metadata_catalogue - Start completed.
2026-08-29 18:30:06 [main] INFO  com.zaxxer.hikari.HikariDataSource - metadata_catalogue - Shutdown initiated...
2026-08-29 18:30:06 [main] INFO  com.zaxxer.hikari.HikariDataSource - metadata_catalogue - Shutdown completed.
2026-08-29 18:30:07 [main] INFO  t.g.io/epos-eric/metadata-database/deploy:main - Creating container for image: ghcr.io/epos-eric/metadata-database/deploy:main
2026-08-29 18:30:07 [main] INFO  t.g.io/epos-eric/metadata-database/deploy:main - Container ghcr.io/epos-eric/metadata-database/deploy:main is starting: 41e30eac51441fbdceda5709e76c5ae2cd3c763337bf702a674ccce0124c9bec
2026-08-29 18:30:12 [main] INFO  t.g.io/epos-eric/metadata-database/deploy:main - Container ghcr.io/epos-eric/metadata-database/deploy:main started in PT4.949871983S
2026-08-29 18:30:12 [main] INFO  t.g.io/epos-eric/metadata-database/deploy:main - Container is started (JDBC URL: jdbc:postgresql://localhost:33995/cerif?loggerLevel=OFF)
2026-08-29 18:30:12 [main] INFO  com.zaxxer.hikari.HikariDataSource - metadata_catalogue - Starting...
2026-08-29 18:30:12 [main] INFO  com.zaxxer.hikari.pool.HikariPool - metadata_catalogue - Added connection org.postgresql.jdbc.PgConnection@4138a070
2026-08-29 18:30:12 [main] INFO  com.zaxxer.hikari.HikariDataSource - metadata_catalogue - Start completed.
2026-08-29 18:30:12 [main] INFO  com.zaxxer.hikari.HikariDataSource - metadata_catalogue - Shutdown initiated...
2026-08-29 18:30:12 [main] INFO  com.zaxxer.hikari.HikariDataSource - metadata_catalogue - Shutdown completed.
2026-08-29 18:30:12 [main] INFO  t.g.io/epos-eric/metadata-database/deploy:main - Creating container for image: ghcr.io/epos-eric/metadata-database/deploy:main
2026-08-29 18:30:12 [main] INFO  t.g.io/epos-eric/metadata-database/deploy:main - Container ghcr.io/epos-eric/metadata-database/deploy:main is starting: 6d925d77463618cc1d20eeee249cf0e41c35de0a7fa325b486c1c98591ea3ab5
2026-08-29 18:30:16 [main] INFO  t.g.io/epos-eric/metadata-database/deploy:main - Container ghcr.io/epos-eric/metadata-database/deploy:main started in PT3.990547042S
2026-08-29 18:30:16 [main] INFO  t.g.io/epos-eric/metadata-database/deploy:main - Container is started (JDBC URL: jdbc:postgresql://localhost:33996/cerif?loggerLevel=OFF)
2026-08-29 18:30:16 [main] INFO  com.zaxxer.hikari.HikariDataSource - metadata_catalogue - Starting...
2026-08-29 18:30:16 [main] INFO  com.zaxxer.hikari.pool.HikariPool - metadata_catalogue - Added connection org.postgresql.jdbc.PgConnection@11ef4c3c
2026-08-29 18:30:16 [main] INFO  com.zaxxer.hikari.HikariDataSource - metadata_catalogue - Start completed.
2026-08-29 18:30:17 [main] INFO  com.zaxxer.hikari.HikariDataSource - metadata_catalogue - Shutdown initiated...
2026-08-29 18:30:17 [main] INFO  com.zaxxer.hikari.HikariDataSource - metadata_catalogue - Shutdown completed.
2026-08-29 18:30:17 [main] INFO  t.g.io/epos-eric/metadata-database/deploy:main - Creating container for image: ghcr.io/epos-eric/metadata-database/deploy:main
2026-08-29 18:30:17 [main] INFO  t.g.io/epos-eric/metadata-database/deploy:main - Container ghcr.io/epos-eric/metadata-database/deploy:main is starting: ba2f5ff4451e87c2369f28d7aa75b488cb8bbd1a5a421f6af8e22093f8b89a22
2026-08-29 18:30:21 [main] INFO  t.g.io/epos-eric/metadata-database/deploy:main - Container ghcr.io/epos-eric/metadata-database/deploy:main started in PT4.220570569S
2026-08-29 18:30:21 [main] INFO  t.g.io/epos-eric/metadata-database/deploy:main - Container is started (JDBC URL: jdbc:postgresql://localhost:33997/cerif?loggerLevel=OFF)
2026-08-29 18:30:21 [main] INFO  com.zaxxer.hikari.HikariDataSource - metadata_catalogue - Starting...
2026-08-29 18:30:21 [main] INFO  com.zaxxer.hikari.pool.HikariPool - metadata_catalogue - Added connection org.postgresql.jdbc.PgConnection@1f86afc0
2026-08-29 18:30:21 [main] INFO  com.zaxxer.hikari.HikariDataSource - metadata_catalogue - Start completed.
2026-08-29 18:30:22 [main] INFO  com.zaxxer.hikari.HikariDataSource - metadata_catalogue - Shutdown initiated...
2026-08-29 18:30:22 [main] INFO  com.zaxxer.hikari.HikariDataSource - metadata_catalogue - Shutdown completed.
2026-08-29 18:30:22 [main] INFO  t.g.io/epos-eric/metadata-database/deploy:main - Creating container for image: ghcr.io/epos-eric/metadata-database/deploy:main
2026-08-29 18:30:22 [main] INFO  t.g.io/epos-eric/metadata-database/deploy:main - Container ghcr.io/epos-eric/metadata-database/deploy:main is starting: 134f6e549898e15825991b1b23b20500b17ac06464cdcfd6c04c6054e491df2c
2026-08-29 18:30:26 [main] INFO  t.g.io/epos-eric/metadata-database/deploy:main - Container ghcr.io/epos-eric/metadata-database/deploy:main started in PT4.271567092S
2026-08-29 18:30:26 [main] INFO  t.g.io/epos-eric/metadata-database/deploy:main - Container is started (JDBC URL: jdbc:postgresql://localhost:33998/cerif?loggerLevel=OFF)
2026-08-29 18:30:26 [main] INFO  com.zaxxer.hikari.HikariDataSource - metadata_catalogue - Starting...
2026-08-29 18:30:26 [main] INFO  com.zaxxer.hikari.pool.HikariPool - metadata_catalogue - Added connection org.postgresql.jdbc.PgConnection@1aab2f09
2026-08-29 18:30:26 [main] INFO  com.zaxxer.hikari.HikariDataSource - metadata_catalogue - Start completed.
2026-08-29 18:30:28 [main] INFO  com.zaxxer.hikari.HikariDataSource - metadata_catalogue - Shutdown initiated...
2026-08-29 18:30:28 [main] INFO  com.zaxxer.hikari.HikariDataSource - metadata_catalogue - Shutdown completed.
2026-08-29 18:30:28 [main] INFO  t.g.io/epos-eric/metadata-database/deploy:main - Creating container for image: ghcr.io/epos-eric/metadata-database/deploy:main
2026-08-29 18:30:28 [main] INFO  t.g.io/epos-eric/metadata-database/deploy:main - Container ghcr.io/epos-eric/metadata-database/deploy:main is starting: 2e62a7995e29bd751866ed17c7a2bc6146a84998de70d09ecf64333ddc431138
2026-08-29 18:30:32 [main] INFO  t.g.io/epos-eric/metadata-database/deploy:main - Container ghcr.io/epos-eric/metadata-database/deploy:main started in PT4.082729424S
2026-08-29 18:30:32 [main] INFO  t.g.io/epos-eric/metadata-database/deploy:main - Container is started (JDBC URL: jdbc:postgresql://localhost:33999/cerif?loggerLevel=OFF)
2026-08-29 18:30:32 [main] INFO  com.zaxxer.hikari.HikariDataSource - metadata_catalogue - Starting...
2026-08-29 18:30:32 [main] INFO  com.zaxxer.hikari.pool.HikariPool - metadata_catalogue - Added connection org.postgresql.jdbc.PgConnection@2e05ec57
2026-08-29 18:30:32 [main] INFO  com.zaxxer.hikari.HikariDataSource - metadata_catalogue - Start completed.
2026-08-29 18:30:32 [main] INFO  com.zaxxer.hikari.HikariDataSource - metadata_catalogue - Shutdown initiated...
2026-08-29 18:30:32 [main] INFO  com.zaxxer.hikari.HikariDataSource - metadata_catalogue - Shutdown completed.
2026-08-29 18:30:33 [main] INFO  t.g.io/epos-eric/metadata-database/deploy:main - Creating container for image: ghcr.io/epos-eric/metadata-database/deploy:main
2026-08-29 18:30:33 [main] INFO  t.g.io/epos-eric/metadata-database/deploy:main - Container ghcr.io/epos-eric/metadata-database/deploy:main is starting: 749a1becbfd777b5bbfb31ae1e22bb9295f8fe55b20a3eed3a8d462338365723
2026-08-29 18:30:37 [main] INFO  t.g.io/epos-eric/metadata-database/deploy:main - Container ghcr.io/epos-eric/metadata-database/deploy:main started in PT4.511932916S
2026-08-29 18:30:37 [main] INFO  t.g.io/epos-eric/metadata-database/deploy:main - Container is started (JDBC URL: jdbc:postgresql://localhost:34000/cerif?loggerLevel=OFF)
2026-08-29 18:30:37 [main] INFO  com.zaxxer.hikari.HikariDataSource - metadata_catalogue - Starting...
2026-08-29 18:30:37 [main] INFO  com.zaxxer.hikari.pool.HikariPool - metadata_catalogue - Added connection org.postgresql.jdbc.PgConnection@498c3541
2026-08-29 18:30:37 [main] INFO  com.zaxxer.hikari.HikariDataSource - metadata_catalogue - Start completed.
2026-08-29 18:30:38 [main] INFO  com.zaxxer.hikari.HikariDataSource - metadata_catalogue - Shutdown initiated...
2026-08-29 18:30:38 [main] INFO  com.zaxxer.hikari.HikariDataSource - metadata_catalogue - Shutdown completed.
2026-08-29 18:30:38 [main] INFO  t.g.io/epos-eric/metadata-database/deploy:main - Creating container for image: ghcr.io/epos-eric/metadata-database/deploy:main
2026-08-29 18:30:38 [main] INFO  t.g.io/epos-eric/metadata-database/deploy:main - Container ghcr.io/epos-eric/metadata-database/deploy:main is starting: 1af93f56790fce5b3b00fa159785e76b3e9a58ccc95dd39c6d2ed0f4dca6f5f4
2026-08-29 18:30:42 [main] INFO  t.g.io/epos-eric/metadata-database/deploy:main - Container ghcr.io/epos-eric/metadata-database/deploy:main started in PT3.957767058S
2026-08-29 18:30:42 [main] INFO  t.g.io/epos-eric/metadata-database/deploy:main - Container is started (JDBC URL: jdbc:postgresql://localhost:34001/cerif?loggerLevel=OFF)
2026-08-29 18:30:42 [main] INFO  com.zaxxer.hikari.HikariDataSource - metadata_catalogue - Starting...
2026-08-29 18:30:42 [main] INFO  com.zaxxer.hikari.pool.HikariPool - metadata_catalogue - Added connection org.postgresql.jdbc.PgConnection@438bb942
2026-08-29 18:30:42 [main] INFO  com.zaxxer.hikari.HikariDataSource - metadata_catalogue - Start completed.
2026-08-29 18:30:42 [main] INFO  com.zaxxer.hikari.HikariDataSource - metadata_catalogue - Shutdown initiated...
2026-08-29 18:30:42 [main] INFO  com.zaxxer.hikari.HikariDataSource - metadata_catalogue - Shutdown completed.
2026-08-29 18:30:42 [main] INFO  t.g.io/epos-eric/metadata-database/deploy:main - Creating container for image: ghcr.io/epos-eric/metadata-database/deploy:main
2026-08-29 18:30:42 [main] INFO  t.g.io/epos-eric/metadata-database/deploy:main - Container ghcr.io/epos-eric/metadata-database/deploy:main is starting: 15cabe2b091198f3e7fec9754928b36f9a7022fe1679c7bda820426c09524620
2026-08-29 18:30:46 [main] INFO  t.g.io/epos-eric/metadata-database/deploy:main - Container ghcr.io/epos-eric/metadata-database/deploy:main started in PT3.773369284S
2026-08-29 18:30:46 [main] INFO  t.g.io/epos-eric/metadata-database/deploy:main - Container is started (JDBC URL: jdbc:postgresql://localhost:34002/cerif?loggerLevel=OFF)
2026-08-29 18:30:46 [main] INFO  com.zaxxer.hikari.HikariDataSource - metadata_catalogue - Starting...
2026-08-29 18:30:46 [main] INFO  com.zaxxer.hikari.pool.HikariPool - metadata_catalogue - Added connection org.postgresql.jdbc.PgConnection@707c6718
2026-08-29 18:30:46 [main] INFO  com.zaxxer.hikari.HikariDataSource - metadata_catalogue - Start completed.
2026-08-29 18:30:47 [main] INFO  com.zaxxer.hikari.HikariDataSource - metadata_catalogue - Shutdown initiated...
2026-08-29 18:30:47 [main] INFO  com.zaxxer.hikari.HikariDataSource - metadata_catalogue - Shutdown completed.
2026-08-29 18:30:47 [main] INFO  t.g.io/epos-eric/metadata-database/deploy:main - Creating container for image: ghcr.io/epos-eric/metadata-database/deploy:main
2026-08-29 18:30:47 [main] INFO  t.g.io/epos-eric/metadata-database/deploy:main - Container ghcr.io/epos-eric/metadata-database/deploy:main is starting: 94e43e200eafd159c1d789fd9c887be5a41554c6577d26755b654059428fabb5
2026-08-29 18:30:52 [main] INFO  t.g.io/epos-eric/metadata-database/deploy:main - Container ghcr.io/epos-eric/metadata-database/deploy:main started in PT4.783497685S
2026-08-29 18:30:52 [main] INFO  t.g.io/epos-eric/metadata-database/deploy:main - Container is started (JDBC URL: jdbc:postgresql://localhost:34003/cerif?loggerLevel=OFF)
2026-08-29 18:30:52 [main] INFO  com.zaxxer.hikari.HikariDataSource - metadata_catalogue - Starting...
2026-08-29 18:30:52 [main] INFO  com.zaxxer.hikari.pool.HikariPool - metadata_catalogue - Added connection org.postgresql.jdbc.PgConnection@3abb0a0f
2026-08-29 18:30:52 [main] INFO  com.zaxxer.hikari.HikariDataSource - metadata_catalogue - Start completed.
2026-08-29 18:30:52 [main] INFO  com.zaxxer.hikari.HikariDataSource - metadata_catalogue - Shutdown initiated...
2026-08-29 18:30:52 [main] INFO  com.zaxxer.hikari.HikariDataSource - metadata_catalogue - Shutdown completed.
2026-08-29 18:30:53 [main] INFO  t.g.io/epos-eric/metadata-database/deploy:main - Creating container for image: ghcr.io/epos-eric/metadata-database/deploy:main
2026-08-29 18:30:53 [main] INFO  t.g.io/epos-eric/metadata-database/deploy:main - Container ghcr.io/epos-eric/metadata-database/deploy:main is starting: 0e86e6979bf238fe329458178cbf1305e93617a93f19d7acddfba6d9661e5596
2026-08-29 18:30:57 [main] INFO  t.g.io/epos-eric/metadata-database/deploy:main - Container ghcr.io/epos-eric/metadata-database/deploy:main started in PT4.057716038S
2026-08-29 18:30:57 [main] INFO  t.g.io/epos-eric/metadata-database/deploy:main - Container is started (JDBC URL: jdbc:postgresql://localhost:34004/cerif?loggerLevel=OFF)
2026-08-29 18:30:57 [main] INFO  com.zaxxer.hikari.HikariDataSource - metadata_catalogue - Starting...
2026-08-29 18:30:57 [main] INFO  com.zaxxer.hikari.pool.HikariPool - metadata_catalogue - Added connection org.postgresql.jdbc.PgConnection@e2acc49
2026-08-29 18:30:57 [main] INFO  com.zaxxer.hikari.HikariDataSource - metadata_catalogue - Start completed.
2026-08-29 18:30:57 [main] INFO  com.zaxxer.hikari.HikariDataSource - metadata_catalogue - Shutdown initiated...
2026-08-29 18:30:57 [main] INFO  com.zaxxer.hikari.HikariDataSource - metadata_catalogue - Shutdown completed.
2026-08-29 18:30:57 [main] INFO  t.g.io/epos-eric/metadata-database/deploy:main - Creating container for image: ghcr.io/epos-eric/metadata-database/deploy:main
2026-08-29 18:30:58 [main] INFO  t.g.io/epos-eric/metadata-database/deploy:main - Container ghcr.io/epos-eric/metadata-database/deploy:main is starting: 4c322a3729cf9035092ec0deefb2685df526cea78b90a09f2e840d79dabfca60
2026-08-29 18:31:01 [main] INFO  t.g.io/epos-eric/metadata-database/deploy:main - Container ghcr.io/epos-eric/metadata-database/deploy:main started in PT3.760513913S
2026-08-29 18:31:01 [main] INFO  t.g.io/epos-eric/metadata-database/deploy:main - Container is started (JDBC URL: jdbc:postgresql://localhost:34005/cerif?loggerLevel=OFF)
2026-08-29 18:31:01 [main] INFO  com.zaxxer.hikari.HikariDataSource - metadata_catalogue - Starting...
2026-08-29 18:31:01 [main] INFO  com.zaxxer.hikari.pool.HikariPool - metadata_catalogue - Added connection org.postgresql.jdbc.PgConnection@614018
2026-08-29 18:31:01 [main] INFO  com.zaxxer.hikari.HikariDataSource - metadata_catalogue - Start completed.
2026-08-29 18:31:02 [main] INFO  com.zaxxer.hikari.HikariDataSource - metadata_catalogue - Shutdown initiated...
2026-08-29 18:31:02 [main] INFO  com.zaxxer.hikari.HikariDataSource - metadata_catalogue - Shutdown completed.
2026-08-29 18:31:02 [main] INFO  t.g.io/epos-eric/metadata-database/deploy:main - Creating container for image: ghcr.io/epos-eric/metadata-database/deploy:main
2026-08-29 18:31:02 [main] INFO  t.g.io/epos-eric/metadata-database/deploy:main - Container ghcr.io/epos-eric/metadata-database/deploy:main is starting: 86489d3e73a37cd388961c9e7fa0505d3d35f0e7bbada5d37c6af1df2d42aa63
2026-08-29 18:31:07 [main] INFO  t.g.io/epos-eric/metadata-database/deploy:main - Container ghcr.io/epos-eric/metadata-database/deploy:main started in PT4.785115488S
2026-08-29 18:31:07 [main] INFO  t.g.io/epos-eric/metadata-database/deploy:main - Container is started (JDBC URL: jdbc:postgresql://localhost:34006/cerif?loggerLevel=OFF)
2026-08-29 18:31:07 [main] INFO  com.zaxxer.hikari.HikariDataSource - metadata_catalogue - Starting...
2026-08-29 18:31:07 [main] INFO  com.zaxxer.hikari.pool.HikariPool - metadata_catalogue - Added connection org.postgresql.jdbc.PgConnection@3c81c875
2026-08-29 18:31:07 [main] INFO  com.zaxxer.hikari.HikariDataSource - metadata_catalogue - Start completed.
2026-08-29 18:31:07 [main] INFO  com.zaxxer.hikari.HikariDataSource - metadata_catalogue - Shutdown initiated...
2026-08-29 18:31:07 [main] INFO  com.zaxxer.hikari.HikariDataSource - metadata_catalogue - Shutdown completed.
2026-08-29 18:31:07 [main] INFO  t.g.io/epos-eric/metadata-database/deploy:main - Creating container for image: ghcr.io/epos-eric/metadata-database/deploy:main
2026-08-29 18:31:08 [main] INFO  t.g.io/epos-eric/metadata-database/deploy:main - Container ghcr.io/epos-eric/metadata-database/deploy:main is starting: 9b11d8c4cfe63ef7d2bff4367ab4f24e90b1af43584c1c0aa67137a6638cf293
2026-08-29 18:31:12 [main] INFO  t.g.io/epos-eric/metadata-database/deploy:main - Container ghcr.io/epos-eric/metadata-database/deploy:main started in PT4.647397614S
2026-08-29 18:31:12 [main] INFO  t.g.io/epos-eric/metadata-database/deploy:main - Container is started (JDBC URL: jdbc:postgresql://localhost:34007/cerif?loggerLevel=OFF)
2026-08-29 18:31:12 [main] INFO  com.zaxxer.hikari.HikariDataSource - metadata_catalogue - Starting...
2026-08-29 18:31:12 [main] INFO  com.zaxxer.hikari.pool.HikariPool - metadata_catalogue - Added connection org.postgresql.jdbc.PgConnection@2f76ed5f
2026-08-29 18:31:12 [main] INFO  com.zaxxer.hikari.HikariDataSource - metadata_catalogue - Start completed.
2026-08-29 18:31:12 [main] INFO  com.zaxxer.hikari.HikariDataSource - metadata_catalogue - Shutdown initiated...
2026-08-29 18:31:12 [main] INFO  com.zaxxer.hikari.HikariDataSource - metadata_catalogue - Shutdown completed.
2026-08-29 18:31:13 [main] INFO  t.g.io/epos-eric/metadata-database/deploy:main - Creating container for image: ghcr.io/epos-eric/metadata-database/deploy:main
2026-08-29 18:31:13 [main] INFO  t.g.io/epos-eric/metadata-database/deploy:main - Container ghcr.io/epos-eric/metadata-database/deploy:main is starting: 5d8544b05d0ee797de61f24ad3b17cb91ad2d5ab7a4d83f26cb9d5bbb5727430
2026-08-29 18:31:17 [main] INFO  t.g.io/epos-eric/metadata-database/deploy:main - Container ghcr.io/epos-eric/metadata-database/deploy:main started in PT4.067950292S
2026-08-29 18:31:17 [main] INFO  t.g.io/epos-eric/metadata-database/deploy:main - Container is started (JDBC URL: jdbc:postgresql://localhost:34008/cerif?loggerLevel=OFF)
2026-08-29 18:31:17 [main] INFO  com.zaxxer.hikari.HikariDataSource - metadata_catalogue - Starting...
2026-08-29 18:31:17 [main] INFO  com.zaxxer.hikari.pool.HikariPool - metadata_catalogue - Added connection org.postgresql.jdbc.PgConnection@f973a72
2026-08-29 18:31:17 [main] INFO  com.zaxxer.hikari.HikariDataSource - metadata_catalogue - Start completed.
2026-08-29 18:31:17 [main] INFO  com.zaxxer.hikari.HikariDataSource - metadata_catalogue - Shutdown initiated...
2026-08-29 18:31:17 [main] INFO  com.zaxxer.hikari.HikariDataSource - metadata_catalogue - Shutdown completed.
2026-08-29 18:31:18 [main] INFO  t.g.io/epos-eric/metadata-database/deploy:main - Creating container for image: ghcr.io/epos-eric/metadata-database/deploy:main
2026-08-29 18:31:18 [main] INFO  t.g.io/epos-eric/metadata-database/deploy:main - Container ghcr.io/epos-eric/metadata-database/deploy:main is starting: 986ae642bbad247f4885c3a6ee61a6897ce4c9f831837bc2480fd39e99591619
2026-08-29 18:31:22 [main] INFO  t.g.io/epos-eric/metadata-database/deploy:main - Container ghcr.io/epos-eric/metadata-database/deploy:main started in PT4.935428843S
2026-08-29 18:31:22 [main] INFO  t.g.io/epos-eric/metadata-database/deploy:main - Container is started (JDBC URL: jdbc:postgresql://localhost:34009/cerif?loggerLevel=OFF)
2026-08-29 18:31:22 [main] INFO  com.zaxxer.hikari.HikariDataSource - metadata_catalogue - Starting...
2026-08-29 18:31:22 [main] INFO  com.zaxxer.hikari.pool.HikariPool - metadata_catalogue - Added connection org.postgresql.jdbc.PgConnection@30973e1f
2026-08-29 18:31:22 [main] INFO  com.zaxxer.hikari.HikariDataSource - metadata_catalogue - Start completed.
2026-08-29 18:31:23 [main] INFO  com.zaxxer.hikari.HikariDataSource - metadata_catalogue - Shutdown initiated...
2026-08-29 18:31:23 [main] INFO  com.zaxxer.hikari.HikariDataSource - metadata_catalogue - Shutdown completed.
2026-08-29 18:31:23 [main] INFO  t.g.io/epos-eric/metadata-database/deploy:main - Creating container for image: ghcr.io/epos-eric/metadata-database/deploy:main
2026-08-29 18:31:23 [main] INFO  t.g.io/epos-eric/metadata-database/deploy:main - Container ghcr.io/epos-eric/metadata-database/deploy:main is starting: b670c2c567adab7f161f34228eb78d73735ae4bc0b9713b1c2ebe6c632164e1e
2026-08-29 18:31:28 [main] INFO  t.g.io/epos-eric/metadata-database/deploy:main - Container ghcr.io/epos-eric/metadata-database/deploy:main started in PT4.399411186S
2026-08-29 18:31:28 [main] INFO  t.g.io/epos-eric/metadata-database/deploy:main - Container is started (JDBC URL: jdbc:postgresql://localhost:34010/cerif?loggerLevel=OFF)
2026-08-29 18:31:28 [main] INFO  com.zaxxer.hikari.HikariDataSource - metadata_catalogue - Starting...
2026-08-29 18:31:28 [main] INFO  com.zaxxer.hikari.pool.HikariPool - metadata_catalogue - Added connection org.postgresql.jdbc.PgConnection@26638ab8
2026-08-29 18:31:28 [main] INFO  com.zaxxer.hikari.HikariDataSource - metadata_catalogue - Start completed.
2026-08-29 18:31:28 [main] INFO  com.zaxxer.hikari.HikariDataSource - metadata_catalogue - Shutdown initiated...
2026-08-29 18:31:28 [main] INFO  com.zaxxer.hikari.HikariDataSource - metadata_catalogue - Shutdown completed.
2026-08-29 18:31:28 [main] INFO  t.g.io/epos-eric/metadata-database/deploy:main - Creating container for image: ghcr.io/epos-eric/metadata-database/deploy:main
2026-08-29 18:31:28 [main] INFO  t.g.io/epos-eric/metadata-database/deploy:main - Container ghcr.io/epos-eric/metadata-database/deploy:main is starting: ffcf0d4609094302e74a9c1803133d1d069f513e958df24b73512384bcd0c524
2026-08-29 18:31:32 [main] INFO  t.g.io/epos-eric/metadata-database/deploy:main - Container ghcr.io/epos-eric/metadata-database/deploy:main started in PT4.096652144S
2026-08-29 18:31:32 [main] INFO  t.g.io/epos-eric/metadata-database/deploy:main - Container is started (JDBC URL: jdbc:postgresql://localhost:34011/cerif?loggerLevel=OFF)
2026-08-29 18:31:32 [main] INFO  com.zaxxer.hikari.HikariDataSource - metadata_catalogue - Starting...
2026-08-29 18:31:32 [main] INFO  com.zaxxer.hikari.pool.HikariPool - metadata_catalogue - Added connection org.postgresql.jdbc.PgConnection@53751272
2026-08-29 18:31:32 [main] INFO  com.zaxxer.hikari.HikariDataSource - metadata_catalogue - Start completed.
2026-08-29 18:31:32 [main] INFO  com.zaxxer.hikari.HikariDataSource - metadata_catalogue - Shutdown initiated...
2026-08-29 18:31:32 [main] INFO  com.zaxxer.hikari.HikariDataSource - metadata_catalogue - Shutdown completed.
2026-08-29 18:31:33 [main] INFO  t.g.io/epos-eric/metadata-database/deploy:main - Creating container for image: ghcr.io/epos-eric/metadata-database/deploy:main
2026-08-29 18:31:33 [main] INFO  t.g.io/epos-eric/metadata-database/deploy:main - Container ghcr.io/epos-eric/metadata-database/deploy:main is starting: f77520e6457ebf0c2cf9603fe649f568bf0f50964a7f0235be721b6f7fb77d15
2026-08-29 18:31:37 [main] INFO  t.g.io/epos-eric/metadata-database/deploy:main - Container ghcr.io/epos-eric/metadata-database/deploy:main started in PT4.565768076S
2026-08-29 18:31:37 [main] INFO  t.g.io/epos-eric/metadata-database/deploy:main - Container is started (JDBC URL: jdbc:postgresql://localhost:34012/cerif?loggerLevel=OFF)
2026-08-29 18:31:37 [main] INFO  com.zaxxer.hikari.HikariDataSource - metadata_catalogue - Starting...
2026-08-29 18:31:37 [main] INFO  com.zaxxer.hikari.pool.HikariPool - metadata_catalogue - Added connection org.postgresql.jdbc.PgConnection@6150be71
2026-08-29 18:31:37 [main] INFO  com.zaxxer.hikari.HikariDataSource - metadata_catalogue - Start completed.
2026-08-29 18:31:38 [main] INFO  com.zaxxer.hikari.HikariDataSource - metadata_catalogue - Shutdown initiated...
2026-08-29 18:31:38 [main] INFO  com.zaxxer.hikari.HikariDataSource - metadata_catalogue - Shutdown completed.
2026-08-29 18:31:38 [main] INFO  t.g.io/epos-eric/metadata-database/deploy:main - Creating container for image: ghcr.io/epos-eric/metadata-database/deploy:main
2026-08-29 18:31:38 [main] INFO  t.g.io/epos-eric/metadata-database/deploy:main - Container ghcr.io/epos-eric/metadata-database/deploy:main is starting: 599a40e3ffa33eb3110c5214054f5cc2c6f39ab00f98f767ee33f1606b53666b
2026-08-29 18:31:42 [main] INFO  t.g.io/epos-eric/metadata-database/deploy:main - Container ghcr.io/epos-eric/metadata-database/deploy:main started in PT4.09999629S
2026-08-29 18:31:42 [main] INFO  t.g.io/epos-eric/metadata-database/deploy:main - Container is started (JDBC URL: jdbc:postgresql://localhost:34013/cerif?loggerLevel=OFF)
2026-08-29 18:31:42 [main] INFO  com.zaxxer.hikari.HikariDataSource - metadata_catalogue - Starting...
2026-08-29 18:31:42 [main] INFO  com.zaxxer.hikari.pool.HikariPool - metadata_catalogue - Added connection org.postgresql.jdbc.PgConnection@5222a93a
2026-08-29 18:31:42 [main] INFO  com.zaxxer.hikari.HikariDataSource - metadata_catalogue - Start completed.
2026-08-29 18:31:42 [main] INFO  com.zaxxer.hikari.HikariDataSource - metadata_catalogue - Shutdown initiated...
2026-08-29 18:31:42 [main] INFO  com.zaxxer.hikari.HikariDataSource - metadata_catalogue - Shutdown completed.
2026-08-29 18:31:42 [main] INFO  t.g.io/epos-eric/metadata-database/deploy:main - Creating container for image: ghcr.io/epos-eric/metadata-database/deploy:main
2026-08-29 18:31:43 [main] INFO  t.g.io/epos-eric/metadata-database/deploy:main - Container ghcr.io/epos-eric/metadata-database/deploy:main is starting: bc467855568d5675b05a3dfc7e5a7910e2fff3d133226f7104a16bbdb90d3bc3
2026-08-29 18:31:46 [main] INFO  t.g.io/epos-eric/metadata-database/deploy:main - Container ghcr.io/epos-eric/metadata-database/deploy:main started in PT4.049637085S
2026-08-29 18:31:46 [main] INFO  t.g.io/epos-eric/metadata-database/deploy:main - Container is started (JDBC URL: jdbc:postgresql://localhost:34014/cerif?loggerLevel=OFF)
2026-08-29 18:31:46 [main] INFO  com.zaxxer.hikari.HikariDataSource - metadata_catalogue - Starting...
2026-08-29 18:31:46 [main] INFO  com.zaxxer.hikari.pool.HikariPool - metadata_catalogue - Added connection org.postgresql.jdbc.PgConnection@473b1e5d
2026-08-29 18:31:46 [main] INFO  com.zaxxer.hikari.HikariDataSource - metadata_catalogue - Start completed.
2026-08-29 18:31:47 [main] INFO  com.zaxxer.hikari.HikariDataSource - metadata_catalogue - Shutdown initiated...
2026-08-29 18:31:47 [main] INFO  com.zaxxer.hikari.HikariDataSource - metadata_catalogue - Shutdown completed.
2026-08-29 18:31:47 [main] INFO  t.g.io/epos-eric/metadata-database/deploy:main - Creating container for image: ghcr.io/epos-eric/metadata-database/deploy:main
2026-08-29 18:31:47 [main] INFO  t.g.io/epos-eric/metadata-database/deploy:main - Container ghcr.io/epos-eric/metadata-database/deploy:main is starting: 84830ca15f4a734afa42af8fde5ae028b601baea14cc1229497ad259a07fc27b
2026-08-29 18:31:51 [main] INFO  t.g.io/epos-eric/metadata-database/deploy:main - Container ghcr.io/epos-eric/metadata-database/deploy:main started in PT3.770232535S
2026-08-29 18:31:51 [main] INFO  t.g.io/epos-eric/metadata-database/deploy:main - Container is started (JDBC URL: jdbc:postgresql://localhost:34015/cerif?loggerLevel=OFF)
2026-08-29 18:31:51 [main] INFO  com.zaxxer.hikari.HikariDataSource - metadata_catalogue - Starting...
2026-08-29 18:31:51 [main] INFO  com.zaxxer.hikari.pool.HikariPool - metadata_catalogue - Added connection org.postgresql.jdbc.PgConnection@5601d074
2026-08-29 18:31:51 [main] INFO  com.zaxxer.hikari.HikariDataSource - metadata_catalogue - Start completed.
2026-08-29 18:31:51 [main] INFO  com.zaxxer.hikari.HikariDataSource - metadata_catalogue - Shutdown initiated...
2026-08-29 18:31:51 [main] INFO  com.zaxxer.hikari.HikariDataSource - metadata_catalogue - Shutdown completed.
2026-08-29 18:31:52 [main] INFO  t.g.io/epos-eric/metadata-database/deploy:main - Creating container for image: ghcr.io/epos-eric/metadata-database/deploy:main
2026-08-29 18:31:52 [main] INFO  t.g.io/epos-eric/metadata-database/deploy:main - Container ghcr.io/epos-eric/metadata-database/deploy:main is starting: 5bec1852ea148137194092167726a24a391b43f3f0409fb14846eef81a995a5f
2026-08-29 18:31:56 [main] INFO  t.g.io/epos-eric/metadata-database/deploy:main - Container ghcr.io/epos-eric/metadata-database/deploy:main started in PT4.358849892S
2026-08-29 18:31:56 [main] INFO  t.g.io/epos-eric/metadata-database/deploy:main - Container is started (JDBC URL: jdbc:postgresql://localhost:34016/cerif?loggerLevel=OFF)
2026-08-29 18:31:56 [main] INFO  com.zaxxer.hikari.HikariDataSource - metadata_catalogue - Starting...
2026-08-29 18:31:56 [main] INFO  com.zaxxer.hikari.pool.HikariPool - metadata_catalogue - Added connection org.postgresql.jdbc.PgConnection@245f90a6
2026-08-29 18:31:56 [main] INFO  com.zaxxer.hikari.HikariDataSource - metadata_catalogue - Start completed.
2026-08-29 18:31:57 [main] INFO  com.zaxxer.hikari.HikariDataSource - metadata_catalogue - Shutdown initiated...
2026-08-29 18:31:57 [main] INFO  com.zaxxer.hikari.HikariDataSource - metadata_catalogue - Shutdown completed.
2026-08-29 18:31:57 [main] INFO  t.g.io/epos-eric/metadata-database/deploy:main - Creating container for image: ghcr.io/epos-eric/metadata-database/deploy:main
2026-08-29 18:31:57 [main] INFO  t.g.io/epos-eric/metadata-database/deploy:main - Container ghcr.io/epos-eric/metadata-database/deploy:main is starting: da3f6caae675965e4df50d6c0428bff9f6d9ae420bd9746240a57d52c3e34269
2026-08-29 18:32:01 [main] INFO  t.g.io/epos-eric/metadata-database/deploy:main - Container ghcr.io/epos-eric/metadata-database/deploy:main started in PT4.197301997S
2026-08-29 18:32:01 [main] INFO  t.g.io/epos-eric/metadata-database/deploy:main - Container is started (JDBC URL: jdbc:postgresql://localhost:34017/cerif?loggerLevel=OFF)
2026-08-29 18:32:01 [main] INFO  com.zaxxer.hikari.HikariDataSource - metadata_catalogue - Starting...
2026-08-29 18:32:01 [main] INFO  com.zaxxer.hikari.pool.HikariPool - metadata_catalogue - Added connection org.postgresql.jdbc.PgConnection@2cde7320
2026-08-29 18:32:01 [main] INFO  com.zaxxer.hikari.HikariDataSource - metadata_catalogue - Start completed.
2026-08-29 18:32:02 [main] INFO  com.zaxxer.hikari.HikariDataSource - metadata_catalogue - Shutdown initiated...
2026-08-29 18:32:02 [main] INFO  com.zaxxer.hikari.HikariDataSource - metadata_catalogue - Shutdown completed.
2026-08-29 18:32:02 [main] INFO  t.g.io/epos-eric/metadata-database/deploy:main - Creating container for image: ghcr.io/epos-eric/metadata-database/deploy:main
2026-08-29 18:32:02 [main] INFO  t.g.io/epos-eric/metadata-database/deploy:main - Container ghcr.io/epos-eric/metadata-database/deploy:main is starting: 6e6892595580c695e3d321363eb42fec22c9ff3537f5a909c38147b8472d325f
2026-08-29 18:32:06 [main] INFO  t.g.io/epos-eric/metadata-database/deploy:main - Container ghcr.io/epos-eric/metadata-database/deploy:main started in PT4.10479058S
2026-08-29 18:32:06 [main] INFO  t.g.io/epos-eric/metadata-database/deploy:main - Container is started (JDBC URL: jdbc:postgresql://localhost:34018/cerif?loggerLevel=OFF)
2026-08-29 18:32:06 [main] INFO  com.zaxxer.hikari.HikariDataSource - metadata_catalogue - Starting...
2026-08-29 18:32:06 [main] INFO  com.zaxxer.hikari.pool.HikariPool - metadata_catalogue - Added connection org.postgresql.jdbc.PgConnection@38f348b8
2026-08-29 18:32:06 [main] INFO  com.zaxxer.hikari.HikariDataSource - metadata_catalogue - Start completed.
2026-08-29 18:32:06 [main] INFO  com.zaxxer.hikari.HikariDataSource - metadata_catalogue - Shutdown initiated...
2026-08-29 18:32:06 [main] INFO  com.zaxxer.hikari.HikariDataSource - metadata_catalogue - Shutdown completed.
2026-08-29 18:32:07 [main] INFO  t.g.io/epos-eric/metadata-database/deploy:main - Creating container for image: ghcr.io/epos-eric/metadata-database/deploy:main
2026-08-29 18:32:07 [main] INFO  t.g.io/epos-eric/metadata-database/deploy:main - Container ghcr.io/epos-eric/metadata-database/deploy:main is starting: 64e28349079322e83f2ec5cdf6ed0ddbfa890808a7aa0207a089a92ea30f04ea
2026-08-29 18:32:11 [main] INFO  t.g.io/epos-eric/metadata-database/deploy:main - Container ghcr.io/epos-eric/metadata-database/deploy:main started in PT3.781808617S
2026-08-29 18:32:11 [main] INFO  t.g.io/epos-eric/metadata-database/deploy:main - Container is started (JDBC URL: jdbc:postgresql://localhost:34019/cerif?loggerLevel=OFF)
2026-08-29 18:32:11 [main] INFO  com.zaxxer.hikari.HikariDataSource - metadata_catalogue - Starting...
2026-08-29 18:32:11 [main] INFO  com.zaxxer.hikari.pool.HikariPool - metadata_catalogue - Added connection org.postgresql.jdbc.PgConnection@6be2112
2026-08-29 18:32:11 [main] INFO  com.zaxxer.hikari.HikariDataSource - metadata_catalogue - Start completed.
2026-08-29 18:32:12 [main] INFO  com.zaxxer.hikari.HikariDataSource - metadata_catalogue - Shutdown initiated...
2026-08-29 18:32:12 [main] INFO  com.zaxxer.hikari.HikariDataSource - metadata_catalogue - Shutdown completed.
2026-08-29 18:32:12 [main] INFO  t.g.io/epos-eric/metadata-database/deploy:main - Creating container for image: ghcr.io/epos-eric/metadata-database/deploy:main
2026-08-29 18:32:12 [main] INFO  t.g.io/epos-eric/metadata-database/deploy:main - Container ghcr.io/epos-eric/metadata-database/deploy:main is starting: fc3e00b80a50b5440bc6dd73f6aee5c661ec74a00f718c66667f865b2284ec64
2026-08-29 18:32:16 [main] INFO  t.g.io/epos-eric/metadata-database/deploy:main - Container ghcr.io/epos-eric/metadata-database/deploy:main started in PT3.98658684S
2026-08-29 18:32:16 [main] INFO  t.g.io/epos-eric/metadata-database/deploy:main - Container is started (JDBC URL: jdbc:postgresql://localhost:34020/cerif?loggerLevel=OFF)
2026-08-29 18:32:16 [main] INFO  com.zaxxer.hikari.HikariDataSource - metadata_catalogue - Starting...
2026-08-29 18:32:16 [main] INFO  com.zaxxer.hikari.pool.HikariPool - metadata_catalogue - Added connection org.postgresql.jdbc.PgConnection@6462c066
2026-08-29 18:32:16 [main] INFO  com.zaxxer.hikari.HikariDataSource - metadata_catalogue - Start completed.
2026-08-29 18:32:16 [main] INFO  com.zaxxer.hikari.HikariDataSource - metadata_catalogue - Shutdown initiated...
2026-08-29 18:32:16 [main] INFO  com.zaxxer.hikari.HikariDataSource - metadata_catalogue - Shutdown completed.
2026-08-29 18:32:16 [main] INFO  t.g.io/epos-eric/metadata-database/deploy:main - Creating container for image: ghcr.io/epos-eric/metadata-database/deploy:main
2026-08-29 18:32:17 [main] INFO  t.g.io/epos-eric/metadata-database/deploy:main - Container ghcr.io/epos-eric/metadata-database/deploy:main is starting: fd10df0e0a94c9ebaa1ae871110f90b65812dbb0c3234735d2c0de98fcbab8bd
2026-08-29 18:32:21 [main] INFO  t.g.io/epos-eric/metadata-database/deploy:main - Container ghcr.io/epos-eric/metadata-database/deploy:main started in PT4.287673019S
2026-08-29 18:32:21 [main] INFO  t.g.io/epos-eric/metadata-database/deploy:main - Container is started (JDBC URL: jdbc:postgresql://localhost:34021/cerif?loggerLevel=OFF)
2026-08-29 18:32:21 [main] INFO  com.zaxxer.hikari.HikariDataSource - metadata_catalogue - Starting...
2026-08-29 18:32:21 [main] INFO  com.zaxxer.hikari.pool.HikariPool - metadata_catalogue - Added connection org.postgresql.jdbc.PgConnection@3fb145d
2026-08-29 18:32:21 [main] INFO  com.zaxxer.hikari.HikariDataSource - metadata_catalogue - Start completed.
2026-08-29 18:32:21 [main] INFO  com.zaxxer.hikari.HikariDataSource - metadata_catalogue - Shutdown initiated...
2026-08-29 18:32:21 [main] INFO  com.zaxxer.hikari.HikariDataSource - metadata_catalogue - Shutdown completed.
2026-08-29 18:32:22 [main] INFO  t.g.io/epos-eric/metadata-database/deploy:main - Creating container for image: ghcr.io/epos-eric/metadata-database/deploy:main
2026-08-29 18:32:22 [main] INFO  t.g.io/epos-eric/metadata-database/deploy:main - Container ghcr.io/epos-eric/metadata-database/deploy:main is starting: 8d28e8ac4df437ea5c583412a45b4ceae3b98fb250299d77424bcc042da876c3
2026-08-29 18:32:26 [main] INFO  t.g.io/epos-eric/metadata-database/deploy:main - Container ghcr.io/epos-eric/metadata-database/deploy:main started in PT4.234930461S
2026-08-29 18:32:26 [main] INFO  t.g.io/epos-eric/metadata-database/deploy:main - Container is started (JDBC URL: jdbc:postgresql://localhost:34022/cerif?loggerLevel=OFF)
2026-08-29 18:32:26 [main] INFO  com.zaxxer.hikari.HikariDataSource - metadata_catalogue - Starting...
2026-08-29 18:32:26 [main] INFO  com.zaxxer.hikari.pool.HikariPool - metadata_catalogue - Added connection org.postgresql.jdbc.PgConnection@12325991
2026-08-29 18:32:26 [main] INFO  com.zaxxer.hikari.HikariDataSource - metadata_catalogue - Start completed.
2026-08-29 18:32:26 [main] INFO  com.zaxxer.hikari.HikariDataSource - metadata_catalogue - Shutdown initiated...
2026-08-29 18:32:26 [main] INFO  com.zaxxer.hikari.HikariDataSource - metadata_catalogue - Shutdown completed.
2026-08-29 18:32:27 [main] INFO  t.g.io/epos-eric/metadata-database/deploy:main - Creating container for image: ghcr.io/epos-eric/metadata-database/deploy:main
2026-08-29 18:32:27 [main] INFO  t.g.io/epos-eric/metadata-database/deploy:main - Container ghcr.io/epos-eric/metadata-database/deploy:main is starting: 1ca509b5e361f81bb28f36ebf4f67ce3e874022d55c9f188d57a3dac2dc17b0b
2026-08-29 18:32:31 [main] INFO  t.g.io/epos-eric/metadata-database/deploy:main - Container ghcr.io/epos-eric/metadata-database/deploy:main started in PT4.093041895S
2026-08-29 18:32:31 [main] INFO  t.g.io/epos-eric/metadata-database/deploy:main - Container is started (JDBC URL: jdbc:postgresql://localhost:34023/cerif?loggerLevel=OFF)
2026-08-29 18:32:31 [main] INFO  com.zaxxer.hikari.HikariDataSource - metadata_catalogue - Starting...
2026-08-29 18:32:31 [main] INFO  com.zaxxer.hikari.pool.HikariPool - metadata_catalogue - Added connection org.postgresql.jdbc.PgConnection@71186252
2026-08-29 18:32:31 [main] INFO  com.zaxxer.hikari.HikariDataSource - metadata_catalogue - Start completed.
2026-08-29 18:32:31 [main] INFO  com.zaxxer.hikari.HikariDataSource - metadata_catalogue - Shutdown initiated...
2026-08-29 18:32:31 [main] INFO  com.zaxxer.hikari.HikariDataSource - metadata_catalogue - Shutdown completed.
2026-08-29 18:32:32 [main] INFO  t.g.io/epos-eric/metadata-database/deploy:main - Creating container for image: ghcr.io/epos-eric/metadata-database/deploy:main
2026-08-29 18:32:32 [main] INFO  t.g.io/epos-eric/metadata-database/deploy:main - Container ghcr.io/epos-eric/metadata-database/deploy:main is starting: 276e34dd4e26009709eeb4faae8c85eb67076ae4f4c46c487c37166561d5320c
2026-08-29 18:32:36 [main] INFO  t.g.io/epos-eric/metadata-database/deploy:main - Container ghcr.io/epos-eric/metadata-database/deploy:main started in PT4.286239227S
2026-08-29 18:32:36 [main] INFO  t.g.io/epos-eric/metadata-database/deploy:main - Container is started (JDBC URL: jdbc:postgresql://localhost:34024/cerif?loggerLevel=OFF)
2026-08-29 18:32:36 [main] INFO  com.zaxxer.hikari.HikariDataSource - metadata_catalogue - Starting...
2026-08-29 18:32:36 [main] INFO  com.zaxxer.hikari.pool.HikariPool - metadata_catalogue - Added connection org.postgresql.jdbc.PgConnection@5aac96c5
2026-08-29 18:32:36 [main] INFO  com.zaxxer.hikari.HikariDataSource - metadata_catalogue - Start completed.
2026-08-29 18:32:37 [main] INFO  com.zaxxer.hikari.HikariDataSource - metadata_catalogue - Shutdown initiated...
2026-08-29 18:32:37 [main] INFO  com.zaxxer.hikari.HikariDataSource - metadata_catalogue - Shutdown completed.
2026-08-29 18:32:37 [main] INFO  t.g.io/epos-eric/metadata-database/deploy:main - Creating container for image: ghcr.io/epos-eric/metadata-database/deploy:main
2026-08-29 18:32:37 [main] INFO  t.g.io/epos-eric/metadata-database/deploy:main - Container ghcr.io/epos-eric/metadata-database/deploy:main is starting: cf19c4111008fbe317bdda0189ea3c2c70120f920851f29c78b2a0dda5762897
2026-08-29 18:32:42 [main] INFO  t.g.io/epos-eric/metadata-database/deploy:main - Container ghcr.io/epos-eric/metadata-database/deploy:main started in PT4.897988431S
2026-08-29 18:32:42 [main] INFO  t.g.io/epos-eric/metadata-database/deploy:main - Container is started (JDBC URL: jdbc:postgresql://localhost:34025/cerif?loggerLevel=OFF)
2026-08-29 18:32:42 [main] INFO  com.zaxxer.hikari.HikariDataSource - metadata_catalogue - Starting...
2026-08-29 18:32:42 [main] INFO  com.zaxxer.hikari.pool.HikariPool - metadata_catalogue - Added connection org.postgresql.jdbc.PgConnection@53d3263a
2026-08-29 18:32:42 [main] INFO  com.zaxxer.hikari.HikariDataSource - metadata_catalogue - Start completed.
2026-08-29 18:32:42 [main] INFO  com.zaxxer.hikari.HikariDataSource - metadata_catalogue - Shutdown initiated...
2026-08-29 18:32:42 [main] INFO  com.zaxxer.hikari.HikariDataSource - metadata_catalogue - Shutdown completed.
2026-08-29 18:32:42 [main] INFO  t.g.io/epos-eric/metadata-database/deploy:main - Creating container for image: ghcr.io/epos-eric/metadata-database/deploy:main
2026-08-29 18:32:42 [main] INFO  t.g.io/epos-eric/metadata-database/deploy:main - Container ghcr.io/epos-eric/metadata-database/deploy:main is starting: 883091f1082b4055b059a1d89a507a13758d38bc8403ec2e15ebb4a701dd1bae
2026-08-29 18:32:46 [main] INFO  t.g.io/epos-eric/metadata-database/deploy:main - Container ghcr.io/epos-eric/metadata-database/deploy:main started in PT3.906089205S
2026-08-29 18:32:46 [main] INFO  t.g.io/epos-eric/metadata-database/deploy:main - Container is started (JDBC URL: jdbc:postgresql://localhost:34026/cerif?loggerLevel=OFF)
2026-08-29 18:32:46 [main] INFO  com.zaxxer.hikari.HikariDataSource - metadata_catalogue - Starting...
2026-08-29 18:32:46 [main] INFO  com.zaxxer.hikari.pool.HikariPool - metadata_catalogue - Added connection org.postgresql.jdbc.PgConnection@326148f6
2026-08-29 18:32:46 [main] INFO  com.zaxxer.hikari.HikariDataSource - metadata_catalogue - Start completed.
2026-08-29 18:32:47 [main] INFO  com.zaxxer.hikari.HikariDataSource - metadata_catalogue - Shutdown initiated...
2026-08-29 18:32:47 [main] INFO  com.zaxxer.hikari.HikariDataSource - metadata_catalogue - Shutdown completed.
2026-08-29 18:32:47 [main] INFO  t.g.io/epos-eric/metadata-database/deploy:main - Creating container for image: ghcr.io/epos-eric/metadata-database/deploy:main
2026-08-29 18:32:47 [main] INFO  t.g.io/epos-eric/metadata-database/deploy:main - Container ghcr.io/epos-eric/metadata-database/deploy:main is starting: d7aa7aabc74466e875436e58f4f53832c3306f366e118e72c7be1f757811c576
2026-08-29 18:32:52 [main] INFO  t.g.io/epos-eric/metadata-database/deploy:main - Container ghcr.io/epos-eric/metadata-database/deploy:main started in PT4.852065782S
2026-08-29 18:32:52 [main] INFO  t.g.io/epos-eric/metadata-database/deploy:main - Container is started (JDBC URL: jdbc:postgresql://localhost:34027/cerif?loggerLevel=OFF)
2026-08-29 18:32:52 [main] INFO  com.zaxxer.hikari.HikariDataSource - metadata_catalogue - Starting...
2026-08-29 18:32:52 [main] INFO  com.zaxxer.hikari.pool.HikariPool - metadata_catalogue - Added connection org.postgresql.jdbc.PgConnection@20dc9c6b
2026-08-29 18:32:52 [main] INFO  com.zaxxer.hikari.HikariDataSource - metadata_catalogue - Start completed.
2026-08-29 18:32:55 [main] INFO  com.zaxxer.hikari.HikariDataSource - metadata_catalogue - Shutdown initiated...
2026-08-29 18:32:55 [main] INFO  com.zaxxer.hikari.HikariDataSource - metadata_catalogue - Shutdown completed.
2026-08-29 18:32:56 [main] INFO  t.g.io/epos-eric/metadata-database/deploy:main - Creating container for image: ghcr.io/epos-eric/metadata-database/deploy:main
2026-08-29 18:32:56 [main] INFO  t.g.io/epos-eric/metadata-database/deploy:main - Container ghcr.io/epos-eric/metadata-database/deploy:main is starting: d546ab4bc2b3118241f0d39bb298de08b5cda1b4df5ccb4acd866276fb290169
2026-08-29 18:33:00 [main] INFO  t.g.io/epos-eric/metadata-database/deploy:main - Container ghcr.io/epos-eric/metadata-database/deploy:main started in PT4.039781521S
2026-08-29 18:33:00 [main] INFO  t.g.io/epos-eric/metadata-database/deploy:main - Container is started (JDBC URL: jdbc:postgresql://localhost:34028/cerif?loggerLevel=OFF)
2026-08-29 18:33:00 [main] INFO  com.zaxxer.hikari.HikariDataSource - metadata_catalogue - Starting...
2026-08-29 18:33:00 [main] INFO  com.zaxxer.hikari.pool.HikariPool - metadata_catalogue - Added connection org.postgresql.jdbc.PgConnection@4c52dc45
2026-08-29 18:33:00 [main] INFO  com.zaxxer.hikari.HikariDataSource - metadata_catalogue - Start completed.
2026-08-29 18:33:01 [main] INFO  com.zaxxer.hikari.HikariDataSource - metadata_catalogue - Shutdown initiated...
2026-08-29 18:33:01 [main] INFO  com.zaxxer.hikari.HikariDataSource - metadata_catalogue - Shutdown completed.
2026-08-29 18:33:01 [main] INFO  t.g.io/epos-eric/metadata-database/deploy:main - Creating container for image: ghcr.io/epos-eric/metadata-database/deploy:main
2026-08-29 18:33:01 [main] INFO  t.g.io/epos-eric/metadata-database/deploy:main - Container ghcr.io/epos-eric/metadata-database/deploy:main is starting: e292f454cd000218bd83b1133d6be0b60bdf5cb384704aaa2bcbb84da75d967e
2026-08-29 18:33:05 [main] INFO  t.g.io/epos-eric/metadata-database/deploy:main - Container ghcr.io/epos-eric/metadata-database/deploy:main started in PT4.241435804S
2026-08-29 18:33:05 [main] INFO  t.g.io/epos-eric/metadata-database/deploy:main - Container is started (JDBC URL: jdbc:postgresql://localhost:34029/cerif?loggerLevel=OFF)
2026-08-29 18:33:05 [main] INFO  com.zaxxer.hikari.HikariDataSource - metadata_catalogue - Starting...
2026-08-29 18:33:05 [main] INFO  com.zaxxer.hikari.pool.HikariPool - metadata_catalogue - Added connection org.postgresql.jdbc.PgConnection@8186ba2
2026-08-29 18:33:05 [main] INFO  com.zaxxer.hikari.HikariDataSource - metadata_catalogue - Start completed.
2026-08-29 18:33:06 [main] INFO  com.zaxxer.hikari.HikariDataSource - metadata_catalogue - Shutdown initiated...
2026-08-29 18:33:06 [main] INFO  com.zaxxer.hikari.HikariDataSource - metadata_catalogue - Shutdown completed.
2026-08-29 18:33:06 [main] INFO  t.g.io/epos-eric/metadata-database/deploy:main - Creating container for image: ghcr.io/epos-eric/metadata-database/deploy:main
2026-08-29 18:33:06 [main] INFO  t.g.io/epos-eric/metadata-database/deploy:main - Container ghcr.io/epos-eric/metadata-database/deploy:main is starting: 970830225adc767b74531678a2418736f753dbdc9d8c40a506ae516bdaa71ec3
2026-08-29 18:33:11 [main] INFO  t.g.io/epos-eric/metadata-database/deploy:main - Container ghcr.io/epos-eric/metadata-database/deploy:main started in PT4.47267726S
2026-08-29 18:33:11 [main] INFO  t.g.io/epos-eric/metadata-database/deploy:main - Container is started (JDBC URL: jdbc:postgresql://localhost:34030/cerif?loggerLevel=OFF)
2026-08-29 18:33:11 [main] INFO  com.zaxxer.hikari.HikariDataSource - metadata_catalogue - Starting...
2026-08-29 18:33:11 [main] INFO  com.zaxxer.hikari.pool.HikariPool - metadata_catalogue - Added connection org.postgresql.jdbc.PgConnection@2d7ddc6a
2026-08-29 18:33:11 [main] INFO  com.zaxxer.hikari.HikariDataSource - metadata_catalogue - Start completed.
2026-08-29 18:33:11 [main] INFO  com.zaxxer.hikari.HikariDataSource - metadata_catalogue - Shutdown initiated...
2026-08-29 18:33:11 [main] INFO  com.zaxxer.hikari.HikariDataSource - metadata_catalogue - Shutdown completed.
2026-08-29 18:33:11 [main] INFO  t.g.io/epos-eric/metadata-database/deploy:main - Creating container for image: ghcr.io/epos-eric/metadata-database/deploy:main
2026-08-29 18:33:12 [main] INFO  t.g.io/epos-eric/metadata-database/deploy:main - Container ghcr.io/epos-eric/metadata-database/deploy:main is starting: d6299d9b4b556ed50e43472d32da1715e355616ef4ab91d492a3a347a1c423a0
2026-08-29 18:33:16 [main] INFO  t.g.io/epos-eric/metadata-database/deploy:main - Container ghcr.io/epos-eric/metadata-database/deploy:main started in PT4.268373292S
2026-08-29 18:33:16 [main] INFO  t.g.io/epos-eric/metadata-database/deploy:main - Container is started (JDBC URL: jdbc:postgresql://localhost:34031/cerif?loggerLevel=OFF)
2026-08-29 18:33:16 [main] INFO  com.zaxxer.hikari.HikariDataSource - metadata_catalogue - Starting...
2026-08-29 18:33:16 [main] INFO  com.zaxxer.hikari.pool.HikariPool - metadata_catalogue - Added connection org.postgresql.jdbc.PgConnection@58ef6422
2026-08-29 18:33:16 [main] INFO  com.zaxxer.hikari.HikariDataSource - metadata_catalogue - Start completed.
2026-08-29 18:33:16 [main] INFO  com.zaxxer.hikari.HikariDataSource - metadata_catalogue - Shutdown initiated...
2026-08-29 18:33:16 [main] INFO  com.zaxxer.hikari.HikariDataSource - metadata_catalogue - Shutdown completed.
2026-08-29 18:33:16 [main] INFO  t.g.io/epos-eric/metadata-database/deploy:main - Creating container for image: ghcr.io/epos-eric/metadata-database/deploy:main
2026-08-29 18:33:16 [main] INFO  t.g.io/epos-eric/metadata-database/deploy:main - Container ghcr.io/epos-eric/metadata-database/deploy:main is starting: d392a635109ea9b6baf144c36d2c922a2a7827d9e7bd8ab7f5c70e2036ee848a
2026-08-29 18:33:21 [main] INFO  t.g.io/epos-eric/metadata-database/deploy:main - Container ghcr.io/epos-eric/metadata-database/deploy:main started in PT4.40527599S
2026-08-29 18:33:21 [main] INFO  t.g.io/epos-eric/metadata-database/deploy:main - Container is started (JDBC URL: jdbc:postgresql://localhost:34032/cerif?loggerLevel=OFF)
2026-08-29 18:33:21 [main] INFO  com.zaxxer.hikari.HikariDataSource - metadata_catalogue - Starting...
2026-08-29 18:33:21 [main] INFO  com.zaxxer.hikari.pool.HikariPool - metadata_catalogue - Added connection org.postgresql.jdbc.PgConnection@3ba8aee5
2026-08-29 18:33:21 [main] INFO  com.zaxxer.hikari.HikariDataSource - metadata_catalogue - Start completed.
2026-08-29 18:33:21 [main] INFO  com.zaxxer.hikari.HikariDataSource - metadata_catalogue - Shutdown initiated...
2026-08-29 18:33:21 [main] INFO  com.zaxxer.hikari.HikariDataSource - metadata_catalogue - Shutdown completed.
2026-08-29 18:33:21 [main] INFO  t.g.io/epos-eric/metadata-database/deploy:main - Creating container for image: ghcr.io/epos-eric/metadata-database/deploy:main
2026-08-29 18:33:21 [main] INFO  t.g.io/epos-eric/metadata-database/deploy:main - Container ghcr.io/epos-eric/metadata-database/deploy:main is starting: 81b9bcde401dfa4752055c593a62c78d0c83f6b7f2c3dc8e7e28013675220c50
2026-08-29 18:33:25 [main] INFO  t.g.io/epos-eric/metadata-database/deploy:main - Container ghcr.io/epos-eric/metadata-database/deploy:main started in PT4.010971832S
2026-08-29 18:33:25 [main] INFO  t.g.io/epos-eric/metadata-database/deploy:main - Container is started (JDBC URL: jdbc:postgresql://localhost:34033/cerif?loggerLevel=OFF)
2026-08-29 18:33:25 [main] INFO  com.zaxxer.hikari.HikariDataSource - metadata_catalogue - Starting...
2026-08-29 18:33:25 [main] INFO  com.zaxxer.hikari.pool.HikariPool - metadata_catalogue - Added connection org.postgresql.jdbc.PgConnection@d4ab157
2026-08-29 18:33:25 [main] INFO  com.zaxxer.hikari.HikariDataSource - metadata_catalogue - Start completed.
2026-08-29 18:33:25 [main] INFO  com.zaxxer.hikari.HikariDataSource - metadata_catalogue - Shutdown initiated...
2026-08-29 18:33:25 [main] INFO  com.zaxxer.hikari.HikariDataSource - metadata_catalogue - Shutdown completed.
2026-08-29 18:33:26 [main] INFO  t.g.io/epos-eric/metadata-database/deploy:main - Creating container for image: ghcr.io/epos-eric/metadata-database/deploy:main
2026-08-29 18:33:26 [main] INFO  t.g.io/epos-eric/metadata-database/deploy:main - Container ghcr.io/epos-eric/metadata-database/deploy:main is starting: cfb35298882ad7c38665f8df1687f904cbdd38f63a0f619c74aca4d9d075a83d
2026-08-29 18:33:30 [main] INFO  t.g.io/epos-eric/metadata-database/deploy:main - Container ghcr.io/epos-eric/metadata-database/deploy:main started in PT4.201661559S
2026-08-29 18:33:30 [main] INFO  t.g.io/epos-eric/metadata-database/deploy:main - Container is started (JDBC URL: jdbc:postgresql://localhost:34034/cerif?loggerLevel=OFF)
2026-08-29 18:33:30 [main] INFO  com.zaxxer.hikari.HikariDataSource - metadata_catalogue - Starting...
2026-08-29 18:33:30 [main] INFO  com.zaxxer.hikari.pool.HikariPool - metadata_catalogue - Added connection org.postgresql.jdbc.PgConnection@6c6b74c0
2026-08-29 18:33:30 [main] INFO  com.zaxxer.hikari.HikariDataSource - metadata_catalogue - Start completed.
2026-08-29 18:33:31 [main] INFO  com.zaxxer.hikari.HikariDataSource - metadata_catalogue - Shutdown initiated...
2026-08-29 18:33:31 [main] INFO  com.zaxxer.hikari.HikariDataSource - metadata_catalogue - Shutdown completed.
2026-08-29 18:33:31 [main] INFO  t.g.io/epos-eric/metadata-database/deploy:main - Creating container for image: ghcr.io/epos-eric/metadata-database/deploy:main
2026-08-29 18:33:31 [main] INFO  t.g.io/epos-eric/metadata-database/deploy:main - Container ghcr.io/epos-eric/metadata-database/deploy:main is starting: d913adc2e8d564d11f26f00665bc76478ebfec59f4edb95d0d0019e688ee660b
2026-08-29 18:33:35 [main] INFO  t.g.io/epos-eric/metadata-database/deploy:main - Container ghcr.io/epos-eric/metadata-database/deploy:main started in PT4.326094835S
2026-08-29 18:33:35 [main] INFO  t.g.io/epos-eric/metadata-database/deploy:main - Container is started (JDBC URL: jdbc:postgresql://localhost:34035/cerif?loggerLevel=OFF)
2026-08-29 18:33:35 [main] INFO  com.zaxxer.hikari.HikariDataSource - metadata_catalogue - Starting...
2026-08-29 18:33:35 [main] INFO  com.zaxxer.hikari.pool.HikariPool - metadata_catalogue - Added connection org.postgresql.jdbc.PgConnection@738964c4
2026-08-29 18:33:35 [main] INFO  com.zaxxer.hikari.HikariDataSource - metadata_catalogue - Start completed.
2026-08-29 18:33:36 [main] INFO  com.zaxxer.hikari.HikariDataSource - metadata_catalogue - Shutdown initiated...
2026-08-29 18:33:36 [main] INFO  com.zaxxer.hikari.HikariDataSource - metadata_catalogue - Shutdown completed.
2026-08-29 18:33:36 [main] INFO  t.g.io/epos-eric/metadata-database/deploy:main - Creating container for image: ghcr.io/epos-eric/metadata-database/deploy:main
2026-08-29 18:33:36 [main] INFO  t.g.io/epos-eric/metadata-database/deploy:main - Container ghcr.io/epos-eric/metadata-database/deploy:main is starting: 6f75ee370687ead7b2d4beca5cac922d7601480b28fe117fc1ed9bcec4055078
2026-08-29 18:33:40 [main] INFO  t.g.io/epos-eric/metadata-database/deploy:main - Container ghcr.io/epos-eric/metadata-database/deploy:main started in PT3.940459032S
2026-08-29 18:33:40 [main] INFO  t.g.io/epos-eric/metadata-database/deploy:main - Container is started (JDBC URL: jdbc:postgresql://localhost:34036/cerif?loggerLevel=OFF)
2026-08-29 18:33:40 [main] INFO  com.zaxxer.hikari.HikariDataSource - metadata_catalogue - Starting...
2026-08-29 18:33:40 [main] INFO  com.zaxxer.hikari.pool.HikariPool - metadata_catalogue - Added connection org.postgresql.jdbc.PgConnection@43a8444e
2026-08-29 18:33:40 [main] INFO  com.zaxxer.hikari.HikariDataSource - metadata_catalogue - Start completed.
2026-08-29 18:33:41 [main] INFO  com.zaxxer.hikari.HikariDataSource - metadata_catalogue - Shutdown initiated...
2026-08-29 18:33:41 [main] INFO  com.zaxxer.hikari.HikariDataSource - metadata_catalogue - Shutdown completed.
2026-08-29 18:33:42 [main] INFO  t.g.io/epos-eric/metadata-database/deploy:main - Creating container for image: ghcr.io/epos-eric/metadata-database/deploy:main
2026-08-29 18:33:42 [main] INFO  t.g.io/epos-eric/metadata-database/deploy:main - Container ghcr.io/epos-eric/metadata-database/deploy:main is starting: 7b9bf95496d2138275505c4e0f58a4c7cb78ab6f2bd6b3c7a4723edc062af375
2026-08-29 18:33:46 [main] INFO  t.g.io/epos-eric/metadata-database/deploy:main - Container ghcr.io/epos-eric/metadata-database/deploy:main started in PT4.464225154S
2026-08-29 18:33:46 [main] INFO  t.g.io/epos-eric/metadata-database/deploy:main - Container is started (JDBC URL: jdbc:postgresql://localhost:34037/cerif?loggerLevel=OFF)
2026-08-29 18:33:46 [main] INFO  com.zaxxer.hikari.HikariDataSource - metadata_catalogue - Starting...
2026-08-29 18:33:46 [main] INFO  com.zaxxer.hikari.pool.HikariPool - metadata_catalogue - Added connection org.postgresql.jdbc.PgConnection@d47a127
2026-08-29 18:33:46 [main] INFO  com.zaxxer.hikari.HikariDataSource - metadata_catalogue - Start completed.
2026-08-29 18:33:46 [main] INFO  com.zaxxer.hikari.HikariDataSource - metadata_catalogue - Shutdown initiated...
2026-08-29 18:33:46 [main] INFO  com.zaxxer.hikari.HikariDataSource - metadata_catalogue - Shutdown completed.
2026-08-29 18:33:47 [main] INFO  t.g.io/epos-eric/metadata-database/deploy:main - Creating container for image: ghcr.io/epos-eric/metadata-database/deploy:main
2026-08-29 18:33:47 [main] INFO  t.g.io/epos-eric/metadata-database/deploy:main - Container ghcr.io/epos-eric/metadata-database/deploy:main is starting: a2c99db3bc7ca86726aaf38d675a22ddacfa3bc4a1b3522a26ea6d720b64ebf0
2026-08-29 18:33:52 [main] INFO  t.g.io/epos-eric/metadata-database/deploy:main - Container ghcr.io/epos-eric/metadata-database/deploy:main started in PT4.852784134S
2026-08-29 18:33:52 [main] INFO  t.g.io/epos-eric/metadata-database/deploy:main - Container is started (JDBC URL: jdbc:postgresql://localhost:34038/cerif?loggerLevel=OFF)
2026-08-29 18:33:52 [main] INFO  com.zaxxer.hikari.HikariDataSource - metadata_catalogue - Starting...
2026-08-29 18:33:52 [main] INFO  com.zaxxer.hikari.pool.HikariPool - metadata_catalogue - Added connection org.postgresql.jdbc.PgConnection@24b0d4d3
2026-08-29 18:33:52 [main] INFO  com.zaxxer.hikari.HikariDataSource - metadata_catalogue - Start completed.
2026-08-29 18:34:02 [main] INFO  com.zaxxer.hikari.HikariDataSource - metadata_catalogue - Shutdown initiated...
2026-08-29 18:34:02 [main] INFO  com.zaxxer.hikari.HikariDataSource - metadata_catalogue - Shutdown completed.
2026-08-29 18:34:03 [main] INFO  t.g.io/epos-eric/metadata-database/deploy:main - Creating container for image: ghcr.io/epos-eric/metadata-database/deploy:main
2026-08-29 18:34:03 [main] INFO  t.g.io/epos-eric/metadata-database/deploy:main - Container ghcr.io/epos-eric/metadata-database/deploy:main is starting: a9fc21db65844e6e7dae6525792e8cf952259326da1aff6811a5e117c16b8c13
2026-08-29 18:34:07 [main] INFO  t.g.io/epos-eric/metadata-database/deploy:main - Container ghcr.io/epos-eric/metadata-database/deploy:main started in PT4.154503107S
2026-08-29 18:34:07 [main] INFO  t.g.io/epos-eric/metadata-database/deploy:main - Container is started (JDBC URL: jdbc:postgresql://localhost:34039/cerif?loggerLevel=OFF)
2026-08-29 18:34:07 [main] INFO  com.zaxxer.hikari.HikariDataSource - metadata_catalogue - Starting...
2026-08-29 18:34:07 [main] INFO  com.zaxxer.hikari.pool.HikariPool - metadata_catalogue - Added connection org.postgresql.jdbc.PgConnection@3dce38a2
2026-08-29 18:34:07 [main] INFO  com.zaxxer.hikari.HikariDataSource - metadata_catalogue - Start completed.
2026-08-29 18:34:07 [main] INFO  com.zaxxer.hikari.HikariDataSource - metadata_catalogue - Shutdown initiated...
2026-08-29 18:34:07 [main] INFO  com.zaxxer.hikari.HikariDataSource - metadata_catalogue - Shutdown completed.
2026-08-29 18:34:08 [main] INFO  t.g.io/epos-eric/metadata-database/deploy:main - Creating container for image: ghcr.io/epos-eric/metadata-database/deploy:main
2026-08-29 18:34:08 [main] INFO  t.g.io/epos-eric/metadata-database/deploy:main - Container ghcr.io/epos-eric/metadata-database/deploy:main is starting: 61edbbe70f517ea00c54cb820ad8c2676df59dbf32f369c734a5a58106f3e68a
2026-08-29 18:34:13 [main] INFO  t.g.io/epos-eric/metadata-database/deploy:main - Container ghcr.io/epos-eric/metadata-database/deploy:main started in PT4.938372228S
2026-08-29 18:34:13 [main] INFO  t.g.io/epos-eric/metadata-database/deploy:main - Container is started (JDBC URL: jdbc:postgresql://localhost:34040/cerif?loggerLevel=OFF)
2026-08-29 18:34:13 [main] INFO  com.zaxxer.hikari.HikariDataSource - metadata_catalogue - Starting...
2026-08-29 18:34:13 [main] INFO  com.zaxxer.hikari.pool.HikariPool - metadata_catalogue - Added connection org.postgresql.jdbc.PgConnection@635cd3fd
2026-08-29 18:34:13 [main] INFO  com.zaxxer.hikari.HikariDataSource - metadata_catalogue - Start completed.
2026-08-29 18:34:13 [main] INFO  com.zaxxer.hikari.HikariDataSource - metadata_catalogue - Shutdown initiated...
2026-08-29 18:34:13 [main] INFO  com.zaxxer.hikari.HikariDataSource - metadata_catalogue - Shutdown completed.
2026-08-29 18:34:13 [main] INFO  t.g.io/epos-eric/metadata-database/deploy:main - Creating container for image: ghcr.io/epos-eric/metadata-database/deploy:main
2026-08-29 18:34:13 [main] INFO  t.g.io/epos-eric/metadata-database/deploy:main - Container ghcr.io/epos-eric/metadata-database/deploy:main is starting: de998f65be941f02dbe754e4bb799e729d7dd5db204372ddad0e497fa47e767c
2026-08-29 18:34:17 [main] INFO  t.g.io/epos-eric/metadata-database/deploy:main - Container ghcr.io/epos-eric/metadata-database/deploy:main started in PT4.175778573S
2026-08-29 18:34:17 [main] INFO  t.g.io/epos-eric/metadata-database/deploy:main - Container is started (JDBC URL: jdbc:postgresql://localhost:34041/cerif?loggerLevel=OFF)
2026-08-29 18:34:17 [main] INFO  com.zaxxer.hikari.HikariDataSource - metadata_catalogue - Starting...
2026-08-29 18:34:17 [main] INFO  com.zaxxer.hikari.pool.HikariPool - metadata_catalogue - Added connection org.postgresql.jdbc.PgConnection@6bb82959
2026-08-29 18:34:17 [main] INFO  com.zaxxer.hikari.HikariDataSource - metadata_catalogue - Start completed.
2026-08-29 18:34:18 [main] INFO  com.zaxxer.hikari.HikariDataSource - metadata_catalogue - Shutdown initiated...
2026-08-29 18:34:18 [main] INFO  com.zaxxer.hikari.HikariDataSource - metadata_catalogue - Shutdown completed.
2026-08-29 18:34:18 [main] INFO  t.g.io/epos-eric/metadata-database/deploy:main - Creating container for image: ghcr.io/epos-eric/metadata-database/deploy:main
2026-08-29 18:34:18 [main] INFO  t.g.io/epos-eric/metadata-database/deploy:main - Container ghcr.io/epos-eric/metadata-database/deploy:main is starting: 7eca7287abb6b56f2ef20daa20d704691320fa06db09b4646c798d22531a57e1
2026-08-29 18:34:22 [main] INFO  t.g.io/epos-eric/metadata-database/deploy:main - Container ghcr.io/epos-eric/metadata-database/deploy:main started in PT4.231821798S
2026-08-29 18:34:22 [main] INFO  t.g.io/epos-eric/metadata-database/deploy:main - Container is started (JDBC URL: jdbc:postgresql://localhost:34042/cerif?loggerLevel=OFF)
2026-08-29 18:34:22 [main] INFO  com.zaxxer.hikari.HikariDataSource - metadata_catalogue - Starting...
2026-08-29 18:34:22 [main] INFO  com.zaxxer.hikari.pool.HikariPool - metadata_catalogue - Added connection org.postgresql.jdbc.PgConnection@4b0b43f7
2026-08-29 18:34:22 [main] INFO  com.zaxxer.hikari.HikariDataSource - metadata_catalogue - Start completed.
2026-08-29 18:34:23 [main] INFO  com.zaxxer.hikari.HikariDataSource - metadata_catalogue - Shutdown initiated...
2026-08-29 18:34:23 [main] INFO  com.zaxxer.hikari.HikariDataSource - metadata_catalogue - Shutdown completed.
2026-08-29 18:34:23 [main] INFO  t.g.io/epos-eric/metadata-database/deploy:main - Creating container for image: ghcr.io/epos-eric/metadata-database/deploy:main
2026-08-29 18:34:23 [main] INFO  t.g.io/epos-eric/metadata-database/deploy:main - Container ghcr.io/epos-eric/metadata-database/deploy:main is starting: e105c09814b29094f01a532d2dda11d21172865919d8715ddbbc54baf0f1fe91
2026-08-29 18:34:27 [main] INFO  t.g.io/epos-eric/metadata-database/deploy:main - Container ghcr.io/epos-eric/metadata-database/deploy:main started in PT4.39811374S
2026-08-29 18:34:27 [main] INFO  t.g.io/epos-eric/metadata-database/deploy:main - Container is started (JDBC URL: jdbc:postgresql://localhost:34043/cerif?loggerLevel=OFF)
2026-08-29 18:34:27 [main] INFO  com.zaxxer.hikari.HikariDataSource - metadata_catalogue - Starting...
2026-08-29 18:34:27 [main] INFO  com.zaxxer.hikari.pool.HikariPool - metadata_catalogue - Added connection org.postgresql.jdbc.PgConnection@7fafbe3f
2026-08-29 18:34:27 [main] INFO  com.zaxxer.hikari.HikariDataSource - metadata_catalogue - Start completed.
2026-08-29 18:34:28 [main] INFO  com.zaxxer.hikari.HikariDataSource - metadata_catalogue - Shutdown initiated...
2026-08-29 18:34:28 [main] INFO  com.zaxxer.hikari.HikariDataSource - metadata_catalogue - Shutdown completed.
2026-08-29 18:34:28 [main] INFO  t.g.io/epos-eric/metadata-database/deploy:main - Creating container for image: ghcr.io/epos-eric/metadata-database/deploy:main
2026-08-29 18:34:28 [main] INFO  t.g.io/epos-eric/metadata-database/deploy:main - Container ghcr.io/epos-eric/metadata-database/deploy:main is starting: 843c2e41864d5bf7ea52389b907ab0fd92046b9b913272e001623d6efbe2643b
2026-08-29 18:34:32 [main] INFO  t.g.io/epos-eric/metadata-database/deploy:main - Container ghcr.io/epos-eric/metadata-database/deploy:main started in PT3.96591957S
2026-08-29 18:34:32 [main] INFO  t.g.io/epos-eric/metadata-database/deploy:main - Container is started (JDBC URL: jdbc:postgresql://localhost:34044/cerif?loggerLevel=OFF)
2026-08-29 18:34:32 [main] INFO  com.zaxxer.hikari.HikariDataSource - metadata_catalogue - Starting...
2026-08-29 18:34:32 [main] INFO  com.zaxxer.hikari.pool.HikariPool - metadata_catalogue - Added connection org.postgresql.jdbc.PgConnection@1f769b0f
2026-08-29 18:34:32 [main] INFO  com.zaxxer.hikari.HikariDataSource - metadata_catalogue - Start completed.
2026-08-29 18:34:32 [main] ERROR dao.EposDataModelDAO - Error in getOneFromDBByUIDNoCache
java.lang.IllegalArgumentException: An exception occurred while creating a query in EntityManager: 
Exception Description: Problem compiling [SELECT c FROM Documentation c WHERE c.uid = :uid]. 
[14, 27] The abstract schema type 'Documentation' is unknown.
[36, 41] The state field path 'c.uid' cannot be resolved to a valid type.
	at org.eclipse.persistence.internal.jpa.EntityManagerImpl.createQuery(EntityManagerImpl.java:1728)
	at org.eclipse.persistence.internal.jpa.EntityManagerImpl.createQuery(EntityManagerImpl.java:1749)
	at dao.EposDataModelDAO.getOneFromDBByUIDNoCache(EposDataModelDAO.java:1371)
	at dao.EposDataModelDAO.repointArchivedVersionReferences(EposDataModelDAO.java:346)
	at abstractapis.AbstractAPI.repointPublishedVersion(AbstractAPI.java:161)
	at commonapis.DocumentationAPI.create(DocumentationAPI.java:91)
	at commonapis.DocumentationAPI.create(DocumentationAPI.java:25)
	at integrationtests.unittests.SummaryProjectionAPITest.summaryReadersUseScalarProjections(SummaryProjectionAPITest.java:53)
	at java.base/jdk.internal.reflect.DirectMethodHandleAccessor.invoke(DirectMethodHandleAccessor.java:103)
	at java.base/java.lang.reflect.Method.invoke(Method.java:580)
	at org.junit.platform.commons.util.ReflectionUtils.invokeMethod(ReflectionUtils.java:787)
	at org.junit.platform.commons.support.ReflectionSupport.invokeMethod(ReflectionSupport.java:479)
	at org.junit.jupiter.engine.execution.MethodInvocation.proceed(MethodInvocation.java:60)
	at org.junit.jupiter.engine.execution.InvocationInterceptorChain$ValidatingInvocation.proceed(InvocationInterceptorChain.java:131)
	at org.junit.jupiter.engine.extension.TimeoutExtension.intercept(TimeoutExtension.java:161)
	at org.junit.jupiter.engine.extension.TimeoutExtension.interceptTestableMethod(TimeoutExtension.java:152)
	at org.junit.jupiter.engine.extension.TimeoutExtension.interceptTestMethod(TimeoutExtension.java:91)
	at org.junit.jupiter.engine.execution.InterceptingExecutableInvoker$ReflectiveInterceptorCall.lambda$ofVoidMethod$0(InterceptingExecutableInvoker.java:112)
	at org.junit.jupiter.engine.execution.InterceptingExecutableInvoker.lambda$invoke$0(InterceptingExecutableInvoker.java:94)
	at org.junit.jupiter.engine.execution.InvocationInterceptorChain$InterceptedInvocation.proceed(InvocationInterceptorChain.java:106)
	at org.junit.jupiter.engine.execution.InvocationInterceptorChain.proceed(InvocationInterceptorChain.java:64)
	at org.junit.jupiter.engine.execution.InvocationInterceptorChain.chainAndInvoke(InvocationInterceptorChain.java:45)
	at org.junit.jupiter.engine.execution.InvocationInterceptorChain.invoke(InvocationInterceptorChain.java:37)
	at org.junit.jupiter.engine.execution.InterceptingExecutableInvoker.invoke(InterceptingExecutableInvoker.java:93)
	at org.junit.jupiter.engine.execution.InterceptingExecutableInvoker.invoke(InterceptingExecutableInvoker.java:87)
	at org.junit.jupiter.engine.descriptor.TestMethodTestDescriptor.lambda$invokeTestMethod$4(TestMethodTestDescriptor.java:221)
	at org.junit.platform.engine.support.hierarchical.ThrowableCollector.execute(ThrowableCollector.java:73)
	at org.junit.jupiter.engine.descriptor.TestMethodTestDescriptor.invokeTestMethod(TestMethodTestDescriptor.java:217)
	at org.junit.jupiter.engine.descriptor.TestMethodTestDescriptor.execute(TestMethodTestDescriptor.java:159)
	at org.junit.jupiter.engine.descriptor.TestMethodTestDescriptor.execute(TestMethodTestDescriptor.java:70)
	at org.junit.platform.engine.support.hierarchical.NodeTestTask.lambda$executeRecursively$6(NodeTestTask.java:157)
	at org.junit.platform.engine.support.hierarchical.ThrowableCollector.execute(ThrowableCollector.java:73)
	at org.junit.platform.engine.support.hierarchical.NodeTestTask.lambda$executeRecursively$8(NodeTestTask.java:147)
	at org.junit.platform.engine.support.hierarchical.Node.around(Node.java:137)
	at org.junit.platform.engine.support.hierarchical.NodeTestTask.lambda$executeRecursively$9(NodeTestTask.java:145)
	at org.junit.platform.engine.support.hierarchical.ThrowableCollector.execute(ThrowableCollector.java:73)
	at org.junit.platform.engine.support.hierarchical.NodeTestTask.executeRecursively(NodeTestTask.java:144)
	at org.junit.platform.engine.support.hierarchical.NodeTestTask.execute(NodeTestTask.java:101)
	at java.base/java.util.ArrayList.forEach(ArrayList.java:1596)
	at org.junit.platform.engine.support.hierarchical.SameThreadHierarchicalTestExecutorService.invokeAll(SameThreadHierarchicalTestExecutorService.java:41)
	at org.junit.platform.engine.support.hierarchical.NodeTestTask.lambda$executeRecursively$6(NodeTestTask.java:161)
	at org.junit.platform.engine.support.hierarchical.ThrowableCollector.execute(ThrowableCollector.java:73)
	at org.junit.platform.engine.support.hierarchical.NodeTestTask.lambda$executeRecursively$8(NodeTestTask.java:147)
	at org.junit.platform.engine.support.hierarchical.Node.around(Node.java:137)
	at org.junit.platform.engine.support.hierarchical.NodeTestTask.lambda$executeRecursively$9(NodeTestTask.java:145)
	at org.junit.platform.engine.support.hierarchical.ThrowableCollector.execute(ThrowableCollector.java:73)
	at org.junit.platform.engine.support.hierarchical.NodeTestTask.executeRecursively(NodeTestTask.java:144)
	at org.junit.platform.engine.support.hierarchical.NodeTestTask.execute(NodeTestTask.java:101)
	at java.base/java.util.ArrayList.forEach(ArrayList.java:1596)
	at org.junit.platform.engine.support.hierarchical.SameThreadHierarchicalTestExecutorService.invokeAll(SameThreadHierarchicalTestExecutorService.java:41)
	at org.junit.platform.engine.support.hierarchical.NodeTestTask.lambda$executeRecursively$6(NodeTestTask.java:161)
	at org.junit.platform.engine.support.hierarchical.ThrowableCollector.execute(ThrowableCollector.java:73)
	at org.junit.platform.engine.support.hierarchical.NodeTestTask.lambda$executeRecursively$8(NodeTestTask.java:147)
	at org.junit.platform.engine.support.hierarchical.Node.around(Node.java:137)
	at org.junit.platform.engine.support.hierarchical.NodeTestTask.lambda$executeRecursively$9(NodeTestTask.java:145)
	at org.junit.platform.engine.support.hierarchical.ThrowableCollector.execute(ThrowableCollector.java:73)
	at org.junit.platform.engine.support.hierarchical.NodeTestTask.executeRecursively(NodeTestTask.java:144)
	at org.junit.platform.engine.support.hierarchical.NodeTestTask.execute(NodeTestTask.java:101)
	at org.junit.platform.engine.support.hierarchical.SameThreadHierarchicalTestExecutorService.submit(SameThreadHierarchicalTestExecutorService.java:35)
	at org.junit.platform.engine.support.hierarchical.HierarchicalTestExecutor.execute(HierarchicalTestExecutor.java:57)
	at org.junit.platform.engine.support.hierarchical.HierarchicalTestEngine.execute(HierarchicalTestEngine.java:54)
	at org.junit.platform.launcher.core.EngineExecutionOrchestrator.executeEngine(EngineExecutionOrchestrator.java:230)
	at org.junit.platform.launcher.core.EngineExecutionOrchestrator.failOrExecuteEngine(EngineExecutionOrchestrator.java:204)
	at org.junit.platform.launcher.core.EngineExecutionOrchestrator.execute(EngineExecutionOrchestrator.java:172)
	at org.junit.platform.launcher.core.EngineExecutionOrchestrator.execute(EngineExecutionOrchestrator.java:101)
	at org.junit.platform.launcher.core.EngineExecutionOrchestrator.lambda$execute$0(EngineExecutionOrchestrator.java:64)
	at org.junit.platform.launcher.core.EngineExecutionOrchestrator.withInterceptedStreams(EngineExecutionOrchestrator.java:150)
	at org.junit.platform.launcher.core.EngineExecutionOrchestrator.execute(EngineExecutionOrchestrator.java:63)
	at org.junit.platform.launcher.core.DefaultLauncher.execute(DefaultLauncher.java:109)
	at org.junit.platform.launcher.core.DefaultLauncher.execute(DefaultLauncher.java:91)
	at org.junit.platform.launcher.core.DelegatingLauncher.execute(DelegatingLauncher.java:47)
	at org.junit.platform.launcher.core.InterceptingLauncher.lambda$execute$1(InterceptingLauncher.java:39)
	at org.junit.platform.launcher.core.ClasspathAlignmentCheckingLauncherInterceptor.intercept(ClasspathAlignmentCheckingLauncherInterceptor.java:25)
	at org.junit.platform.launcher.core.InterceptingLauncher.execute(InterceptingLauncher.java:38)
	at org.junit.platform.launcher.core.DelegatingLauncher.execute(DelegatingLauncher.java:47)
	at org.apache.maven.surefire.junitplatform.LazyLauncher.execute(LazyLauncher.java:56)
	at org.apache.maven.surefire.junitplatform.JUnitPlatformProvider.execute(JUnitPlatformProvider.java:194)
	at org.apache.maven.surefire.junitplatform.JUnitPlatformProvider.invokeAllTests(JUnitPlatformProvider.java:150)
	at org.apache.maven.surefire.junitplatform.JUnitPlatformProvider.invoke(JUnitPlatformProvider.java:124)
	at org.apache.maven.surefire.booter.ForkedBooter.runSuitesInProcess(ForkedBooter.java:385)
	at org.apache.maven.surefire.booter.ForkedBooter.execute(ForkedBooter.java:162)
	at org.apache.maven.surefire.booter.ForkedBooter.run(ForkedBooter.java:507)
	at org.apache.maven.surefire.booter.ForkedBooter.main(ForkedBooter.java:495)
Caused by: org.eclipse.persistence.exceptions.JPQLException: 
Exception Description: Problem compiling [SELECT c FROM Documentation c WHERE c.uid = :uid]. 
[14, 27] The abstract schema type 'Documentation' is unknown.
[36, 41] The state field path 'c.uid' cannot be resolved to a valid type.
	at org.eclipse.persistence.internal.jpa.jpql.HermesParser.buildException(HermesParser.java:159)
	at org.eclipse.persistence.internal.jpa.jpql.HermesParser.validate(HermesParser.java:337)
	at org.eclipse.persistence.internal.jpa.jpql.HermesParser.populateQueryImp(HermesParser.java:271)
	at org.eclipse.persistence.internal.jpa.jpql.HermesParser.buildQuery(HermesParser.java:164)
	at org.eclipse.persistence.internal.jpa.EJBQueryImpl.buildEJBQLDatabaseQuery(EJBQueryImpl.java:141)
	at org.eclipse.persistence.internal.jpa.EJBQueryImpl.buildEJBQLDatabaseQuery(EJBQueryImpl.java:117)
	at org.eclipse.persistence.internal.jpa.EJBQueryImpl.<init>(EJBQueryImpl.java:104)
	at org.eclipse.persistence.internal.jpa.EJBQueryImpl.<init>(EJBQueryImpl.java:88)
	at org.eclipse.persistence.internal.jpa.EntityManagerImpl.createQuery(EntityManagerImpl.java:1726)
	... 82 common frames omitted
2026-08-29 18:34:32 [main] INFO  com.zaxxer.hikari.HikariDataSource - metadata_catalogue - Shutdown initiated...
2026-08-29 18:34:32 [main] INFO  com.zaxxer.hikari.HikariDataSource - metadata_catalogue - Shutdown completed.
2026-08-29 18:34:32 [main] INFO  t.g.io/epos-eric/metadata-database/deploy:main - Creating container for image: ghcr.io/epos-eric/metadata-database/deploy:main
2026-08-29 18:34:33 [main] INFO  t.g.io/epos-eric/metadata-database/deploy:main - Container ghcr.io/epos-eric/metadata-database/deploy:main is starting: a16dd4e6f9dc593cd678e9e410480cadbb7774d33384e8d3d16bedd3a9f665f4
2026-08-29 18:34:37 [main] INFO  t.g.io/epos-eric/metadata-database/deploy:main - Container ghcr.io/epos-eric/metadata-database/deploy:main started in PT4.13587358S
2026-08-29 18:34:37 [main] INFO  t.g.io/epos-eric/metadata-database/deploy:main - Container is started (JDBC URL: jdbc:postgresql://localhost:34045/cerif?loggerLevel=OFF)
2026-08-29 18:34:37 [main] INFO  com.zaxxer.hikari.HikariDataSource - metadata_catalogue - Starting...
2026-08-29 18:34:37 [main] INFO  com.zaxxer.hikari.pool.HikariPool - metadata_catalogue - Added connection org.postgresql.jdbc.PgConnection@703b4ce0
2026-08-29 18:34:37 [main] INFO  com.zaxxer.hikari.HikariDataSource - metadata_catalogue - Start completed.
2026-08-29 18:34:37 [main] INFO  com.zaxxer.hikari.HikariDataSource - metadata_catalogue - Shutdown initiated...
2026-08-29 18:34:37 [main] INFO  com.zaxxer.hikari.HikariDataSource - metadata_catalogue - Shutdown completed.
2026-08-29 18:34:38 [main] INFO  t.g.io/epos-eric/metadata-database/deploy:main - Creating container for image: ghcr.io/epos-eric/metadata-database/deploy:main
2026-08-29 18:34:38 [main] INFO  t.g.io/epos-eric/metadata-database/deploy:main - Container ghcr.io/epos-eric/metadata-database/deploy:main is starting: 1d69934d88a4490d985089de42664d7c08882082551338909daa0318ceb74251
2026-08-29 18:34:42 [main] INFO  t.g.io/epos-eric/metadata-database/deploy:main - Container ghcr.io/epos-eric/metadata-database/deploy:main started in PT4.49559203S
2026-08-29 18:34:42 [main] INFO  t.g.io/epos-eric/metadata-database/deploy:main - Container is started (JDBC URL: jdbc:postgresql://localhost:34046/cerif?loggerLevel=OFF)
2026-08-29 18:34:42 [main] INFO  com.zaxxer.hikari.HikariDataSource - metadata_catalogue - Starting...
2026-08-29 18:34:42 [main] INFO  com.zaxxer.hikari.pool.HikariPool - metadata_catalogue - Added connection org.postgresql.jdbc.PgConnection@5048ea06
2026-08-29 18:34:42 [main] INFO  com.zaxxer.hikari.HikariDataSource - metadata_catalogue - Start completed.
2026-08-29 18:34:43 [main] INFO  com.zaxxer.hikari.HikariDataSource - metadata_catalogue - Shutdown initiated...
2026-08-29 18:34:43 [main] INFO  com.zaxxer.hikari.HikariDataSource - metadata_catalogue - Shutdown completed.
2026-08-29 18:34:43 [main] INFO  t.g.io/epos-eric/metadata-database/deploy:main - Creating container for image: ghcr.io/epos-eric/metadata-database/deploy:main
2026-08-29 18:34:43 [main] INFO  t.g.io/epos-eric/metadata-database/deploy:main - Container ghcr.io/epos-eric/metadata-database/deploy:main is starting: 5ae770e97f07f7de5fc350b1631c2406f1d92fcece6b7e678844a58f835fb7f7
2026-08-29 18:34:47 [main] INFO  t.g.io/epos-eric/metadata-database/deploy:main - Container ghcr.io/epos-eric/metadata-database/deploy:main started in PT4.058654105S
2026-08-29 18:34:47 [main] INFO  t.g.io/epos-eric/metadata-database/deploy:main - Container is started (JDBC URL: jdbc:postgresql://localhost:34047/cerif?loggerLevel=OFF)
2026-08-29 18:34:47 [main] INFO  com.zaxxer.hikari.HikariDataSource - metadata_catalogue - Starting...
2026-08-29 18:34:47 [main] INFO  com.zaxxer.hikari.pool.HikariPool - metadata_catalogue - Added connection org.postgresql.jdbc.PgConnection@37c719cc
2026-08-29 18:34:47 [main] INFO  com.zaxxer.hikari.HikariDataSource - metadata_catalogue - Start completed.
2026-08-29 18:34:48 [main] INFO  com.zaxxer.hikari.HikariDataSource - metadata_catalogue - Shutdown initiated...
2026-08-29 18:34:48 [main] INFO  com.zaxxer.hikari.HikariDataSource - metadata_catalogue - Shutdown completed.
2026-08-29 18:34:48 [main] INFO  t.g.io/epos-eric/metadata-database/deploy:main - Creating container for image: ghcr.io/epos-eric/metadata-database/deploy:main
2026-08-29 18:34:48 [main] INFO  t.g.io/epos-eric/metadata-database/deploy:main - Container ghcr.io/epos-eric/metadata-database/deploy:main is starting: b617e67ac8b8a5ebd71ac803d5aa0ae2087f921f8830c618f5b3062f35dc555e
2026-08-29 18:34:52 [main] INFO  t.g.io/epos-eric/metadata-database/deploy:main - Container ghcr.io/epos-eric/metadata-database/deploy:main started in PT4.06954962S
2026-08-29 18:34:52 [main] INFO  t.g.io/epos-eric/metadata-database/deploy:main - Container is started (JDBC URL: jdbc:postgresql://localhost:34048/cerif?loggerLevel=OFF)
2026-08-29 18:34:52 [main] INFO  com.zaxxer.hikari.HikariDataSource - metadata_catalogue - Starting...
2026-08-29 18:34:52 [main] INFO  com.zaxxer.hikari.pool.HikariPool - metadata_catalogue - Added connection org.postgresql.jdbc.PgConnection@14ee7ea9
2026-08-29 18:34:52 [main] INFO  com.zaxxer.hikari.HikariDataSource - metadata_catalogue - Start completed.
2026-08-29 18:34:52 [main] INFO  com.zaxxer.hikari.HikariDataSource - metadata_catalogue - Shutdown initiated...
2026-08-29 18:34:52 [main] INFO  com.zaxxer.hikari.HikariDataSource - metadata_catalogue - Shutdown completed.
2026-08-29 18:34:53 [main] INFO  t.g.io/epos-eric/metadata-database/deploy:main - Creating container for image: ghcr.io/epos-eric/metadata-database/deploy:main
2026-08-29 18:34:53 [main] INFO  t.g.io/epos-eric/metadata-database/deploy:main - Container ghcr.io/epos-eric/metadata-database/deploy:main is starting: e831480d28ba2fb07501b4dd198f7223c1558b3dbb86a97707d0e542d24c1179
2026-08-29 18:34:57 [main] INFO  t.g.io/epos-eric/metadata-database/deploy:main - Container ghcr.io/epos-eric/metadata-database/deploy:main started in PT4.43589774S
2026-08-29 18:34:57 [main] INFO  t.g.io/epos-eric/metadata-database/deploy:main - Container is started (JDBC URL: jdbc:postgresql://localhost:34049/cerif?loggerLevel=OFF)
2026-08-29 18:34:57 [main] INFO  com.zaxxer.hikari.HikariDataSource - metadata_catalogue - Starting...
2026-08-29 18:34:57 [main] INFO  com.zaxxer.hikari.pool.HikariPool - metadata_catalogue - Added connection org.postgresql.jdbc.PgConnection@284d703b
2026-08-29 18:34:57 [main] INFO  com.zaxxer.hikari.HikariDataSource - metadata_catalogue - Start completed.
2026-08-29 18:34:57 [main] INFO  com.zaxxer.hikari.HikariDataSource - metadata_catalogue - Shutdown initiated...
2026-08-29 18:34:57 [main] INFO  com.zaxxer.hikari.HikariDataSource - metadata_catalogue - Shutdown completed.
2026-08-29 18:34:58 [main] INFO  t.g.io/epos-eric/metadata-database/deploy:main - Creating container for image: ghcr.io/epos-eric/metadata-database/deploy:main
2026-08-29 18:34:58 [main] INFO  t.g.io/epos-eric/metadata-database/deploy:main - Container ghcr.io/epos-eric/metadata-database/deploy:main is starting: 5a85da9b88ba866225e43983525d3ccbeca26dbf858bb753d1e139bc3ea02002
2026-08-29 18:35:01 [main] INFO  t.g.io/epos-eric/metadata-database/deploy:main - Container ghcr.io/epos-eric/metadata-database/deploy:main started in PT3.75586218S
2026-08-29 18:35:01 [main] INFO  t.g.io/epos-eric/metadata-database/deploy:main - Container is started (JDBC URL: jdbc:postgresql://localhost:34050/cerif?loggerLevel=OFF)
2026-08-29 18:35:01 [main] INFO  com.zaxxer.hikari.HikariDataSource - metadata_catalogue - Starting...
2026-08-29 18:35:02 [main] INFO  com.zaxxer.hikari.pool.HikariPool - metadata_catalogue - Added connection org.postgresql.jdbc.PgConnection@48cf1ac0
2026-08-29 18:35:02 [main] INFO  com.zaxxer.hikari.HikariDataSource - metadata_catalogue - Start completed.
2026-08-29 18:35:02 [main] INFO  com.zaxxer.hikari.HikariDataSource - metadata_catalogue - Shutdown initiated...
2026-08-29 18:35:02 [main] INFO  com.zaxxer.hikari.HikariDataSource - metadata_catalogue - Shutdown completed.
2026-08-29 18:35:02 [main] INFO  t.g.io/epos-eric/metadata-database/deploy:main - Creating container for image: ghcr.io/epos-eric/metadata-database/deploy:main
2026-08-29 18:35:02 [main] INFO  t.g.io/epos-eric/metadata-database/deploy:main - Container ghcr.io/epos-eric/metadata-database/deploy:main is starting: 01d1f50617ddeb89cf2fc104f5af374461428c2a92a99c86cb6c5b30c53160b4
2026-08-29 18:35:07 [main] INFO  t.g.io/epos-eric/metadata-database/deploy:main - Container ghcr.io/epos-eric/metadata-database/deploy:main started in PT4.355166206S
2026-08-29 18:35:07 [main] INFO  t.g.io/epos-eric/metadata-database/deploy:main - Container is started (JDBC URL: jdbc:postgresql://localhost:34051/cerif?loggerLevel=OFF)
2026-08-29 18:35:07 [main] INFO  com.zaxxer.hikari.HikariDataSource - metadata_catalogue - Starting...
2026-08-29 18:35:07 [main] INFO  com.zaxxer.hikari.pool.HikariPool - metadata_catalogue - Added connection org.postgresql.jdbc.PgConnection@157be374
2026-08-29 18:35:07 [main] INFO  com.zaxxer.hikari.HikariDataSource - metadata_catalogue - Start completed.
2026-08-29 18:35:07 [main] INFO  com.zaxxer.hikari.HikariDataSource - metadata_catalogue - Shutdown initiated...
2026-08-29 18:35:07 [main] INFO  com.zaxxer.hikari.HikariDataSource - metadata_catalogue - Shutdown completed.
2026-08-29 18:35:07 [main] INFO  t.g.io/epos-eric/metadata-database/deploy:main - Creating container for image: ghcr.io/epos-eric/metadata-database/deploy:main
2026-08-29 18:35:07 [main] INFO  t.g.io/epos-eric/metadata-database/deploy:main - Container ghcr.io/epos-eric/metadata-database/deploy:main is starting: ddd7745ad21bd7bd4c17d242e719d598b8ebb9b3349abf923fc8e8a189dc1a8a
2026-08-29 18:35:11 [main] INFO  t.g.io/epos-eric/metadata-database/deploy:main - Container ghcr.io/epos-eric/metadata-database/deploy:main started in PT3.994292514S
2026-08-29 18:35:11 [main] INFO  t.g.io/epos-eric/metadata-database/deploy:main - Container is started (JDBC URL: jdbc:postgresql://localhost:34052/cerif?loggerLevel=OFF)
2026-08-29 18:35:11 [main] INFO  com.zaxxer.hikari.HikariDataSource - metadata_catalogue - Starting...
2026-08-29 18:35:11 [main] INFO  com.zaxxer.hikari.pool.HikariPool - metadata_catalogue - Added connection org.postgresql.jdbc.PgConnection@36bb9792
2026-08-29 18:35:11 [main] INFO  com.zaxxer.hikari.HikariDataSource - metadata_catalogue - Start completed.
2026-08-29 18:35:12 [main] INFO  com.zaxxer.hikari.HikariDataSource - metadata_catalogue - Shutdown initiated...
2026-08-29 18:35:12 [main] INFO  com.zaxxer.hikari.HikariDataSource - metadata_catalogue - Shutdown completed.
2026-08-29 18:35:12 [main] INFO  t.g.io/epos-eric/metadata-database/deploy:main - Creating container for image: ghcr.io/epos-eric/metadata-database/deploy:main
2026-08-29 18:35:12 [main] INFO  t.g.io/epos-eric/metadata-database/deploy:main - Container ghcr.io/epos-eric/metadata-database/deploy:main is starting: 749f4e2a5d037581f70c8d64a2a7462882d4c2c8db357494dce4c2e94a9d9ced
2026-08-29 18:35:16 [main] INFO  t.g.io/epos-eric/metadata-database/deploy:main - Container ghcr.io/epos-eric/metadata-database/deploy:main started in PT4.249084986S
2026-08-29 18:35:16 [main] INFO  t.g.io/epos-eric/metadata-database/deploy:main - Container is started (JDBC URL: jdbc:postgresql://localhost:34053/cerif?loggerLevel=OFF)
2026-08-29 18:35:16 [main] INFO  com.zaxxer.hikari.HikariDataSource - metadata_catalogue - Starting...
2026-08-29 18:35:16 [main] INFO  com.zaxxer.hikari.pool.HikariPool - metadata_catalogue - Added connection org.postgresql.jdbc.PgConnection@3f5ff50f
2026-08-29 18:35:16 [main] INFO  com.zaxxer.hikari.HikariDataSource - metadata_catalogue - Start completed.
2026-08-29 18:35:17 [main] INFO  com.zaxxer.hikari.HikariDataSource - metadata_catalogue - Shutdown initiated...
2026-08-29 18:35:17 [main] INFO  com.zaxxer.hikari.HikariDataSource - metadata_catalogue - Shutdown completed.
2026-08-29 18:35:17 [main] INFO  t.g.io/epos-eric/metadata-database/deploy:main - Creating container for image: ghcr.io/epos-eric/metadata-database/deploy:main
2026-08-29 18:35:18 [main] INFO  t.g.io/epos-eric/metadata-database/deploy:main - Container ghcr.io/epos-eric/metadata-database/deploy:main is starting: dde1e7b076479b8b1a6f11894e65e2806a744f923be7c1120e261dcbd4836ce9
2026-08-29 18:35:22 [main] INFO  t.g.io/epos-eric/metadata-database/deploy:main - Container ghcr.io/epos-eric/metadata-database/deploy:main started in PT4.520604481S
2026-08-29 18:35:22 [main] INFO  t.g.io/epos-eric/metadata-database/deploy:main - Container is started (JDBC URL: jdbc:postgresql://localhost:34054/cerif?loggerLevel=OFF)
2026-08-29 18:35:22 [main] INFO  com.zaxxer.hikari.HikariDataSource - metadata_catalogue - Starting...
2026-08-29 18:35:22 [main] INFO  com.zaxxer.hikari.pool.HikariPool - metadata_catalogue - Added connection org.postgresql.jdbc.PgConnection@49a4e2f7
2026-08-29 18:35:22 [main] INFO  com.zaxxer.hikari.HikariDataSource - metadata_catalogue - Start completed.
2026-08-29 18:35:22 [main] INFO  com.zaxxer.hikari.HikariDataSource - metadata_catalogue - Shutdown initiated...
2026-08-29 18:35:22 [main] INFO  com.zaxxer.hikari.HikariDataSource - metadata_catalogue - Shutdown completed.
2026-08-29 18:35:22 [main] INFO  t.g.io/epos-eric/metadata-database/deploy:main - Creating container for image: ghcr.io/epos-eric/metadata-database/deploy:main
2026-08-29 18:35:23 [main] INFO  t.g.io/epos-eric/metadata-database/deploy:main - Container ghcr.io/epos-eric/metadata-database/deploy:main is starting: 52972f6a71363b08c246d4f6d3717b9b474f978780a170342852d82104374087
2026-08-29 18:35:27 [main] INFO  t.g.io/epos-eric/metadata-database/deploy:main - Container ghcr.io/epos-eric/metadata-database/deploy:main started in PT4.172045134S
2026-08-29 18:35:27 [main] INFO  t.g.io/epos-eric/metadata-database/deploy:main - Container is started (JDBC URL: jdbc:postgresql://localhost:34055/cerif?loggerLevel=OFF)
2026-08-29 18:35:27 [main] INFO  com.zaxxer.hikari.HikariDataSource - metadata_catalogue - Starting...
2026-08-29 18:35:27 [main] INFO  com.zaxxer.hikari.pool.HikariPool - metadata_catalogue - Added connection org.postgresql.jdbc.PgConnection@ce66e6e
2026-08-29 18:35:27 [main] INFO  com.zaxxer.hikari.HikariDataSource - metadata_catalogue - Start completed.
2026-08-29 18:35:27 [main] INFO  com.zaxxer.hikari.HikariDataSource - metadata_catalogue - Shutdown initiated...
2026-08-29 18:35:27 [main] INFO  com.zaxxer.hikari.HikariDataSource - metadata_catalogue - Shutdown completed.
2026-08-29 18:35:27 [main] INFO  t.g.io/epos-eric/metadata-database/deploy:main - Creating container for image: ghcr.io/epos-eric/metadata-database/deploy:main
2026-08-29 18:35:27 [main] INFO  t.g.io/epos-eric/metadata-database/deploy:main - Container ghcr.io/epos-eric/metadata-database/deploy:main is starting: 5e3b390c51a5d7a243d7a5331ff43d0f848afa46f4d61f9f94c067cc1cbfd91b
2026-08-29 18:35:31 [main] INFO  t.g.io/epos-eric/metadata-database/deploy:main - Container ghcr.io/epos-eric/metadata-database/deploy:main started in PT3.993501061S
2026-08-29 18:35:31 [main] INFO  t.g.io/epos-eric/metadata-database/deploy:main - Container is started (JDBC URL: jdbc:postgresql://localhost:34056/cerif?loggerLevel=OFF)
2026-08-29 18:35:31 [main] INFO  com.zaxxer.hikari.HikariDataSource - metadata_catalogue - Starting...
2026-08-29 18:35:31 [main] INFO  com.zaxxer.hikari.pool.HikariPool - metadata_catalogue - Added connection org.postgresql.jdbc.PgConnection@4bd878dd
2026-08-29 18:35:31 [main] INFO  com.zaxxer.hikari.HikariDataSource - metadata_catalogue - Start completed.
2026-08-29 18:35:31 [main] INFO  com.zaxxer.hikari.HikariDataSource - metadata_catalogue - Shutdown initiated...
2026-08-29 18:35:31 [main] INFO  com.zaxxer.hikari.HikariDataSource - metadata_catalogue - Shutdown completed.
2026-08-29 18:35:32 [main] INFO  t.g.io/epos-eric/metadata-database/deploy:main - Creating container for image: ghcr.io/epos-eric/metadata-database/deploy:main
2026-08-29 18:35:32 [main] INFO  t.g.io/epos-eric/metadata-database/deploy:main - Container ghcr.io/epos-eric/metadata-database/deploy:main is starting: a00e54403c10478ac8158a47f37b88368e88c0e90cb2d780f4d7b3c3f4bf72bc
2026-08-29 18:35:37 [main] INFO  t.g.io/epos-eric/metadata-database/deploy:main - Container ghcr.io/epos-eric/metadata-database/deploy:main started in PT4.942100004S
2026-08-29 18:35:37 [main] INFO  t.g.io/epos-eric/metadata-database/deploy:main - Container is started (JDBC URL: jdbc:postgresql://localhost:34057/cerif?loggerLevel=OFF)
2026-08-29 18:35:37 [main] INFO  com.zaxxer.hikari.HikariDataSource - metadata_catalogue - Starting...
2026-08-29 18:35:37 [main] INFO  com.zaxxer.hikari.pool.HikariPool - metadata_catalogue - Added connection org.postgresql.jdbc.PgConnection@63d02c85
2026-08-29 18:35:37 [main] INFO  com.zaxxer.hikari.HikariDataSource - metadata_catalogue - Start completed.
2026-08-29 18:35:38 [main] INFO  com.zaxxer.hikari.HikariDataSource - metadata_catalogue - Shutdown initiated...
2026-08-29 18:35:38 [main] INFO  com.zaxxer.hikari.HikariDataSource - metadata_catalogue - Shutdown completed.
2026-08-29 18:35:39 [main] INFO  t.g.io/epos-eric/metadata-database/deploy:main - Creating container for image: ghcr.io/epos-eric/metadata-database/deploy:main
2026-08-29 18:35:39 [main] INFO  t.g.io/epos-eric/metadata-database/deploy:main - Container ghcr.io/epos-eric/metadata-database/deploy:main is starting: 1f90e2946031e387d9d9f927a47a98004ab3515dd10a0c4e3c1b1dfd7ca946f5
2026-08-29 18:35:44 [main] INFO  t.g.io/epos-eric/metadata-database/deploy:main - Container ghcr.io/epos-eric/metadata-database/deploy:main started in PT4.901511661S
2026-08-29 18:35:44 [main] INFO  t.g.io/epos-eric/metadata-database/deploy:main - Container is started (JDBC URL: jdbc:postgresql://localhost:34058/cerif?loggerLevel=OFF)
2026-08-29 18:35:44 [main] INFO  com.zaxxer.hikari.HikariDataSource - metadata_catalogue - Starting...
2026-08-29 18:35:44 [main] INFO  com.zaxxer.hikari.pool.HikariPool - metadata_catalogue - Added connection org.postgresql.jdbc.PgConnection@50571cf6
2026-08-29 18:35:44 [main] INFO  com.zaxxer.hikari.HikariDataSource - metadata_catalogue - Start completed.
2026-08-29 18:35:45 [main] INFO  com.zaxxer.hikari.HikariDataSource - metadata_catalogue - Shutdown initiated...
2026-08-29 18:35:45 [main] INFO  com.zaxxer.hikari.HikariDataSource - metadata_catalogue - Shutdown completed.
2026-08-29 18:35:45 [main] INFO  t.g.io/epos-eric/metadata-database/deploy:main - Creating container for image: ghcr.io/epos-eric/metadata-database/deploy:main
2026-08-29 18:35:45 [main] INFO  t.g.io/epos-eric/metadata-database/deploy:main - Container ghcr.io/epos-eric/metadata-database/deploy:main is starting: 9cc7bbdc4c8c2a1862e383a4c090978196a0d83caf033a3aaec2e16727d66166
2026-08-29 18:35:49 [main] INFO  t.g.io/epos-eric/metadata-database/deploy:main - Container ghcr.io/epos-eric/metadata-database/deploy:main started in PT4.42478524S
2026-08-29 18:35:49 [main] INFO  t.g.io/epos-eric/metadata-database/deploy:main - Container is started (JDBC URL: jdbc:postgresql://localhost:34059/cerif?loggerLevel=OFF)
2026-08-29 18:35:49 [main] INFO  com.zaxxer.hikari.HikariDataSource - metadata_catalogue - Starting...
2026-08-29 18:35:49 [main] INFO  com.zaxxer.hikari.pool.HikariPool - metadata_catalogue - Added connection org.postgresql.jdbc.PgConnection@3c6bc19f
2026-08-29 18:35:49 [main] INFO  com.zaxxer.hikari.HikariDataSource - metadata_catalogue - Start completed.
2026-08-29 18:35:50 [main] INFO  com.zaxxer.hikari.HikariDataSource - metadata_catalogue - Shutdown initiated...
2026-08-29 18:35:50 [main] INFO  com.zaxxer.hikari.HikariDataSource - metadata_catalogue - Shutdown completed.
2026-08-29 18:35:50 [main] INFO  t.g.io/epos-eric/metadata-database/deploy:main - Creating container for image: ghcr.io/epos-eric/metadata-database/deploy:main
2026-08-29 18:35:51 [main] INFO  t.g.io/epos-eric/metadata-database/deploy:main - Container ghcr.io/epos-eric/metadata-database/deploy:main is starting: 1abd0b5358b5ef9d423d82b434505a2d8669df3cfbb0771ec804fc8cd52d10f5
2026-08-29 18:35:55 [main] INFO  t.g.io/epos-eric/metadata-database/deploy:main - Container ghcr.io/epos-eric/metadata-database/deploy:main started in PT4.755720037S
2026-08-29 18:35:55 [main] INFO  t.g.io/epos-eric/metadata-database/deploy:main - Container is started (JDBC URL: jdbc:postgresql://localhost:34060/cerif?loggerLevel=OFF)
2026-08-29 18:35:55 [main] INFO  com.zaxxer.hikari.HikariDataSource - metadata_catalogue - Starting...
2026-08-29 18:35:55 [main] INFO  com.zaxxer.hikari.pool.HikariPool - metadata_catalogue - Added connection org.postgresql.jdbc.PgConnection@58c4b216
2026-08-29 18:35:55 [main] INFO  com.zaxxer.hikari.HikariDataSource - metadata_catalogue - Start completed.
2026-08-29 18:35:55 [main] INFO  com.zaxxer.hikari.HikariDataSource - metadata_catalogue - Shutdown initiated...
2026-08-29 18:35:55 [main] INFO  com.zaxxer.hikari.HikariDataSource - metadata_catalogue - Shutdown completed.
2026-08-29 18:35:56 [main] INFO  t.g.io/epos-eric/metadata-database/deploy:main - Creating container for image: ghcr.io/epos-eric/metadata-database/deploy:main
2026-08-29 18:35:56 [main] INFO  t.g.io/epos-eric/metadata-database/deploy:main - Container ghcr.io/epos-eric/metadata-database/deploy:main is starting: 4e378ebad05f17565ac7f63ebb558d9482893b60f6116e4351df9b627dfa5848
2026-08-29 18:36:00 [main] INFO  t.g.io/epos-eric/metadata-database/deploy:main - Container ghcr.io/epos-eric/metadata-database/deploy:main started in PT4.341457025S
2026-08-29 18:36:00 [main] INFO  t.g.io/epos-eric/metadata-database/deploy:main - Container is started (JDBC URL: jdbc:postgresql://localhost:34061/cerif?loggerLevel=OFF)
2026-08-29 18:36:00 [main] INFO  com.zaxxer.hikari.HikariDataSource - metadata_catalogue - Starting...
2026-08-29 18:36:00 [main] INFO  com.zaxxer.hikari.pool.HikariPool - metadata_catalogue - Added connection org.postgresql.jdbc.PgConnection@6982de29
2026-08-29 18:36:00 [main] INFO  com.zaxxer.hikari.HikariDataSource - metadata_catalogue - Start completed.
2026-08-29 18:36:00 [main] INFO  com.zaxxer.hikari.HikariDataSource - metadata_catalogue - Shutdown initiated...
2026-08-29 18:36:00 [main] INFO  com.zaxxer.hikari.HikariDataSource - metadata_catalogue - Shutdown completed.
2026-08-29 18:36:01 [main] INFO  t.g.io/epos-eric/metadata-database/deploy:main - Creating container for image: ghcr.io/epos-eric/metadata-database/deploy:main
2026-08-29 18:36:01 [main] INFO  t.g.io/epos-eric/metadata-database/deploy:main - Container ghcr.io/epos-eric/metadata-database/deploy:main is starting: 53f111941aaafca479fbd9cd3ce3f24628a2cdbfb0a18d2398220068a6cf8770
2026-08-29 18:36:06 [main] INFO  t.g.io/epos-eric/metadata-database/deploy:main - Container ghcr.io/epos-eric/metadata-database/deploy:main started in PT4.565190166S
2026-08-29 18:36:06 [main] INFO  t.g.io/epos-eric/metadata-database/deploy:main - Container is started (JDBC URL: jdbc:postgresql://localhost:34062/cerif?loggerLevel=OFF)
2026-08-29 18:36:06 [main] INFO  com.zaxxer.hikari.HikariDataSource - metadata_catalogue - Starting...
2026-08-29 18:36:06 [main] INFO  com.zaxxer.hikari.pool.HikariPool - metadata_catalogue - Added connection org.postgresql.jdbc.PgConnection@7df76204
2026-08-29 18:36:06 [main] INFO  com.zaxxer.hikari.HikariDataSource - metadata_catalogue - Start completed.
2026-08-29 18:36:06 [main] INFO  com.zaxxer.hikari.HikariDataSource - metadata_catalogue - Shutdown initiated...
2026-08-29 18:36:06 [main] INFO  com.zaxxer.hikari.HikariDataSource - metadata_catalogue - Shutdown completed.
2026-08-29 18:36:06 [main] INFO  t.g.io/epos-eric/metadata-database/deploy:main - Creating container for image: ghcr.io/epos-eric/metadata-database/deploy:main
2026-08-29 18:36:07 [main] INFO  t.g.io/epos-eric/metadata-database/deploy:main - Container ghcr.io/epos-eric/metadata-database/deploy:main is starting: 9c23bee626304cc76a13dd35af2ab6d5ca15ac6c3a048b5b04e04b71969f3603
2026-08-29 18:36:11 [main] INFO  t.g.io/epos-eric/metadata-database/deploy:main - Container ghcr.io/epos-eric/metadata-database/deploy:main started in PT4.67284861S
2026-08-29 18:36:11 [main] INFO  t.g.io/epos-eric/metadata-database/deploy:main - Container is started (JDBC URL: jdbc:postgresql://localhost:34063/cerif?loggerLevel=OFF)
2026-08-29 18:36:11 [main] INFO  com.zaxxer.hikari.HikariDataSource - metadata_catalogue - Starting...
2026-08-29 18:36:11 [main] INFO  com.zaxxer.hikari.pool.HikariPool - metadata_catalogue - Added connection org.postgresql.jdbc.PgConnection@7a8c9b6d
2026-08-29 18:36:11 [main] INFO  com.zaxxer.hikari.HikariDataSource - metadata_catalogue - Start completed.
2026-08-29 18:36:11 [main] INFO  com.zaxxer.hikari.HikariDataSource - metadata_catalogue - Shutdown initiated...
2026-08-29 18:36:11 [main] INFO  com.zaxxer.hikari.HikariDataSource - metadata_catalogue - Shutdown completed.
2026-08-29 18:36:12 [main] INFO  t.g.io/epos-eric/metadata-database/deploy:main - Creating container for image: ghcr.io/epos-eric/metadata-database/deploy:main
2026-08-29 18:36:12 [main] INFO  t.g.io/epos-eric/metadata-database/deploy:main - Container ghcr.io/epos-eric/metadata-database/deploy:main is starting: 7da39076c15df4811d9e58381bd8f64acf4409861057752a711696fdb8f11488
2026-08-29 18:36:16 [main] INFO  t.g.io/epos-eric/metadata-database/deploy:main - Container ghcr.io/epos-eric/metadata-database/deploy:main started in PT4.226745446S
2026-08-29 18:36:16 [main] INFO  t.g.io/epos-eric/metadata-database/deploy:main - Container is started (JDBC URL: jdbc:postgresql://localhost:34064/cerif?loggerLevel=OFF)
2026-08-29 18:36:16 [main] INFO  com.zaxxer.hikari.HikariDataSource - metadata_catalogue - Starting...
2026-08-29 18:36:16 [main] INFO  com.zaxxer.hikari.pool.HikariPool - metadata_catalogue - Added connection org.postgresql.jdbc.PgConnection@5123e4a8
2026-08-29 18:36:16 [main] INFO  com.zaxxer.hikari.HikariDataSource - metadata_catalogue - Start completed.
2026-08-29 18:36:17 [main] INFO  com.zaxxer.hikari.HikariDataSource - metadata_catalogue - Shutdown initiated...
2026-08-29 18:36:17 [main] INFO  com.zaxxer.hikari.HikariDataSource - metadata_catalogue - Shutdown completed.
2026-08-29 18:36:17 [main] INFO  t.g.io/epos-eric/metadata-database/deploy:main - Creating container for image: ghcr.io/epos-eric/metadata-database/deploy:main
2026-08-29 18:36:17 [main] INFO  t.g.io/epos-eric/metadata-database/deploy:main - Container ghcr.io/epos-eric/metadata-database/deploy:main is starting: 89bf787b2a498cb846e5b0b5bdc06e56fe3db7ffc6fd105874d34f9bedb14e0b
2026-08-29 18:36:21 [main] INFO  t.g.io/epos-eric/metadata-database/deploy:main - Container ghcr.io/epos-eric/metadata-database/deploy:main started in PT4.152028459S
2026-08-29 18:36:21 [main] INFO  t.g.io/epos-eric/metadata-database/deploy:main - Container is started (JDBC URL: jdbc:postgresql://localhost:34065/cerif?loggerLevel=OFF)
2026-08-29 18:36:21 [main] INFO  com.zaxxer.hikari.HikariDataSource - metadata_catalogue - Starting...
2026-08-29 18:36:21 [main] INFO  com.zaxxer.hikari.pool.HikariPool - metadata_catalogue - Added connection org.postgresql.jdbc.PgConnection@11da98f1
2026-08-29 18:36:21 [main] INFO  com.zaxxer.hikari.HikariDataSource - metadata_catalogue - Start completed.
2026-08-29 18:36:22 [main] INFO  com.zaxxer.hikari.HikariDataSource - metadata_catalogue - Shutdown initiated...
2026-08-29 18:36:22 [main] INFO  com.zaxxer.hikari.HikariDataSource - metadata_catalogue - Shutdown completed.
2026-08-29 18:36:22 [main] INFO  t.g.io/epos-eric/metadata-database/deploy:main - Creating container for image: ghcr.io/epos-eric/metadata-database/deploy:main
2026-08-29 18:36:22 [main] INFO  t.g.io/epos-eric/metadata-database/deploy:main - Container ghcr.io/epos-eric/metadata-database/deploy:main is starting: 2c26a7c9e0522627d463af75b75b468ce489854e5054c07e54af93c650fdc1e1
2026-08-29 18:36:27 [main] INFO  t.g.io/epos-eric/metadata-database/deploy:main - Container ghcr.io/epos-eric/metadata-database/deploy:main started in PT4.69185439S
2026-08-29 18:36:27 [main] INFO  t.g.io/epos-eric/metadata-database/deploy:main - Container is started (JDBC URL: jdbc:postgresql://localhost:34066/cerif?loggerLevel=OFF)
2026-08-29 18:36:27 [main] INFO  com.zaxxer.hikari.HikariDataSource - metadata_catalogue - Starting...
2026-08-29 18:36:27 [main] INFO  com.zaxxer.hikari.pool.HikariPool - metadata_catalogue - Added connection org.postgresql.jdbc.PgConnection@688a37b6
2026-08-29 18:36:27 [main] INFO  com.zaxxer.hikari.HikariDataSource - metadata_catalogue - Start completed.
2026-08-29 18:36:27 [main] INFO  com.zaxxer.hikari.HikariDataSource - metadata_catalogue - Shutdown initiated...
2026-08-29 18:36:27 [main] INFO  com.zaxxer.hikari.HikariDataSource - metadata_catalogue - Shutdown completed.
2026-08-29 18:36:27 [main] INFO  t.g.io/epos-eric/metadata-database/deploy:main - Creating container for image: ghcr.io/epos-eric/metadata-database/deploy:main
2026-08-29 18:36:28 [main] INFO  t.g.io/epos-eric/metadata-database/deploy:main - Container ghcr.io/epos-eric/metadata-database/deploy:main is starting: 0fb97f9e5a1c0d700bf55d29b27edeb18e8b59c91abdf75135c0c75bd6cabb1b
2026-08-29 18:36:32 [main] INFO  t.g.io/epos-eric/metadata-database/deploy:main - Container ghcr.io/epos-eric/metadata-database/deploy:main started in PT4.216373832S
2026-08-29 18:36:32 [main] INFO  t.g.io/epos-eric/metadata-database/deploy:main - Container is started (JDBC URL: jdbc:postgresql://localhost:34067/cerif?loggerLevel=OFF)
2026-08-29 18:36:32 [main] INFO  com.zaxxer.hikari.HikariDataSource - metadata_catalogue - Starting...
2026-08-29 18:36:32 [main] INFO  com.zaxxer.hikari.pool.HikariPool - metadata_catalogue - Added connection org.postgresql.jdbc.PgConnection@366d1e95
2026-08-29 18:36:32 [main] INFO  com.zaxxer.hikari.HikariDataSource - metadata_catalogue - Start completed.
2026-08-29 18:36:32 [main] INFO  com.zaxxer.hikari.HikariDataSource - metadata_catalogue - Shutdown initiated...
2026-08-29 18:36:32 [main] INFO  com.zaxxer.hikari.HikariDataSource - metadata_catalogue - Shutdown completed.
2026-08-29 18:39:22 [main] INFO  o.testcontainers.images.PullPolicy - Image pull policy will be performed by: DefaultPullPolicy()
2026-08-29 18:39:22 [main] INFO  o.t.utility.ImageNameSubstitutor - Image name substitution will be performed by: DefaultImageNameSubstitutor (composite of 'ConfigurationFileImageNameSubstitutor' and 'PrefixingImageNameSubstitutor')
2026-08-29 18:39:22 [main] INFO  o.testcontainers.DockerClientFactory - Testcontainers version: 2.0.2
2026-08-29 18:39:22 [main] INFO  o.t.d.DockerClientProviderStrategy - Loaded org.testcontainers.dockerclient.UnixSocketClientProviderStrategy from ~/.testcontainers.properties, will try it first
2026-08-29 18:39:22 [main] INFO  o.t.d.DockerClientProviderStrategy - Found Docker environment with local Unix socket (unix:///var/run/docker.sock)
2026-08-29 18:39:22 [main] INFO  o.testcontainers.DockerClientFactory - Docker host IP address is localhost
2026-08-29 18:39:22 [main] INFO  o.testcontainers.DockerClientFactory - Connected to docker: 
  Server Version: 29.7.2
  API Version: 1.55
  Operating System: Arch Linux
  Total Memory: 63796 MB
2026-08-29 18:39:23 [main] INFO  tc.testcontainers/ryuk:0.13.0 - Creating container for image: testcontainers/ryuk:0.13.0
2026-08-29 18:39:23 [main] INFO  tc.testcontainers/ryuk:0.13.0 - Container testcontainers/ryuk:0.13.0 is starting: dbd03d159fab0789ed0e0466529e5d344f0ed327839b993e15bbd7803befa90d
2026-08-29 18:39:24 [main] INFO  tc.testcontainers/ryuk:0.13.0 - Container testcontainers/ryuk:0.13.0 started in PT0.34575846S
2026-08-29 18:39:24 [main] INFO  o.t.utility.RyukResourceReaper - Ryuk started - will monitor and terminate Testcontainers containers on JVM exit
2026-08-29 18:39:24 [main] INFO  o.testcontainers.DockerClientFactory - Checking the system...
2026-08-29 18:39:24 [main] INFO  o.testcontainers.DockerClientFactory - ✔︎ Docker server version should be at least 1.6.0
2026-08-29 18:39:24 [main] INFO  t.g.io/epos-eric/metadata-database/deploy:main - Creating container for image: ghcr.io/epos-eric/metadata-database/deploy:main
2026-08-29 18:39:24 [main] INFO  t.g.io/epos-eric/metadata-database/deploy:main - Container ghcr.io/epos-eric/metadata-database/deploy:main is starting: 998d5daeaa250de59f4d2bc7c52f82ce9534bf12cf6bb29dabacf7f4a02dcc23
2026-08-29 18:39:27 [main] INFO  t.g.io/epos-eric/metadata-database/deploy:main - Container ghcr.io/epos-eric/metadata-database/deploy:main started in PT3.790850365S
2026-08-29 18:39:27 [main] INFO  t.g.io/epos-eric/metadata-database/deploy:main - Container is started (JDBC URL: jdbc:postgresql://localhost:34069/cerif?loggerLevel=OFF)
2026-08-29 18:39:28 [main] INFO  com.zaxxer.hikari.HikariDataSource - metadata_catalogue - Starting...
2026-08-29 18:39:28 [main] INFO  com.zaxxer.hikari.pool.HikariPool - metadata_catalogue - Added connection org.postgresql.jdbc.PgConnection@14924f41
2026-08-29 18:39:28 [main] INFO  com.zaxxer.hikari.HikariDataSource - metadata_catalogue - Start completed.
2026-08-29 18:39:29 [main] INFO  com.zaxxer.hikari.HikariDataSource - metadata_catalogue - Shutdown initiated...
2026-08-29 18:39:29 [main] INFO  com.zaxxer.hikari.HikariDataSource - metadata_catalogue - Shutdown completed.
2026-08-29 18:39:29 [main] INFO  t.g.io/epos-eric/metadata-database/deploy:main - Creating container for image: ghcr.io/epos-eric/metadata-database/deploy:main
2026-08-29 18:39:29 [main] INFO  t.g.io/epos-eric/metadata-database/deploy:main - Container ghcr.io/epos-eric/metadata-database/deploy:main is starting: 1d2104536404f4cbc649660a75b0d925bc856bfc3858c9cad0e36d474cb9b615
2026-08-29 18:39:33 [main] INFO  t.g.io/epos-eric/metadata-database/deploy:main - Container ghcr.io/epos-eric/metadata-database/deploy:main started in PT3.859236436S
2026-08-29 18:39:33 [main] INFO  t.g.io/epos-eric/metadata-database/deploy:main - Container is started (JDBC URL: jdbc:postgresql://localhost:34070/cerif?loggerLevel=OFF)
2026-08-29 18:39:33 [main] INFO  com.zaxxer.hikari.HikariDataSource - metadata_catalogue - Starting...
2026-08-29 18:39:33 [main] INFO  com.zaxxer.hikari.pool.HikariPool - metadata_catalogue - Added connection org.postgresql.jdbc.PgConnection@7769d9b6
2026-08-29 18:39:33 [main] INFO  com.zaxxer.hikari.HikariDataSource - metadata_catalogue - Start completed.
2026-08-29 18:39:33 [main] INFO  com.zaxxer.hikari.HikariDataSource - metadata_catalogue - Shutdown initiated...
2026-08-29 18:39:33 [main] INFO  com.zaxxer.hikari.HikariDataSource - metadata_catalogue - Shutdown completed.
2026-08-29 18:39:33 [main] INFO  t.g.io/epos-eric/metadata-database/deploy:main - Creating container for image: ghcr.io/epos-eric/metadata-database/deploy:main
2026-08-29 18:39:34 [main] INFO  t.g.io/epos-eric/metadata-database/deploy:main - Container ghcr.io/epos-eric/metadata-database/deploy:main is starting: 0f2575112fb76837b9bdce966a23948bc950e82ddcdb959a841a0a16ea6ac549
2026-08-29 18:39:38 [main] INFO  t.g.io/epos-eric/metadata-database/deploy:main - Container ghcr.io/epos-eric/metadata-database/deploy:main started in PT4.373926153S
2026-08-29 18:39:38 [main] INFO  t.g.io/epos-eric/metadata-database/deploy:main - Container is started (JDBC URL: jdbc:postgresql://localhost:34071/cerif?loggerLevel=OFF)
2026-08-29 18:39:38 [main] INFO  com.zaxxer.hikari.HikariDataSource - metadata_catalogue - Starting...
2026-08-29 18:39:38 [main] INFO  com.zaxxer.hikari.pool.HikariPool - metadata_catalogue - Added connection org.postgresql.jdbc.PgConnection@68c4db77
2026-08-29 18:39:38 [main] INFO  com.zaxxer.hikari.HikariDataSource - metadata_catalogue - Start completed.
2026-08-29 18:39:38 [main] INFO  com.zaxxer.hikari.HikariDataSource - metadata_catalogue - Shutdown initiated...
2026-08-29 18:39:38 [main] INFO  com.zaxxer.hikari.HikariDataSource - metadata_catalogue - Shutdown completed.
2026-08-29 18:39:38 [main] INFO  t.g.io/epos-eric/metadata-database/deploy:main - Creating container for image: ghcr.io/epos-eric/metadata-database/deploy:main
2026-08-29 18:39:39 [main] INFO  t.g.io/epos-eric/metadata-database/deploy:main - Container ghcr.io/epos-eric/metadata-database/deploy:main is starting: 5fe9ad2fd71fddb30a95665e9d351c4929f32fb493c67d8d5ea3466ba581ed12
2026-08-29 18:39:43 [main] INFO  t.g.io/epos-eric/metadata-database/deploy:main - Container ghcr.io/epos-eric/metadata-database/deploy:main started in PT4.123043974S
2026-08-29 18:39:43 [main] INFO  t.g.io/epos-eric/metadata-database/deploy:main - Container is started (JDBC URL: jdbc:postgresql://localhost:34072/cerif?loggerLevel=OFF)
2026-08-29 18:39:43 [main] INFO  com.zaxxer.hikari.HikariDataSource - metadata_catalogue - Starting...
2026-08-29 18:39:43 [main] INFO  com.zaxxer.hikari.pool.HikariPool - metadata_catalogue - Added connection org.postgresql.jdbc.PgConnection@6d842877
2026-08-29 18:39:43 [main] INFO  com.zaxxer.hikari.HikariDataSource - metadata_catalogue - Start completed.
2026-08-29 18:39:43 [main] INFO  com.zaxxer.hikari.HikariDataSource - metadata_catalogue - Shutdown initiated...
2026-08-29 18:39:43 [main] INFO  com.zaxxer.hikari.HikariDataSource - metadata_catalogue - Shutdown completed.
2026-08-29 18:39:43 [main] INFO  t.g.io/epos-eric/metadata-database/deploy:main - Creating container for image: ghcr.io/epos-eric/metadata-database/deploy:main
2026-08-29 18:39:44 [main] INFO  t.g.io/epos-eric/metadata-database/deploy:main - Container ghcr.io/epos-eric/metadata-database/deploy:main is starting: 4d43a3a962c2338e52d98956149b48947dc7ffde787a3a41356f73514d56b51e
2026-08-29 18:39:47 [main] INFO  t.g.io/epos-eric/metadata-database/deploy:main - Container ghcr.io/epos-eric/metadata-database/deploy:main started in PT3.938660585S
2026-08-29 18:39:47 [main] INFO  t.g.io/epos-eric/metadata-database/deploy:main - Container is started (JDBC URL: jdbc:postgresql://localhost:34073/cerif?loggerLevel=OFF)
2026-08-29 18:39:47 [main] INFO  com.zaxxer.hikari.HikariDataSource - metadata_catalogue - Starting...
2026-08-29 18:39:47 [main] INFO  com.zaxxer.hikari.pool.HikariPool - metadata_catalogue - Added connection org.postgresql.jdbc.PgConnection@7efa366
2026-08-29 18:39:47 [main] INFO  com.zaxxer.hikari.HikariDataSource - metadata_catalogue - Start completed.
2026-08-29 18:39:48 [main] INFO  com.zaxxer.hikari.HikariDataSource - metadata_catalogue - Shutdown initiated...
2026-08-29 18:39:48 [main] INFO  com.zaxxer.hikari.HikariDataSource - metadata_catalogue - Shutdown completed.
2026-08-29 18:39:48 [main] INFO  t.g.io/epos-eric/metadata-database/deploy:main - Creating container for image: ghcr.io/epos-eric/metadata-database/deploy:main
2026-08-29 18:39:48 [main] INFO  t.g.io/epos-eric/metadata-database/deploy:main - Container ghcr.io/epos-eric/metadata-database/deploy:main is starting: 3da1a2f0e2af98b0286358646b4bcb04da33adb0b5c1ba4448f7cda587f4e403
2026-08-29 18:39:52 [main] INFO  t.g.io/epos-eric/metadata-database/deploy:main - Container ghcr.io/epos-eric/metadata-database/deploy:main started in PT4.070180893S
2026-08-29 18:39:52 [main] INFO  t.g.io/epos-eric/metadata-database/deploy:main - Container is started (JDBC URL: jdbc:postgresql://localhost:34074/cerif?loggerLevel=OFF)
2026-08-29 18:39:52 [main] INFO  com.zaxxer.hikari.HikariDataSource - metadata_catalogue - Starting...
2026-08-29 18:39:52 [main] INFO  com.zaxxer.hikari.pool.HikariPool - metadata_catalogue - Added connection org.postgresql.jdbc.PgConnection@1859b996
2026-08-29 18:39:52 [main] INFO  com.zaxxer.hikari.HikariDataSource - metadata_catalogue - Start completed.
2026-08-29 18:39:53 [main] INFO  com.zaxxer.hikari.HikariDataSource - metadata_catalogue - Shutdown initiated...
2026-08-29 18:39:53 [main] INFO  com.zaxxer.hikari.HikariDataSource - metadata_catalogue - Shutdown completed.
2026-08-29 18:39:54 [main] INFO  t.g.io/epos-eric/metadata-database/deploy:main - Creating container for image: ghcr.io/epos-eric/metadata-database/deploy:main
2026-08-29 18:39:54 [main] INFO  t.g.io/epos-eric/metadata-database/deploy:main - Container ghcr.io/epos-eric/metadata-database/deploy:main is starting: c65a718dfbf270e96a312628e0d1a8e8c3680a07ca2750e51ad7572167519ee0
2026-08-29 18:39:58 [main] INFO  t.g.io/epos-eric/metadata-database/deploy:main - Container ghcr.io/epos-eric/metadata-database/deploy:main started in PT4.502967376S
2026-08-29 18:39:58 [main] INFO  t.g.io/epos-eric/metadata-database/deploy:main - Container is started (JDBC URL: jdbc:postgresql://localhost:34075/cerif?loggerLevel=OFF)
2026-08-29 18:39:58 [main] INFO  com.zaxxer.hikari.HikariDataSource - metadata_catalogue - Starting...
2026-08-29 18:39:58 [main] INFO  com.zaxxer.hikari.pool.HikariPool - metadata_catalogue - Added connection org.postgresql.jdbc.PgConnection@56897de0
2026-08-29 18:39:58 [main] INFO  com.zaxxer.hikari.HikariDataSource - metadata_catalogue - Start completed.
2026-08-29 18:39:58 [main] INFO  com.zaxxer.hikari.HikariDataSource - metadata_catalogue - Shutdown initiated...
2026-08-29 18:39:58 [main] INFO  com.zaxxer.hikari.HikariDataSource - metadata_catalogue - Shutdown completed.
2026-08-29 18:39:58 [main] INFO  t.g.io/epos-eric/metadata-database/deploy:main - Creating container for image: ghcr.io/epos-eric/metadata-database/deploy:main
2026-08-29 18:39:59 [main] INFO  t.g.io/epos-eric/metadata-database/deploy:main - Container ghcr.io/epos-eric/metadata-database/deploy:main is starting: d0e0179b40f255ff1c5ce9ef4f3226ce4ef275d8f699ff93316322a755a1548b
2026-08-29 18:40:03 [main] INFO  t.g.io/epos-eric/metadata-database/deploy:main - Container ghcr.io/epos-eric/metadata-database/deploy:main started in PT4.098652324S
2026-08-29 18:40:03 [main] INFO  t.g.io/epos-eric/metadata-database/deploy:main - Container is started (JDBC URL: jdbc:postgresql://localhost:34076/cerif?loggerLevel=OFF)
2026-08-29 18:40:03 [main] INFO  com.zaxxer.hikari.HikariDataSource - metadata_catalogue - Starting...
2026-08-29 18:40:03 [main] INFO  com.zaxxer.hikari.pool.HikariPool - metadata_catalogue - Added connection org.postgresql.jdbc.PgConnection@1b72f9a
2026-08-29 18:40:03 [main] INFO  com.zaxxer.hikari.HikariDataSource - metadata_catalogue - Start completed.
2026-08-29 18:40:04 [main] INFO  com.zaxxer.hikari.HikariDataSource - metadata_catalogue - Shutdown initiated...
2026-08-29 18:40:04 [main] INFO  com.zaxxer.hikari.HikariDataSource - metadata_catalogue - Shutdown completed.
2026-08-29 18:40:04 [main] INFO  t.g.io/epos-eric/metadata-database/deploy:main - Creating container for image: ghcr.io/epos-eric/metadata-database/deploy:main
2026-08-29 18:40:04 [main] INFO  t.g.io/epos-eric/metadata-database/deploy:main - Container ghcr.io/epos-eric/metadata-database/deploy:main is starting: 6a4fbbec43319163fedf8f2e00c45452df8e6b46eb635f535a7fc9f3c4167f0b
2026-08-29 18:40:08 [main] INFO  t.g.io/epos-eric/metadata-database/deploy:main - Container ghcr.io/epos-eric/metadata-database/deploy:main started in PT3.905743836S
2026-08-29 18:40:08 [main] INFO  t.g.io/epos-eric/metadata-database/deploy:main - Container is started (JDBC URL: jdbc:postgresql://localhost:34077/cerif?loggerLevel=OFF)
2026-08-29 18:40:08 [main] INFO  com.zaxxer.hikari.HikariDataSource - metadata_catalogue - Starting...
2026-08-29 18:40:08 [main] INFO  com.zaxxer.hikari.pool.HikariPool - metadata_catalogue - Added connection org.postgresql.jdbc.PgConnection@4bb13671
2026-08-29 18:40:08 [main] INFO  com.zaxxer.hikari.HikariDataSource - metadata_catalogue - Start completed.
2026-08-29 18:40:08 [main] INFO  com.zaxxer.hikari.HikariDataSource - metadata_catalogue - Shutdown initiated...
2026-08-29 18:40:08 [main] INFO  com.zaxxer.hikari.HikariDataSource - metadata_catalogue - Shutdown completed.
2026-08-29 18:40:09 [main] INFO  t.g.io/epos-eric/metadata-database/deploy:main - Creating container for image: ghcr.io/epos-eric/metadata-database/deploy:main
2026-08-29 18:40:09 [main] INFO  t.g.io/epos-eric/metadata-database/deploy:main - Container ghcr.io/epos-eric/metadata-database/deploy:main is starting: 92005b6efa5a24bd5b6e8f5b968096baa66493f5283cafd30ad775e411124411
2026-08-29 18:40:13 [main] INFO  t.g.io/epos-eric/metadata-database/deploy:main - Container ghcr.io/epos-eric/metadata-database/deploy:main started in PT4.468163904S
2026-08-29 18:40:13 [main] INFO  t.g.io/epos-eric/metadata-database/deploy:main - Container is started (JDBC URL: jdbc:postgresql://localhost:34078/cerif?loggerLevel=OFF)
2026-08-29 18:40:13 [main] INFO  com.zaxxer.hikari.HikariDataSource - metadata_catalogue - Starting...
2026-08-29 18:40:13 [main] INFO  com.zaxxer.hikari.pool.HikariPool - metadata_catalogue - Added connection org.postgresql.jdbc.PgConnection@470bef04
2026-08-29 18:40:13 [main] INFO  com.zaxxer.hikari.HikariDataSource - metadata_catalogue - Start completed.
2026-08-29 18:40:13 [main] INFO  com.zaxxer.hikari.HikariDataSource - metadata_catalogue - Shutdown initiated...
2026-08-29 18:40:13 [main] INFO  com.zaxxer.hikari.HikariDataSource - metadata_catalogue - Shutdown completed.
2026-08-29 18:40:14 [main] INFO  t.g.io/epos-eric/metadata-database/deploy:main - Creating container for image: ghcr.io/epos-eric/metadata-database/deploy:main
2026-08-29 18:40:14 [main] INFO  t.g.io/epos-eric/metadata-database/deploy:main - Container ghcr.io/epos-eric/metadata-database/deploy:main is starting: f0f8d52ab41a70ded5aa4a4ab5bd900ec02c953bfd96abba333533055833eb00
2026-08-29 18:40:18 [main] INFO  t.g.io/epos-eric/metadata-database/deploy:main - Container ghcr.io/epos-eric/metadata-database/deploy:main started in PT3.859282047S
2026-08-29 18:40:18 [main] INFO  t.g.io/epos-eric/metadata-database/deploy:main - Container is started (JDBC URL: jdbc:postgresql://localhost:34079/cerif?loggerLevel=OFF)
2026-08-29 18:40:18 [main] INFO  com.zaxxer.hikari.HikariDataSource - metadata_catalogue - Starting...
2026-08-29 18:40:18 [main] INFO  com.zaxxer.hikari.pool.HikariPool - metadata_catalogue - Added connection org.postgresql.jdbc.PgConnection@457d81d8
2026-08-29 18:40:18 [main] INFO  com.zaxxer.hikari.HikariDataSource - metadata_catalogue - Start completed.
2026-08-29 18:40:18 [main] INFO  com.zaxxer.hikari.HikariDataSource - metadata_catalogue - Shutdown initiated...
2026-08-29 18:40:18 [main] INFO  com.zaxxer.hikari.HikariDataSource - metadata_catalogue - Shutdown completed.
2026-08-29 18:40:19 [main] INFO  t.g.io/epos-eric/metadata-database/deploy:main - Creating container for image: ghcr.io/epos-eric/metadata-database/deploy:main
2026-08-29 18:40:19 [main] INFO  t.g.io/epos-eric/metadata-database/deploy:main - Container ghcr.io/epos-eric/metadata-database/deploy:main is starting: 925625229cf1b9e566c684b89f9cc4998d75d02d189fcbe6b7ef1559d9e468d3
2026-08-29 18:40:23 [main] INFO  t.g.io/epos-eric/metadata-database/deploy:main - Container ghcr.io/epos-eric/metadata-database/deploy:main started in PT4.115866956S
2026-08-29 18:40:23 [main] INFO  t.g.io/epos-eric/metadata-database/deploy:main - Container is started (JDBC URL: jdbc:postgresql://localhost:34080/cerif?loggerLevel=OFF)
2026-08-29 18:40:23 [main] INFO  com.zaxxer.hikari.HikariDataSource - metadata_catalogue - Starting...
2026-08-29 18:40:23 [main] INFO  com.zaxxer.hikari.pool.HikariPool - metadata_catalogue - Added connection org.postgresql.jdbc.PgConnection@19d118d5
2026-08-29 18:40:23 [main] INFO  com.zaxxer.hikari.HikariDataSource - metadata_catalogue - Start completed.
2026-08-29 18:40:24 [main] INFO  com.zaxxer.hikari.HikariDataSource - metadata_catalogue - Shutdown initiated...
2026-08-29 18:40:24 [main] INFO  com.zaxxer.hikari.HikariDataSource - metadata_catalogue - Shutdown completed.
2026-08-29 18:40:24 [main] INFO  t.g.io/epos-eric/metadata-database/deploy:main - Creating container for image: ghcr.io/epos-eric/metadata-database/deploy:main
2026-08-29 18:40:24 [main] INFO  t.g.io/epos-eric/metadata-database/deploy:main - Container ghcr.io/epos-eric/metadata-database/deploy:main is starting: f0ae3479f3c95cf64546a18d87e92a2f19762b926ca7ac1b84e12d8d2ea28d72
2026-08-29 18:40:28 [main] INFO  t.g.io/epos-eric/metadata-database/deploy:main - Container ghcr.io/epos-eric/metadata-database/deploy:main started in PT4.438429421S
2026-08-29 18:40:28 [main] INFO  t.g.io/epos-eric/metadata-database/deploy:main - Container is started (JDBC URL: jdbc:postgresql://localhost:34081/cerif?loggerLevel=OFF)
2026-08-29 18:40:28 [main] INFO  com.zaxxer.hikari.HikariDataSource - metadata_catalogue - Starting...
2026-08-29 18:40:28 [main] INFO  com.zaxxer.hikari.pool.HikariPool - metadata_catalogue - Added connection org.postgresql.jdbc.PgConnection@6115b4a0
2026-08-29 18:40:28 [main] INFO  com.zaxxer.hikari.HikariDataSource - metadata_catalogue - Start completed.
2026-08-29 18:40:30 [main] INFO  com.zaxxer.hikari.HikariDataSource - metadata_catalogue - Shutdown initiated...
2026-08-29 18:40:30 [main] INFO  com.zaxxer.hikari.HikariDataSource - metadata_catalogue - Shutdown completed.
2026-08-29 18:40:30 [main] INFO  t.g.io/epos-eric/metadata-database/deploy:main - Creating container for image: ghcr.io/epos-eric/metadata-database/deploy:main
2026-08-29 18:40:31 [main] INFO  t.g.io/epos-eric/metadata-database/deploy:main - Container ghcr.io/epos-eric/metadata-database/deploy:main is starting: a3aa031af9a446a7fad60002914906bc548b093288e9bd43011ea7b3b5fbb66a
2026-08-29 18:40:35 [main] INFO  t.g.io/epos-eric/metadata-database/deploy:main - Container ghcr.io/epos-eric/metadata-database/deploy:main started in PT4.368319755S
2026-08-29 18:40:35 [main] INFO  t.g.io/epos-eric/metadata-database/deploy:main - Container is started (JDBC URL: jdbc:postgresql://localhost:34082/cerif?loggerLevel=OFF)
2026-08-29 18:40:35 [main] INFO  com.zaxxer.hikari.HikariDataSource - metadata_catalogue - Starting...
2026-08-29 18:40:35 [main] INFO  com.zaxxer.hikari.pool.HikariPool - metadata_catalogue - Added connection org.postgresql.jdbc.PgConnection@2c6062bd
2026-08-29 18:40:35 [main] INFO  com.zaxxer.hikari.HikariDataSource - metadata_catalogue - Start completed.
2026-08-29 18:40:35 [main] INFO  com.zaxxer.hikari.HikariDataSource - metadata_catalogue - Shutdown initiated...
2026-08-29 18:40:35 [main] INFO  com.zaxxer.hikari.HikariDataSource - metadata_catalogue - Shutdown completed.
2026-08-29 18:40:36 [main] INFO  t.g.io/epos-eric/metadata-database/deploy:main - Creating container for image: ghcr.io/epos-eric/metadata-database/deploy:main
2026-08-29 18:40:36 [main] INFO  t.g.io/epos-eric/metadata-database/deploy:main - Container ghcr.io/epos-eric/metadata-database/deploy:main is starting: eaa23e8f2b8cd41b64cdb52978e72603917974042a8f4ca1e9a47ff11209f4b7
2026-08-29 18:40:40 [main] INFO  t.g.io/epos-eric/metadata-database/deploy:main - Container ghcr.io/epos-eric/metadata-database/deploy:main started in PT4.507805811S
2026-08-29 18:40:40 [main] INFO  t.g.io/epos-eric/metadata-database/deploy:main - Container is started (JDBC URL: jdbc:postgresql://localhost:34083/cerif?loggerLevel=OFF)
2026-08-29 18:40:40 [main] INFO  com.zaxxer.hikari.HikariDataSource - metadata_catalogue - Starting...
2026-08-29 18:40:40 [main] INFO  com.zaxxer.hikari.pool.HikariPool - metadata_catalogue - Added connection org.postgresql.jdbc.PgConnection@311d3cab
2026-08-29 18:40:40 [main] INFO  com.zaxxer.hikari.HikariDataSource - metadata_catalogue - Start completed.
2026-08-29 18:40:40 [main] INFO  com.zaxxer.hikari.HikariDataSource - metadata_catalogue - Shutdown initiated...
2026-08-29 18:40:40 [main] INFO  com.zaxxer.hikari.HikariDataSource - metadata_catalogue - Shutdown completed.
2026-08-29 18:40:41 [main] INFO  t.g.io/epos-eric/metadata-database/deploy:main - Creating container for image: ghcr.io/epos-eric/metadata-database/deploy:main
2026-08-29 18:40:41 [main] INFO  t.g.io/epos-eric/metadata-database/deploy:main - Container ghcr.io/epos-eric/metadata-database/deploy:main is starting: 3b43f9ceac209eba99e76cfe11b0487a88c75bbf9357ffee21dfaaa2ea148a70
2026-08-29 18:40:46 [main] INFO  t.g.io/epos-eric/metadata-database/deploy:main - Container ghcr.io/epos-eric/metadata-database/deploy:main started in PT5.119165136S
2026-08-29 18:40:46 [main] INFO  t.g.io/epos-eric/metadata-database/deploy:main - Container is started (JDBC URL: jdbc:postgresql://localhost:34084/cerif?loggerLevel=OFF)
2026-08-29 18:40:46 [main] INFO  com.zaxxer.hikari.HikariDataSource - metadata_catalogue - Starting...
2026-08-29 18:40:46 [main] INFO  com.zaxxer.hikari.pool.HikariPool - metadata_catalogue - Added connection org.postgresql.jdbc.PgConnection@61ed43ae
2026-08-29 18:40:46 [main] INFO  com.zaxxer.hikari.HikariDataSource - metadata_catalogue - Start completed.
2026-08-29 18:40:46 [main] INFO  com.zaxxer.hikari.HikariDataSource - metadata_catalogue - Shutdown initiated...
2026-08-29 18:40:46 [main] INFO  com.zaxxer.hikari.HikariDataSource - metadata_catalogue - Shutdown completed.
2026-08-29 18:40:47 [main] INFO  t.g.io/epos-eric/metadata-database/deploy:main - Creating container for image: ghcr.io/epos-eric/metadata-database/deploy:main
2026-08-29 18:40:47 [main] INFO  t.g.io/epos-eric/metadata-database/deploy:main - Container ghcr.io/epos-eric/metadata-database/deploy:main is starting: 91e140759e8a13e56ebe2033f0dace3e0d5f55e40962782d2014c5a654bf46bd
2026-08-29 18:40:51 [main] INFO  t.g.io/epos-eric/metadata-database/deploy:main - Container ghcr.io/epos-eric/metadata-database/deploy:main started in PT4.299474075S
2026-08-29 18:40:51 [main] INFO  t.g.io/epos-eric/metadata-database/deploy:main - Container is started (JDBC URL: jdbc:postgresql://localhost:34085/cerif?loggerLevel=OFF)
2026-08-29 18:40:51 [main] INFO  com.zaxxer.hikari.HikariDataSource - metadata_catalogue - Starting...
2026-08-29 18:40:51 [main] INFO  com.zaxxer.hikari.pool.HikariPool - metadata_catalogue - Added connection org.postgresql.jdbc.PgConnection@33f306f0
2026-08-29 18:40:51 [main] INFO  com.zaxxer.hikari.HikariDataSource - metadata_catalogue - Start completed.
2026-08-29 18:40:51 [main] INFO  com.zaxxer.hikari.HikariDataSource - metadata_catalogue - Shutdown initiated...
2026-08-29 18:40:51 [main] INFO  com.zaxxer.hikari.HikariDataSource - metadata_catalogue - Shutdown completed.
2026-08-29 18:40:52 [main] INFO  t.g.io/epos-eric/metadata-database/deploy:main - Creating container for image: ghcr.io/epos-eric/metadata-database/deploy:main
2026-08-29 18:40:52 [main] INFO  t.g.io/epos-eric/metadata-database/deploy:main - Container ghcr.io/epos-eric/metadata-database/deploy:main is starting: da1dcc5265b09550f683f868226462efc921281ea118a7fb6fac28e88510c67c
2026-08-29 18:40:57 [main] INFO  t.g.io/epos-eric/metadata-database/deploy:main - Container ghcr.io/epos-eric/metadata-database/deploy:main started in PT5.183592521S
2026-08-29 18:40:57 [main] INFO  t.g.io/epos-eric/metadata-database/deploy:main - Container is started (JDBC URL: jdbc:postgresql://localhost:34086/cerif?loggerLevel=OFF)
2026-08-29 18:40:57 [main] INFO  com.zaxxer.hikari.HikariDataSource - metadata_catalogue - Starting...
2026-08-29 18:40:57 [main] INFO  com.zaxxer.hikari.pool.HikariPool - metadata_catalogue - Added connection org.postgresql.jdbc.PgConnection@14d4aefc
2026-08-29 18:40:57 [main] INFO  com.zaxxer.hikari.HikariDataSource - metadata_catalogue - Start completed.
2026-08-29 18:40:58 [main] INFO  com.zaxxer.hikari.HikariDataSource - metadata_catalogue - Shutdown initiated...
2026-08-29 18:40:58 [main] INFO  com.zaxxer.hikari.HikariDataSource - metadata_catalogue - Shutdown completed.
2026-08-29 18:40:58 [main] INFO  t.g.io/epos-eric/metadata-database/deploy:main - Creating container for image: ghcr.io/epos-eric/metadata-database/deploy:main
2026-08-29 18:40:58 [main] INFO  t.g.io/epos-eric/metadata-database/deploy:main - Container ghcr.io/epos-eric/metadata-database/deploy:main is starting: 472d35cf479f89206f77e1e7497b5bd6ae5ac5c7e2526247a8397cb4fd7f6ac0
2026-08-29 18:41:03 [main] INFO  t.g.io/epos-eric/metadata-database/deploy:main - Container ghcr.io/epos-eric/metadata-database/deploy:main started in PT5.092092822S
2026-08-29 18:41:03 [main] INFO  t.g.io/epos-eric/metadata-database/deploy:main - Container is started (JDBC URL: jdbc:postgresql://localhost:34087/cerif?loggerLevel=OFF)
2026-08-29 18:41:03 [main] INFO  com.zaxxer.hikari.HikariDataSource - metadata_catalogue - Starting...
2026-08-29 18:41:03 [main] INFO  com.zaxxer.hikari.pool.HikariPool - metadata_catalogue - Added connection org.postgresql.jdbc.PgConnection@5b792e4a
2026-08-29 18:41:03 [main] INFO  com.zaxxer.hikari.HikariDataSource - metadata_catalogue - Start completed.
2026-08-29 18:41:03 [main] INFO  com.zaxxer.hikari.HikariDataSource - metadata_catalogue - Shutdown initiated...
2026-08-29 18:41:03 [main] INFO  com.zaxxer.hikari.HikariDataSource - metadata_catalogue - Shutdown completed.
2026-08-29 18:41:04 [main] INFO  t.g.io/epos-eric/metadata-database/deploy:main - Creating container for image: ghcr.io/epos-eric/metadata-database/deploy:main
2026-08-29 18:41:04 [main] INFO  t.g.io/epos-eric/metadata-database/deploy:main - Container ghcr.io/epos-eric/metadata-database/deploy:main is starting: fbffda9181b7c62b47476f1cc4066826802c0363440ada7ad0521b4dae5bfcc2
2026-08-29 18:41:08 [main] INFO  t.g.io/epos-eric/metadata-database/deploy:main - Container ghcr.io/epos-eric/metadata-database/deploy:main started in PT4.170250262S
2026-08-29 18:41:08 [main] INFO  t.g.io/epos-eric/metadata-database/deploy:main - Container is started (JDBC URL: jdbc:postgresql://localhost:34088/cerif?loggerLevel=OFF)
2026-08-29 18:41:08 [main] INFO  com.zaxxer.hikari.HikariDataSource - metadata_catalogue - Starting...
2026-08-29 18:41:08 [main] INFO  com.zaxxer.hikari.pool.HikariPool - metadata_catalogue - Added connection org.postgresql.jdbc.PgConnection@5e557d9d
2026-08-29 18:41:08 [main] INFO  com.zaxxer.hikari.HikariDataSource - metadata_catalogue - Start completed.
2026-08-29 18:41:08 [main] INFO  com.zaxxer.hikari.HikariDataSource - metadata_catalogue - Shutdown initiated...
2026-08-29 18:41:08 [main] INFO  com.zaxxer.hikari.HikariDataSource - metadata_catalogue - Shutdown completed.
2026-08-29 18:41:09 [main] INFO  t.g.io/epos-eric/metadata-database/deploy:main - Creating container for image: ghcr.io/epos-eric/metadata-database/deploy:main
2026-08-29 18:41:09 [main] INFO  t.g.io/epos-eric/metadata-database/deploy:main - Container ghcr.io/epos-eric/metadata-database/deploy:main is starting: 1989a12873bd1308662d47d3c4fd59f55a832e45d666ccf4a9a229840da37b79
2026-08-29 18:41:14 [main] INFO  t.g.io/epos-eric/metadata-database/deploy:main - Container ghcr.io/epos-eric/metadata-database/deploy:main started in PT5.1125382S
2026-08-29 18:41:14 [main] INFO  t.g.io/epos-eric/metadata-database/deploy:main - Container is started (JDBC URL: jdbc:postgresql://localhost:34089/cerif?loggerLevel=OFF)
2026-08-29 18:41:14 [main] INFO  com.zaxxer.hikari.HikariDataSource - metadata_catalogue - Starting...
2026-08-29 18:41:14 [main] INFO  com.zaxxer.hikari.pool.HikariPool - metadata_catalogue - Added connection org.postgresql.jdbc.PgConnection@2a7087a8
2026-08-29 18:41:14 [main] INFO  com.zaxxer.hikari.HikariDataSource - metadata_catalogue - Start completed.
2026-08-29 18:41:14 [main] INFO  com.zaxxer.hikari.HikariDataSource - metadata_catalogue - Shutdown initiated...
2026-08-29 18:41:14 [main] INFO  com.zaxxer.hikari.HikariDataSource - metadata_catalogue - Shutdown completed.
2026-08-29 18:41:14 [main] INFO  t.g.io/epos-eric/metadata-database/deploy:main - Creating container for image: ghcr.io/epos-eric/metadata-database/deploy:main
2026-08-29 18:41:15 [main] INFO  t.g.io/epos-eric/metadata-database/deploy:main - Container ghcr.io/epos-eric/metadata-database/deploy:main is starting: 657db1c8adf5bc235f2dd5e759ab5030e4340aefd185dc5bfdb0659bdd0d2edd
2026-08-29 18:41:19 [main] INFO  t.g.io/epos-eric/metadata-database/deploy:main - Container ghcr.io/epos-eric/metadata-database/deploy:main started in PT4.894166826S
2026-08-29 18:41:19 [main] INFO  t.g.io/epos-eric/metadata-database/deploy:main - Container is started (JDBC URL: jdbc:postgresql://localhost:34090/cerif?loggerLevel=OFF)
2026-08-29 18:41:19 [main] INFO  com.zaxxer.hikari.HikariDataSource - metadata_catalogue - Starting...
2026-08-29 18:41:19 [main] INFO  com.zaxxer.hikari.pool.HikariPool - metadata_catalogue - Added connection org.postgresql.jdbc.PgConnection@3a887698
2026-08-29 18:41:19 [main] INFO  com.zaxxer.hikari.HikariDataSource - metadata_catalogue - Start completed.
2026-08-29 18:41:20 [main] INFO  com.zaxxer.hikari.HikariDataSource - metadata_catalogue - Shutdown initiated...
2026-08-29 18:41:20 [main] INFO  com.zaxxer.hikari.HikariDataSource - metadata_catalogue - Shutdown completed.
2026-08-29 18:41:20 [main] INFO  t.g.io/epos-eric/metadata-database/deploy:main - Creating container for image: ghcr.io/epos-eric/metadata-database/deploy:main
2026-08-29 18:41:20 [main] INFO  t.g.io/epos-eric/metadata-database/deploy:main - Container ghcr.io/epos-eric/metadata-database/deploy:main is starting: 650676c00ee341759979bd6ada555eae6988b33ec80345aaa1b9c3725197da05
2026-08-29 18:41:24 [main] INFO  t.g.io/epos-eric/metadata-database/deploy:main - Container ghcr.io/epos-eric/metadata-database/deploy:main started in PT3.751092974S
2026-08-29 18:41:24 [main] INFO  t.g.io/epos-eric/metadata-database/deploy:main - Container is started (JDBC URL: jdbc:postgresql://localhost:34091/cerif?loggerLevel=OFF)
2026-08-29 18:41:24 [main] INFO  com.zaxxer.hikari.HikariDataSource - metadata_catalogue - Starting...
2026-08-29 18:41:24 [main] INFO  com.zaxxer.hikari.pool.HikariPool - metadata_catalogue - Added connection org.postgresql.jdbc.PgConnection@323a870c
2026-08-29 18:41:24 [main] INFO  com.zaxxer.hikari.HikariDataSource - metadata_catalogue - Start completed.
2026-08-29 18:41:24 [main] INFO  com.zaxxer.hikari.HikariDataSource - metadata_catalogue - Shutdown initiated...
2026-08-29 18:41:24 [main] INFO  com.zaxxer.hikari.HikariDataSource - metadata_catalogue - Shutdown completed.
2026-08-29 18:41:24 [main] INFO  t.g.io/epos-eric/metadata-database/deploy:main - Creating container for image: ghcr.io/epos-eric/metadata-database/deploy:main
2026-08-29 18:41:25 [main] INFO  t.g.io/epos-eric/metadata-database/deploy:main - Container ghcr.io/epos-eric/metadata-database/deploy:main is starting: c3df0c225af9350b89a20b4a12c33c4da8cd8cd1e44e5ee2203c19caeccfb800
2026-08-29 18:41:29 [main] INFO  t.g.io/epos-eric/metadata-database/deploy:main - Container ghcr.io/epos-eric/metadata-database/deploy:main started in PT5.066700293S
2026-08-29 18:41:29 [main] INFO  t.g.io/epos-eric/metadata-database/deploy:main - Container is started (JDBC URL: jdbc:postgresql://localhost:34092/cerif?loggerLevel=OFF)
2026-08-29 18:41:29 [main] INFO  com.zaxxer.hikari.HikariDataSource - metadata_catalogue - Starting...
2026-08-29 18:41:29 [main] INFO  com.zaxxer.hikari.pool.HikariPool - metadata_catalogue - Added connection org.postgresql.jdbc.PgConnection@5ad34ed2
2026-08-29 18:41:29 [main] INFO  com.zaxxer.hikari.HikariDataSource - metadata_catalogue - Start completed.
2026-08-29 18:41:30 [main] INFO  com.zaxxer.hikari.HikariDataSource - metadata_catalogue - Shutdown initiated...
2026-08-29 18:41:30 [main] INFO  com.zaxxer.hikari.HikariDataSource - metadata_catalogue - Shutdown completed.
2026-08-29 18:41:30 [main] INFO  t.g.io/epos-eric/metadata-database/deploy:main - Creating container for image: ghcr.io/epos-eric/metadata-database/deploy:main
2026-08-29 18:41:30 [main] INFO  t.g.io/epos-eric/metadata-database/deploy:main - Container ghcr.io/epos-eric/metadata-database/deploy:main is starting: d11f61499da01478b866688d485497ab80406f9c9dc91e2003fc2abd9039a238
2026-08-29 18:41:34 [main] INFO  t.g.io/epos-eric/metadata-database/deploy:main - Container ghcr.io/epos-eric/metadata-database/deploy:main started in PT4.155852263S
2026-08-29 18:41:34 [main] INFO  t.g.io/epos-eric/metadata-database/deploy:main - Container is started (JDBC URL: jdbc:postgresql://localhost:34093/cerif?loggerLevel=OFF)
2026-08-29 18:41:34 [main] INFO  com.zaxxer.hikari.HikariDataSource - metadata_catalogue - Starting...
2026-08-29 18:41:34 [main] INFO  com.zaxxer.hikari.pool.HikariPool - metadata_catalogue - Added connection org.postgresql.jdbc.PgConnection@f8a969d
2026-08-29 18:41:34 [main] INFO  com.zaxxer.hikari.HikariDataSource - metadata_catalogue - Start completed.
2026-08-29 18:41:34 [main] INFO  com.zaxxer.hikari.HikariDataSource - metadata_catalogue - Shutdown initiated...
2026-08-29 18:41:34 [main] INFO  com.zaxxer.hikari.HikariDataSource - metadata_catalogue - Shutdown completed.
2026-08-29 18:41:35 [main] INFO  t.g.io/epos-eric/metadata-database/deploy:main - Creating container for image: ghcr.io/epos-eric/metadata-database/deploy:main
2026-08-29 18:41:35 [main] INFO  t.g.io/epos-eric/metadata-database/deploy:main - Container ghcr.io/epos-eric/metadata-database/deploy:main is starting: a8fa64925fb38c98a3166d9731a5f38329bc88c9c1e58b2dbdcfb8025c52a4e2
2026-08-29 18:41:39 [main] INFO  t.g.io/epos-eric/metadata-database/deploy:main - Container ghcr.io/epos-eric/metadata-database/deploy:main started in PT4.324775729S
2026-08-29 18:41:39 [main] INFO  t.g.io/epos-eric/metadata-database/deploy:main - Container is started (JDBC URL: jdbc:postgresql://localhost:34094/cerif?loggerLevel=OFF)
2026-08-29 18:41:39 [main] INFO  com.zaxxer.hikari.HikariDataSource - metadata_catalogue - Starting...
2026-08-29 18:41:39 [main] INFO  com.zaxxer.hikari.pool.HikariPool - metadata_catalogue - Added connection org.postgresql.jdbc.PgConnection@5caa2d8e
2026-08-29 18:41:39 [main] INFO  com.zaxxer.hikari.HikariDataSource - metadata_catalogue - Start completed.
2026-08-29 18:41:40 [main] INFO  com.zaxxer.hikari.HikariDataSource - metadata_catalogue - Shutdown initiated...
2026-08-29 18:41:40 [main] INFO  com.zaxxer.hikari.HikariDataSource - metadata_catalogue - Shutdown completed.
2026-08-29 18:41:40 [main] INFO  t.g.io/epos-eric/metadata-database/deploy:main - Creating container for image: ghcr.io/epos-eric/metadata-database/deploy:main
2026-08-29 18:41:40 [main] INFO  t.g.io/epos-eric/metadata-database/deploy:main - Container ghcr.io/epos-eric/metadata-database/deploy:main is starting: 697899129c755b5606a57105c70e8bc5f61423c8f1aeee89e29251527518f1c6
2026-08-29 18:41:45 [main] INFO  t.g.io/epos-eric/metadata-database/deploy:main - Container ghcr.io/epos-eric/metadata-database/deploy:main started in PT4.580100829S
2026-08-29 18:41:45 [main] INFO  t.g.io/epos-eric/metadata-database/deploy:main - Container is started (JDBC URL: jdbc:postgresql://localhost:34095/cerif?loggerLevel=OFF)
2026-08-29 18:41:45 [main] INFO  com.zaxxer.hikari.HikariDataSource - metadata_catalogue - Starting...
2026-08-29 18:41:45 [main] INFO  com.zaxxer.hikari.pool.HikariPool - metadata_catalogue - Added connection org.postgresql.jdbc.PgConnection@3d63158f
2026-08-29 18:41:45 [main] INFO  com.zaxxer.hikari.HikariDataSource - metadata_catalogue - Start completed.
2026-08-29 18:41:45 [main] INFO  com.zaxxer.hikari.HikariDataSource - metadata_catalogue - Shutdown initiated...
2026-08-29 18:41:45 [main] INFO  com.zaxxer.hikari.HikariDataSource - metadata_catalogue - Shutdown completed.
2026-08-29 18:41:45 [main] INFO  t.g.io/epos-eric/metadata-database/deploy:main - Creating container for image: ghcr.io/epos-eric/metadata-database/deploy:main
2026-08-29 18:41:46 [main] INFO  t.g.io/epos-eric/metadata-database/deploy:main - Container ghcr.io/epos-eric/metadata-database/deploy:main is starting: cc62d2aa6b43910b9977f2eb39501d4649fb8fad7cb1b1365892e9574f8a36e3
2026-08-29 18:41:50 [main] INFO  t.g.io/epos-eric/metadata-database/deploy:main - Container ghcr.io/epos-eric/metadata-database/deploy:main started in PT4.351823791S
2026-08-29 18:41:50 [main] INFO  t.g.io/epos-eric/metadata-database/deploy:main - Container is started (JDBC URL: jdbc:postgresql://localhost:34096/cerif?loggerLevel=OFF)
2026-08-29 18:41:50 [main] INFO  com.zaxxer.hikari.HikariDataSource - metadata_catalogue - Starting...
2026-08-29 18:41:50 [main] INFO  com.zaxxer.hikari.pool.HikariPool - metadata_catalogue - Added connection org.postgresql.jdbc.PgConnection@777f0bef
2026-08-29 18:41:50 [main] INFO  com.zaxxer.hikari.HikariDataSource - metadata_catalogue - Start completed.
2026-08-29 18:41:50 [main] INFO  com.zaxxer.hikari.HikariDataSource - metadata_catalogue - Shutdown initiated...
2026-08-29 18:41:50 [main] INFO  com.zaxxer.hikari.HikariDataSource - metadata_catalogue - Shutdown completed.
2026-08-29 18:41:50 [main] INFO  t.g.io/epos-eric/metadata-database/deploy:main - Creating container for image: ghcr.io/epos-eric/metadata-database/deploy:main
2026-08-29 18:41:51 [main] INFO  t.g.io/epos-eric/metadata-database/deploy:main - Container ghcr.io/epos-eric/metadata-database/deploy:main is starting: 428e9c21b027b0331cdef957e26cebffc0f00375f80ffcea249ea255b4ad75f1
2026-08-29 18:41:55 [main] INFO  t.g.io/epos-eric/metadata-database/deploy:main - Container ghcr.io/epos-eric/metadata-database/deploy:main started in PT5.150134664S
2026-08-29 18:41:55 [main] INFO  t.g.io/epos-eric/metadata-database/deploy:main - Container is started (JDBC URL: jdbc:postgresql://localhost:34097/cerif?loggerLevel=OFF)
2026-08-29 18:41:55 [main] INFO  com.zaxxer.hikari.HikariDataSource - metadata_catalogue - Starting...
2026-08-29 18:41:55 [main] INFO  com.zaxxer.hikari.pool.HikariPool - metadata_catalogue - Added connection org.postgresql.jdbc.PgConnection@9e0f5e3
2026-08-29 18:41:55 [main] INFO  com.zaxxer.hikari.HikariDataSource - metadata_catalogue - Start completed.
2026-08-29 18:41:56 [main] INFO  com.zaxxer.hikari.HikariDataSource - metadata_catalogue - Shutdown initiated...
2026-08-29 18:41:56 [main] INFO  com.zaxxer.hikari.HikariDataSource - metadata_catalogue - Shutdown completed.
2026-08-29 18:41:56 [main] INFO  t.g.io/epos-eric/metadata-database/deploy:main - Creating container for image: ghcr.io/epos-eric/metadata-database/deploy:main
2026-08-29 18:41:57 [main] INFO  t.g.io/epos-eric/metadata-database/deploy:main - Container ghcr.io/epos-eric/metadata-database/deploy:main is starting: 811450cc799482e4ed333c5ea8e2622853497a1f2336eaff5c47824ab296f2e6
2026-08-29 18:42:01 [main] INFO  t.g.io/epos-eric/metadata-database/deploy:main - Container ghcr.io/epos-eric/metadata-database/deploy:main started in PT4.70523468S
2026-08-29 18:42:01 [main] INFO  t.g.io/epos-eric/metadata-database/deploy:main - Container is started (JDBC URL: jdbc:postgresql://localhost:34098/cerif?loggerLevel=OFF)
2026-08-29 18:42:01 [main] INFO  com.zaxxer.hikari.HikariDataSource - metadata_catalogue - Starting...
2026-08-29 18:42:01 [main] INFO  com.zaxxer.hikari.pool.HikariPool - metadata_catalogue - Added connection org.postgresql.jdbc.PgConnection@76bbb392
2026-08-29 18:42:01 [main] INFO  com.zaxxer.hikari.HikariDataSource - metadata_catalogue - Start completed.
2026-08-29 18:42:01 [main] INFO  com.zaxxer.hikari.HikariDataSource - metadata_catalogue - Shutdown initiated...
2026-08-29 18:42:01 [main] INFO  com.zaxxer.hikari.HikariDataSource - metadata_catalogue - Shutdown completed.
2026-08-29 18:42:02 [main] INFO  t.g.io/epos-eric/metadata-database/deploy:main - Creating container for image: ghcr.io/epos-eric/metadata-database/deploy:main
2026-08-29 18:42:02 [main] INFO  t.g.io/epos-eric/metadata-database/deploy:main - Container ghcr.io/epos-eric/metadata-database/deploy:main is starting: a0eb3ac5578183336ccefed21f6ca6576161b7b8c1bd82adbc99cc449275bd20
2026-08-29 18:42:06 [main] INFO  t.g.io/epos-eric/metadata-database/deploy:main - Container ghcr.io/epos-eric/metadata-database/deploy:main started in PT4.569199872S
2026-08-29 18:42:06 [main] INFO  t.g.io/epos-eric/metadata-database/deploy:main - Container is started (JDBC URL: jdbc:postgresql://localhost:34099/cerif?loggerLevel=OFF)
2026-08-29 18:42:06 [main] INFO  com.zaxxer.hikari.HikariDataSource - metadata_catalogue - Starting...
2026-08-29 18:42:06 [main] INFO  com.zaxxer.hikari.pool.HikariPool - metadata_catalogue - Added connection org.postgresql.jdbc.PgConnection@30feee58
2026-08-29 18:42:06 [main] INFO  com.zaxxer.hikari.HikariDataSource - metadata_catalogue - Start completed.
2026-08-29 18:42:07 [main] INFO  com.zaxxer.hikari.HikariDataSource - metadata_catalogue - Shutdown initiated...
2026-08-29 18:42:07 [main] INFO  com.zaxxer.hikari.HikariDataSource - metadata_catalogue - Shutdown completed.
2026-08-29 18:42:07 [main] INFO  t.g.io/epos-eric/metadata-database/deploy:main - Creating container for image: ghcr.io/epos-eric/metadata-database/deploy:main
2026-08-29 18:42:08 [main] INFO  t.g.io/epos-eric/metadata-database/deploy:main - Container ghcr.io/epos-eric/metadata-database/deploy:main is starting: 79b0abd8956527cb46b88ab24f870b1ddfa30a6071f8b3859cbccc3a2f8f77b9
2026-08-29 18:42:12 [main] INFO  t.g.io/epos-eric/metadata-database/deploy:main - Container ghcr.io/epos-eric/metadata-database/deploy:main started in PT4.492166961S
2026-08-29 18:42:12 [main] INFO  t.g.io/epos-eric/metadata-database/deploy:main - Container is started (JDBC URL: jdbc:postgresql://localhost:34100/cerif?loggerLevel=OFF)
2026-08-29 18:42:12 [main] INFO  com.zaxxer.hikari.HikariDataSource - metadata_catalogue - Starting...
2026-08-29 18:42:12 [main] INFO  com.zaxxer.hikari.pool.HikariPool - metadata_catalogue - Added connection org.postgresql.jdbc.PgConnection@7d4093b9
2026-08-29 18:42:12 [main] INFO  com.zaxxer.hikari.HikariDataSource - metadata_catalogue - Start completed.
2026-08-29 18:42:12 [main] INFO  com.zaxxer.hikari.HikariDataSource - metadata_catalogue - Shutdown initiated...
2026-08-29 18:42:12 [main] INFO  com.zaxxer.hikari.HikariDataSource - metadata_catalogue - Shutdown completed.
2026-08-29 18:42:12 [main] INFO  t.g.io/epos-eric/metadata-database/deploy:main - Creating container for image: ghcr.io/epos-eric/metadata-database/deploy:main
2026-08-29 18:42:13 [main] INFO  t.g.io/epos-eric/metadata-database/deploy:main - Container ghcr.io/epos-eric/metadata-database/deploy:main is starting: 0273b1511c5931d6364c8dabefe9cd4479f8435f2e78984ed803707429c169a0
2026-08-29 18:42:17 [main] INFO  t.g.io/epos-eric/metadata-database/deploy:main - Container ghcr.io/epos-eric/metadata-database/deploy:main started in PT4.345653873S
2026-08-29 18:42:17 [main] INFO  t.g.io/epos-eric/metadata-database/deploy:main - Container is started (JDBC URL: jdbc:postgresql://localhost:34101/cerif?loggerLevel=OFF)
2026-08-29 18:42:17 [main] INFO  com.zaxxer.hikari.HikariDataSource - metadata_catalogue - Starting...
2026-08-29 18:42:17 [main] INFO  com.zaxxer.hikari.pool.HikariPool - metadata_catalogue - Added connection org.postgresql.jdbc.PgConnection@3f84455d
2026-08-29 18:42:17 [main] INFO  com.zaxxer.hikari.HikariDataSource - metadata_catalogue - Start completed.
2026-08-29 18:42:18 [main] INFO  com.zaxxer.hikari.HikariDataSource - metadata_catalogue - Shutdown initiated...
2026-08-29 18:42:18 [main] INFO  com.zaxxer.hikari.HikariDataSource - metadata_catalogue - Shutdown completed.
2026-08-29 18:42:18 [main] INFO  t.g.io/epos-eric/metadata-database/deploy:main - Creating container for image: ghcr.io/epos-eric/metadata-database/deploy:main
2026-08-29 18:42:18 [main] INFO  t.g.io/epos-eric/metadata-database/deploy:main - Container ghcr.io/epos-eric/metadata-database/deploy:main is starting: 5ff2c3aa81b07f8e961426016f576a77d29df01478996304339284d045192fb5
2026-08-29 18:42:23 [main] INFO  t.g.io/epos-eric/metadata-database/deploy:main - Container ghcr.io/epos-eric/metadata-database/deploy:main started in PT4.899286399S
2026-08-29 18:42:23 [main] INFO  t.g.io/epos-eric/metadata-database/deploy:main - Container is started (JDBC URL: jdbc:postgresql://localhost:34102/cerif?loggerLevel=OFF)
2026-08-29 18:42:23 [main] INFO  com.zaxxer.hikari.HikariDataSource - metadata_catalogue - Starting...
2026-08-29 18:42:23 [main] INFO  com.zaxxer.hikari.pool.HikariPool - metadata_catalogue - Added connection org.postgresql.jdbc.PgConnection@2585e828
2026-08-29 18:42:23 [main] INFO  com.zaxxer.hikari.HikariDataSource - metadata_catalogue - Start completed.
2026-08-29 18:42:23 [main] INFO  com.zaxxer.hikari.HikariDataSource - metadata_catalogue - Shutdown initiated...
2026-08-29 18:42:23 [main] INFO  com.zaxxer.hikari.HikariDataSource - metadata_catalogue - Shutdown completed.
2026-08-29 18:42:24 [main] INFO  t.g.io/epos-eric/metadata-database/deploy:main - Creating container for image: ghcr.io/epos-eric/metadata-database/deploy:main
2026-08-29 18:42:24 [main] INFO  t.g.io/epos-eric/metadata-database/deploy:main - Container ghcr.io/epos-eric/metadata-database/deploy:main is starting: 0e35348bf77a265125338b16def571abed9946d0ddf8eb724bfe5cbdfaba95c7
2026-08-29 18:42:29 [main] INFO  t.g.io/epos-eric/metadata-database/deploy:main - Container ghcr.io/epos-eric/metadata-database/deploy:main started in PT5.068719212S
2026-08-29 18:42:29 [main] INFO  t.g.io/epos-eric/metadata-database/deploy:main - Container is started (JDBC URL: jdbc:postgresql://localhost:34103/cerif?loggerLevel=OFF)
2026-08-29 18:42:29 [main] INFO  com.zaxxer.hikari.HikariDataSource - metadata_catalogue - Starting...
2026-08-29 18:42:29 [main] INFO  com.zaxxer.hikari.pool.HikariPool - metadata_catalogue - Added connection org.postgresql.jdbc.PgConnection@5da25132
2026-08-29 18:42:29 [main] INFO  com.zaxxer.hikari.HikariDataSource - metadata_catalogue - Start completed.
2026-08-29 18:42:29 [main] INFO  com.zaxxer.hikari.HikariDataSource - metadata_catalogue - Shutdown initiated...
2026-08-29 18:42:29 [main] INFO  com.zaxxer.hikari.HikariDataSource - metadata_catalogue - Shutdown completed.
2026-08-29 18:42:29 [main] INFO  t.g.io/epos-eric/metadata-database/deploy:main - Creating container for image: ghcr.io/epos-eric/metadata-database/deploy:main
2026-08-29 18:42:30 [main] INFO  t.g.io/epos-eric/metadata-database/deploy:main - Container ghcr.io/epos-eric/metadata-database/deploy:main is starting: d1335e010f8293100627509163536e2344fc8c4c0584f02bc9f9ecf49ee89252
2026-08-29 18:42:34 [main] INFO  t.g.io/epos-eric/metadata-database/deploy:main - Container ghcr.io/epos-eric/metadata-database/deploy:main started in PT4.57658081S
2026-08-29 18:42:34 [main] INFO  t.g.io/epos-eric/metadata-database/deploy:main - Container is started (JDBC URL: jdbc:postgresql://localhost:34104/cerif?loggerLevel=OFF)
2026-08-29 18:42:34 [main] INFO  com.zaxxer.hikari.HikariDataSource - metadata_catalogue - Starting...
2026-08-29 18:42:34 [main] INFO  com.zaxxer.hikari.pool.HikariPool - metadata_catalogue - Added connection org.postgresql.jdbc.PgConnection@8a15db6
2026-08-29 18:42:34 [main] INFO  com.zaxxer.hikari.HikariDataSource - metadata_catalogue - Start completed.
2026-08-29 18:42:34 [main] INFO  com.zaxxer.hikari.HikariDataSource - metadata_catalogue - Shutdown initiated...
2026-08-29 18:42:34 [main] INFO  com.zaxxer.hikari.HikariDataSource - metadata_catalogue - Shutdown completed.
2026-08-29 18:42:34 [main] INFO  t.g.io/epos-eric/metadata-database/deploy:main - Creating container for image: ghcr.io/epos-eric/metadata-database/deploy:main
2026-08-29 18:42:35 [main] INFO  t.g.io/epos-eric/metadata-database/deploy:main - Container ghcr.io/epos-eric/metadata-database/deploy:main is starting: e57c2b43ec65bd5e118703693b4052a0671048f7e1dbef2f8d085f34a822da25
2026-08-29 18:42:39 [main] INFO  t.g.io/epos-eric/metadata-database/deploy:main - Container ghcr.io/epos-eric/metadata-database/deploy:main started in PT4.503711115S
2026-08-29 18:42:39 [main] INFO  t.g.io/epos-eric/metadata-database/deploy:main - Container is started (JDBC URL: jdbc:postgresql://localhost:34105/cerif?loggerLevel=OFF)
2026-08-29 18:42:39 [main] INFO  com.zaxxer.hikari.HikariDataSource - metadata_catalogue - Starting...
2026-08-29 18:42:39 [main] INFO  com.zaxxer.hikari.pool.HikariPool - metadata_catalogue - Added connection org.postgresql.jdbc.PgConnection@3ab5cab2
2026-08-29 18:42:39 [main] INFO  com.zaxxer.hikari.HikariDataSource - metadata_catalogue - Start completed.
2026-08-29 18:42:39 [main] INFO  com.zaxxer.hikari.HikariDataSource - metadata_catalogue - Shutdown initiated...
2026-08-29 18:42:39 [main] INFO  com.zaxxer.hikari.HikariDataSource - metadata_catalogue - Shutdown completed.
2026-08-29 18:42:40 [main] INFO  t.g.io/epos-eric/metadata-database/deploy:main - Creating container for image: ghcr.io/epos-eric/metadata-database/deploy:main
2026-08-29 18:42:40 [main] INFO  t.g.io/epos-eric/metadata-database/deploy:main - Container ghcr.io/epos-eric/metadata-database/deploy:main is starting: cadb9d11e256da1a3da049d1beb8620a4261116881500217bb0c247483d90bef
2026-08-29 18:42:45 [main] INFO  t.g.io/epos-eric/metadata-database/deploy:main - Container ghcr.io/epos-eric/metadata-database/deploy:main started in PT5.069743764S
2026-08-29 18:42:45 [main] INFO  t.g.io/epos-eric/metadata-database/deploy:main - Container is started (JDBC URL: jdbc:postgresql://localhost:34106/cerif?loggerLevel=OFF)
2026-08-29 18:42:45 [main] INFO  com.zaxxer.hikari.HikariDataSource - metadata_catalogue - Starting...
2026-08-29 18:42:45 [main] INFO  com.zaxxer.hikari.pool.HikariPool - metadata_catalogue - Added connection org.postgresql.jdbc.PgConnection@5d3afcf5
2026-08-29 18:42:45 [main] INFO  com.zaxxer.hikari.HikariDataSource - metadata_catalogue - Start completed.
2026-08-29 18:42:45 [main] INFO  com.zaxxer.hikari.HikariDataSource - metadata_catalogue - Shutdown initiated...
2026-08-29 18:42:45 [main] INFO  com.zaxxer.hikari.HikariDataSource - metadata_catalogue - Shutdown completed.
2026-08-29 18:42:45 [main] INFO  t.g.io/epos-eric/metadata-database/deploy:main - Creating container for image: ghcr.io/epos-eric/metadata-database/deploy:main
2026-08-29 18:42:46 [main] INFO  t.g.io/epos-eric/metadata-database/deploy:main - Container ghcr.io/epos-eric/metadata-database/deploy:main is starting: fc40ede03916bfb7609904c7814208e19840782c757edff6d360bd06c3f2df5c
2026-08-29 18:42:50 [main] INFO  t.g.io/epos-eric/metadata-database/deploy:main - Container ghcr.io/epos-eric/metadata-database/deploy:main started in PT4.169795463S
2026-08-29 18:42:50 [main] INFO  t.g.io/epos-eric/metadata-database/deploy:main - Container is started (JDBC URL: jdbc:postgresql://localhost:34107/cerif?loggerLevel=OFF)
2026-08-29 18:42:50 [main] INFO  com.zaxxer.hikari.HikariDataSource - metadata_catalogue - Starting...
2026-08-29 18:42:50 [main] INFO  com.zaxxer.hikari.pool.HikariPool - metadata_catalogue - Added connection org.postgresql.jdbc.PgConnection@4ddd5d9f
2026-08-29 18:42:50 [main] INFO  com.zaxxer.hikari.HikariDataSource - metadata_catalogue - Start completed.
2026-08-29 18:42:50 [main] INFO  com.zaxxer.hikari.HikariDataSource - metadata_catalogue - Shutdown initiated...
2026-08-29 18:42:50 [main] INFO  com.zaxxer.hikari.HikariDataSource - metadata_catalogue - Shutdown completed.
2026-08-29 18:42:50 [main] INFO  t.g.io/epos-eric/metadata-database/deploy:main - Creating container for image: ghcr.io/epos-eric/metadata-database/deploy:main
2026-08-29 18:42:50 [main] INFO  t.g.io/epos-eric/metadata-database/deploy:main - Container ghcr.io/epos-eric/metadata-database/deploy:main is starting: 26b5ef15f28e94406b40828f0cfc17defe5aec0fba4379862a9d8b07592eb4f1
2026-08-29 18:42:55 [main] INFO  t.g.io/epos-eric/metadata-database/deploy:main - Container ghcr.io/epos-eric/metadata-database/deploy:main started in PT4.907716475S
2026-08-29 18:42:55 [main] INFO  t.g.io/epos-eric/metadata-database/deploy:main - Container is started (JDBC URL: jdbc:postgresql://localhost:34108/cerif?loggerLevel=OFF)
2026-08-29 18:42:55 [main] INFO  com.zaxxer.hikari.HikariDataSource - metadata_catalogue - Starting...
2026-08-29 18:42:55 [main] INFO  com.zaxxer.hikari.pool.HikariPool - metadata_catalogue - Added connection org.postgresql.jdbc.PgConnection@60c17e68
2026-08-29 18:42:55 [main] INFO  com.zaxxer.hikari.HikariDataSource - metadata_catalogue - Start completed.
2026-08-29 18:42:55 [main] INFO  com.zaxxer.hikari.HikariDataSource - metadata_catalogue - Shutdown initiated...
2026-08-29 18:42:55 [main] INFO  com.zaxxer.hikari.HikariDataSource - metadata_catalogue - Shutdown completed.
2026-08-29 18:42:56 [main] INFO  t.g.io/epos-eric/metadata-database/deploy:main - Creating container for image: ghcr.io/epos-eric/metadata-database/deploy:main
2026-08-29 18:42:56 [main] INFO  t.g.io/epos-eric/metadata-database/deploy:main - Container ghcr.io/epos-eric/metadata-database/deploy:main is starting: 1a79eb7df0555d929bdfbfaf385a5efd836b9f854f050e53f57782ecf5f79d73
2026-08-29 18:43:01 [main] INFO  t.g.io/epos-eric/metadata-database/deploy:main - Container ghcr.io/epos-eric/metadata-database/deploy:main started in PT4.970753747S
2026-08-29 18:43:01 [main] INFO  t.g.io/epos-eric/metadata-database/deploy:main - Container is started (JDBC URL: jdbc:postgresql://localhost:34109/cerif?loggerLevel=OFF)
2026-08-29 18:43:01 [main] INFO  com.zaxxer.hikari.HikariDataSource - metadata_catalogue - Starting...
2026-08-29 18:43:01 [main] INFO  com.zaxxer.hikari.pool.HikariPool - metadata_catalogue - Added connection org.postgresql.jdbc.PgConnection@2ef85539
2026-08-29 18:43:01 [main] INFO  com.zaxxer.hikari.HikariDataSource - metadata_catalogue - Start completed.
2026-08-29 18:43:02 [main] INFO  com.zaxxer.hikari.HikariDataSource - metadata_catalogue - Shutdown initiated...
2026-08-29 18:43:02 [main] INFO  com.zaxxer.hikari.HikariDataSource - metadata_catalogue - Shutdown completed.
2026-08-29 18:43:02 [main] INFO  t.g.io/epos-eric/metadata-database/deploy:main - Creating container for image: ghcr.io/epos-eric/metadata-database/deploy:main
2026-08-29 18:43:02 [main] INFO  t.g.io/epos-eric/metadata-database/deploy:main - Container ghcr.io/epos-eric/metadata-database/deploy:main is starting: c0c993f08929341f4a1621765b40e0def8a1dc3ebc7267e19623dae7001d1e25
2026-08-29 18:43:07 [main] INFO  t.g.io/epos-eric/metadata-database/deploy:main - Container ghcr.io/epos-eric/metadata-database/deploy:main started in PT4.524508122S
2026-08-29 18:43:07 [main] INFO  t.g.io/epos-eric/metadata-database/deploy:main - Container is started (JDBC URL: jdbc:postgresql://localhost:34110/cerif?loggerLevel=OFF)
2026-08-29 18:43:07 [main] INFO  com.zaxxer.hikari.HikariDataSource - metadata_catalogue - Starting...
2026-08-29 18:43:07 [main] INFO  com.zaxxer.hikari.pool.HikariPool - metadata_catalogue - Added connection org.postgresql.jdbc.PgConnection@65b304e5
2026-08-29 18:43:07 [main] INFO  com.zaxxer.hikari.HikariDataSource - metadata_catalogue - Start completed.
2026-08-29 18:43:07 [main] INFO  com.zaxxer.hikari.HikariDataSource - metadata_catalogue - Shutdown initiated...
2026-08-29 18:43:07 [main] INFO  com.zaxxer.hikari.HikariDataSource - metadata_catalogue - Shutdown completed.
2026-08-29 18:43:07 [main] INFO  t.g.io/epos-eric/metadata-database/deploy:main - Creating container for image: ghcr.io/epos-eric/metadata-database/deploy:main
2026-08-29 18:43:08 [main] INFO  t.g.io/epos-eric/metadata-database/deploy:main - Container ghcr.io/epos-eric/metadata-database/deploy:main is starting: dbeed6cd8a6bdd065338dbfe6e4c8d04cfad5c1286d20f792b16e4d092fc9d2f
2026-08-29 18:43:12 [main] INFO  t.g.io/epos-eric/metadata-database/deploy:main - Container ghcr.io/epos-eric/metadata-database/deploy:main started in PT4.055166662S
2026-08-29 18:43:12 [main] INFO  t.g.io/epos-eric/metadata-database/deploy:main - Container is started (JDBC URL: jdbc:postgresql://localhost:34111/cerif?loggerLevel=OFF)
2026-08-29 18:43:12 [main] INFO  com.zaxxer.hikari.HikariDataSource - metadata_catalogue - Starting...
2026-08-29 18:43:12 [main] INFO  com.zaxxer.hikari.pool.HikariPool - metadata_catalogue - Added connection org.postgresql.jdbc.PgConnection@42e7c03e
2026-08-29 18:43:12 [main] INFO  com.zaxxer.hikari.HikariDataSource - metadata_catalogue - Start completed.
2026-08-29 18:43:12 [main] INFO  com.zaxxer.hikari.HikariDataSource - metadata_catalogue - Shutdown initiated...
2026-08-29 18:43:12 [main] INFO  com.zaxxer.hikari.HikariDataSource - metadata_catalogue - Shutdown completed.
2026-08-29 18:43:12 [main] INFO  t.g.io/epos-eric/metadata-database/deploy:main - Creating container for image: ghcr.io/epos-eric/metadata-database/deploy:main
2026-08-29 18:43:13 [main] INFO  t.g.io/epos-eric/metadata-database/deploy:main - Container ghcr.io/epos-eric/metadata-database/deploy:main is starting: ca6fe9d328b24408254737b6453b59e693b7249b97ace062b5c3bd3c4218d12b
2026-08-29 18:43:17 [main] INFO  t.g.io/epos-eric/metadata-database/deploy:main - Container ghcr.io/epos-eric/metadata-database/deploy:main started in PT4.772487171S
2026-08-29 18:43:17 [main] INFO  t.g.io/epos-eric/metadata-database/deploy:main - Container is started (JDBC URL: jdbc:postgresql://localhost:34112/cerif?loggerLevel=OFF)
2026-08-29 18:43:17 [main] INFO  com.zaxxer.hikari.HikariDataSource - metadata_catalogue - Starting...
2026-08-29 18:43:17 [main] INFO  com.zaxxer.hikari.pool.HikariPool - metadata_catalogue - Added connection org.postgresql.jdbc.PgConnection@fb086cf
2026-08-29 18:43:17 [main] INFO  com.zaxxer.hikari.HikariDataSource - metadata_catalogue - Start completed.
2026-08-29 18:43:17 [main] INFO  com.zaxxer.hikari.HikariDataSource - metadata_catalogue - Shutdown initiated...
2026-08-29 18:43:17 [main] INFO  com.zaxxer.hikari.HikariDataSource - metadata_catalogue - Shutdown completed.
2026-08-29 18:43:18 [main] INFO  t.g.io/epos-eric/metadata-database/deploy:main - Creating container for image: ghcr.io/epos-eric/metadata-database/deploy:main
2026-08-29 18:43:18 [main] INFO  t.g.io/epos-eric/metadata-database/deploy:main - Container ghcr.io/epos-eric/metadata-database/deploy:main is starting: dcff1b97069826432a8389cb3edfd9129ab4c075f021890806a41d656173f25d
2026-08-29 18:43:21 [main] INFO  t.g.io/epos-eric/metadata-database/deploy:main - Container ghcr.io/epos-eric/metadata-database/deploy:main started in PT3.861931755S
2026-08-29 18:43:21 [main] INFO  t.g.io/epos-eric/metadata-database/deploy:main - Container is started (JDBC URL: jdbc:postgresql://localhost:34113/cerif?loggerLevel=OFF)
2026-08-29 18:43:21 [main] INFO  com.zaxxer.hikari.HikariDataSource - metadata_catalogue - Starting...
2026-08-29 18:43:21 [main] INFO  com.zaxxer.hikari.pool.HikariPool - metadata_catalogue - Added connection org.postgresql.jdbc.PgConnection@45c682ad
2026-08-29 18:43:21 [main] INFO  com.zaxxer.hikari.HikariDataSource - metadata_catalogue - Start completed.
2026-08-29 18:43:22 [main] INFO  com.zaxxer.hikari.HikariDataSource - metadata_catalogue - Shutdown initiated...
2026-08-29 18:43:22 [main] INFO  com.zaxxer.hikari.HikariDataSource - metadata_catalogue - Shutdown completed.
2026-08-29 18:43:22 [main] INFO  t.g.io/epos-eric/metadata-database/deploy:main - Creating container for image: ghcr.io/epos-eric/metadata-database/deploy:main
2026-08-29 18:43:22 [main] INFO  t.g.io/epos-eric/metadata-database/deploy:main - Container ghcr.io/epos-eric/metadata-database/deploy:main is starting: 9ac815ddb085847b5cd69cafb5fd84d740459ade3d0cb10337a542273516fc5a
2026-08-29 18:43:27 [main] INFO  t.g.io/epos-eric/metadata-database/deploy:main - Container ghcr.io/epos-eric/metadata-database/deploy:main started in PT4.874231395S
2026-08-29 18:43:27 [main] INFO  t.g.io/epos-eric/metadata-database/deploy:main - Container is started (JDBC URL: jdbc:postgresql://localhost:34114/cerif?loggerLevel=OFF)
2026-08-29 18:43:27 [main] INFO  com.zaxxer.hikari.HikariDataSource - metadata_catalogue - Starting...
2026-08-29 18:43:27 [main] INFO  com.zaxxer.hikari.pool.HikariPool - metadata_catalogue - Added connection org.postgresql.jdbc.PgConnection@21362f92
2026-08-29 18:43:27 [main] INFO  com.zaxxer.hikari.HikariDataSource - metadata_catalogue - Start completed.
2026-08-29 18:43:28 [main] ERROR dao.EposDataModelDAO - Error in getOneFromDBByUIDNoCache
java.lang.IllegalArgumentException: An exception occurred while creating a query in EntityManager: 
Exception Description: Problem compiling [SELECT c FROM Documentation c WHERE c.uid = :uid]. 
[14, 27] The abstract schema type 'Documentation' is unknown.
[36, 41] The state field path 'c.uid' cannot be resolved to a valid type.
	at org.eclipse.persistence.internal.jpa.EntityManagerImpl.createQuery(EntityManagerImpl.java:1728)
	at org.eclipse.persistence.internal.jpa.EntityManagerImpl.createQuery(EntityManagerImpl.java:1749)
	at dao.EposDataModelDAO.getOneFromDBByUIDNoCache(EposDataModelDAO.java:1371)
	at dao.EposDataModelDAO.repointArchivedVersionReferences(EposDataModelDAO.java:346)
	at abstractapis.AbstractAPI.repointPublishedVersion(AbstractAPI.java:161)
	at commonapis.DocumentationAPI.create(DocumentationAPI.java:91)
	at commonapis.DocumentationAPI.create(DocumentationAPI.java:25)
	at integrationtests.unittests.ComprehensiveMetadataTest.testWebServiceArchivedToDraftKeepsSpatialAndTemporal(ComprehensiveMetadataTest.java:394)
	at java.base/jdk.internal.reflect.DirectMethodHandleAccessor.invoke(DirectMethodHandleAccessor.java:104)
	at java.base/java.lang.reflect.Method.invoke(Method.java:565)
	at org.junit.platform.commons.util.ReflectionUtils.invokeMethod(ReflectionUtils.java:787)
	at org.junit.platform.commons.support.ReflectionSupport.invokeMethod(ReflectionSupport.java:479)
	at org.junit.jupiter.engine.execution.MethodInvocation.proceed(MethodInvocation.java:60)
	at org.junit.jupiter.engine.execution.InvocationInterceptorChain$ValidatingInvocation.proceed(InvocationInterceptorChain.java:131)
	at org.junit.jupiter.engine.extension.TimeoutExtension.intercept(TimeoutExtension.java:161)
	at org.junit.jupiter.engine.extension.TimeoutExtension.interceptTestableMethod(TimeoutExtension.java:152)
	at org.junit.jupiter.engine.extension.TimeoutExtension.interceptTestMethod(TimeoutExtension.java:91)
	at org.junit.jupiter.engine.execution.InterceptingExecutableInvoker$ReflectiveInterceptorCall.lambda$ofVoidMethod$0(InterceptingExecutableInvoker.java:112)
	at org.junit.jupiter.engine.execution.InterceptingExecutableInvoker.lambda$invoke$0(InterceptingExecutableInvoker.java:94)
	at org.junit.jupiter.engine.execution.InvocationInterceptorChain$InterceptedInvocation.proceed(InvocationInterceptorChain.java:106)
	at org.junit.jupiter.engine.execution.InvocationInterceptorChain.proceed(InvocationInterceptorChain.java:64)
	at org.junit.jupiter.engine.execution.InvocationInterceptorChain.chainAndInvoke(InvocationInterceptorChain.java:45)
	at org.junit.jupiter.engine.execution.InvocationInterceptorChain.invoke(InvocationInterceptorChain.java:37)
	at org.junit.jupiter.engine.execution.InterceptingExecutableInvoker.invoke(InterceptingExecutableInvoker.java:93)
	at org.junit.jupiter.engine.execution.InterceptingExecutableInvoker.invoke(InterceptingExecutableInvoker.java:87)
	at org.junit.jupiter.engine.descriptor.TestMethodTestDescriptor.lambda$invokeTestMethod$4(TestMethodTestDescriptor.java:221)
	at org.junit.platform.engine.support.hierarchical.ThrowableCollector.execute(ThrowableCollector.java:73)
	at org.junit.jupiter.engine.descriptor.TestMethodTestDescriptor.invokeTestMethod(TestMethodTestDescriptor.java:217)
	at org.junit.jupiter.engine.descriptor.TestMethodTestDescriptor.execute(TestMethodTestDescriptor.java:159)
	at org.junit.jupiter.engine.descriptor.TestMethodTestDescriptor.execute(TestMethodTestDescriptor.java:70)
	at org.junit.platform.engine.support.hierarchical.NodeTestTask.lambda$executeRecursively$6(NodeTestTask.java:157)
	at org.junit.platform.engine.support.hierarchical.ThrowableCollector.execute(ThrowableCollector.java:73)
	at org.junit.platform.engine.support.hierarchical.NodeTestTask.lambda$executeRecursively$8(NodeTestTask.java:147)
	at org.junit.platform.engine.support.hierarchical.Node.around(Node.java:137)
	at org.junit.platform.engine.support.hierarchical.NodeTestTask.lambda$executeRecursively$9(NodeTestTask.java:145)
	at org.junit.platform.engine.support.hierarchical.ThrowableCollector.execute(ThrowableCollector.java:73)
	at org.junit.platform.engine.support.hierarchical.NodeTestTask.executeRecursively(NodeTestTask.java:144)
	at org.junit.platform.engine.support.hierarchical.NodeTestTask.execute(NodeTestTask.java:101)
	at java.base/java.util.ArrayList.forEach(ArrayList.java:1604)
	at org.junit.platform.engine.support.hierarchical.SameThreadHierarchicalTestExecutorService.invokeAll(SameThreadHierarchicalTestExecutorService.java:41)
	at org.junit.platform.engine.support.hierarchical.NodeTestTask.lambda$executeRecursively$6(NodeTestTask.java:161)
	at org.junit.platform.engine.support.hierarchical.ThrowableCollector.execute(ThrowableCollector.java:73)
	at org.junit.platform.engine.support.hierarchical.NodeTestTask.lambda$executeRecursively$8(NodeTestTask.java:147)
	at org.junit.platform.engine.support.hierarchical.Node.around(Node.java:137)
	at org.junit.platform.engine.support.hierarchical.NodeTestTask.lambda$executeRecursively$9(NodeTestTask.java:145)
	at org.junit.platform.engine.support.hierarchical.ThrowableCollector.execute(ThrowableCollector.java:73)
	at org.junit.platform.engine.support.hierarchical.NodeTestTask.executeRecursively(NodeTestTask.java:144)
	at org.junit.platform.engine.support.hierarchical.NodeTestTask.execute(NodeTestTask.java:101)
	at java.base/java.util.ArrayList.forEach(ArrayList.java:1604)
	at org.junit.platform.engine.support.hierarchical.SameThreadHierarchicalTestExecutorService.invokeAll(SameThreadHierarchicalTestExecutorService.java:41)
	at org.junit.platform.engine.support.hierarchical.NodeTestTask.lambda$executeRecursively$6(NodeTestTask.java:161)
	at org.junit.platform.engine.support.hierarchical.ThrowableCollector.execute(ThrowableCollector.java:73)
	at org.junit.platform.engine.support.hierarchical.NodeTestTask.lambda$executeRecursively$8(NodeTestTask.java:147)
	at org.junit.platform.engine.support.hierarchical.Node.around(Node.java:137)
	at org.junit.platform.engine.support.hierarchical.NodeTestTask.lambda$executeRecursively$9(NodeTestTask.java:145)
	at org.junit.platform.engine.support.hierarchical.ThrowableCollector.execute(ThrowableCollector.java:73)
	at org.junit.platform.engine.support.hierarchical.NodeTestTask.executeRecursively(NodeTestTask.java:144)
	at org.junit.platform.engine.support.hierarchical.NodeTestTask.execute(NodeTestTask.java:101)
	at org.junit.platform.engine.support.hierarchical.SameThreadHierarchicalTestExecutorService.submit(SameThreadHierarchicalTestExecutorService.java:35)
	at org.junit.platform.engine.support.hierarchical.HierarchicalTestExecutor.execute(HierarchicalTestExecutor.java:57)
	at org.junit.platform.engine.support.hierarchical.HierarchicalTestEngine.execute(HierarchicalTestEngine.java:54)
	at org.junit.platform.launcher.core.EngineExecutionOrchestrator.executeEngine(EngineExecutionOrchestrator.java:230)
	at org.junit.platform.launcher.core.EngineExecutionOrchestrator.failOrExecuteEngine(EngineExecutionOrchestrator.java:204)
	at org.junit.platform.launcher.core.EngineExecutionOrchestrator.execute(EngineExecutionOrchestrator.java:172)
	at org.junit.platform.launcher.core.EngineExecutionOrchestrator.execute(EngineExecutionOrchestrator.java:101)
	at org.junit.platform.launcher.core.EngineExecutionOrchestrator.lambda$execute$0(EngineExecutionOrchestrator.java:64)
	at org.junit.platform.launcher.core.EngineExecutionOrchestrator.withInterceptedStreams(EngineExecutionOrchestrator.java:150)
	at org.junit.platform.launcher.core.EngineExecutionOrchestrator.execute(EngineExecutionOrchestrator.java:63)
	at org.junit.platform.launcher.core.DefaultLauncher.execute(DefaultLauncher.java:109)
	at org.junit.platform.launcher.core.DefaultLauncher.execute(DefaultLauncher.java:91)
	at org.junit.platform.launcher.core.DelegatingLauncher.execute(DelegatingLauncher.java:47)
	at org.junit.platform.launcher.core.InterceptingLauncher.lambda$execute$1(InterceptingLauncher.java:39)
	at org.junit.platform.launcher.core.ClasspathAlignmentCheckingLauncherInterceptor.intercept(ClasspathAlignmentCheckingLauncherInterceptor.java:25)
	at org.junit.platform.launcher.core.InterceptingLauncher.execute(InterceptingLauncher.java:38)
	at org.junit.platform.launcher.core.DelegatingLauncher.execute(DelegatingLauncher.java:47)
	at org.junit.platform.launcher.core.SessionPerRequestLauncher.execute(SessionPerRequestLauncher.java:66)
	at com.intellij.junit5.JUnit5TestRunnerHelper.execute(JUnit5TestRunnerHelper.java:134)
	at com.intellij.junit5.JUnit5IdeaTestRunner.startRunnerWithArgs(JUnit5IdeaTestRunner.java:70)
	at com.intellij.rt.junit.IdeaTestRunner$Repeater$1.execute(IdeaTestRunner.java:38)
	at com.intellij.rt.execution.junit.TestsRepeater.repeat(TestsRepeater.java:11)
	at com.intellij.rt.junit.IdeaTestRunner$Repeater.startRunnerWithArgs(IdeaTestRunner.java:35)
	at com.intellij.rt.junit.JUnitStarter.prepareStreamsAndStart(JUnitStarter.java:226)
	at com.intellij.rt.junit.JUnitStarter.main(JUnitStarter.java:62)
Caused by: org.eclipse.persistence.exceptions.JPQLException: 
Exception Description: Problem compiling [SELECT c FROM Documentation c WHERE c.uid = :uid]. 
[14, 27] The abstract schema type 'Documentation' is unknown.
[36, 41] The state field path 'c.uid' cannot be resolved to a valid type.
	at org.eclipse.persistence.internal.jpa.jpql.HermesParser.buildException(HermesParser.java:159)
	at org.eclipse.persistence.internal.jpa.jpql.HermesParser.validate(HermesParser.java:337)
	at org.eclipse.persistence.internal.jpa.jpql.HermesParser.populateQueryImp(HermesParser.java:271)
	at org.eclipse.persistence.internal.jpa.jpql.HermesParser.buildQuery(HermesParser.java:164)
	at org.eclipse.persistence.internal.jpa.EJBQueryImpl.buildEJBQLDatabaseQuery(EJBQueryImpl.java:141)
	at org.eclipse.persistence.internal.jpa.EJBQueryImpl.buildEJBQLDatabaseQuery(EJBQueryImpl.java:117)
	at org.eclipse.persistence.internal.jpa.EJBQueryImpl.<init>(EJBQueryImpl.java:104)
	at org.eclipse.persistence.internal.jpa.EJBQueryImpl.<init>(EJBQueryImpl.java:88)
	at org.eclipse.persistence.internal.jpa.EntityManagerImpl.createQuery(EntityManagerImpl.java:1726)
	... 82 common frames omitted
2026-08-29 18:43:28 [main] INFO  com.zaxxer.hikari.HikariDataSource - metadata_catalogue - Shutdown initiated...
2026-08-29 18:43:28 [main] INFO  com.zaxxer.hikari.HikariDataSource - metadata_catalogue - Shutdown completed.
2026-08-29 18:43:29 [main] INFO  t.g.io/epos-eric/metadata-database/deploy:main - Creating container for image: ghcr.io/epos-eric/metadata-database/deploy:main
2026-08-29 18:43:29 [main] INFO  t.g.io/epos-eric/metadata-database/deploy:main - Container ghcr.io/epos-eric/metadata-database/deploy:main is starting: 8b795aaef1a0327f4f0ad6e43f51f8758122de824a8fe7613d7d2915f0ab5b09
2026-08-29 18:43:32 [main] INFO  t.g.io/epos-eric/metadata-database/deploy:main - Container ghcr.io/epos-eric/metadata-database/deploy:main started in PT3.632945538S
2026-08-29 18:43:32 [main] INFO  t.g.io/epos-eric/metadata-database/deploy:main - Container is started (JDBC URL: jdbc:postgresql://localhost:34115/cerif?loggerLevel=OFF)
2026-08-29 18:43:32 [main] INFO  com.zaxxer.hikari.HikariDataSource - metadata_catalogue - Starting...
2026-08-29 18:43:32 [main] INFO  com.zaxxer.hikari.pool.HikariPool - metadata_catalogue - Added connection org.postgresql.jdbc.PgConnection@7bbf28de
2026-08-29 18:43:32 [main] INFO  com.zaxxer.hikari.HikariDataSource - metadata_catalogue - Start completed.
2026-08-29 18:43:33 [main] INFO  com.zaxxer.hikari.HikariDataSource - metadata_catalogue - Shutdown initiated...
2026-08-29 18:43:33 [main] INFO  com.zaxxer.hikari.HikariDataSource - metadata_catalogue - Shutdown completed.
2026-08-29 18:43:33 [main] INFO  t.g.io/epos-eric/metadata-database/deploy:main - Creating container for image: ghcr.io/epos-eric/metadata-database/deploy:main
2026-08-29 18:43:33 [main] INFO  t.g.io/epos-eric/metadata-database/deploy:main - Container ghcr.io/epos-eric/metadata-database/deploy:main is starting: 78f2ccbbc29addff427ba0338c46d08ed4998a3543c34a54a6e218296da89967
2026-08-29 18:43:37 [main] INFO  t.g.io/epos-eric/metadata-database/deploy:main - Container ghcr.io/epos-eric/metadata-database/deploy:main started in PT4.355901168S
2026-08-29 18:43:37 [main] INFO  t.g.io/epos-eric/metadata-database/deploy:main - Container is started (JDBC URL: jdbc:postgresql://localhost:34116/cerif?loggerLevel=OFF)
2026-08-29 18:43:37 [main] INFO  com.zaxxer.hikari.HikariDataSource - metadata_catalogue - Starting...
2026-08-29 18:43:38 [main] INFO  com.zaxxer.hikari.pool.HikariPool - metadata_catalogue - Added connection org.postgresql.jdbc.PgConnection@3b86d39f
2026-08-29 18:43:38 [main] INFO  com.zaxxer.hikari.HikariDataSource - metadata_catalogue - Start completed.
2026-08-29 18:43:38 [main] INFO  com.zaxxer.hikari.HikariDataSource - metadata_catalogue - Shutdown initiated...
2026-08-29 18:43:38 [main] INFO  com.zaxxer.hikari.HikariDataSource - metadata_catalogue - Shutdown completed.
2026-08-29 18:43:38 [main] INFO  t.g.io/epos-eric/metadata-database/deploy:main - Creating container for image: ghcr.io/epos-eric/metadata-database/deploy:main
2026-08-29 18:43:38 [main] INFO  t.g.io/epos-eric/metadata-database/deploy:main - Container ghcr.io/epos-eric/metadata-database/deploy:main is starting: 7499e2e2d6c2f30091897ae95b0df69074b0cdd0a19c4ef200dab372e72f05e8
2026-08-29 18:43:42 [main] INFO  t.g.io/epos-eric/metadata-database/deploy:main - Container ghcr.io/epos-eric/metadata-database/deploy:main started in PT3.774565284S
2026-08-29 18:43:42 [main] INFO  t.g.io/epos-eric/metadata-database/deploy:main - Container is started (JDBC URL: jdbc:postgresql://localhost:34117/cerif?loggerLevel=OFF)
2026-08-29 18:43:42 [main] INFO  com.zaxxer.hikari.HikariDataSource - metadata_catalogue - Starting...
2026-08-29 18:43:42 [main] INFO  com.zaxxer.hikari.pool.HikariPool - metadata_catalogue - Added connection org.postgresql.jdbc.PgConnection@7a68765f
2026-08-29 18:43:42 [main] INFO  com.zaxxer.hikari.HikariDataSource - metadata_catalogue - Start completed.
2026-08-29 18:43:42 [main] INFO  com.zaxxer.hikari.HikariDataSource - metadata_catalogue - Shutdown initiated...
2026-08-29 18:43:42 [main] INFO  com.zaxxer.hikari.HikariDataSource - metadata_catalogue - Shutdown completed.
2026-08-29 18:43:42 [main] INFO  t.g.io/epos-eric/metadata-database/deploy:main - Creating container for image: ghcr.io/epos-eric/metadata-database/deploy:main
2026-08-29 18:43:43 [main] INFO  t.g.io/epos-eric/metadata-database/deploy:main - Container ghcr.io/epos-eric/metadata-database/deploy:main is starting: decdffbc2774b6270a80eef291b882d74ec08558e72d22898432add2fdad993e
2026-08-29 18:43:47 [main] INFO  t.g.io/epos-eric/metadata-database/deploy:main - Container ghcr.io/epos-eric/metadata-database/deploy:main started in PT4.278845738S
2026-08-29 18:43:47 [main] INFO  t.g.io/epos-eric/metadata-database/deploy:main - Container is started (JDBC URL: jdbc:postgresql://localhost:34118/cerif?loggerLevel=OFF)
2026-08-29 18:43:47 [main] INFO  com.zaxxer.hikari.HikariDataSource - metadata_catalogue - Starting...
2026-08-29 18:43:47 [main] INFO  com.zaxxer.hikari.pool.HikariPool - metadata_catalogue - Added connection org.postgresql.jdbc.PgConnection@7e97bc23
2026-08-29 18:43:47 [main] INFO  com.zaxxer.hikari.HikariDataSource - metadata_catalogue - Start completed.
2026-08-29 18:43:47 [main] INFO  com.zaxxer.hikari.HikariDataSource - metadata_catalogue - Shutdown initiated...
2026-08-29 18:43:47 [main] INFO  com.zaxxer.hikari.HikariDataSource - metadata_catalogue - Shutdown completed.
2026-08-29 18:43:47 [main] INFO  t.g.io/epos-eric/metadata-database/deploy:main - Creating container for image: ghcr.io/epos-eric/metadata-database/deploy:main
2026-08-29 18:43:48 [main] INFO  t.g.io/epos-eric/metadata-database/deploy:main - Container ghcr.io/epos-eric/metadata-database/deploy:main is starting: 89605682140b7ec97d14c61d3fd5a75bcb78d89326fb511607b98aacac14d1a5
2026-08-29 18:43:52 [main] INFO  t.g.io/epos-eric/metadata-database/deploy:main - Container ghcr.io/epos-eric/metadata-database/deploy:main started in PT4.207887005S
2026-08-29 18:43:52 [main] INFO  t.g.io/epos-eric/metadata-database/deploy:main - Container is started (JDBC URL: jdbc:postgresql://localhost:34119/cerif?loggerLevel=OFF)
2026-08-29 18:43:52 [main] INFO  com.zaxxer.hikari.HikariDataSource - metadata_catalogue - Starting...
2026-08-29 18:43:52 [main] INFO  com.zaxxer.hikari.pool.HikariPool - metadata_catalogue - Added connection org.postgresql.jdbc.PgConnection@567bd773
2026-08-29 18:43:52 [main] INFO  com.zaxxer.hikari.HikariDataSource - metadata_catalogue - Start completed.
2026-08-29 18:43:52 [main] INFO  com.zaxxer.hikari.HikariDataSource - metadata_catalogue - Shutdown initiated...
2026-08-29 18:43:52 [main] INFO  com.zaxxer.hikari.HikariDataSource - metadata_catalogue - Shutdown completed.
2026-08-29 18:43:52 [main] INFO  t.g.io/epos-eric/metadata-database/deploy:main - Creating container for image: ghcr.io/epos-eric/metadata-database/deploy:main
2026-08-29 18:43:52 [main] INFO  t.g.io/epos-eric/metadata-database/deploy:main - Container ghcr.io/epos-eric/metadata-database/deploy:main is starting: 0640f0cd4e799501c5a19fe3c58453bb99ccedaa6ef1d5dd6cecfe26df447a57
2026-08-29 18:43:56 [main] INFO  t.g.io/epos-eric/metadata-database/deploy:main - Container ghcr.io/epos-eric/metadata-database/deploy:main started in PT3.80469988S
2026-08-29 18:43:56 [main] INFO  t.g.io/epos-eric/metadata-database/deploy:main - Container is started (JDBC URL: jdbc:postgresql://localhost:34120/cerif?loggerLevel=OFF)
2026-08-29 18:43:56 [main] INFO  com.zaxxer.hikari.HikariDataSource - metadata_catalogue - Starting...
2026-08-29 18:43:56 [main] INFO  com.zaxxer.hikari.pool.HikariPool - metadata_catalogue - Added connection org.postgresql.jdbc.PgConnection@38af72e8
2026-08-29 18:43:56 [main] INFO  com.zaxxer.hikari.HikariDataSource - metadata_catalogue - Start completed.
2026-08-29 18:43:56 [main] INFO  com.zaxxer.hikari.HikariDataSource - metadata_catalogue - Shutdown initiated...
2026-08-29 18:43:56 [main] INFO  com.zaxxer.hikari.HikariDataSource - metadata_catalogue - Shutdown completed.
2026-08-29 18:43:57 [main] INFO  t.g.io/epos-eric/metadata-database/deploy:main - Creating container for image: ghcr.io/epos-eric/metadata-database/deploy:main
2026-08-29 18:43:57 [main] INFO  t.g.io/epos-eric/metadata-database/deploy:main - Container ghcr.io/epos-eric/metadata-database/deploy:main is starting: 0e26777b95357f4e5a27fff24ccc342889f623ffca7f5d03ecec29edaa7e9b28
2026-08-29 18:44:01 [main] INFO  t.g.io/epos-eric/metadata-database/deploy:main - Container ghcr.io/epos-eric/metadata-database/deploy:main started in PT4.711872421S
2026-08-29 18:44:01 [main] INFO  t.g.io/epos-eric/metadata-database/deploy:main - Container is started (JDBC URL: jdbc:postgresql://localhost:34121/cerif?loggerLevel=OFF)
2026-08-29 18:44:01 [main] INFO  com.zaxxer.hikari.HikariDataSource - metadata_catalogue - Starting...
2026-08-29 18:44:02 [main] INFO  com.zaxxer.hikari.pool.HikariPool - metadata_catalogue - Added connection org.postgresql.jdbc.PgConnection@3b58aeda
2026-08-29 18:44:02 [main] INFO  com.zaxxer.hikari.HikariDataSource - metadata_catalogue - Start completed.
2026-08-29 18:44:03 [main] INFO  com.zaxxer.hikari.HikariDataSource - metadata_catalogue - Shutdown initiated...
2026-08-29 18:44:03 [main] INFO  com.zaxxer.hikari.HikariDataSource - metadata_catalogue - Shutdown completed.
2026-08-29 18:44:03 [main] INFO  t.g.io/epos-eric/metadata-database/deploy:main - Creating container for image: ghcr.io/epos-eric/metadata-database/deploy:main
2026-08-29 18:44:03 [main] INFO  t.g.io/epos-eric/metadata-database/deploy:main - Container ghcr.io/epos-eric/metadata-database/deploy:main is starting: f4763e4f33c73af28ec18fea76435f78bd38cfa23df9c38257559194f8826d3d
2026-08-29 18:44:07 [main] INFO  t.g.io/epos-eric/metadata-database/deploy:main - Container ghcr.io/epos-eric/metadata-database/deploy:main started in PT3.788864171S
2026-08-29 18:44:07 [main] INFO  t.g.io/epos-eric/metadata-database/deploy:main - Container is started (JDBC URL: jdbc:postgresql://localhost:34122/cerif?loggerLevel=OFF)
2026-08-29 18:44:07 [main] INFO  com.zaxxer.hikari.HikariDataSource - metadata_catalogue - Starting...
2026-08-29 18:44:07 [main] INFO  com.zaxxer.hikari.pool.HikariPool - metadata_catalogue - Added connection org.postgresql.jdbc.PgConnection@7cd9da6d
2026-08-29 18:44:07 [main] INFO  com.zaxxer.hikari.HikariDataSource - metadata_catalogue - Start completed.
2026-08-29 18:44:07 [main] INFO  com.zaxxer.hikari.HikariDataSource - metadata_catalogue - Shutdown initiated...
2026-08-29 18:44:07 [main] INFO  com.zaxxer.hikari.HikariDataSource - metadata_catalogue - Shutdown completed.
2026-08-29 18:44:07 [main] INFO  t.g.io/epos-eric/metadata-database/deploy:main - Creating container for image: ghcr.io/epos-eric/metadata-database/deploy:main
2026-08-29 18:44:07 [main] INFO  t.g.io/epos-eric/metadata-database/deploy:main - Container ghcr.io/epos-eric/metadata-database/deploy:main is starting: b3a96afff3caa7278e59bccd221805013d574960b5c9cbe15a5f51823744c7ef
2026-08-29 18:44:11 [main] INFO  t.g.io/epos-eric/metadata-database/deploy:main - Container ghcr.io/epos-eric/metadata-database/deploy:main started in PT3.426519698S
2026-08-29 18:44:11 [main] INFO  t.g.io/epos-eric/metadata-database/deploy:main - Container is started (JDBC URL: jdbc:postgresql://localhost:34123/cerif?loggerLevel=OFF)
2026-08-29 18:44:11 [main] INFO  com.zaxxer.hikari.HikariDataSource - metadata_catalogue - Starting...
2026-08-29 18:44:11 [main] INFO  com.zaxxer.hikari.pool.HikariPool - metadata_catalogue - Added connection org.postgresql.jdbc.PgConnection@8a0ccb0
2026-08-29 18:44:11 [main] INFO  com.zaxxer.hikari.HikariDataSource - metadata_catalogue - Start completed.
2026-08-29 18:44:11 [main] INFO  com.zaxxer.hikari.HikariDataSource - metadata_catalogue - Shutdown initiated...
2026-08-29 18:44:11 [main] INFO  com.zaxxer.hikari.HikariDataSource - metadata_catalogue - Shutdown completed.
2026-08-29 18:44:11 [main] INFO  t.g.io/epos-eric/metadata-database/deploy:main - Creating container for image: ghcr.io/epos-eric/metadata-database/deploy:main
2026-08-29 18:44:11 [main] INFO  t.g.io/epos-eric/metadata-database/deploy:main - Container ghcr.io/epos-eric/metadata-database/deploy:main is starting: 6556b53dc2b76b28cfe1bf0df4f73aef12421b6f34f57cc3e276a23e24be9bbd
2026-08-29 18:44:16 [main] INFO  t.g.io/epos-eric/metadata-database/deploy:main - Container ghcr.io/epos-eric/metadata-database/deploy:main started in PT4.545635362S
2026-08-29 18:44:16 [main] INFO  t.g.io/epos-eric/metadata-database/deploy:main - Container is started (JDBC URL: jdbc:postgresql://localhost:34124/cerif?loggerLevel=OFF)
2026-08-29 18:44:16 [main] INFO  com.zaxxer.hikari.HikariDataSource - metadata_catalogue - Starting...
2026-08-29 18:44:16 [main] INFO  com.zaxxer.hikari.pool.HikariPool - metadata_catalogue - Added connection org.postgresql.jdbc.PgConnection@7c9a8569
2026-08-29 18:44:16 [main] INFO  com.zaxxer.hikari.HikariDataSource - metadata_catalogue - Start completed.
2026-08-29 18:44:16 [main] INFO  com.zaxxer.hikari.HikariDataSource - metadata_catalogue - Shutdown initiated...
2026-08-29 18:44:16 [main] INFO  com.zaxxer.hikari.HikariDataSource - metadata_catalogue - Shutdown completed.
2026-08-29 18:44:17 [main] INFO  t.g.io/epos-eric/metadata-database/deploy:main - Creating container for image: ghcr.io/epos-eric/metadata-database/deploy:main
2026-08-29 18:44:17 [main] INFO  t.g.io/epos-eric/metadata-database/deploy:main - Container ghcr.io/epos-eric/metadata-database/deploy:main is starting: dd2b8da77a6df3e8785955514e7b508f936c2ace0ef26d526fc0ac92fad2e23f
2026-08-29 18:44:21 [main] INFO  t.g.io/epos-eric/metadata-database/deploy:main - Container ghcr.io/epos-eric/metadata-database/deploy:main started in PT4.39111107S
2026-08-29 18:44:21 [main] INFO  t.g.io/epos-eric/metadata-database/deploy:main - Container is started (JDBC URL: jdbc:postgresql://localhost:34125/cerif?loggerLevel=OFF)
2026-08-29 18:44:21 [main] INFO  com.zaxxer.hikari.HikariDataSource - metadata_catalogue - Starting...
2026-08-29 18:44:21 [main] INFO  com.zaxxer.hikari.pool.HikariPool - metadata_catalogue - Added connection org.postgresql.jdbc.PgConnection@49dd2460
2026-08-29 18:44:21 [main] INFO  com.zaxxer.hikari.HikariDataSource - metadata_catalogue - Start completed.
2026-08-29 18:44:24 [main] INFO  com.zaxxer.hikari.HikariDataSource - metadata_catalogue - Shutdown initiated...
2026-08-29 18:44:24 [main] INFO  com.zaxxer.hikari.HikariDataSource - metadata_catalogue - Shutdown completed.
2026-08-29 18:44:24 [main] INFO  t.g.io/epos-eric/metadata-database/deploy:main - Creating container for image: ghcr.io/epos-eric/metadata-database/deploy:main
2026-08-29 18:44:24 [main] INFO  t.g.io/epos-eric/metadata-database/deploy:main - Container ghcr.io/epos-eric/metadata-database/deploy:main is starting: f74cdb6f96601b2c57f415eeb71df140977a11554f3e6650a1093065f182fe4f
2026-08-29 18:44:29 [main] INFO  t.g.io/epos-eric/metadata-database/deploy:main - Container ghcr.io/epos-eric/metadata-database/deploy:main started in PT4.254290687S
2026-08-29 18:44:29 [main] INFO  t.g.io/epos-eric/metadata-database/deploy:main - Container is started (JDBC URL: jdbc:postgresql://localhost:34126/cerif?loggerLevel=OFF)
2026-08-29 18:44:29 [main] INFO  com.zaxxer.hikari.HikariDataSource - metadata_catalogue - Starting...
2026-08-29 18:44:29 [main] INFO  com.zaxxer.hikari.pool.HikariPool - metadata_catalogue - Added connection org.postgresql.jdbc.PgConnection@5d31319
2026-08-29 18:44:29 [main] INFO  com.zaxxer.hikari.HikariDataSource - metadata_catalogue - Start completed.
2026-08-29 18:44:29 [main] INFO  com.zaxxer.hikari.HikariDataSource - metadata_catalogue - Shutdown initiated...
2026-08-29 18:44:29 [main] INFO  com.zaxxer.hikari.HikariDataSource - metadata_catalogue - Shutdown completed.
2026-08-29 18:44:29 [main] INFO  t.g.io/epos-eric/metadata-database/deploy:main - Creating container for image: ghcr.io/epos-eric/metadata-database/deploy:main
2026-08-29 18:44:30 [main] INFO  t.g.io/epos-eric/metadata-database/deploy:main - Container ghcr.io/epos-eric/metadata-database/deploy:main is starting: 7968a1e7389db268621e8233a6086108de17b4a63e07b5b8a9e0d24519eb650a
2026-08-29 18:44:34 [main] INFO  t.g.io/epos-eric/metadata-database/deploy:main - Container ghcr.io/epos-eric/metadata-database/deploy:main started in PT4.675809948S
2026-08-29 18:44:34 [main] INFO  t.g.io/epos-eric/metadata-database/deploy:main - Container is started (JDBC URL: jdbc:postgresql://localhost:34127/cerif?loggerLevel=OFF)
2026-08-29 18:44:34 [main] INFO  com.zaxxer.hikari.HikariDataSource - metadata_catalogue - Starting...
2026-08-29 18:44:34 [main] INFO  com.zaxxer.hikari.pool.HikariPool - metadata_catalogue - Added connection org.postgresql.jdbc.PgConnection@3fa10fbf
2026-08-29 18:44:34 [main] INFO  com.zaxxer.hikari.HikariDataSource - metadata_catalogue - Start completed.
2026-08-29 18:44:34 [main] INFO  com.zaxxer.hikari.HikariDataSource - metadata_catalogue - Shutdown initiated...
2026-08-29 18:44:34 [main] INFO  com.zaxxer.hikari.HikariDataSource - metadata_catalogue - Shutdown completed.
2026-08-29 18:44:35 [main] INFO  t.g.io/epos-eric/metadata-database/deploy:main - Creating container for image: ghcr.io/epos-eric/metadata-database/deploy:main
2026-08-29 18:44:35 [main] INFO  t.g.io/epos-eric/metadata-database/deploy:main - Container ghcr.io/epos-eric/metadata-database/deploy:main is starting: 99850a7d190e44959af857dbcc408b058f2975f05314ec6ccb9b6a21ea91c4ec
2026-08-29 18:44:38 [main] INFO  t.g.io/epos-eric/metadata-database/deploy:main - Container ghcr.io/epos-eric/metadata-database/deploy:main started in PT3.473337601S
2026-08-29 18:44:38 [main] INFO  t.g.io/epos-eric/metadata-database/deploy:main - Container is started (JDBC URL: jdbc:postgresql://localhost:34128/cerif?loggerLevel=OFF)
2026-08-29 18:44:38 [main] INFO  com.zaxxer.hikari.HikariDataSource - metadata_catalogue - Starting...
2026-08-29 18:44:38 [main] INFO  com.zaxxer.hikari.pool.HikariPool - metadata_catalogue - Added connection org.postgresql.jdbc.PgConnection@7ca37677
2026-08-29 18:44:38 [main] INFO  com.zaxxer.hikari.HikariDataSource - metadata_catalogue - Start completed.
2026-08-29 18:44:38 [main] INFO  com.zaxxer.hikari.HikariDataSource - metadata_catalogue - Shutdown initiated...
2026-08-29 18:44:38 [main] INFO  com.zaxxer.hikari.HikariDataSource - metadata_catalogue - Shutdown completed.
2026-08-29 18:44:39 [main] INFO  t.g.io/epos-eric/metadata-database/deploy:main - Creating container for image: ghcr.io/epos-eric/metadata-database/deploy:main
2026-08-29 18:44:39 [main] INFO  t.g.io/epos-eric/metadata-database/deploy:main - Container ghcr.io/epos-eric/metadata-database/deploy:main is starting: d35806d36ffa61db56db556380ee715304b0b55b3e94df652e550c81a27c914e
2026-08-29 18:44:43 [main] INFO  t.g.io/epos-eric/metadata-database/deploy:main - Container ghcr.io/epos-eric/metadata-database/deploy:main started in PT4.125387911S
2026-08-29 18:44:43 [main] INFO  t.g.io/epos-eric/metadata-database/deploy:main - Container is started (JDBC URL: jdbc:postgresql://localhost:34129/cerif?loggerLevel=OFF)
2026-08-29 18:44:43 [main] INFO  com.zaxxer.hikari.HikariDataSource - metadata_catalogue - Starting...
2026-08-29 18:44:43 [main] INFO  com.zaxxer.hikari.pool.HikariPool - metadata_catalogue - Added connection org.postgresql.jdbc.PgConnection@1449cb3b
2026-08-29 18:44:43 [main] INFO  com.zaxxer.hikari.HikariDataSource - metadata_catalogue - Start completed.
2026-08-29 18:44:55 [main] INFO  com.zaxxer.hikari.HikariDataSource - metadata_catalogue - Shutdown initiated...
2026-08-29 18:44:55 [main] INFO  com.zaxxer.hikari.HikariDataSource - metadata_catalogue - Shutdown completed.
2026-08-29 18:44:55 [main] INFO  t.g.io/epos-eric/metadata-database/deploy:main - Creating container for image: ghcr.io/epos-eric/metadata-database/deploy:main
2026-08-29 18:44:55 [main] INFO  t.g.io/epos-eric/metadata-database/deploy:main - Container ghcr.io/epos-eric/metadata-database/deploy:main is starting: cacd25765a49eacf05f539ef12216f02f49edff644611e20c56ca1bdd33d9d8f
2026-08-29 18:45:00 [main] INFO  t.g.io/epos-eric/metadata-database/deploy:main - Container ghcr.io/epos-eric/metadata-database/deploy:main started in PT4.907258409S
2026-08-29 18:45:00 [main] INFO  t.g.io/epos-eric/metadata-database/deploy:main - Container is started (JDBC URL: jdbc:postgresql://localhost:34130/cerif?loggerLevel=OFF)
2026-08-29 18:45:00 [main] INFO  com.zaxxer.hikari.HikariDataSource - metadata_catalogue - Starting...
2026-08-29 18:45:00 [main] INFO  com.zaxxer.hikari.pool.HikariPool - metadata_catalogue - Added connection org.postgresql.jdbc.PgConnection@5297dc8c
2026-08-29 18:45:00 [main] INFO  com.zaxxer.hikari.HikariDataSource - metadata_catalogue - Start completed.
2026-08-29 18:45:00 [main] INFO  com.zaxxer.hikari.HikariDataSource - metadata_catalogue - Shutdown initiated...
2026-08-29 18:45:00 [main] INFO  com.zaxxer.hikari.HikariDataSource - metadata_catalogue - Shutdown completed.
2026-08-29 18:45:01 [main] INFO  t.g.io/epos-eric/metadata-database/deploy:main - Creating container for image: ghcr.io/epos-eric/metadata-database/deploy:main
2026-08-29 18:45:01 [main] INFO  t.g.io/epos-eric/metadata-database/deploy:main - Container ghcr.io/epos-eric/metadata-database/deploy:main is starting: 313be2cf534146201c920122f74be86b98caa54d0a08872b5ba3431b5aae1370
2026-08-29 18:45:05 [main] INFO  t.g.io/epos-eric/metadata-database/deploy:main - Container ghcr.io/epos-eric/metadata-database/deploy:main started in PT3.993599953S
2026-08-29 18:45:05 [main] INFO  t.g.io/epos-eric/metadata-database/deploy:main - Container is started (JDBC URL: jdbc:postgresql://localhost:34131/cerif?loggerLevel=OFF)
2026-08-29 18:45:05 [main] INFO  com.zaxxer.hikari.HikariDataSource - metadata_catalogue - Starting...
2026-08-29 18:45:05 [main] INFO  com.zaxxer.hikari.pool.HikariPool - metadata_catalogue - Added connection org.postgresql.jdbc.PgConnection@2a7b6706
2026-08-29 18:45:05 [main] INFO  com.zaxxer.hikari.HikariDataSource - metadata_catalogue - Start completed.
2026-08-29 18:45:06 [main] INFO  com.zaxxer.hikari.HikariDataSource - metadata_catalogue - Shutdown initiated...
2026-08-29 18:45:06 [main] INFO  com.zaxxer.hikari.HikariDataSource - metadata_catalogue - Shutdown completed.
2026-08-29 18:45:07 [main] INFO  t.g.io/epos-eric/metadata-database/deploy:main - Creating container for image: ghcr.io/epos-eric/metadata-database/deploy:main
2026-08-29 18:45:07 [main] INFO  t.g.io/epos-eric/metadata-database/deploy:main - Container ghcr.io/epos-eric/metadata-database/deploy:main is starting: 0ed1023f9772c07d8b2135f9820ce2179320e4ebaba3ab6d5e9361d5c53aad19
2026-08-29 18:45:10 [main] INFO  o.testcontainers.images.PullPolicy - Image pull policy will be performed by: DefaultPullPolicy()
2026-08-29 18:45:10 [main] INFO  o.t.utility.ImageNameSubstitutor - Image name substitution will be performed by: DefaultImageNameSubstitutor (composite of 'ConfigurationFileImageNameSubstitutor' and 'PrefixingImageNameSubstitutor')
2026-08-29 18:45:10 [main] INFO  o.testcontainers.DockerClientFactory - Testcontainers version: 2.0.2
2026-08-29 18:45:10 [main] INFO  o.t.d.DockerClientProviderStrategy - Loaded org.testcontainers.dockerclient.UnixSocketClientProviderStrategy from ~/.testcontainers.properties, will try it first
2026-08-29 18:45:10 [main] INFO  o.t.d.DockerClientProviderStrategy - Found Docker environment with local Unix socket (unix:///var/run/docker.sock)
2026-08-29 18:45:10 [main] INFO  o.testcontainers.DockerClientFactory - Docker host IP address is localhost
2026-08-29 18:45:10 [main] INFO  o.testcontainers.DockerClientFactory - Connected to docker: 
  Server Version: 29.7.2
  API Version: 1.55
  Operating System: Arch Linux
  Total Memory: 63796 MB
2026-08-29 18:45:10 [main] INFO  t.g.io/epos-eric/metadata-database/deploy:main - Container ghcr.io/epos-eric/metadata-database/deploy:main started in PT3.44920071S
2026-08-29 18:45:10 [main] INFO  t.g.io/epos-eric/metadata-database/deploy:main - Container is started (JDBC URL: jdbc:postgresql://localhost:34132/cerif?loggerLevel=OFF)
2026-08-29 18:45:10 [main] INFO  com.zaxxer.hikari.HikariDataSource - metadata_catalogue - Starting...
2026-08-29 18:45:10 [main] INFO  com.zaxxer.hikari.pool.HikariPool - metadata_catalogue - Added connection org.postgresql.jdbc.PgConnection@2bb86e1c
2026-08-29 18:45:10 [main] INFO  com.zaxxer.hikari.HikariDataSource - metadata_catalogue - Start completed.
2026-08-29 18:45:10 [main] INFO  com.zaxxer.hikari.HikariDataSource - metadata_catalogue - Shutdown initiated...
2026-08-29 18:45:10 [main] INFO  com.zaxxer.hikari.HikariDataSource - metadata_catalogue - Shutdown completed.
2026-08-29 18:45:11 [main] INFO  t.g.io/epos-eric/metadata-database/deploy:main - Creating container for image: ghcr.io/epos-eric/metadata-database/deploy:main
2026-08-29 18:45:11 [main] INFO  tc.testcontainers/ryuk:0.13.0 - Creating container for image: testcontainers/ryuk:0.13.0
2026-08-29 18:45:11 [main] INFO  t.g.io/epos-eric/metadata-database/deploy:main - Container ghcr.io/epos-eric/metadata-database/deploy:main is starting: c8d6e20ea14b7c53a3279565146dd529caabdc453760d087f5874d1d2a600667
2026-08-29 18:45:11 [main] INFO  tc.testcontainers/ryuk:0.13.0 - Container testcontainers/ryuk:0.13.0 is starting: 0dbefcc03f7cda96028f9ef817f949a188483fdbdfb4d98e2786cce1e5fbb22a
2026-08-29 18:45:11 [main] INFO  tc.testcontainers/ryuk:0.13.0 - Container testcontainers/ryuk:0.13.0 started in PT0.275603263S
2026-08-29 18:45:11 [main] INFO  o.t.utility.RyukResourceReaper - Ryuk started - will monitor and terminate Testcontainers containers on JVM exit
2026-08-29 18:45:11 [main] INFO  o.testcontainers.DockerClientFactory - Checking the system...
2026-08-29 18:45:11 [main] INFO  o.testcontainers.DockerClientFactory - ✔︎ Docker server version should be at least 1.6.0
2026-08-29 18:45:11 [main] INFO  t.g.io/epos-eric/metadata-database/deploy:main - Creating container for image: ghcr.io/epos-eric/metadata-database/deploy:main
2026-08-29 18:45:11 [main] INFO  t.g.io/epos-eric/metadata-database/deploy:main - Container ghcr.io/epos-eric/metadata-database/deploy:main is starting: 63a9fb5047f1a8de0603bb3881d88c35cd08e74a2756910c73afdd921a386c9b
2026-08-29 18:45:14 [main] INFO  t.g.io/epos-eric/metadata-database/deploy:main - Container ghcr.io/epos-eric/metadata-database/deploy:main started in PT3.347848111S
2026-08-29 18:45:14 [main] INFO  t.g.io/epos-eric/metadata-database/deploy:main - Container is started (JDBC URL: jdbc:postgresql://localhost:34133/cerif?loggerLevel=OFF)
2026-08-29 18:45:14 [main] INFO  com.zaxxer.hikari.HikariDataSource - metadata_catalogue - Starting...
2026-08-29 18:45:14 [main] INFO  com.zaxxer.hikari.pool.HikariPool - metadata_catalogue - Added connection org.postgresql.jdbc.PgConnection@1dd9a52a
2026-08-29 18:45:14 [main] INFO  com.zaxxer.hikari.HikariDataSource - metadata_catalogue - Start completed.
2026-08-29 18:45:14 [main] INFO  com.zaxxer.hikari.HikariDataSource - metadata_catalogue - Shutdown initiated...
2026-08-29 18:45:15 [main] INFO  com.zaxxer.hikari.HikariDataSource - metadata_catalogue - Shutdown completed.
2026-08-29 18:45:15 [main] INFO  t.g.io/epos-eric/metadata-database/deploy:main - Container ghcr.io/epos-eric/metadata-database/deploy:main started in PT3.52318564S
2026-08-29 18:45:15 [main] INFO  t.g.io/epos-eric/metadata-database/deploy:main - Container is started (JDBC URL: jdbc:postgresql://localhost:34135/cerif?loggerLevel=OFF)
2026-08-29 18:45:15 [main] INFO  com.zaxxer.hikari.HikariDataSource - metadata_catalogue - Starting...
2026-08-29 18:45:15 [main] INFO  t.g.io/epos-eric/metadata-database/deploy:main - Creating container for image: ghcr.io/epos-eric/metadata-database/deploy:main
2026-08-29 18:45:15 [main] INFO  com.zaxxer.hikari.pool.HikariPool - metadata_catalogue - Added connection org.postgresql.jdbc.PgConnection@17dd671f
2026-08-29 18:45:15 [main] INFO  com.zaxxer.hikari.HikariDataSource - metadata_catalogue - Start completed.
2026-08-29 18:45:15 [main] INFO  t.g.io/epos-eric/metadata-database/deploy:main - Container ghcr.io/epos-eric/metadata-database/deploy:main is starting: 5e7142a7f1184eb4272f3136c9ec73720c0d80dc040c53af1ed1b67fabae2c97
2026-08-29 18:45:17 [main] INFO  com.zaxxer.hikari.HikariDataSource - metadata_catalogue - Shutdown initiated...
2026-08-29 18:45:17 [main] INFO  com.zaxxer.hikari.HikariDataSource - metadata_catalogue - Shutdown completed.
2026-08-29 18:45:18 [main] INFO  t.g.io/epos-eric/metadata-database/deploy:main - Container ghcr.io/epos-eric/metadata-database/deploy:main started in PT3.437416231S
2026-08-29 18:45:18 [main] INFO  t.g.io/epos-eric/metadata-database/deploy:main - Container is started (JDBC URL: jdbc:postgresql://localhost:34136/cerif?loggerLevel=OFF)
2026-08-29 18:45:18 [main] INFO  com.zaxxer.hikari.HikariDataSource - metadata_catalogue - Starting...
2026-08-29 18:45:18 [main] INFO  com.zaxxer.hikari.pool.HikariPool - metadata_catalogue - Added connection org.postgresql.jdbc.PgConnection@6f1abbcb
2026-08-29 18:45:18 [main] INFO  com.zaxxer.hikari.HikariDataSource - metadata_catalogue - Start completed.
2026-08-29 18:45:19 [main] INFO  com.zaxxer.hikari.HikariDataSource - metadata_catalogue - Shutdown initiated...
2026-08-29 18:45:19 [main] INFO  com.zaxxer.hikari.HikariDataSource - metadata_catalogue - Shutdown completed.
2026-08-29 18:45:19 [main] INFO  t.g.io/epos-eric/metadata-database/deploy:main - Creating container for image: ghcr.io/epos-eric/metadata-database/deploy:main
2026-08-29 18:45:19 [main] INFO  t.g.io/epos-eric/metadata-database/deploy:main - Container ghcr.io/epos-eric/metadata-database/deploy:main is starting: db9e4848172340d619c6c6d9054438f7d309fbdf5cb8ec7875c9af744bcadd85
2026-08-29 18:45:23 [main] INFO  t.g.io/epos-eric/metadata-database/deploy:main - Container ghcr.io/epos-eric/metadata-database/deploy:main started in PT3.82315112S
2026-08-29 18:45:23 [main] INFO  t.g.io/epos-eric/metadata-database/deploy:main - Container is started (JDBC URL: jdbc:postgresql://localhost:34137/cerif?loggerLevel=OFF)
2026-08-29 18:45:23 [main] INFO  com.zaxxer.hikari.HikariDataSource - metadata_catalogue - Starting...
2026-08-29 18:45:23 [main] INFO  com.zaxxer.hikari.pool.HikariPool - metadata_catalogue - Added connection org.postgresql.jdbc.PgConnection@2218c77a
2026-08-29 18:45:23 [main] INFO  com.zaxxer.hikari.HikariDataSource - metadata_catalogue - Start completed.
2026-08-29 18:45:23 [main] INFO  com.zaxxer.hikari.HikariDataSource - metadata_catalogue - Shutdown initiated...
2026-08-29 18:45:23 [main] INFO  com.zaxxer.hikari.HikariDataSource - metadata_catalogue - Shutdown completed.
2026-08-29 18:45:24 [main] INFO  t.g.io/epos-eric/metadata-database/deploy:main - Creating container for image: ghcr.io/epos-eric/metadata-database/deploy:main
2026-08-29 18:45:24 [main] INFO  t.g.io/epos-eric/metadata-database/deploy:main - Container ghcr.io/epos-eric/metadata-database/deploy:main is starting: c4d49fae854412269340f0800b2d4e9e9c5223ee25b3c8ab02f7cd623d030cd3
2026-08-29 18:45:28 [main] INFO  t.g.io/epos-eric/metadata-database/deploy:main - Container ghcr.io/epos-eric/metadata-database/deploy:main started in PT4.014037433S
2026-08-29 18:45:28 [main] INFO  t.g.io/epos-eric/metadata-database/deploy:main - Container is started (JDBC URL: jdbc:postgresql://localhost:34138/cerif?loggerLevel=OFF)
2026-08-29 18:45:28 [main] INFO  com.zaxxer.hikari.HikariDataSource - metadata_catalogue - Starting...
2026-08-29 18:45:28 [main] INFO  com.zaxxer.hikari.pool.HikariPool - metadata_catalogue - Added connection org.postgresql.jdbc.PgConnection@6450834f
2026-08-29 18:45:28 [main] INFO  com.zaxxer.hikari.HikariDataSource - metadata_catalogue - Start completed.
2026-08-29 18:45:28 [main] INFO  com.zaxxer.hikari.HikariDataSource - metadata_catalogue - Shutdown initiated...
2026-08-29 18:45:28 [main] INFO  com.zaxxer.hikari.HikariDataSource - metadata_catalogue - Shutdown completed.
2026-08-29 18:45:28 [main] INFO  t.g.io/epos-eric/metadata-database/deploy:main - Creating container for image: ghcr.io/epos-eric/metadata-database/deploy:main
2026-08-29 18:45:29 [main] INFO  t.g.io/epos-eric/metadata-database/deploy:main - Container ghcr.io/epos-eric/metadata-database/deploy:main is starting: 0afb4af5fa3c6ec7e983eed06fe9e5928711406a9039b57aeda979607e651768
2026-08-29 18:45:32 [main] INFO  t.g.io/epos-eric/metadata-database/deploy:main - Container ghcr.io/epos-eric/metadata-database/deploy:main started in PT3.813799322S
2026-08-29 18:45:32 [main] INFO  t.g.io/epos-eric/metadata-database/deploy:main - Container is started (JDBC URL: jdbc:postgresql://localhost:34139/cerif?loggerLevel=OFF)
2026-08-29 18:45:32 [main] INFO  com.zaxxer.hikari.HikariDataSource - metadata_catalogue - Starting...
2026-08-29 18:45:32 [main] INFO  com.zaxxer.hikari.pool.HikariPool - metadata_catalogue - Added connection org.postgresql.jdbc.PgConnection@4ad70095
2026-08-29 18:45:32 [main] INFO  com.zaxxer.hikari.HikariDataSource - metadata_catalogue - Start completed.
2026-08-29 18:45:33 [main] INFO  com.zaxxer.hikari.HikariDataSource - metadata_catalogue - Shutdown initiated...
2026-08-29 18:45:33 [main] INFO  com.zaxxer.hikari.HikariDataSource - metadata_catalogue - Shutdown completed.
2026-08-29 18:45:33 [main] INFO  t.g.io/epos-eric/metadata-database/deploy:main - Creating container for image: ghcr.io/epos-eric/metadata-database/deploy:main
2026-08-29 18:45:33 [main] INFO  t.g.io/epos-eric/metadata-database/deploy:main - Container ghcr.io/epos-eric/metadata-database/deploy:main is starting: 975f975f5a4902136a5a76a8ff348bb98ccd86adfd61fbc2eb349e7e2735aab3
2026-08-29 18:45:37 [main] INFO  t.g.io/epos-eric/metadata-database/deploy:main - Container ghcr.io/epos-eric/metadata-database/deploy:main started in PT4.552062939S
2026-08-29 18:45:37 [main] INFO  t.g.io/epos-eric/metadata-database/deploy:main - Container is started (JDBC URL: jdbc:postgresql://localhost:34140/cerif?loggerLevel=OFF)
2026-08-29 18:45:37 [main] INFO  com.zaxxer.hikari.HikariDataSource - metadata_catalogue - Starting...
2026-08-29 18:45:37 [main] INFO  com.zaxxer.hikari.pool.HikariPool - metadata_catalogue - Added connection org.postgresql.jdbc.PgConnection@2cdd11d7
2026-08-29 18:45:37 [main] INFO  com.zaxxer.hikari.HikariDataSource - metadata_catalogue - Start completed.
2026-08-29 18:45:38 [main] INFO  com.zaxxer.hikari.HikariDataSource - metadata_catalogue - Shutdown initiated...
2026-08-29 18:45:38 [main] INFO  com.zaxxer.hikari.HikariDataSource - metadata_catalogue - Shutdown completed.
2026-08-29 18:45:38 [main] INFO  t.g.io/epos-eric/metadata-database/deploy:main - Creating container for image: ghcr.io/epos-eric/metadata-database/deploy:main
2026-08-29 18:45:38 [main] INFO  t.g.io/epos-eric/metadata-database/deploy:main - Container ghcr.io/epos-eric/metadata-database/deploy:main is starting: e2d2a091842157a509a56c78ad2d3da000fc61a6b9299ff417be5aac5a882622
2026-08-29 18:45:41 [main] INFO  t.g.io/epos-eric/metadata-database/deploy:main - Container ghcr.io/epos-eric/metadata-database/deploy:main started in PT3.741772272S
2026-08-29 18:45:41 [main] INFO  t.g.io/epos-eric/metadata-database/deploy:main - Container is started (JDBC URL: jdbc:postgresql://localhost:34141/cerif?loggerLevel=OFF)
2026-08-29 18:45:41 [main] INFO  com.zaxxer.hikari.HikariDataSource - metadata_catalogue - Starting...
2026-08-29 18:45:41 [main] INFO  com.zaxxer.hikari.pool.HikariPool - metadata_catalogue - Added connection org.postgresql.jdbc.PgConnection@cb6d6d
2026-08-29 18:45:41 [main] INFO  com.zaxxer.hikari.HikariDataSource - metadata_catalogue - Start completed.
2026-08-29 18:45:42 [main] INFO  com.zaxxer.hikari.HikariDataSource - metadata_catalogue - Shutdown initiated...
2026-08-29 18:45:42 [main] INFO  com.zaxxer.hikari.HikariDataSource - metadata_catalogue - Shutdown completed.
2026-08-29 18:45:42 [main] INFO  t.g.io/epos-eric/metadata-database/deploy:main - Creating container for image: ghcr.io/epos-eric/metadata-database/deploy:main
2026-08-29 18:45:43 [main] INFO  t.g.io/epos-eric/metadata-database/deploy:main - Container ghcr.io/epos-eric/metadata-database/deploy:main is starting: cf766b25e30c058083af52454c1b97aaaa48a230e52b20f8e1caf6fbc1cc06e0
2026-08-29 18:45:47 [main] INFO  t.g.io/epos-eric/metadata-database/deploy:main - Container ghcr.io/epos-eric/metadata-database/deploy:main started in PT4.154351225S
2026-08-29 18:45:47 [main] INFO  t.g.io/epos-eric/metadata-database/deploy:main - Container is started (JDBC URL: jdbc:postgresql://localhost:34142/cerif?loggerLevel=OFF)
2026-08-29 18:45:47 [main] INFO  com.zaxxer.hikari.HikariDataSource - metadata_catalogue - Starting...
2026-08-29 18:45:47 [main] INFO  com.zaxxer.hikari.pool.HikariPool - metadata_catalogue - Added connection org.postgresql.jdbc.PgConnection@656127e2
2026-08-29 18:45:47 [main] INFO  com.zaxxer.hikari.HikariDataSource - metadata_catalogue - Start completed.
2026-08-29 18:45:47 [main] INFO  com.zaxxer.hikari.HikariDataSource - metadata_catalogue - Shutdown initiated...
2026-08-29 18:45:47 [main] INFO  com.zaxxer.hikari.HikariDataSource - metadata_catalogue - Shutdown completed.
2026-08-29 18:45:47 [main] INFO  t.g.io/epos-eric/metadata-database/deploy:main - Creating container for image: ghcr.io/epos-eric/metadata-database/deploy:main
2026-08-29 18:45:47 [main] INFO  t.g.io/epos-eric/metadata-database/deploy:main - Container ghcr.io/epos-eric/metadata-database/deploy:main is starting: 451995abd08fc253876b24c46053e90f02a8a61957edfd2a8c38702cc5aa523e
2026-08-29 18:45:50 [main] INFO  t.g.io/epos-eric/metadata-database/deploy:main - Container ghcr.io/epos-eric/metadata-database/deploy:main started in PT3.434428334S
2026-08-29 18:45:50 [main] INFO  t.g.io/epos-eric/metadata-database/deploy:main - Container is started (JDBC URL: jdbc:postgresql://localhost:34143/cerif?loggerLevel=OFF)
2026-08-29 18:45:50 [main] INFO  com.zaxxer.hikari.HikariDataSource - metadata_catalogue - Starting...
2026-08-29 18:45:50 [main] INFO  com.zaxxer.hikari.pool.HikariPool - metadata_catalogue - Added connection org.postgresql.jdbc.PgConnection@5e51f23e
2026-08-29 18:45:50 [main] INFO  com.zaxxer.hikari.HikariDataSource - metadata_catalogue - Start completed.
2026-08-29 18:45:50 [main] INFO  com.zaxxer.hikari.HikariDataSource - metadata_catalogue - Shutdown initiated...
2026-08-29 18:45:51 [main] INFO  com.zaxxer.hikari.HikariDataSource - metadata_catalogue - Shutdown completed.
2026-08-29 18:45:51 [main] INFO  t.g.io/epos-eric/metadata-database/deploy:main - Creating container for image: ghcr.io/epos-eric/metadata-database/deploy:main
2026-08-29 18:45:51 [main] INFO  o.testcontainers.images.PullPolicy - Image pull policy will be performed by: DefaultPullPolicy()
2026-08-29 18:45:51 [main] INFO  o.t.utility.ImageNameSubstitutor - Image name substitution will be performed by: DefaultImageNameSubstitutor (composite of 'ConfigurationFileImageNameSubstitutor' and 'PrefixingImageNameSubstitutor')
2026-08-29 18:45:51 [main] INFO  o.testcontainers.DockerClientFactory - Testcontainers version: 2.0.2
2026-08-29 18:45:51 [main] INFO  t.g.io/epos-eric/metadata-database/deploy:main - Container ghcr.io/epos-eric/metadata-database/deploy:main is starting: 5b8ce3532bbe3aa5ce75176835149e91e5b2977f4af293ec30ed81020cd74044
2026-08-29 18:45:51 [main] INFO  o.t.d.DockerClientProviderStrategy - Loaded org.testcontainers.dockerclient.UnixSocketClientProviderStrategy from ~/.testcontainers.properties, will try it first
2026-08-29 18:45:51 [main] INFO  o.t.d.DockerClientProviderStrategy - Found Docker environment with local Unix socket (unix:///var/run/docker.sock)
2026-08-29 18:45:51 [main] INFO  o.testcontainers.DockerClientFactory - Docker host IP address is localhost
2026-08-29 18:45:51 [main] INFO  o.testcontainers.DockerClientFactory - Connected to docker: 
  Server Version: 29.7.2
  API Version: 1.55
  Operating System: Arch Linux
  Total Memory: 63796 MB
2026-08-29 18:45:52 [main] INFO  tc.testcontainers/ryuk:0.13.0 - Creating container for image: testcontainers/ryuk:0.13.0
2026-08-29 18:45:52 [main] INFO  tc.testcontainers/ryuk:0.13.0 - Container testcontainers/ryuk:0.13.0 is starting: 3e267cd4fc738498ba682b75376d947af7827537c772b2a97971c6ddc61bb834
2026-08-29 18:45:52 [main] INFO  tc.testcontainers/ryuk:0.13.0 - Container testcontainers/ryuk:0.13.0 started in PT0.303089646S
2026-08-29 18:45:52 [main] INFO  o.t.utility.RyukResourceReaper - Ryuk started - will monitor and terminate Testcontainers containers on JVM exit
2026-08-29 18:45:52 [main] INFO  o.testcontainers.DockerClientFactory - Checking the system...
2026-08-29 18:45:52 [main] INFO  o.testcontainers.DockerClientFactory - ✔︎ Docker server version should be at least 1.6.0
2026-08-29 18:45:52 [main] INFO  t.g.io/epos-eric/metadata-database/deploy:main - Creating container for image: ghcr.io/epos-eric/metadata-database/deploy:main
2026-08-29 18:45:52 [main] INFO  t.g.io/epos-eric/metadata-database/deploy:main - Container ghcr.io/epos-eric/metadata-database/deploy:main is starting: 6784120281e8e639c20f6cdced2ca43e21722fac16fd067fb3082fff51045cc6
2026-08-29 18:45:54 [main] INFO  t.g.io/epos-eric/metadata-database/deploy:main - Container ghcr.io/epos-eric/metadata-database/deploy:main started in PT3.504799138S
2026-08-29 18:45:54 [main] INFO  t.g.io/epos-eric/metadata-database/deploy:main - Container is started (JDBC URL: jdbc:postgresql://localhost:34144/cerif?loggerLevel=OFF)
2026-08-29 18:45:54 [main] INFO  com.zaxxer.hikari.HikariDataSource - metadata_catalogue - Starting...
2026-08-29 18:45:54 [main] INFO  com.zaxxer.hikari.pool.HikariPool - metadata_catalogue - Added connection org.postgresql.jdbc.PgConnection@1f0f632a
2026-08-29 18:45:54 [main] INFO  com.zaxxer.hikari.HikariDataSource - metadata_catalogue - Start completed.
2026-08-29 18:45:55 [main] INFO  com.zaxxer.hikari.HikariDataSource - metadata_catalogue - Shutdown initiated...
2026-08-29 18:45:55 [main] INFO  com.zaxxer.hikari.HikariDataSource - metadata_catalogue - Shutdown completed.
2026-08-29 18:45:55 [main] INFO  t.g.io/epos-eric/metadata-database/deploy:main - Creating container for image: ghcr.io/epos-eric/metadata-database/deploy:main
2026-08-29 18:45:55 [main] INFO  t.g.io/epos-eric/metadata-database/deploy:main - Container ghcr.io/epos-eric/metadata-database/deploy:main is starting: 6fe648ca46ee085269aa1335bc9d749be4bb086d8af80976708a7fc9399740e8
2026-08-29 18:45:56 [main] INFO  t.g.io/epos-eric/metadata-database/deploy:main - Container ghcr.io/epos-eric/metadata-database/deploy:main started in PT4.010890022S
2026-08-29 18:45:56 [main] INFO  t.g.io/epos-eric/metadata-database/deploy:main - Container is started (JDBC URL: jdbc:postgresql://localhost:34146/cerif?loggerLevel=OFF)
2026-08-29 18:45:56 [main] INFO  com.zaxxer.hikari.HikariDataSource - metadata_catalogue - Starting...
2026-08-29 18:45:56 [main] INFO  com.zaxxer.hikari.pool.HikariPool - metadata_catalogue - Added connection org.postgresql.jdbc.PgConnection@3bbf6abe
2026-08-29 18:45:56 [main] INFO  com.zaxxer.hikari.HikariDataSource - metadata_catalogue - Start completed.
2026-08-29 18:45:58 [main] INFO  t.g.io/epos-eric/metadata-database/deploy:main - Container ghcr.io/epos-eric/metadata-database/deploy:main started in PT3.528652075S
2026-08-29 18:45:58 [main] INFO  t.g.io/epos-eric/metadata-database/deploy:main - Container is started (JDBC URL: jdbc:postgresql://localhost:34147/cerif?loggerLevel=OFF)
2026-08-29 18:45:58 [main] INFO  com.zaxxer.hikari.HikariDataSource - metadata_catalogue - Starting...
2026-08-29 18:45:58 [main] INFO  com.zaxxer.hikari.pool.HikariPool - metadata_catalogue - Added connection org.postgresql.jdbc.PgConnection@121f3155
2026-08-29 18:45:58 [main] INFO  com.zaxxer.hikari.HikariDataSource - metadata_catalogue - Start completed.
2026-08-29 18:45:59 [main] INFO  com.zaxxer.hikari.HikariDataSource - metadata_catalogue - Shutdown initiated...
2026-08-29 18:45:59 [main] INFO  com.zaxxer.hikari.HikariDataSource - metadata_catalogue - Shutdown completed.
2026-08-29 18:45:59 [main] INFO  com.zaxxer.hikari.HikariDataSource - metadata_catalogue - Shutdown initiated...
2026-08-29 18:45:59 [main] INFO  com.zaxxer.hikari.HikariDataSource - metadata_catalogue - Shutdown completed.
2026-08-29 18:45:59 [main] INFO  t.g.io/epos-eric/metadata-database/deploy:main - Creating container for image: ghcr.io/epos-eric/metadata-database/deploy:main
2026-08-29 18:45:59 [main] INFO  t.g.io/epos-eric/metadata-database/deploy:main - Container ghcr.io/epos-eric/metadata-database/deploy:main is starting: 2b67cd21463174f49f9f0c990d3f256fafc9b628bd069de6a8b8578727becfa0
2026-08-29 18:46:04 [main] INFO  t.g.io/epos-eric/metadata-database/deploy:main - Container ghcr.io/epos-eric/metadata-database/deploy:main started in PT4.482310848S
2026-08-29 18:46:04 [main] INFO  t.g.io/epos-eric/metadata-database/deploy:main - Container is started (JDBC URL: jdbc:postgresql://localhost:34148/cerif?loggerLevel=OFF)
2026-08-29 18:46:04 [main] INFO  com.zaxxer.hikari.HikariDataSource - metadata_catalogue - Starting...
2026-08-29 18:46:04 [main] INFO  com.zaxxer.hikari.pool.HikariPool - metadata_catalogue - Added connection org.postgresql.jdbc.PgConnection@41c8382
2026-08-29 18:46:04 [main] INFO  com.zaxxer.hikari.HikariDataSource - metadata_catalogue - Start completed.
2026-08-29 18:46:04 [main] INFO  com.zaxxer.hikari.HikariDataSource - metadata_catalogue - Shutdown initiated...
2026-08-29 18:46:04 [main] INFO  com.zaxxer.hikari.HikariDataSource - metadata_catalogue - Shutdown completed.
2026-08-29 18:46:04 [main] INFO  t.g.io/epos-eric/metadata-database/deploy:main - Creating container for image: ghcr.io/epos-eric/metadata-database/deploy:main
2026-08-29 18:46:05 [main] INFO  t.g.io/epos-eric/metadata-database/deploy:main - Container ghcr.io/epos-eric/metadata-database/deploy:main is starting: 6107d40bdd310331e662c5600f96781e1dcf2a260de21ca0cedc56903065c47a
2026-08-29 18:46:08 [main] INFO  t.g.io/epos-eric/metadata-database/deploy:main - Container ghcr.io/epos-eric/metadata-database/deploy:main started in PT3.761067134S
2026-08-29 18:46:08 [main] INFO  t.g.io/epos-eric/metadata-database/deploy:main - Container is started (JDBC URL: jdbc:postgresql://localhost:34149/cerif?loggerLevel=OFF)
2026-08-29 18:46:08 [main] INFO  com.zaxxer.hikari.HikariDataSource - metadata_catalogue - Starting...
2026-08-29 18:46:08 [main] INFO  com.zaxxer.hikari.pool.HikariPool - metadata_catalogue - Added connection org.postgresql.jdbc.PgConnection@40833136
2026-08-29 18:46:08 [main] INFO  com.zaxxer.hikari.HikariDataSource - metadata_catalogue - Start completed.
2026-08-29 18:46:10 [main] INFO  com.zaxxer.hikari.HikariDataSource - metadata_catalogue - Shutdown initiated...
2026-08-29 18:46:10 [main] INFO  com.zaxxer.hikari.HikariDataSource - metadata_catalogue - Shutdown completed.
2026-08-29 18:46:10 [main] INFO  t.g.io/epos-eric/metadata-database/deploy:main - Creating container for image: ghcr.io/epos-eric/metadata-database/deploy:main
2026-08-29 18:46:11 [main] INFO  t.g.io/epos-eric/metadata-database/deploy:main - Container ghcr.io/epos-eric/metadata-database/deploy:main is starting: 6488c416840ad9b3dfcdbaf6bc70823b14fe644da879c821e8d044299f525af9
2026-08-29 18:46:14 [main] INFO  t.g.io/epos-eric/metadata-database/deploy:main - Container ghcr.io/epos-eric/metadata-database/deploy:main started in PT3.998807337S
2026-08-29 18:46:14 [main] INFO  t.g.io/epos-eric/metadata-database/deploy:main - Container is started (JDBC URL: jdbc:postgresql://localhost:34150/cerif?loggerLevel=OFF)
2026-08-29 18:46:14 [main] INFO  com.zaxxer.hikari.HikariDataSource - metadata_catalogue - Starting...
2026-08-29 18:46:14 [main] INFO  com.zaxxer.hikari.pool.HikariPool - metadata_catalogue - Added connection org.postgresql.jdbc.PgConnection@22d6c3f3
2026-08-29 18:46:14 [main] INFO  com.zaxxer.hikari.HikariDataSource - metadata_catalogue - Start completed.
2026-08-29 18:46:15 [main] INFO  com.zaxxer.hikari.HikariDataSource - metadata_catalogue - Shutdown initiated...
2026-08-29 18:46:15 [main] INFO  com.zaxxer.hikari.HikariDataSource - metadata_catalogue - Shutdown completed.
2026-08-29 18:46:15 [main] INFO  t.g.io/epos-eric/metadata-database/deploy:main - Creating container for image: ghcr.io/epos-eric/metadata-database/deploy:main
2026-08-29 18:46:16 [main] INFO  t.g.io/epos-eric/metadata-database/deploy:main - Container ghcr.io/epos-eric/metadata-database/deploy:main is starting: 33bcf4c803df310101245692c961d8d4c8193ea872d375e47c1697dfdac83a3c
2026-08-29 18:46:20 [main] INFO  t.g.io/epos-eric/metadata-database/deploy:main - Container ghcr.io/epos-eric/metadata-database/deploy:main started in PT4.818689034S
2026-08-29 18:46:20 [main] INFO  t.g.io/epos-eric/metadata-database/deploy:main - Container is started (JDBC URL: jdbc:postgresql://localhost:34151/cerif?loggerLevel=OFF)
2026-08-29 18:46:20 [main] INFO  com.zaxxer.hikari.HikariDataSource - metadata_catalogue - Starting...
2026-08-29 18:46:20 [main] INFO  com.zaxxer.hikari.pool.HikariPool - metadata_catalogue - Added connection org.postgresql.jdbc.PgConnection@38f8bc2f
2026-08-29 18:46:20 [main] INFO  com.zaxxer.hikari.HikariDataSource - metadata_catalogue - Start completed.
2026-08-29 18:46:20 [main] INFO  com.zaxxer.hikari.HikariDataSource - metadata_catalogue - Shutdown initiated...
2026-08-29 18:46:20 [main] INFO  com.zaxxer.hikari.HikariDataSource - metadata_catalogue - Shutdown completed.
2026-08-29 18:46:21 [main] INFO  t.g.io/epos-eric/metadata-database/deploy:main - Creating container for image: ghcr.io/epos-eric/metadata-database/deploy:main
2026-08-29 18:46:21 [main] INFO  t.g.io/epos-eric/metadata-database/deploy:main - Container ghcr.io/epos-eric/metadata-database/deploy:main is starting: 3a7afbbe1aa6eaee43c3de2c984564d6012bbe226adbf6ee4955becebbe73bf3
2026-08-29 18:46:24 [main] INFO  t.g.io/epos-eric/metadata-database/deploy:main - Container ghcr.io/epos-eric/metadata-database/deploy:main started in PT3.914199524S
2026-08-29 18:46:24 [main] INFO  t.g.io/epos-eric/metadata-database/deploy:main - Container is started (JDBC URL: jdbc:postgresql://localhost:34152/cerif?loggerLevel=OFF)
2026-08-29 18:46:24 [main] INFO  com.zaxxer.hikari.HikariDataSource - metadata_catalogue - Starting...
2026-08-29 18:46:24 [main] INFO  com.zaxxer.hikari.pool.HikariPool - metadata_catalogue - Added connection org.postgresql.jdbc.PgConnection@4fbc3b35
2026-08-29 18:46:24 [main] INFO  com.zaxxer.hikari.HikariDataSource - metadata_catalogue - Start completed.
2026-08-29 18:46:25 [main] INFO  com.zaxxer.hikari.HikariDataSource - metadata_catalogue - Shutdown initiated...
2026-08-29 18:46:25 [main] INFO  com.zaxxer.hikari.HikariDataSource - metadata_catalogue - Shutdown completed.
2026-08-29 18:46:25 [main] INFO  t.g.io/epos-eric/metadata-database/deploy:main - Creating container for image: ghcr.io/epos-eric/metadata-database/deploy:main
2026-08-29 18:46:25 [main] INFO  t.g.io/epos-eric/metadata-database/deploy:main - Container ghcr.io/epos-eric/metadata-database/deploy:main is starting: 395a6363fa1eb2a4f5daef30cd1f7776c470a63a436bda56c8e873083f735e2a
2026-08-29 18:46:29 [main] INFO  t.g.io/epos-eric/metadata-database/deploy:main - Container ghcr.io/epos-eric/metadata-database/deploy:main started in PT3.797571811S
2026-08-29 18:46:29 [main] INFO  t.g.io/epos-eric/metadata-database/deploy:main - Container is started (JDBC URL: jdbc:postgresql://localhost:34153/cerif?loggerLevel=OFF)
2026-08-29 18:46:29 [main] INFO  com.zaxxer.hikari.HikariDataSource - metadata_catalogue - Starting...
2026-08-29 18:46:29 [main] INFO  com.zaxxer.hikari.pool.HikariPool - metadata_catalogue - Added connection org.postgresql.jdbc.PgConnection@187119a
2026-08-29 18:46:29 [main] INFO  com.zaxxer.hikari.HikariDataSource - metadata_catalogue - Start completed.
2026-08-29 18:46:29 [main] INFO  com.zaxxer.hikari.HikariDataSource - metadata_catalogue - Shutdown initiated...
2026-08-29 18:46:29 [main] INFO  com.zaxxer.hikari.HikariDataSource - metadata_catalogue - Shutdown completed.
2026-08-29 18:46:29 [main] INFO  t.g.io/epos-eric/metadata-database/deploy:main - Creating container for image: ghcr.io/epos-eric/metadata-database/deploy:main
2026-08-29 18:46:29 [main] INFO  t.g.io/epos-eric/metadata-database/deploy:main - Container ghcr.io/epos-eric/metadata-database/deploy:main is starting: c3607d2e2f533471c5b932f1553083b85fcdc1170e424bf62fc63195d39d3a0b
2026-08-29 18:46:33 [main] INFO  t.g.io/epos-eric/metadata-database/deploy:main - Container ghcr.io/epos-eric/metadata-database/deploy:main started in PT3.4458116S
2026-08-29 18:46:33 [main] INFO  t.g.io/epos-eric/metadata-database/deploy:main - Container is started (JDBC URL: jdbc:postgresql://localhost:34154/cerif?loggerLevel=OFF)
2026-08-29 18:46:33 [main] INFO  com.zaxxer.hikari.HikariDataSource - metadata_catalogue - Starting...
2026-08-29 18:46:33 [main] INFO  com.zaxxer.hikari.pool.HikariPool - metadata_catalogue - Added connection org.postgresql.jdbc.PgConnection@7d3c44a1
2026-08-29 18:46:33 [main] INFO  com.zaxxer.hikari.HikariDataSource - metadata_catalogue - Start completed.
2026-08-29 18:46:33 [main] INFO  com.zaxxer.hikari.HikariDataSource - metadata_catalogue - Shutdown initiated...
2026-08-29 18:46:33 [main] INFO  com.zaxxer.hikari.HikariDataSource - metadata_catalogue - Shutdown completed.
2026-08-29 18:46:33 [main] INFO  t.g.io/epos-eric/metadata-database/deploy:main - Creating container for image: ghcr.io/epos-eric/metadata-database/deploy:main
2026-08-29 18:46:33 [main] INFO  t.g.io/epos-eric/metadata-database/deploy:main - Container ghcr.io/epos-eric/metadata-database/deploy:main is starting: a47537133e252af313768f3a0d124b93d00b9635ff358b874cf40253bdd88e62
2026-08-29 18:46:33 [main] INFO  o.testcontainers.images.PullPolicy - Image pull policy will be performed by: DefaultPullPolicy()
2026-08-29 18:46:33 [main] INFO  o.t.utility.ImageNameSubstitutor - Image name substitution will be performed by: DefaultImageNameSubstitutor (composite of 'ConfigurationFileImageNameSubstitutor' and 'PrefixingImageNameSubstitutor')
2026-08-29 18:46:33 [main] INFO  o.testcontainers.DockerClientFactory - Testcontainers version: 2.0.2
2026-08-29 18:46:33 [main] INFO  o.t.d.DockerClientProviderStrategy - Loaded org.testcontainers.dockerclient.UnixSocketClientProviderStrategy from ~/.testcontainers.properties, will try it first
2026-08-29 18:46:34 [main] INFO  o.t.d.DockerClientProviderStrategy - Found Docker environment with local Unix socket (unix:///var/run/docker.sock)
2026-08-29 18:46:34 [main] INFO  o.testcontainers.DockerClientFactory - Docker host IP address is localhost
2026-08-29 18:46:34 [main] INFO  o.testcontainers.DockerClientFactory - Connected to docker: 
  Server Version: 29.7.2
  API Version: 1.55
  Operating System: Arch Linux
  Total Memory: 63796 MB
2026-08-29 18:46:34 [main] INFO  tc.testcontainers/ryuk:0.13.0 - Creating container for image: testcontainers/ryuk:0.13.0
2026-08-29 18:46:34 [main] INFO  tc.testcontainers/ryuk:0.13.0 - Container testcontainers/ryuk:0.13.0 is starting: c1b8bb79cfaba89de48fbff857d59a269d0069fd14df78e2c525365a69bd5459
2026-08-29 18:46:35 [main] INFO  tc.testcontainers/ryuk:0.13.0 - Container testcontainers/ryuk:0.13.0 started in PT0.338375133S
2026-08-29 18:46:35 [main] INFO  o.t.utility.RyukResourceReaper - Ryuk started - will monitor and terminate Testcontainers containers on JVM exit
2026-08-29 18:46:35 [main] INFO  o.testcontainers.DockerClientFactory - Checking the system...
2026-08-29 18:46:35 [main] INFO  o.testcontainers.DockerClientFactory - ✔︎ Docker server version should be at least 1.6.0
2026-08-29 18:46:35 [main] INFO  t.g.io/epos-eric/metadata-database/deploy:main - Creating container for image: ghcr.io/epos-eric/metadata-database/deploy:main
2026-08-29 18:46:35 [main] INFO  t.g.io/epos-eric/metadata-database/deploy:main - Container ghcr.io/epos-eric/metadata-database/deploy:main is starting: bcfa736b4c1c19e38c76c5c883bf7cc2f70e450a3e16064241e8a6babd53c4b9
2026-08-29 18:46:36 [main] INFO  t.g.io/epos-eric/metadata-database/deploy:main - Container ghcr.io/epos-eric/metadata-database/deploy:main started in PT3.447093327S
2026-08-29 18:46:36 [main] INFO  t.g.io/epos-eric/metadata-database/deploy:main - Container is started (JDBC URL: jdbc:postgresql://localhost:34155/cerif?loggerLevel=OFF)
2026-08-29 18:46:36 [main] INFO  com.zaxxer.hikari.HikariDataSource - metadata_catalogue - Starting...
2026-08-29 18:46:36 [main] INFO  com.zaxxer.hikari.pool.HikariPool - metadata_catalogue - Added connection org.postgresql.jdbc.PgConnection@479e5970
2026-08-29 18:46:36 [main] INFO  com.zaxxer.hikari.HikariDataSource - metadata_catalogue - Start completed.
2026-08-29 18:46:37 [main] INFO  com.zaxxer.hikari.HikariDataSource - metadata_catalogue - Shutdown initiated...
2026-08-29 18:46:37 [main] INFO  com.zaxxer.hikari.HikariDataSource - metadata_catalogue - Shutdown completed.
2026-08-29 18:46:37 [main] INFO  t.g.io/epos-eric/metadata-database/deploy:main - Creating container for image: ghcr.io/epos-eric/metadata-database/deploy:main
2026-08-29 18:46:37 [main] INFO  t.g.io/epos-eric/metadata-database/deploy:main - Container ghcr.io/epos-eric/metadata-database/deploy:main is starting: 92ad8d9fe954002ec009f686f2da3e921711dd2766c6f48645f8a50d36307a91
2026-08-29 18:46:38 [main] INFO  t.g.io/epos-eric/metadata-database/deploy:main - Container ghcr.io/epos-eric/metadata-database/deploy:main started in PT3.555993201S
2026-08-29 18:46:38 [main] INFO  t.g.io/epos-eric/metadata-database/deploy:main - Container is started (JDBC URL: jdbc:postgresql://localhost:34157/cerif?loggerLevel=OFF)
2026-08-29 18:46:38 [main] INFO  com.zaxxer.hikari.HikariDataSource - metadata_catalogue - Starting...
2026-08-29 18:46:38 [main] INFO  com.zaxxer.hikari.pool.HikariPool - metadata_catalogue - Added connection org.postgresql.jdbc.PgConnection@22ebccb9
2026-08-29 18:46:38 [main] INFO  com.zaxxer.hikari.HikariDataSource - metadata_catalogue - Start completed.
2026-08-29 18:46:39 [main] INFO  com.zaxxer.hikari.HikariDataSource - metadata_catalogue - Shutdown initiated...
2026-08-29 18:46:39 [main] INFO  com.zaxxer.hikari.HikariDataSource - metadata_catalogue - Shutdown completed.
2026-08-29 18:46:41 [main] INFO  t.g.io/epos-eric/metadata-database/deploy:main - Container ghcr.io/epos-eric/metadata-database/deploy:main started in PT3.548537996S
2026-08-29 18:46:41 [main] INFO  t.g.io/epos-eric/metadata-database/deploy:main - Container is started (JDBC URL: jdbc:postgresql://localhost:34158/cerif?loggerLevel=OFF)
2026-08-29 18:46:41 [main] INFO  com.zaxxer.hikari.HikariDataSource - metadata_catalogue - Starting...
2026-08-29 18:46:41 [main] INFO  com.zaxxer.hikari.pool.HikariPool - metadata_catalogue - Added connection org.postgresql.jdbc.PgConnection@7c840fbb
2026-08-29 18:46:41 [main] INFO  com.zaxxer.hikari.HikariDataSource - metadata_catalogue - Start completed.
2026-08-29 18:46:41 [main] INFO  com.zaxxer.hikari.HikariDataSource - metadata_catalogue - Shutdown initiated...
2026-08-29 18:46:41 [main] INFO  com.zaxxer.hikari.HikariDataSource - metadata_catalogue - Shutdown completed.
2026-08-29 18:46:41 [main] INFO  t.g.io/epos-eric/metadata-database/deploy:main - Creating container for image: ghcr.io/epos-eric/metadata-database/deploy:main
2026-08-29 18:46:42 [main] INFO  t.g.io/epos-eric/metadata-database/deploy:main - Container ghcr.io/epos-eric/metadata-database/deploy:main is starting: a1a4c38b7c5768f66e979450615deadc72e8b25d6f4b1ab5a32e4d3e25cf184b
2026-08-29 18:46:45 [main] INFO  t.g.io/epos-eric/metadata-database/deploy:main - Container ghcr.io/epos-eric/metadata-database/deploy:main started in PT3.738165715S
2026-08-29 18:46:45 [main] INFO  t.g.io/epos-eric/metadata-database/deploy:main - Container is started (JDBC URL: jdbc:postgresql://localhost:34159/cerif?loggerLevel=OFF)
2026-08-29 18:46:45 [main] INFO  com.zaxxer.hikari.HikariDataSource - metadata_catalogue - Starting...
2026-08-29 18:46:45 [main] INFO  com.zaxxer.hikari.pool.HikariPool - metadata_catalogue - Added connection org.postgresql.jdbc.PgConnection@3b87ce88
2026-08-29 18:46:45 [main] INFO  com.zaxxer.hikari.HikariDataSource - metadata_catalogue - Start completed.
2026-08-29 18:46:45 [main] INFO  com.zaxxer.hikari.HikariDataSource - metadata_catalogue - Shutdown initiated...
2026-08-29 18:46:45 [main] INFO  com.zaxxer.hikari.HikariDataSource - metadata_catalogue - Shutdown completed.
2026-08-29 18:46:45 [main] INFO  t.g.io/epos-eric/metadata-database/deploy:main - Creating container for image: ghcr.io/epos-eric/metadata-database/deploy:main
2026-08-29 18:46:46 [main] INFO  t.g.io/epos-eric/metadata-database/deploy:main - Container ghcr.io/epos-eric/metadata-database/deploy:main is starting: 1d819ea69e95c1eaba1e830bde77fcded7369831c86a133d77ce6acbe54e1fe9
2026-08-29 18:46:49 [main] INFO  t.g.io/epos-eric/metadata-database/deploy:main - Container ghcr.io/epos-eric/metadata-database/deploy:main started in PT3.762556949S
2026-08-29 18:46:49 [main] INFO  t.g.io/epos-eric/metadata-database/deploy:main - Container is started (JDBC URL: jdbc:postgresql://localhost:34160/cerif?loggerLevel=OFF)
2026-08-29 18:46:49 [main] INFO  com.zaxxer.hikari.HikariDataSource - metadata_catalogue - Starting...
2026-08-29 18:46:49 [main] INFO  com.zaxxer.hikari.pool.HikariPool - metadata_catalogue - Added connection org.postgresql.jdbc.PgConnection@7311877
2026-08-29 18:46:49 [main] INFO  com.zaxxer.hikari.HikariDataSource - metadata_catalogue - Start completed.
2026-08-29 18:46:49 [main] INFO  com.zaxxer.hikari.HikariDataSource - metadata_catalogue - Shutdown initiated...
2026-08-29 18:46:50 [main] INFO  com.zaxxer.hikari.HikariDataSource - metadata_catalogue - Shutdown completed.
2026-08-29 18:46:50 [main] INFO  t.g.io/epos-eric/metadata-database/deploy:main - Creating container for image: ghcr.io/epos-eric/metadata-database/deploy:main
2026-08-29 18:46:50 [main] INFO  t.g.io/epos-eric/metadata-database/deploy:main - Container ghcr.io/epos-eric/metadata-database/deploy:main is starting: 6e9a647a336e46f2db76d78d6ca121668405b562d9b17f7a76c40edd59c4f25d
2026-08-29 18:46:53 [main] INFO  t.g.io/epos-eric/metadata-database/deploy:main - Container ghcr.io/epos-eric/metadata-database/deploy:main started in PT3.409458985S
2026-08-29 18:46:53 [main] INFO  t.g.io/epos-eric/metadata-database/deploy:main - Container is started (JDBC URL: jdbc:postgresql://localhost:34161/cerif?loggerLevel=OFF)
2026-08-29 18:46:53 [main] INFO  com.zaxxer.hikari.HikariDataSource - metadata_catalogue - Starting...
2026-08-29 18:46:53 [main] INFO  com.zaxxer.hikari.pool.HikariPool - metadata_catalogue - Added connection org.postgresql.jdbc.PgConnection@5c45b373
2026-08-29 18:46:53 [main] INFO  com.zaxxer.hikari.HikariDataSource - metadata_catalogue - Start completed.
2026-08-29 18:46:54 [main] INFO  com.zaxxer.hikari.HikariDataSource - metadata_catalogue - Shutdown initiated...
2026-08-29 18:46:54 [main] INFO  com.zaxxer.hikari.HikariDataSource - metadata_catalogue - Shutdown completed.
2026-08-29 18:46:55 [main] INFO  t.g.io/epos-eric/metadata-database/deploy:main - Creating container for image: ghcr.io/epos-eric/metadata-database/deploy:main
2026-08-29 18:46:55 [main] INFO  t.g.io/epos-eric/metadata-database/deploy:main - Container ghcr.io/epos-eric/metadata-database/deploy:main is starting: 7adedfee8178a4a3582ce41a3a5a7e7d960b1e82eb7a20685f62e03c0428ded4
2026-08-29 18:47:00 [main] INFO  t.g.io/epos-eric/metadata-database/deploy:main - Container ghcr.io/epos-eric/metadata-database/deploy:main started in PT4.881738308S
2026-08-29 18:47:00 [main] INFO  t.g.io/epos-eric/metadata-database/deploy:main - Container is started (JDBC URL: jdbc:postgresql://localhost:34162/cerif?loggerLevel=OFF)
2026-08-29 18:47:00 [main] INFO  com.zaxxer.hikari.HikariDataSource - metadata_catalogue - Starting...
2026-08-29 18:47:00 [main] INFO  com.zaxxer.hikari.pool.HikariPool - metadata_catalogue - Added connection org.postgresql.jdbc.PgConnection@e937dce
2026-08-29 18:47:00 [main] INFO  com.zaxxer.hikari.HikariDataSource - metadata_catalogue - Start completed.
2026-08-29 18:47:00 [main] INFO  com.zaxxer.hikari.HikariDataSource - metadata_catalogue - Shutdown initiated...
2026-08-29 18:47:00 [main] INFO  com.zaxxer.hikari.HikariDataSource - metadata_catalogue - Shutdown completed.
2026-08-29 18:47:00 [main] INFO  t.g.io/epos-eric/metadata-database/deploy:main - Creating container for image: ghcr.io/epos-eric/metadata-database/deploy:main
2026-08-29 18:47:01 [main] INFO  t.g.io/epos-eric/metadata-database/deploy:main - Container ghcr.io/epos-eric/metadata-database/deploy:main is starting: ce013749b3b75ffd8a44ddbb4fb46092d0e8d7e05211989c3838c1cf35a83831
2026-08-29 18:47:05 [main] INFO  t.g.io/epos-eric/metadata-database/deploy:main - Container ghcr.io/epos-eric/metadata-database/deploy:main started in PT4.991482867S
2026-08-29 18:47:05 [main] INFO  t.g.io/epos-eric/metadata-database/deploy:main - Container is started (JDBC URL: jdbc:postgresql://localhost:34163/cerif?loggerLevel=OFF)
2026-08-29 18:47:05 [main] INFO  com.zaxxer.hikari.HikariDataSource - metadata_catalogue - Starting...
2026-08-29 18:47:05 [main] INFO  com.zaxxer.hikari.pool.HikariPool - metadata_catalogue - Added connection org.postgresql.jdbc.PgConnection@62a4ad7f
2026-08-29 18:47:05 [main] INFO  com.zaxxer.hikari.HikariDataSource - metadata_catalogue - Start completed.
2026-08-29 18:47:06 [main] INFO  com.zaxxer.hikari.HikariDataSource - metadata_catalogue - Shutdown initiated...
2026-08-29 18:47:06 [main] INFO  com.zaxxer.hikari.HikariDataSource - metadata_catalogue - Shutdown completed.
2026-08-29 18:47:06 [main] INFO  t.g.io/epos-eric/metadata-database/deploy:main - Creating container for image: ghcr.io/epos-eric/metadata-database/deploy:main
2026-08-29 18:47:06 [main] INFO  t.g.io/epos-eric/metadata-database/deploy:main - Container ghcr.io/epos-eric/metadata-database/deploy:main is starting: efccda5ca9f84f810a6945c52a577b66552edf09da16421f93e6e2f16f25a1f2
2026-08-29 18:47:11 [main] INFO  t.g.io/epos-eric/metadata-database/deploy:main - Container ghcr.io/epos-eric/metadata-database/deploy:main started in PT4.677526107S
2026-08-29 18:47:11 [main] INFO  t.g.io/epos-eric/metadata-database/deploy:main - Container is started (JDBC URL: jdbc:postgresql://localhost:34164/cerif?loggerLevel=OFF)
2026-08-29 18:47:11 [main] INFO  com.zaxxer.hikari.HikariDataSource - metadata_catalogue - Starting...
2026-08-29 18:47:11 [main] INFO  com.zaxxer.hikari.pool.HikariPool - metadata_catalogue - Added connection org.postgresql.jdbc.PgConnection@5f18f08f
2026-08-29 18:47:11 [main] INFO  com.zaxxer.hikari.HikariDataSource - metadata_catalogue - Start completed.
2026-08-29 18:47:11 [main] INFO  com.zaxxer.hikari.HikariDataSource - metadata_catalogue - Shutdown initiated...
2026-08-29 18:47:11 [main] INFO  com.zaxxer.hikari.HikariDataSource - metadata_catalogue - Shutdown completed.
2026-08-29 18:47:11 [main] INFO  t.g.io/epos-eric/metadata-database/deploy:main - Creating container for image: ghcr.io/epos-eric/metadata-database/deploy:main
2026-08-29 18:47:12 [main] INFO  t.g.io/epos-eric/metadata-database/deploy:main - Container ghcr.io/epos-eric/metadata-database/deploy:main is starting: a7ed7db68917681b4e1cc1731ca3eaa06917041ab722cc5542ae2ea1ec265e75
2026-08-29 18:47:16 [main] INFO  t.g.io/epos-eric/metadata-database/deploy:main - Container ghcr.io/epos-eric/metadata-database/deploy:main started in PT4.672506561S
2026-08-29 18:47:16 [main] INFO  t.g.io/epos-eric/metadata-database/deploy:main - Container is started (JDBC URL: jdbc:postgresql://localhost:34165/cerif?loggerLevel=OFF)
2026-08-29 18:47:16 [main] INFO  com.zaxxer.hikari.HikariDataSource - metadata_catalogue - Starting...
2026-08-29 18:47:16 [main] INFO  com.zaxxer.hikari.pool.HikariPool - metadata_catalogue - Added connection org.postgresql.jdbc.PgConnection@4b1ba692
2026-08-29 18:47:16 [main] INFO  com.zaxxer.hikari.HikariDataSource - metadata_catalogue - Start completed.
2026-08-29 18:47:17 [main] INFO  com.zaxxer.hikari.HikariDataSource - metadata_catalogue - Shutdown initiated...
2026-08-29 18:47:17 [main] INFO  com.zaxxer.hikari.HikariDataSource - metadata_catalogue - Shutdown completed.
2026-08-29 18:47:17 [main] INFO  t.g.io/epos-eric/metadata-database/deploy:main - Creating container for image: ghcr.io/epos-eric/metadata-database/deploy:main
2026-08-29 18:47:17 [main] INFO  t.g.io/epos-eric/metadata-database/deploy:main - Container ghcr.io/epos-eric/metadata-database/deploy:main is starting: d0d3ae48401dd049851a4fe3a778f378873d02d0517c8d22d00160aa1e6a11d1
2026-08-29 18:47:22 [main] INFO  t.g.io/epos-eric/metadata-database/deploy:main - Container ghcr.io/epos-eric/metadata-database/deploy:main started in PT5.221274969S
2026-08-29 18:47:22 [main] INFO  t.g.io/epos-eric/metadata-database/deploy:main - Container is started (JDBC URL: jdbc:postgresql://localhost:34166/cerif?loggerLevel=OFF)
2026-08-29 18:47:22 [main] INFO  com.zaxxer.hikari.HikariDataSource - metadata_catalogue - Starting...
2026-08-29 18:47:22 [main] INFO  com.zaxxer.hikari.pool.HikariPool - metadata_catalogue - Added connection org.postgresql.jdbc.PgConnection@226c46fc
2026-08-29 18:47:22 [main] INFO  com.zaxxer.hikari.HikariDataSource - metadata_catalogue - Start completed.
2026-08-29 18:47:22 [main] INFO  com.zaxxer.hikari.HikariDataSource - metadata_catalogue - Shutdown initiated...
2026-08-29 18:47:22 [main] INFO  com.zaxxer.hikari.HikariDataSource - metadata_catalogue - Shutdown completed.
2026-08-29 18:47:23 [main] INFO  t.g.io/epos-eric/metadata-database/deploy:main - Creating container for image: ghcr.io/epos-eric/metadata-database/deploy:main
2026-08-29 18:47:23 [main] INFO  t.g.io/epos-eric/metadata-database/deploy:main - Container ghcr.io/epos-eric/metadata-database/deploy:main is starting: f16061c3236c7296b6df58ecb0d79b652172bac7cfa09b33de8589a25e038ffe
2026-08-29 18:47:28 [main] INFO  t.g.io/epos-eric/metadata-database/deploy:main - Container ghcr.io/epos-eric/metadata-database/deploy:main started in PT5.016826218S
2026-08-29 18:47:28 [main] INFO  t.g.io/epos-eric/metadata-database/deploy:main - Container is started (JDBC URL: jdbc:postgresql://localhost:34167/cerif?loggerLevel=OFF)
2026-08-29 18:47:28 [main] INFO  com.zaxxer.hikari.HikariDataSource - metadata_catalogue - Starting...
2026-08-29 18:47:28 [main] INFO  com.zaxxer.hikari.pool.HikariPool - metadata_catalogue - Added connection org.postgresql.jdbc.PgConnection@394e2b8c
2026-08-29 18:47:28 [main] INFO  com.zaxxer.hikari.HikariDataSource - metadata_catalogue - Start completed.
2026-08-29 18:47:28 [main] INFO  com.zaxxer.hikari.HikariDataSource - metadata_catalogue - Shutdown initiated...
2026-08-29 18:47:28 [main] INFO  com.zaxxer.hikari.HikariDataSource - metadata_catalogue - Shutdown completed.
2026-08-29 18:47:29 [main] INFO  t.g.io/epos-eric/metadata-database/deploy:main - Creating container for image: ghcr.io/epos-eric/metadata-database/deploy:main
2026-08-29 18:47:29 [main] INFO  t.g.io/epos-eric/metadata-database/deploy:main - Container ghcr.io/epos-eric/metadata-database/deploy:main is starting: 8718e8005a871c689305f492995b06eab8b8678b513ab37809f50df9b6f8b74f
2026-08-29 18:47:34 [main] INFO  t.g.io/epos-eric/metadata-database/deploy:main - Container ghcr.io/epos-eric/metadata-database/deploy:main started in PT5.070209286S
2026-08-29 18:47:34 [main] INFO  t.g.io/epos-eric/metadata-database/deploy:main - Container is started (JDBC URL: jdbc:postgresql://localhost:34168/cerif?loggerLevel=OFF)
2026-08-29 18:47:34 [main] INFO  com.zaxxer.hikari.HikariDataSource - metadata_catalogue - Starting...
2026-08-29 18:47:34 [main] INFO  com.zaxxer.hikari.pool.HikariPool - metadata_catalogue - Added connection org.postgresql.jdbc.PgConnection@7eaad4ec
2026-08-29 18:47:34 [main] INFO  com.zaxxer.hikari.HikariDataSource - metadata_catalogue - Start completed.
2026-08-29 18:47:34 [main] INFO  com.zaxxer.hikari.HikariDataSource - metadata_catalogue - Shutdown initiated...
2026-08-29 18:47:34 [main] INFO  com.zaxxer.hikari.HikariDataSource - metadata_catalogue - Shutdown completed.
2026-08-29 18:47:35 [main] INFO  t.g.io/epos-eric/metadata-database/deploy:main - Creating container for image: ghcr.io/epos-eric/metadata-database/deploy:main
2026-08-29 18:47:35 [main] INFO  t.g.io/epos-eric/metadata-database/deploy:main - Container ghcr.io/epos-eric/metadata-database/deploy:main is starting: 154e28c6c13752842d0db921734f663a33c43bc911943dbebd1479767e465fd1
2026-08-29 18:47:40 [main] INFO  t.g.io/epos-eric/metadata-database/deploy:main - Container ghcr.io/epos-eric/metadata-database/deploy:main started in PT4.938862546S
2026-08-29 18:47:40 [main] INFO  t.g.io/epos-eric/metadata-database/deploy:main - Container is started (JDBC URL: jdbc:postgresql://localhost:34169/cerif?loggerLevel=OFF)
2026-08-29 18:47:40 [main] INFO  com.zaxxer.hikari.HikariDataSource - metadata_catalogue - Starting...
2026-08-29 18:47:40 [main] INFO  com.zaxxer.hikari.pool.HikariPool - metadata_catalogue - Added connection org.postgresql.jdbc.PgConnection@326df945
2026-08-29 18:47:40 [main] INFO  com.zaxxer.hikari.HikariDataSource - metadata_catalogue - Start completed.
2026-08-29 18:47:40 [main] INFO  com.zaxxer.hikari.HikariDataSource - metadata_catalogue - Shutdown initiated...
2026-08-29 18:47:40 [main] INFO  com.zaxxer.hikari.HikariDataSource - metadata_catalogue - Shutdown completed.
2026-08-29 18:47:41 [main] INFO  t.g.io/epos-eric/metadata-database/deploy:main - Creating container for image: ghcr.io/epos-eric/metadata-database/deploy:main
2026-08-29 18:47:41 [main] INFO  t.g.io/epos-eric/metadata-database/deploy:main - Container ghcr.io/epos-eric/metadata-database/deploy:main is starting: f1192ce3e3f2da35420c7a9299544b2df727aad84308895f7337f575f6b719bc
2026-08-29 18:47:44 [main] INFO  t.g.io/epos-eric/metadata-database/deploy:main - Container ghcr.io/epos-eric/metadata-database/deploy:main started in PT3.740875581S
2026-08-29 18:47:44 [main] INFO  t.g.io/epos-eric/metadata-database/deploy:main - Container is started (JDBC URL: jdbc:postgresql://localhost:34170/cerif?loggerLevel=OFF)
2026-08-29 18:47:44 [main] INFO  com.zaxxer.hikari.HikariDataSource - metadata_catalogue - Starting...
2026-08-29 18:47:44 [main] INFO  com.zaxxer.hikari.pool.HikariPool - metadata_catalogue - Added connection org.postgresql.jdbc.PgConnection@4cdb9a10
2026-08-29 18:47:44 [main] INFO  com.zaxxer.hikari.HikariDataSource - metadata_catalogue - Start completed.
2026-08-29 18:47:45 [main] INFO  com.zaxxer.hikari.HikariDataSource - metadata_catalogue - Shutdown initiated...
2026-08-29 18:47:45 [main] INFO  com.zaxxer.hikari.HikariDataSource - metadata_catalogue - Shutdown completed.
2026-08-29 18:47:46 [main] INFO  t.g.io/epos-eric/metadata-database/deploy:main - Creating container for image: ghcr.io/epos-eric/metadata-database/deploy:main
2026-08-29 18:47:46 [main] INFO  t.g.io/epos-eric/metadata-database/deploy:main - Container ghcr.io/epos-eric/metadata-database/deploy:main is starting: 010d2b5289cd805a6dbbd5628af4cc7c6e5e07a256004cf0726f855112b78f63
2026-08-29 18:47:50 [main] INFO  o.testcontainers.images.PullPolicy - Image pull policy will be performed by: DefaultPullPolicy()
2026-08-29 18:47:50 [main] INFO  o.t.utility.ImageNameSubstitutor - Image name substitution will be performed by: DefaultImageNameSubstitutor (composite of 'ConfigurationFileImageNameSubstitutor' and 'PrefixingImageNameSubstitutor')
2026-08-29 18:47:50 [main] INFO  o.testcontainers.DockerClientFactory - Testcontainers version: 2.0.2
2026-08-29 18:47:50 [main] INFO  o.t.d.DockerClientProviderStrategy - Loaded org.testcontainers.dockerclient.UnixSocketClientProviderStrategy from ~/.testcontainers.properties, will try it first
2026-08-29 18:47:50 [main] INFO  o.t.d.DockerClientProviderStrategy - Found Docker environment with local Unix socket (unix:///var/run/docker.sock)
2026-08-29 18:47:50 [main] INFO  o.testcontainers.DockerClientFactory - Docker host IP address is localhost
2026-08-29 18:47:50 [main] INFO  o.testcontainers.DockerClientFactory - Connected to docker: 
  Server Version: 29.7.2
  API Version: 1.55
  Operating System: Arch Linux
  Total Memory: 63796 MB
2026-08-29 18:47:51 [main] INFO  tc.testcontainers/ryuk:0.13.0 - Creating container for image: testcontainers/ryuk:0.13.0
2026-08-29 18:47:51 [main] INFO  tc.testcontainers/ryuk:0.13.0 - Container testcontainers/ryuk:0.13.0 is starting: b14bea948c8f7289ea5c22a748073559892850eebdb332971d96a282137d881f
2026-08-29 18:47:51 [main] INFO  tc.testcontainers/ryuk:0.13.0 - Container testcontainers/ryuk:0.13.0 started in PT0.30924639S
2026-08-29 18:47:51 [main] INFO  o.t.utility.RyukResourceReaper - Ryuk started - will monitor and terminate Testcontainers containers on JVM exit
2026-08-29 18:47:51 [main] INFO  o.testcontainers.DockerClientFactory - Checking the system...
2026-08-29 18:47:51 [main] INFO  o.testcontainers.DockerClientFactory - ✔︎ Docker server version should be at least 1.6.0
2026-08-29 18:47:51 [main] INFO  t.g.io/epos-eric/metadata-database/deploy:main - Creating container for image: ghcr.io/epos-eric/metadata-database/deploy:main
2026-08-29 18:47:52 [main] INFO  t.g.io/epos-eric/metadata-database/deploy:main - Container ghcr.io/epos-eric/metadata-database/deploy:main is starting: 35ad63ab186ed2639675cd1560b8e0a14db2d158c44a0a061f895ecdc167c7d0
2026-08-29 18:47:56 [main] INFO  t.g.io/epos-eric/metadata-database/deploy:main - Container ghcr.io/epos-eric/metadata-database/deploy:main started in PT4.423277572S
2026-08-29 18:47:56 [main] INFO  t.g.io/epos-eric/metadata-database/deploy:main - Container is started (JDBC URL: jdbc:postgresql://localhost:34173/cerif?loggerLevel=OFF)
2026-08-29 18:47:56 [main] INFO  com.zaxxer.hikari.HikariDataSource - metadata_catalogue - Starting...
2026-08-29 18:47:56 [main] INFO  com.zaxxer.hikari.pool.HikariPool - metadata_catalogue - Added connection org.postgresql.jdbc.PgConnection@d16be4f
2026-08-29 18:47:56 [main] INFO  com.zaxxer.hikari.HikariDataSource - metadata_catalogue - Start completed.
2026-08-29 18:47:57 [main] INFO  com.zaxxer.hikari.HikariDataSource - metadata_catalogue - Shutdown initiated...
2026-08-29 18:47:57 [main] INFO  com.zaxxer.hikari.HikariDataSource - metadata_catalogue - Shutdown completed.
2026-08-29 18:47:57 [main] INFO  t.g.io/epos-eric/metadata-database/deploy:main - Creating container for image: ghcr.io/epos-eric/metadata-database/deploy:main
2026-08-29 18:47:57 [main] INFO  t.g.io/epos-eric/metadata-database/deploy:main - Container ghcr.io/epos-eric/metadata-database/deploy:main is starting: 03dd64effab9e1294d10596edd0a1f5895a5cd230f438382dfb9055cb971b98a
2026-08-29 18:48:02 [main] INFO  t.g.io/epos-eric/metadata-database/deploy:main - Container ghcr.io/epos-eric/metadata-database/deploy:main started in PT4.621738258S
2026-08-29 18:48:02 [main] INFO  t.g.io/epos-eric/metadata-database/deploy:main - Container is started (JDBC URL: jdbc:postgresql://localhost:34174/cerif?loggerLevel=OFF)
2026-08-29 18:48:02 [main] INFO  com.zaxxer.hikari.HikariDataSource - metadata_catalogue - Starting...
2026-08-29 18:48:02 [main] INFO  com.zaxxer.hikari.pool.HikariPool - metadata_catalogue - Added connection org.postgresql.jdbc.PgConnection@5d800a56
2026-08-29 18:48:02 [main] INFO  com.zaxxer.hikari.HikariDataSource - metadata_catalogue - Start completed.
2026-08-29 18:48:02 [main] INFO  com.zaxxer.hikari.HikariDataSource - metadata_catalogue - Shutdown initiated...
2026-08-29 18:48:02 [main] INFO  com.zaxxer.hikari.HikariDataSource - metadata_catalogue - Shutdown completed.
2026-08-29 18:48:02 [main] INFO  t.g.io/epos-eric/metadata-database/deploy:main - Creating container for image: ghcr.io/epos-eric/metadata-database/deploy:main
2026-08-29 18:48:03 [main] INFO  t.g.io/epos-eric/metadata-database/deploy:main - Container ghcr.io/epos-eric/metadata-database/deploy:main is starting: 1d340fc29b1cc989dec933c346132f16b06629f5e517ea768a2180266f38bf56
2026-08-29 18:48:07 [main] INFO  t.g.io/epos-eric/metadata-database/deploy:main - Container ghcr.io/epos-eric/metadata-database/deploy:main started in PT4.445753691S
2026-08-29 18:48:07 [main] INFO  t.g.io/epos-eric/metadata-database/deploy:main - Container is started (JDBC URL: jdbc:postgresql://localhost:34175/cerif?loggerLevel=OFF)
2026-08-29 18:48:07 [main] INFO  com.zaxxer.hikari.HikariDataSource - metadata_catalogue - Starting...
2026-08-29 18:48:07 [main] INFO  com.zaxxer.hikari.pool.HikariPool - metadata_catalogue - Added connection org.postgresql.jdbc.PgConnection@f08d676
2026-08-29 18:48:07 [main] INFO  com.zaxxer.hikari.HikariDataSource - metadata_catalogue - Start completed.
2026-08-29 18:48:07 [main] INFO  com.zaxxer.hikari.HikariDataSource - metadata_catalogue - Shutdown initiated...
2026-08-29 18:48:07 [main] INFO  com.zaxxer.hikari.HikariDataSource - metadata_catalogue - Shutdown completed.
2026-08-29 18:48:08 [main] INFO  t.g.io/epos-eric/metadata-database/deploy:main - Creating container for image: ghcr.io/epos-eric/metadata-database/deploy:main
2026-08-29 18:48:08 [main] INFO  t.g.io/epos-eric/metadata-database/deploy:main - Container ghcr.io/epos-eric/metadata-database/deploy:main is starting: edef818ce39df16c13b257403147a0f06e458327f5440c862c26da3db43908c2
2026-08-29 18:48:12 [main] INFO  t.g.io/epos-eric/metadata-database/deploy:main - Container ghcr.io/epos-eric/metadata-database/deploy:main started in PT4.478864495S
2026-08-29 18:48:12 [main] INFO  t.g.io/epos-eric/metadata-database/deploy:main - Container is started (JDBC URL: jdbc:postgresql://localhost:34176/cerif?loggerLevel=OFF)
2026-08-29 18:48:12 [main] INFO  com.zaxxer.hikari.HikariDataSource - metadata_catalogue - Starting...
2026-08-29 18:48:12 [main] INFO  com.zaxxer.hikari.pool.HikariPool - metadata_catalogue - Added connection org.postgresql.jdbc.PgConnection@729d6ee2
2026-08-29 18:48:12 [main] INFO  com.zaxxer.hikari.HikariDataSource - metadata_catalogue - Start completed.
2026-08-29 18:48:13 [main] INFO  com.zaxxer.hikari.HikariDataSource - metadata_catalogue - Shutdown initiated...
2026-08-29 18:48:13 [main] INFO  com.zaxxer.hikari.HikariDataSource - metadata_catalogue - Shutdown completed.
2026-08-29 18:48:13 [main] INFO  t.g.io/epos-eric/metadata-database/deploy:main - Creating container for image: ghcr.io/epos-eric/metadata-database/deploy:main
2026-08-29 18:48:13 [main] INFO  t.g.io/epos-eric/metadata-database/deploy:main - Container ghcr.io/epos-eric/metadata-database/deploy:main is starting: 08127f341ad83bd51339f620902251dc8896cd14d173b905c87030d0719b5788
2026-08-29 18:48:18 [main] INFO  t.g.io/epos-eric/metadata-database/deploy:main - Container ghcr.io/epos-eric/metadata-database/deploy:main started in PT4.711074961S
2026-08-29 18:48:18 [main] INFO  t.g.io/epos-eric/metadata-database/deploy:main - Container is started (JDBC URL: jdbc:postgresql://localhost:34177/cerif?loggerLevel=OFF)
2026-08-29 18:48:18 [main] INFO  com.zaxxer.hikari.HikariDataSource - metadata_catalogue - Starting...
2026-08-29 18:48:18 [main] INFO  com.zaxxer.hikari.pool.HikariPool - metadata_catalogue - Added connection org.postgresql.jdbc.PgConnection@3980b44f
2026-08-29 18:48:18 [main] INFO  com.zaxxer.hikari.HikariDataSource - metadata_catalogue - Start completed.
2026-08-29 18:48:18 [main] INFO  com.zaxxer.hikari.HikariDataSource - metadata_catalogue - Shutdown initiated...
2026-08-29 18:48:18 [main] INFO  com.zaxxer.hikari.HikariDataSource - metadata_catalogue - Shutdown completed.
2026-08-29 18:48:18 [main] INFO  t.g.io/epos-eric/metadata-database/deploy:main - Creating container for image: ghcr.io/epos-eric/metadata-database/deploy:main
2026-08-29 18:48:18 [main] INFO  t.g.io/epos-eric/metadata-database/deploy:main - Container ghcr.io/epos-eric/metadata-database/deploy:main is starting: a9de8f2357ac2e3d447935c637ab11d03dee5117603d6827a4bb572fceb7577c
2026-08-29 18:48:22 [main] INFO  t.g.io/epos-eric/metadata-database/deploy:main - Container ghcr.io/epos-eric/metadata-database/deploy:main started in PT3.925875136S
2026-08-29 18:48:22 [main] INFO  t.g.io/epos-eric/metadata-database/deploy:main - Container is started (JDBC URL: jdbc:postgresql://localhost:34178/cerif?loggerLevel=OFF)
2026-08-29 18:48:22 [main] INFO  com.zaxxer.hikari.HikariDataSource - metadata_catalogue - Starting...
2026-08-29 18:48:22 [main] INFO  com.zaxxer.hikari.pool.HikariPool - metadata_catalogue - Added connection org.postgresql.jdbc.PgConnection@31b67d61
2026-08-29 18:48:22 [main] INFO  com.zaxxer.hikari.HikariDataSource - metadata_catalogue - Start completed.
2026-08-29 18:48:23 [main] INFO  com.zaxxer.hikari.HikariDataSource - metadata_catalogue - Shutdown initiated...
2026-08-29 18:48:23 [main] INFO  com.zaxxer.hikari.HikariDataSource - metadata_catalogue - Shutdown completed.
2026-08-29 18:48:24 [main] INFO  t.g.io/epos-eric/metadata-database/deploy:main - Creating container for image: ghcr.io/epos-eric/metadata-database/deploy:main
2026-08-29 18:48:24 [main] INFO  t.g.io/epos-eric/metadata-database/deploy:main - Container ghcr.io/epos-eric/metadata-database/deploy:main is starting: 9732367f310783d95d97ff3a626b0c389f3316c034c813582f227089cfabf358
2026-08-29 18:48:29 [main] INFO  t.g.io/epos-eric/metadata-database/deploy:main - Container ghcr.io/epos-eric/metadata-database/deploy:main started in PT4.956324101S
2026-08-29 18:48:29 [main] INFO  t.g.io/epos-eric/metadata-database/deploy:main - Container is started (JDBC URL: jdbc:postgresql://localhost:34179/cerif?loggerLevel=OFF)
2026-08-29 18:48:29 [main] INFO  com.zaxxer.hikari.HikariDataSource - metadata_catalogue - Starting...
2026-08-29 18:48:29 [main] INFO  com.zaxxer.hikari.pool.HikariPool - metadata_catalogue - Added connection org.postgresql.jdbc.PgConnection@1134a934
2026-08-29 18:48:29 [main] INFO  com.zaxxer.hikari.HikariDataSource - metadata_catalogue - Start completed.
2026-08-29 18:48:29 [main] INFO  com.zaxxer.hikari.HikariDataSource - metadata_catalogue - Shutdown initiated...
2026-08-29 18:48:29 [main] INFO  com.zaxxer.hikari.HikariDataSource - metadata_catalogue - Shutdown completed.
2026-08-29 18:48:29 [main] INFO  t.g.io/epos-eric/metadata-database/deploy:main - Creating container for image: ghcr.io/epos-eric/metadata-database/deploy:main
2026-08-29 18:48:29 [main] INFO  t.g.io/epos-eric/metadata-database/deploy:main - Container ghcr.io/epos-eric/metadata-database/deploy:main is starting: e52feb6240e1c995f7bdc6a8c3d42deeb03a89c0655f00a16029bb230843456f
2026-08-29 18:48:33 [main] INFO  t.g.io/epos-eric/metadata-database/deploy:main - Container ghcr.io/epos-eric/metadata-database/deploy:main started in PT4.11981521S
2026-08-29 18:48:33 [main] INFO  t.g.io/epos-eric/metadata-database/deploy:main - Container is started (JDBC URL: jdbc:postgresql://localhost:34180/cerif?loggerLevel=OFF)
2026-08-29 18:48:33 [main] INFO  com.zaxxer.hikari.HikariDataSource - metadata_catalogue - Starting...
2026-08-29 18:48:33 [main] INFO  com.zaxxer.hikari.pool.HikariPool - metadata_catalogue - Added connection org.postgresql.jdbc.PgConnection@7786c2e0
2026-08-29 18:48:33 [main] INFO  com.zaxxer.hikari.HikariDataSource - metadata_catalogue - Start completed.
2026-08-29 18:48:35 [main] INFO  com.zaxxer.hikari.HikariDataSource - metadata_catalogue - Shutdown initiated...
2026-08-29 18:48:35 [main] INFO  com.zaxxer.hikari.HikariDataSource - metadata_catalogue - Shutdown completed.
2026-08-29 18:48:36 [main] INFO  t.g.io/epos-eric/metadata-database/deploy:main - Creating container for image: ghcr.io/epos-eric/metadata-database/deploy:main
2026-08-29 18:48:36 [main] INFO  t.g.io/epos-eric/metadata-database/deploy:main - Container ghcr.io/epos-eric/metadata-database/deploy:main is starting: 9294c17382262f86edbdc0e21ebc8231cbc7f14fb99772a9802b7079cb288336
2026-08-29 18:48:41 [main] INFO  t.g.io/epos-eric/metadata-database/deploy:main - Container ghcr.io/epos-eric/metadata-database/deploy:main started in PT5.028614743S
2026-08-29 18:48:41 [main] INFO  t.g.io/epos-eric/metadata-database/deploy:main - Container is started (JDBC URL: jdbc:postgresql://localhost:34181/cerif?loggerLevel=OFF)
2026-08-29 18:48:41 [main] INFO  com.zaxxer.hikari.HikariDataSource - metadata_catalogue - Starting...
2026-08-29 18:48:41 [main] INFO  com.zaxxer.hikari.pool.HikariPool - metadata_catalogue - Added connection org.postgresql.jdbc.PgConnection@64cde9a5
2026-08-29 18:48:41 [main] INFO  com.zaxxer.hikari.HikariDataSource - metadata_catalogue - Start completed.
2026-08-29 18:48:41 [main] INFO  com.zaxxer.hikari.HikariDataSource - metadata_catalogue - Shutdown initiated...
2026-08-29 18:48:41 [main] INFO  com.zaxxer.hikari.HikariDataSource - metadata_catalogue - Shutdown completed.
2026-08-29 18:48:41 [main] INFO  t.g.io/epos-eric/metadata-database/deploy:main - Creating container for image: ghcr.io/epos-eric/metadata-database/deploy:main
2026-08-29 18:48:41 [main] INFO  t.g.io/epos-eric/metadata-database/deploy:main - Container ghcr.io/epos-eric/metadata-database/deploy:main is starting: 3546368837c1bb523b9035accb1d5a1242f29386b1815a48c7ecca7c4a5a2ef7
2026-08-29 18:48:46 [main] INFO  t.g.io/epos-eric/metadata-database/deploy:main - Container ghcr.io/epos-eric/metadata-database/deploy:main started in PT4.514911373S
2026-08-29 18:48:46 [main] INFO  t.g.io/epos-eric/metadata-database/deploy:main - Container is started (JDBC URL: jdbc:postgresql://localhost:34182/cerif?loggerLevel=OFF)
2026-08-29 18:48:46 [main] INFO  com.zaxxer.hikari.HikariDataSource - metadata_catalogue - Starting...
2026-08-29 18:48:46 [main] INFO  com.zaxxer.hikari.pool.HikariPool - metadata_catalogue - Added connection org.postgresql.jdbc.PgConnection@5ab6cb92
2026-08-29 18:48:46 [main] INFO  com.zaxxer.hikari.HikariDataSource - metadata_catalogue - Start completed.
2026-08-29 18:48:46 [main] INFO  com.zaxxer.hikari.HikariDataSource - metadata_catalogue - Shutdown initiated...
2026-08-29 18:48:46 [main] INFO  com.zaxxer.hikari.HikariDataSource - metadata_catalogue - Shutdown completed.
2026-08-29 18:48:46 [main] INFO  t.g.io/epos-eric/metadata-database/deploy:main - Creating container for image: ghcr.io/epos-eric/metadata-database/deploy:main
2026-08-29 18:48:46 [main] INFO  t.g.io/epos-eric/metadata-database/deploy:main - Container ghcr.io/epos-eric/metadata-database/deploy:main is starting: 3b25fa72f63059638353d13c9b6c209ddd08993f0c07ac0126105c0268b1f8ec
2026-08-29 18:48:50 [main] INFO  t.g.io/epos-eric/metadata-database/deploy:main - Container ghcr.io/epos-eric/metadata-database/deploy:main started in PT4.165181448S
2026-08-29 18:48:50 [main] INFO  t.g.io/epos-eric/metadata-database/deploy:main - Container is started (JDBC URL: jdbc:postgresql://localhost:34183/cerif?loggerLevel=OFF)
2026-08-29 18:48:50 [main] INFO  com.zaxxer.hikari.HikariDataSource - metadata_catalogue - Starting...
2026-08-29 18:48:50 [main] INFO  com.zaxxer.hikari.pool.HikariPool - metadata_catalogue - Added connection org.postgresql.jdbc.PgConnection@440e28fa
2026-08-29 18:48:50 [main] INFO  com.zaxxer.hikari.HikariDataSource - metadata_catalogue - Start completed.
2026-08-29 18:48:51 [main] INFO  com.zaxxer.hikari.HikariDataSource - metadata_catalogue - Shutdown initiated...
2026-08-29 18:48:51 [main] INFO  com.zaxxer.hikari.HikariDataSource - metadata_catalogue - Shutdown completed.
2026-08-29 18:48:51 [main] INFO  t.g.io/epos-eric/metadata-database/deploy:main - Creating container for image: ghcr.io/epos-eric/metadata-database/deploy:main
2026-08-29 18:48:51 [main] INFO  t.g.io/epos-eric/metadata-database/deploy:main - Container ghcr.io/epos-eric/metadata-database/deploy:main is starting: df8611df60939d7818b427d3e5ff27a8368c6920d1b28ef3fb2d916819c46696
2026-08-29 18:48:55 [main] INFO  t.g.io/epos-eric/metadata-database/deploy:main - Container ghcr.io/epos-eric/metadata-database/deploy:main started in PT3.477491159S
2026-08-29 18:48:55 [main] INFO  t.g.io/epos-eric/metadata-database/deploy:main - Container is started (JDBC URL: jdbc:postgresql://localhost:34184/cerif?loggerLevel=OFF)
2026-08-29 18:48:55 [main] INFO  com.zaxxer.hikari.HikariDataSource - metadata_catalogue - Starting...
2026-08-29 18:48:55 [main] INFO  com.zaxxer.hikari.pool.HikariPool - metadata_catalogue - Added connection org.postgresql.jdbc.PgConnection@51a0727b
2026-08-29 18:48:55 [main] INFO  com.zaxxer.hikari.HikariDataSource - metadata_catalogue - Start completed.
2026-08-29 18:48:55 [main] INFO  com.zaxxer.hikari.HikariDataSource - metadata_catalogue - Shutdown initiated...
2026-08-29 18:48:55 [main] INFO  com.zaxxer.hikari.HikariDataSource - metadata_catalogue - Shutdown completed.
2026-08-29 18:48:56 [main] INFO  t.g.io/epos-eric/metadata-database/deploy:main - Creating container for image: ghcr.io/epos-eric/metadata-database/deploy:main
2026-08-29 18:48:56 [main] INFO  t.g.io/epos-eric/metadata-database/deploy:main - Container ghcr.io/epos-eric/metadata-database/deploy:main is starting: f445a0fde98e96b26de4c1d8fa865bb0a4b4167a2012809d1f8b1dba6e0c7acf
2026-08-29 18:49:00 [main] INFO  t.g.io/epos-eric/metadata-database/deploy:main - Container ghcr.io/epos-eric/metadata-database/deploy:main started in PT4.485158083S
2026-08-29 18:49:00 [main] INFO  t.g.io/epos-eric/metadata-database/deploy:main - Container is started (JDBC URL: jdbc:postgresql://localhost:34185/cerif?loggerLevel=OFF)
2026-08-29 18:49:00 [main] INFO  com.zaxxer.hikari.HikariDataSource - metadata_catalogue - Starting...
2026-08-29 18:49:00 [main] INFO  com.zaxxer.hikari.pool.HikariPool - metadata_catalogue - Added connection org.postgresql.jdbc.PgConnection@711d66e0
2026-08-29 18:49:00 [main] INFO  com.zaxxer.hikari.HikariDataSource - metadata_catalogue - Start completed.
2026-08-29 18:49:01 [main] INFO  com.zaxxer.hikari.HikariDataSource - metadata_catalogue - Shutdown initiated...
2026-08-29 18:49:01 [main] INFO  com.zaxxer.hikari.HikariDataSource - metadata_catalogue - Shutdown completed.
2026-08-29 18:49:02 [main] INFO  t.g.io/epos-eric/metadata-database/deploy:main - Creating container for image: ghcr.io/epos-eric/metadata-database/deploy:main
2026-08-29 18:49:02 [main] INFO  t.g.io/epos-eric/metadata-database/deploy:main - Container ghcr.io/epos-eric/metadata-database/deploy:main is starting: acaebb9ae06e70719ffeb55db19658f9b020efab5ec81bc40f417fb7f10babfb
2026-08-29 18:49:06 [main] INFO  t.g.io/epos-eric/metadata-database/deploy:main - Container ghcr.io/epos-eric/metadata-database/deploy:main started in PT4.707551704S
2026-08-29 18:49:06 [main] INFO  t.g.io/epos-eric/metadata-database/deploy:main - Container is started (JDBC URL: jdbc:postgresql://localhost:34186/cerif?loggerLevel=OFF)
2026-08-29 18:49:06 [main] INFO  com.zaxxer.hikari.HikariDataSource - metadata_catalogue - Starting...
2026-08-29 18:49:06 [main] INFO  com.zaxxer.hikari.pool.HikariPool - metadata_catalogue - Added connection org.postgresql.jdbc.PgConnection@48d8ab86
2026-08-29 18:49:06 [main] INFO  com.zaxxer.hikari.HikariDataSource - metadata_catalogue - Start completed.
2026-08-29 18:49:07 [main] INFO  com.zaxxer.hikari.HikariDataSource - metadata_catalogue - Shutdown initiated...
2026-08-29 18:49:07 [main] INFO  com.zaxxer.hikari.HikariDataSource - metadata_catalogue - Shutdown completed.
2026-08-29 18:49:07 [main] INFO  t.g.io/epos-eric/metadata-database/deploy:main - Creating container for image: ghcr.io/epos-eric/metadata-database/deploy:main
2026-08-29 18:49:07 [main] INFO  t.g.io/epos-eric/metadata-database/deploy:main - Container ghcr.io/epos-eric/metadata-database/deploy:main is starting: adf339c4f470222c8a42863863df84c79a9251ebf1ab45b837fcd61242f32671
2026-08-29 18:49:12 [main] INFO  t.g.io/epos-eric/metadata-database/deploy:main - Container ghcr.io/epos-eric/metadata-database/deploy:main started in PT5.054303384S
2026-08-29 18:49:12 [main] INFO  t.g.io/epos-eric/metadata-database/deploy:main - Container is started (JDBC URL: jdbc:postgresql://localhost:34187/cerif?loggerLevel=OFF)
2026-08-29 18:49:12 [main] INFO  com.zaxxer.hikari.HikariDataSource - metadata_catalogue - Starting...
2026-08-29 18:49:12 [main] INFO  com.zaxxer.hikari.pool.HikariPool - metadata_catalogue - Added connection org.postgresql.jdbc.PgConnection@38e1d2c4
2026-08-29 18:49:12 [main] INFO  com.zaxxer.hikari.HikariDataSource - metadata_catalogue - Start completed.
2026-08-29 18:49:12 [main] INFO  com.zaxxer.hikari.HikariDataSource - metadata_catalogue - Shutdown initiated...
2026-08-29 18:49:12 [main] INFO  com.zaxxer.hikari.HikariDataSource - metadata_catalogue - Shutdown completed.
2026-08-29 18:49:13 [main] INFO  t.g.io/epos-eric/metadata-database/deploy:main - Creating container for image: ghcr.io/epos-eric/metadata-database/deploy:main
2026-08-29 18:49:13 [main] INFO  t.g.io/epos-eric/metadata-database/deploy:main - Container ghcr.io/epos-eric/metadata-database/deploy:main is starting: 5647a4d96514c92b0db4b23692c02face4b23f2dfd08d0df52eff5ac1ddbb1fa
2026-08-29 18:49:18 [main] INFO  t.g.io/epos-eric/metadata-database/deploy:main - Container ghcr.io/epos-eric/metadata-database/deploy:main started in PT5.023551782S
2026-08-29 18:49:18 [main] INFO  t.g.io/epos-eric/metadata-database/deploy:main - Container is started (JDBC URL: jdbc:postgresql://localhost:34188/cerif?loggerLevel=OFF)
2026-08-29 18:49:18 [main] INFO  com.zaxxer.hikari.HikariDataSource - metadata_catalogue - Starting...
2026-08-29 18:49:18 [main] INFO  com.zaxxer.hikari.pool.HikariPool - metadata_catalogue - Added connection org.postgresql.jdbc.PgConnection@61bf6c81
2026-08-29 18:49:18 [main] INFO  com.zaxxer.hikari.HikariDataSource - metadata_catalogue - Start completed.
2026-08-29 18:49:18 [main] INFO  com.zaxxer.hikari.HikariDataSource - metadata_catalogue - Shutdown initiated...
2026-08-29 18:49:18 [main] INFO  com.zaxxer.hikari.HikariDataSource - metadata_catalogue - Shutdown completed.
2026-08-29 18:49:18 [main] INFO  t.g.io/epos-eric/metadata-database/deploy:main - Creating container for image: ghcr.io/epos-eric/metadata-database/deploy:main
2026-08-29 18:49:19 [main] INFO  t.g.io/epos-eric/metadata-database/deploy:main - Container ghcr.io/epos-eric/metadata-database/deploy:main is starting: f6b9c6917757baf2df4276786d95c769a7003828df666269749b6e0fe758aafa
2026-08-29 18:49:23 [main] INFO  t.g.io/epos-eric/metadata-database/deploy:main - Container ghcr.io/epos-eric/metadata-database/deploy:main started in PT4.968525904S
2026-08-29 18:49:23 [main] INFO  t.g.io/epos-eric/metadata-database/deploy:main - Container is started (JDBC URL: jdbc:postgresql://localhost:34189/cerif?loggerLevel=OFF)
2026-08-29 18:49:23 [main] INFO  com.zaxxer.hikari.HikariDataSource - metadata_catalogue - Starting...
2026-08-29 18:49:23 [main] INFO  com.zaxxer.hikari.pool.HikariPool - metadata_catalogue - Added connection org.postgresql.jdbc.PgConnection@19f634ac
2026-08-29 18:49:23 [main] INFO  com.zaxxer.hikari.HikariDataSource - metadata_catalogue - Start completed.
2026-08-29 18:49:24 [main] INFO  com.zaxxer.hikari.HikariDataSource - metadata_catalogue - Shutdown initiated...
2026-08-29 18:49:24 [main] INFO  com.zaxxer.hikari.HikariDataSource - metadata_catalogue - Shutdown completed.
2026-08-29 18:49:24 [main] INFO  t.g.io/epos-eric/metadata-database/deploy:main - Creating container for image: ghcr.io/epos-eric/metadata-database/deploy:main
2026-08-29 18:49:25 [main] INFO  t.g.io/epos-eric/metadata-database/deploy:main - Container ghcr.io/epos-eric/metadata-database/deploy:main is starting: 50162aead82d26103d24cd6ba79524def9cc504deac698b6482e4d3c65843879
2026-08-29 18:49:29 [main] INFO  t.g.io/epos-eric/metadata-database/deploy:main - Container ghcr.io/epos-eric/metadata-database/deploy:main started in PT5.152040382S
2026-08-29 18:49:29 [main] INFO  t.g.io/epos-eric/metadata-database/deploy:main - Container is started (JDBC URL: jdbc:postgresql://localhost:34190/cerif?loggerLevel=OFF)
2026-08-29 18:49:29 [main] INFO  com.zaxxer.hikari.HikariDataSource - metadata_catalogue - Starting...
2026-08-29 18:49:29 [main] INFO  com.zaxxer.hikari.pool.HikariPool - metadata_catalogue - Added connection org.postgresql.jdbc.PgConnection@42e1aecb
2026-08-29 18:49:29 [main] INFO  com.zaxxer.hikari.HikariDataSource - metadata_catalogue - Start completed.
2026-08-29 18:49:30 [main] INFO  com.zaxxer.hikari.HikariDataSource - metadata_catalogue - Shutdown initiated...
2026-08-29 18:49:30 [main] INFO  com.zaxxer.hikari.HikariDataSource - metadata_catalogue - Shutdown completed.
2026-08-29 18:49:30 [main] INFO  t.g.io/epos-eric/metadata-database/deploy:main - Creating container for image: ghcr.io/epos-eric/metadata-database/deploy:main
2026-08-29 18:49:30 [main] INFO  t.g.io/epos-eric/metadata-database/deploy:main - Container ghcr.io/epos-eric/metadata-database/deploy:main is starting: 3e6b6c798a33fbd1ffb95a364f700f98576553f19554bc57ba159e94b6771612
2026-08-29 18:49:35 [main] INFO  t.g.io/epos-eric/metadata-database/deploy:main - Container ghcr.io/epos-eric/metadata-database/deploy:main started in PT4.346864398S
2026-08-29 18:49:35 [main] INFO  t.g.io/epos-eric/metadata-database/deploy:main - Container is started (JDBC URL: jdbc:postgresql://localhost:34191/cerif?loggerLevel=OFF)
2026-08-29 18:49:35 [main] INFO  com.zaxxer.hikari.HikariDataSource - metadata_catalogue - Starting...
2026-08-29 18:49:35 [main] INFO  com.zaxxer.hikari.pool.HikariPool - metadata_catalogue - Added connection org.postgresql.jdbc.PgConnection@2ac964f3
2026-08-29 18:49:35 [main] INFO  com.zaxxer.hikari.HikariDataSource - metadata_catalogue - Start completed.
2026-08-29 18:49:35 [main] INFO  com.zaxxer.hikari.HikariDataSource - metadata_catalogue - Shutdown initiated...
2026-08-29 18:49:35 [main] INFO  com.zaxxer.hikari.HikariDataSource - metadata_catalogue - Shutdown completed.
2026-08-29 18:49:35 [main] INFO  t.g.io/epos-eric/metadata-database/deploy:main - Creating container for image: ghcr.io/epos-eric/metadata-database/deploy:main
2026-08-29 18:49:35 [main] INFO  t.g.io/epos-eric/metadata-database/deploy:main - Container ghcr.io/epos-eric/metadata-database/deploy:main is starting: 6d04cbf3ee65411cab3e91ff0b8d00ee44a2eb03e1b5d328cb512c2b3eea3126
2026-08-29 18:49:40 [main] INFO  t.g.io/epos-eric/metadata-database/deploy:main - Container ghcr.io/epos-eric/metadata-database/deploy:main started in PT4.323795272S
2026-08-29 18:49:40 [main] INFO  t.g.io/epos-eric/metadata-database/deploy:main - Container is started (JDBC URL: jdbc:postgresql://localhost:34192/cerif?loggerLevel=OFF)
2026-08-29 18:49:40 [main] INFO  com.zaxxer.hikari.HikariDataSource - metadata_catalogue - Starting...
2026-08-29 18:49:40 [main] INFO  com.zaxxer.hikari.pool.HikariPool - metadata_catalogue - Added connection org.postgresql.jdbc.PgConnection@2cc814ed
2026-08-29 18:49:40 [main] INFO  com.zaxxer.hikari.HikariDataSource - metadata_catalogue - Start completed.
2026-08-29 18:49:40 [main] INFO  com.zaxxer.hikari.HikariDataSource - metadata_catalogue - Shutdown initiated...
2026-08-29 18:49:40 [main] INFO  com.zaxxer.hikari.HikariDataSource - metadata_catalogue - Shutdown completed.
2026-08-29 18:49:40 [main] INFO  t.g.io/epos-eric/metadata-database/deploy:main - Creating container for image: ghcr.io/epos-eric/metadata-database/deploy:main
2026-08-29 18:49:41 [main] INFO  t.g.io/epos-eric/metadata-database/deploy:main - Container ghcr.io/epos-eric/metadata-database/deploy:main is starting: c44baeb563214e6e14b1271d8d667456cbcf79948872cd29ba9c28c9ca2892ef
2026-08-29 18:49:45 [main] INFO  t.g.io/epos-eric/metadata-database/deploy:main - Container ghcr.io/epos-eric/metadata-database/deploy:main started in PT4.618124652S
2026-08-29 18:49:45 [main] INFO  t.g.io/epos-eric/metadata-database/deploy:main - Container is started (JDBC URL: jdbc:postgresql://localhost:34193/cerif?loggerLevel=OFF)
2026-08-29 18:49:45 [main] INFO  com.zaxxer.hikari.HikariDataSource - metadata_catalogue - Starting...
2026-08-29 18:49:45 [main] INFO  com.zaxxer.hikari.pool.HikariPool - metadata_catalogue - Added connection org.postgresql.jdbc.PgConnection@6e7b53df
2026-08-29 18:49:45 [main] INFO  com.zaxxer.hikari.HikariDataSource - metadata_catalogue - Start completed.
2026-08-29 18:49:45 [main] INFO  com.zaxxer.hikari.HikariDataSource - metadata_catalogue - Shutdown initiated...
2026-08-29 18:49:45 [main] INFO  com.zaxxer.hikari.HikariDataSource - metadata_catalogue - Shutdown completed.
2026-08-29 18:49:46 [main] INFO  t.g.io/epos-eric/metadata-database/deploy:main - Creating container for image: ghcr.io/epos-eric/metadata-database/deploy:main
2026-08-29 18:49:46 [main] INFO  t.g.io/epos-eric/metadata-database/deploy:main - Container ghcr.io/epos-eric/metadata-database/deploy:main is starting: a933fdad8a11b9fc8a89739e7f033121caae3b36170b334ae70b3fbe1143a716
2026-08-29 18:49:50 [main] INFO  t.g.io/epos-eric/metadata-database/deploy:main - Container ghcr.io/epos-eric/metadata-database/deploy:main started in PT3.953291772S
2026-08-29 18:49:50 [main] INFO  t.g.io/epos-eric/metadata-database/deploy:main - Container is started (JDBC URL: jdbc:postgresql://localhost:34194/cerif?loggerLevel=OFF)
2026-08-29 18:49:50 [main] INFO  com.zaxxer.hikari.HikariDataSource - metadata_catalogue - Starting...
2026-08-29 18:49:50 [main] INFO  com.zaxxer.hikari.pool.HikariPool - metadata_catalogue - Added connection org.postgresql.jdbc.PgConnection@690a0350
2026-08-29 18:49:50 [main] INFO  com.zaxxer.hikari.HikariDataSource - metadata_catalogue - Start completed.
2026-08-29 18:49:50 [main] INFO  com.zaxxer.hikari.HikariDataSource - metadata_catalogue - Shutdown initiated...
2026-08-29 18:49:50 [main] INFO  com.zaxxer.hikari.HikariDataSource - metadata_catalogue - Shutdown completed.
2026-08-29 18:49:50 [main] INFO  t.g.io/epos-eric/metadata-database/deploy:main - Creating container for image: ghcr.io/epos-eric/metadata-database/deploy:main
2026-08-29 18:49:50 [main] INFO  t.g.io/epos-eric/metadata-database/deploy:main - Container ghcr.io/epos-eric/metadata-database/deploy:main is starting: e421c2c2b9d624c3f027687849d12677c0926ec6bfb15cd7b7307725a0a1c119
2026-08-29 18:49:55 [main] INFO  t.g.io/epos-eric/metadata-database/deploy:main - Container ghcr.io/epos-eric/metadata-database/deploy:main started in PT4.513146857S
2026-08-29 18:49:55 [main] INFO  t.g.io/epos-eric/metadata-database/deploy:main - Container is started (JDBC URL: jdbc:postgresql://localhost:34195/cerif?loggerLevel=OFF)
2026-08-29 18:49:55 [main] INFO  com.zaxxer.hikari.HikariDataSource - metadata_catalogue - Starting...
2026-08-29 18:49:55 [main] INFO  com.zaxxer.hikari.pool.HikariPool - metadata_catalogue - Added connection org.postgresql.jdbc.PgConnection@1c7ea95a
2026-08-29 18:49:55 [main] INFO  com.zaxxer.hikari.HikariDataSource - metadata_catalogue - Start completed.
2026-08-29 18:49:55 [main] INFO  com.zaxxer.hikari.HikariDataSource - metadata_catalogue - Shutdown initiated...
2026-08-29 18:49:55 [main] INFO  com.zaxxer.hikari.HikariDataSource - metadata_catalogue - Shutdown completed.
2026-08-29 18:49:55 [main] INFO  t.g.io/epos-eric/metadata-database/deploy:main - Creating container for image: ghcr.io/epos-eric/metadata-database/deploy:main
2026-08-29 18:49:56 [main] INFO  t.g.io/epos-eric/metadata-database/deploy:main - Container ghcr.io/epos-eric/metadata-database/deploy:main is starting: 5eb2edfa4383f401d139560f337ab0f4586128cf9527dd26b73f780184969402
2026-08-29 18:50:00 [main] INFO  t.g.io/epos-eric/metadata-database/deploy:main - Container ghcr.io/epos-eric/metadata-database/deploy:main started in PT4.663951468S
2026-08-29 18:50:00 [main] INFO  t.g.io/epos-eric/metadata-database/deploy:main - Container is started (JDBC URL: jdbc:postgresql://localhost:34196/cerif?loggerLevel=OFF)
2026-08-29 18:50:00 [main] INFO  com.zaxxer.hikari.HikariDataSource - metadata_catalogue - Starting...
2026-08-29 18:50:00 [main] INFO  com.zaxxer.hikari.pool.HikariPool - metadata_catalogue - Added connection org.postgresql.jdbc.PgConnection@6decf671
2026-08-29 18:50:00 [main] INFO  com.zaxxer.hikari.HikariDataSource - metadata_catalogue - Start completed.
2026-08-29 18:50:00 [main] INFO  com.zaxxer.hikari.HikariDataSource - metadata_catalogue - Shutdown initiated...
2026-08-29 18:50:00 [main] INFO  com.zaxxer.hikari.HikariDataSource - metadata_catalogue - Shutdown completed.
2026-08-29 18:50:01 [main] INFO  t.g.io/epos-eric/metadata-database/deploy:main - Creating container for image: ghcr.io/epos-eric/metadata-database/deploy:main
2026-08-29 18:50:01 [main] INFO  t.g.io/epos-eric/metadata-database/deploy:main - Container ghcr.io/epos-eric/metadata-database/deploy:main is starting: a840197f83d851ed240bb7264dd8c7685367955de46a8b046d5e525b073fcb34
2026-08-29 18:50:05 [main] INFO  t.g.io/epos-eric/metadata-database/deploy:main - Container ghcr.io/epos-eric/metadata-database/deploy:main started in PT4.762191204S
2026-08-29 18:50:05 [main] INFO  t.g.io/epos-eric/metadata-database/deploy:main - Container is started (JDBC URL: jdbc:postgresql://localhost:34197/cerif?loggerLevel=OFF)
2026-08-29 18:50:05 [main] INFO  com.zaxxer.hikari.HikariDataSource - metadata_catalogue - Starting...
2026-08-29 18:50:05 [main] INFO  com.zaxxer.hikari.pool.HikariPool - metadata_catalogue - Added connection org.postgresql.jdbc.PgConnection@2d015de5
2026-08-29 18:50:05 [main] INFO  com.zaxxer.hikari.HikariDataSource - metadata_catalogue - Start completed.
2026-08-29 18:50:06 [main] INFO  com.zaxxer.hikari.HikariDataSource - metadata_catalogue - Shutdown initiated...
2026-08-29 18:50:06 [main] INFO  com.zaxxer.hikari.HikariDataSource - metadata_catalogue - Shutdown completed.
2026-08-29 18:50:06 [main] INFO  t.g.io/epos-eric/metadata-database/deploy:main - Creating container for image: ghcr.io/epos-eric/metadata-database/deploy:main
2026-08-29 18:50:06 [main] INFO  t.g.io/epos-eric/metadata-database/deploy:main - Container ghcr.io/epos-eric/metadata-database/deploy:main is starting: 2a9764f6c8ce9d60c472ccd1edcefac1decd008e0618d518a5f49856b7564b46
2026-08-29 18:50:11 [main] INFO  t.g.io/epos-eric/metadata-database/deploy:main - Container ghcr.io/epos-eric/metadata-database/deploy:main started in PT5.239009671S
2026-08-29 18:50:11 [main] INFO  t.g.io/epos-eric/metadata-database/deploy:main - Container is started (JDBC URL: jdbc:postgresql://localhost:34198/cerif?loggerLevel=OFF)
2026-08-29 18:50:11 [main] INFO  com.zaxxer.hikari.HikariDataSource - metadata_catalogue - Starting...
2026-08-29 18:50:11 [main] INFO  com.zaxxer.hikari.pool.HikariPool - metadata_catalogue - Added connection org.postgresql.jdbc.PgConnection@33e0224e
2026-08-29 18:50:11 [main] INFO  com.zaxxer.hikari.HikariDataSource - metadata_catalogue - Start completed.
2026-08-29 18:50:12 [main] INFO  com.zaxxer.hikari.HikariDataSource - metadata_catalogue - Shutdown initiated...
2026-08-29 18:50:12 [main] INFO  com.zaxxer.hikari.HikariDataSource - metadata_catalogue - Shutdown completed.
2026-08-29 18:50:12 [main] INFO  t.g.io/epos-eric/metadata-database/deploy:main - Creating container for image: ghcr.io/epos-eric/metadata-database/deploy:main
2026-08-29 18:50:13 [main] INFO  t.g.io/epos-eric/metadata-database/deploy:main - Container ghcr.io/epos-eric/metadata-database/deploy:main is starting: 421b17f5f2d3e6f26c78955d0768cad5cca30a1fd29f52f120e08effc75248d7
2026-08-29 18:50:17 [main] INFO  t.g.io/epos-eric/metadata-database/deploy:main - Container ghcr.io/epos-eric/metadata-database/deploy:main started in PT4.857953778S
2026-08-29 18:50:17 [main] INFO  t.g.io/epos-eric/metadata-database/deploy:main - Container is started (JDBC URL: jdbc:postgresql://localhost:34199/cerif?loggerLevel=OFF)
2026-08-29 18:50:17 [main] INFO  com.zaxxer.hikari.HikariDataSource - metadata_catalogue - Starting...
2026-08-29 18:50:17 [main] INFO  com.zaxxer.hikari.pool.HikariPool - metadata_catalogue - Added connection org.postgresql.jdbc.PgConnection@75024403
2026-08-29 18:50:17 [main] INFO  com.zaxxer.hikari.HikariDataSource - metadata_catalogue - Start completed.
2026-08-29 18:50:18 [main] INFO  com.zaxxer.hikari.HikariDataSource - metadata_catalogue - Shutdown initiated...
2026-08-29 18:50:18 [main] INFO  com.zaxxer.hikari.HikariDataSource - metadata_catalogue - Shutdown completed.
2026-08-29 18:50:18 [main] INFO  t.g.io/epos-eric/metadata-database/deploy:main - Creating container for image: ghcr.io/epos-eric/metadata-database/deploy:main
2026-08-29 18:50:19 [main] INFO  t.g.io/epos-eric/metadata-database/deploy:main - Container ghcr.io/epos-eric/metadata-database/deploy:main is starting: 50ec2a6eedeac51262019597be611f7ca1c6c7d9d3d8c6204200a7bd6470c6e4
2026-08-29 18:50:23 [main] INFO  t.g.io/epos-eric/metadata-database/deploy:main - Container ghcr.io/epos-eric/metadata-database/deploy:main started in PT5.102406669S
2026-08-29 18:50:23 [main] INFO  t.g.io/epos-eric/metadata-database/deploy:main - Container is started (JDBC URL: jdbc:postgresql://localhost:34200/cerif?loggerLevel=OFF)
2026-08-29 18:50:23 [main] INFO  com.zaxxer.hikari.HikariDataSource - metadata_catalogue - Starting...
2026-08-29 18:50:23 [main] INFO  com.zaxxer.hikari.pool.HikariPool - metadata_catalogue - Added connection org.postgresql.jdbc.PgConnection@202ab08b
2026-08-29 18:50:23 [main] INFO  com.zaxxer.hikari.HikariDataSource - metadata_catalogue - Start completed.
2026-08-29 18:50:24 [main] INFO  com.zaxxer.hikari.HikariDataSource - metadata_catalogue - Shutdown initiated...
2026-08-29 18:50:24 [main] INFO  com.zaxxer.hikari.HikariDataSource - metadata_catalogue - Shutdown completed.
2026-08-29 18:50:24 [main] INFO  t.g.io/epos-eric/metadata-database/deploy:main - Creating container for image: ghcr.io/epos-eric/metadata-database/deploy:main
2026-08-29 18:50:24 [main] INFO  t.g.io/epos-eric/metadata-database/deploy:main - Container ghcr.io/epos-eric/metadata-database/deploy:main is starting: 33f482f10b28be875d35bd4f835cf38a2895489b1ca3e3b620b51a7f994d907a
2026-08-29 18:50:29 [main] INFO  t.g.io/epos-eric/metadata-database/deploy:main - Container ghcr.io/epos-eric/metadata-database/deploy:main started in PT4.980219986S
2026-08-29 18:50:29 [main] INFO  t.g.io/epos-eric/metadata-database/deploy:main - Container is started (JDBC URL: jdbc:postgresql://localhost:34201/cerif?loggerLevel=OFF)
2026-08-29 18:50:29 [main] INFO  com.zaxxer.hikari.HikariDataSource - metadata_catalogue - Starting...
2026-08-29 18:50:29 [main] INFO  com.zaxxer.hikari.pool.HikariPool - metadata_catalogue - Added connection org.postgresql.jdbc.PgConnection@322eded1
2026-08-29 18:50:29 [main] INFO  com.zaxxer.hikari.HikariDataSource - metadata_catalogue - Start completed.
2026-08-29 18:50:29 [main] INFO  com.zaxxer.hikari.HikariDataSource - metadata_catalogue - Shutdown initiated...
2026-08-29 18:50:29 [main] INFO  com.zaxxer.hikari.HikariDataSource - metadata_catalogue - Shutdown completed.
2026-08-29 18:50:30 [main] INFO  t.g.io/epos-eric/metadata-database/deploy:main - Creating container for image: ghcr.io/epos-eric/metadata-database/deploy:main
2026-08-29 18:50:30 [main] INFO  t.g.io/epos-eric/metadata-database/deploy:main - Container ghcr.io/epos-eric/metadata-database/deploy:main is starting: f43dfe5b2f34c88563a415ab13290a8b3471fae93a13c28d1a2d3a673e5540c1
2026-08-29 18:50:35 [main] INFO  t.g.io/epos-eric/metadata-database/deploy:main - Container ghcr.io/epos-eric/metadata-database/deploy:main started in PT4.828756812S
2026-08-29 18:50:35 [main] INFO  t.g.io/epos-eric/metadata-database/deploy:main - Container is started (JDBC URL: jdbc:postgresql://localhost:34202/cerif?loggerLevel=OFF)
2026-08-29 18:50:35 [main] INFO  com.zaxxer.hikari.HikariDataSource - metadata_catalogue - Starting...
2026-08-29 18:50:35 [main] INFO  com.zaxxer.hikari.pool.HikariPool - metadata_catalogue - Added connection org.postgresql.jdbc.PgConnection@14b5df7d
2026-08-29 18:50:35 [main] INFO  com.zaxxer.hikari.HikariDataSource - metadata_catalogue - Start completed.
2026-08-29 18:50:35 [main] INFO  com.zaxxer.hikari.HikariDataSource - metadata_catalogue - Shutdown initiated...
2026-08-29 18:50:35 [main] INFO  com.zaxxer.hikari.HikariDataSource - metadata_catalogue - Shutdown completed.
2026-08-29 18:50:35 [main] INFO  t.g.io/epos-eric/metadata-database/deploy:main - Creating container for image: ghcr.io/epos-eric/metadata-database/deploy:main
2026-08-29 18:50:36 [main] INFO  t.g.io/epos-eric/metadata-database/deploy:main - Container ghcr.io/epos-eric/metadata-database/deploy:main is starting: ea541678e3e5e1652225ef0bc0972621c4c6cbefb6af25a51c9b2761d10ce989
2026-08-29 18:50:41 [main] INFO  t.g.io/epos-eric/metadata-database/deploy:main - Container ghcr.io/epos-eric/metadata-database/deploy:main started in PT5.157905895S
2026-08-29 18:50:41 [main] INFO  t.g.io/epos-eric/metadata-database/deploy:main - Container is started (JDBC URL: jdbc:postgresql://localhost:34203/cerif?loggerLevel=OFF)
2026-08-29 18:50:41 [main] INFO  com.zaxxer.hikari.HikariDataSource - metadata_catalogue - Starting...
2026-08-29 18:50:41 [main] INFO  com.zaxxer.hikari.pool.HikariPool - metadata_catalogue - Added connection org.postgresql.jdbc.PgConnection@61af54da
2026-08-29 18:50:41 [main] INFO  com.zaxxer.hikari.HikariDataSource - metadata_catalogue - Start completed.
2026-08-29 18:50:42 [main] INFO  com.zaxxer.hikari.HikariDataSource - metadata_catalogue - Shutdown initiated...
2026-08-29 18:50:42 [main] INFO  com.zaxxer.hikari.HikariDataSource - metadata_catalogue - Shutdown completed.
2026-08-29 18:50:42 [main] INFO  t.g.io/epos-eric/metadata-database/deploy:main - Creating container for image: ghcr.io/epos-eric/metadata-database/deploy:main
2026-08-29 18:50:43 [main] INFO  t.g.io/epos-eric/metadata-database/deploy:main - Container ghcr.io/epos-eric/metadata-database/deploy:main is starting: 8073e3107346d3205aaa03fe89e3cbe2a32a9666d0b4ee4818c4af62ccc5f991
2026-08-29 18:50:47 [main] INFO  t.g.io/epos-eric/metadata-database/deploy:main - Container ghcr.io/epos-eric/metadata-database/deploy:main started in PT4.952613881S
2026-08-29 18:50:47 [main] INFO  t.g.io/epos-eric/metadata-database/deploy:main - Container is started (JDBC URL: jdbc:postgresql://localhost:34204/cerif?loggerLevel=OFF)
2026-08-29 18:50:47 [main] INFO  com.zaxxer.hikari.HikariDataSource - metadata_catalogue - Starting...
2026-08-29 18:50:47 [main] INFO  com.zaxxer.hikari.pool.HikariPool - metadata_catalogue - Added connection org.postgresql.jdbc.PgConnection@602d706d
2026-08-29 18:50:47 [main] INFO  com.zaxxer.hikari.HikariDataSource - metadata_catalogue - Start completed.
2026-08-29 18:50:48 [main] INFO  com.zaxxer.hikari.HikariDataSource - metadata_catalogue - Shutdown initiated...
2026-08-29 18:50:48 [main] INFO  com.zaxxer.hikari.HikariDataSource - metadata_catalogue - Shutdown completed.
2026-08-29 18:50:48 [main] INFO  t.g.io/epos-eric/metadata-database/deploy:main - Creating container for image: ghcr.io/epos-eric/metadata-database/deploy:main
2026-08-29 18:50:48 [main] INFO  t.g.io/epos-eric/metadata-database/deploy:main - Container ghcr.io/epos-eric/metadata-database/deploy:main is starting: 24d7c4989b7b935da56cd781d18aba33f73bb4b0f1a1d5114c7cbaa5c402a41f
2026-08-29 18:50:52 [main] INFO  t.g.io/epos-eric/metadata-database/deploy:main - Container ghcr.io/epos-eric/metadata-database/deploy:main started in PT4.458205837S
2026-08-29 18:50:52 [main] INFO  t.g.io/epos-eric/metadata-database/deploy:main - Container is started (JDBC URL: jdbc:postgresql://localhost:34205/cerif?loggerLevel=OFF)
2026-08-29 18:50:52 [main] INFO  com.zaxxer.hikari.HikariDataSource - metadata_catalogue - Starting...
2026-08-29 18:50:52 [main] INFO  com.zaxxer.hikari.pool.HikariPool - metadata_catalogue - Added connection org.postgresql.jdbc.PgConnection@44860c24
2026-08-29 18:50:52 [main] INFO  com.zaxxer.hikari.HikariDataSource - metadata_catalogue - Start completed.
2026-08-29 18:50:53 [main] INFO  com.zaxxer.hikari.HikariDataSource - metadata_catalogue - Shutdown initiated...
2026-08-29 18:50:53 [main] INFO  com.zaxxer.hikari.HikariDataSource - metadata_catalogue - Shutdown completed.
2026-08-29 18:50:53 [main] INFO  t.g.io/epos-eric/metadata-database/deploy:main - Creating container for image: ghcr.io/epos-eric/metadata-database/deploy:main
2026-08-29 18:50:54 [main] INFO  t.g.io/epos-eric/metadata-database/deploy:main - Container ghcr.io/epos-eric/metadata-database/deploy:main is starting: cf4707a353ccebbe177b04118f25958681dfd92cb164580871dfbcc22fbcb836
2026-08-29 18:50:58 [main] INFO  t.g.io/epos-eric/metadata-database/deploy:main - Container ghcr.io/epos-eric/metadata-database/deploy:main started in PT4.863408031S
2026-08-29 18:50:58 [main] INFO  t.g.io/epos-eric/metadata-database/deploy:main - Container is started (JDBC URL: jdbc:postgresql://localhost:34206/cerif?loggerLevel=OFF)
2026-08-29 18:50:58 [main] INFO  com.zaxxer.hikari.HikariDataSource - metadata_catalogue - Starting...
2026-08-29 18:50:58 [main] INFO  com.zaxxer.hikari.pool.HikariPool - metadata_catalogue - Added connection org.postgresql.jdbc.PgConnection@33592b53
2026-08-29 18:50:58 [main] INFO  com.zaxxer.hikari.HikariDataSource - metadata_catalogue - Start completed.
2026-08-29 18:50:59 [main] INFO  com.zaxxer.hikari.HikariDataSource - metadata_catalogue - Shutdown initiated...
2026-08-29 18:50:59 [main] INFO  com.zaxxer.hikari.HikariDataSource - metadata_catalogue - Shutdown completed.
2026-08-29 18:50:59 [main] INFO  t.g.io/epos-eric/metadata-database/deploy:main - Creating container for image: ghcr.io/epos-eric/metadata-database/deploy:main
2026-08-29 18:50:59 [main] INFO  t.g.io/epos-eric/metadata-database/deploy:main - Container ghcr.io/epos-eric/metadata-database/deploy:main is starting: 68d5dd8ee36d41b9c58917dd1693b8aa768acf42c68673d50d68e8fc5b0465da
2026-08-29 18:51:04 [main] INFO  t.g.io/epos-eric/metadata-database/deploy:main - Container ghcr.io/epos-eric/metadata-database/deploy:main started in PT4.653312882S
2026-08-29 18:51:04 [main] INFO  t.g.io/epos-eric/metadata-database/deploy:main - Container is started (JDBC URL: jdbc:postgresql://localhost:34207/cerif?loggerLevel=OFF)
2026-08-29 18:51:04 [main] INFO  com.zaxxer.hikari.HikariDataSource - metadata_catalogue - Starting...
2026-08-29 18:51:04 [main] INFO  com.zaxxer.hikari.pool.HikariPool - metadata_catalogue - Added connection org.postgresql.jdbc.PgConnection@2620fb31
2026-08-29 18:51:04 [main] INFO  com.zaxxer.hikari.HikariDataSource - metadata_catalogue - Start completed.
2026-08-29 18:51:04 [main] INFO  com.zaxxer.hikari.HikariDataSource - metadata_catalogue - Shutdown initiated...
2026-08-29 18:51:04 [main] INFO  com.zaxxer.hikari.HikariDataSource - metadata_catalogue - Shutdown completed.
2026-08-29 18:51:04 [main] INFO  t.g.io/epos-eric/metadata-database/deploy:main - Creating container for image: ghcr.io/epos-eric/metadata-database/deploy:main
2026-08-29 18:51:05 [main] INFO  t.g.io/epos-eric/metadata-database/deploy:main - Container ghcr.io/epos-eric/metadata-database/deploy:main is starting: 2ade21e8cf5b36f8f4c0b138ab46d9e08521e499e7af9c9d1917c0e896e46884
2026-08-29 18:51:09 [main] INFO  t.g.io/epos-eric/metadata-database/deploy:main - Container ghcr.io/epos-eric/metadata-database/deploy:main started in PT5.1037428S
2026-08-29 18:51:09 [main] INFO  t.g.io/epos-eric/metadata-database/deploy:main - Container is started (JDBC URL: jdbc:postgresql://localhost:34208/cerif?loggerLevel=OFF)
2026-08-29 18:51:09 [main] INFO  com.zaxxer.hikari.HikariDataSource - metadata_catalogue - Starting...
2026-08-29 18:51:09 [main] INFO  com.zaxxer.hikari.pool.HikariPool - metadata_catalogue - Added connection org.postgresql.jdbc.PgConnection@15cdfb19
2026-08-29 18:51:09 [main] INFO  com.zaxxer.hikari.HikariDataSource - metadata_catalogue - Start completed.
2026-08-29 18:51:10 [main] INFO  com.zaxxer.hikari.HikariDataSource - metadata_catalogue - Shutdown initiated...
2026-08-29 18:51:10 [main] INFO  com.zaxxer.hikari.HikariDataSource - metadata_catalogue - Shutdown completed.
2026-08-29 18:51:10 [main] INFO  t.g.io/epos-eric/metadata-database/deploy:main - Creating container for image: ghcr.io/epos-eric/metadata-database/deploy:main
2026-08-29 18:51:10 [main] INFO  t.g.io/epos-eric/metadata-database/deploy:main - Container ghcr.io/epos-eric/metadata-database/deploy:main is starting: 6132fa45b02798de13307582ef295f8e00cbb518128e234015617a2291745311
2026-08-29 18:51:15 [main] INFO  t.g.io/epos-eric/metadata-database/deploy:main - Container ghcr.io/epos-eric/metadata-database/deploy:main started in PT5.001239503S
2026-08-29 18:51:15 [main] INFO  t.g.io/epos-eric/metadata-database/deploy:main - Container is started (JDBC URL: jdbc:postgresql://localhost:34209/cerif?loggerLevel=OFF)
2026-08-29 18:51:15 [main] INFO  com.zaxxer.hikari.HikariDataSource - metadata_catalogue - Starting...
2026-08-29 18:51:15 [main] INFO  com.zaxxer.hikari.pool.HikariPool - metadata_catalogue - Added connection org.postgresql.jdbc.PgConnection@2939ded7
2026-08-29 18:51:15 [main] INFO  com.zaxxer.hikari.HikariDataSource - metadata_catalogue - Start completed.
2026-08-29 18:51:16 [main] INFO  com.zaxxer.hikari.HikariDataSource - metadata_catalogue - Shutdown initiated...
2026-08-29 18:51:16 [main] INFO  com.zaxxer.hikari.HikariDataSource - metadata_catalogue - Shutdown completed.
2026-08-29 18:51:16 [main] INFO  t.g.io/epos-eric/metadata-database/deploy:main - Creating container for image: ghcr.io/epos-eric/metadata-database/deploy:main
2026-08-29 18:51:16 [main] INFO  t.g.io/epos-eric/metadata-database/deploy:main - Container ghcr.io/epos-eric/metadata-database/deploy:main is starting: 367e80a23f0f2dcacdb317251caef8beba955a52196795c3a4b36f73de2a1460
2026-08-29 18:51:20 [main] INFO  t.g.io/epos-eric/metadata-database/deploy:main - Container ghcr.io/epos-eric/metadata-database/deploy:main started in PT3.923811778S
2026-08-29 18:51:20 [main] INFO  t.g.io/epos-eric/metadata-database/deploy:main - Container is started (JDBC URL: jdbc:postgresql://localhost:34210/cerif?loggerLevel=OFF)
2026-08-29 18:51:20 [main] INFO  com.zaxxer.hikari.HikariDataSource - metadata_catalogue - Starting...
2026-08-29 18:51:20 [main] INFO  com.zaxxer.hikari.pool.HikariPool - metadata_catalogue - Added connection org.postgresql.jdbc.PgConnection@1a2b0f57
2026-08-29 18:51:20 [main] INFO  com.zaxxer.hikari.HikariDataSource - metadata_catalogue - Start completed.
2026-08-29 18:51:20 [main] INFO  com.zaxxer.hikari.HikariDataSource - metadata_catalogue - Shutdown initiated...
2026-08-29 18:51:20 [main] INFO  com.zaxxer.hikari.HikariDataSource - metadata_catalogue - Shutdown completed.
2026-08-29 18:51:21 [main] INFO  t.g.io/epos-eric/metadata-database/deploy:main - Creating container for image: ghcr.io/epos-eric/metadata-database/deploy:main
2026-08-29 18:51:21 [main] INFO  t.g.io/epos-eric/metadata-database/deploy:main - Container ghcr.io/epos-eric/metadata-database/deploy:main is starting: df8932915921fe3748e7e5ef47e611c6589f7f5fe1e8f33159000a1fd0a9bc58
2026-08-29 18:51:25 [main] INFO  t.g.io/epos-eric/metadata-database/deploy:main - Container ghcr.io/epos-eric/metadata-database/deploy:main started in PT4.053114908S
2026-08-29 18:51:25 [main] INFO  t.g.io/epos-eric/metadata-database/deploy:main - Container is started (JDBC URL: jdbc:postgresql://localhost:34211/cerif?loggerLevel=OFF)
2026-08-29 18:51:25 [main] INFO  com.zaxxer.hikari.HikariDataSource - metadata_catalogue - Starting...
2026-08-29 18:51:25 [main] INFO  com.zaxxer.hikari.pool.HikariPool - metadata_catalogue - Added connection org.postgresql.jdbc.PgConnection@7159e809
2026-08-29 18:51:25 [main] INFO  com.zaxxer.hikari.HikariDataSource - metadata_catalogue - Start completed.
2026-08-29 18:51:25 [main] INFO  com.zaxxer.hikari.HikariDataSource - metadata_catalogue - Shutdown initiated...
2026-08-29 18:51:25 [main] INFO  com.zaxxer.hikari.HikariDataSource - metadata_catalogue - Shutdown completed.
2026-08-29 18:51:25 [main] INFO  t.g.io/epos-eric/metadata-database/deploy:main - Creating container for image: ghcr.io/epos-eric/metadata-database/deploy:main
2026-08-29 18:51:26 [main] INFO  t.g.io/epos-eric/metadata-database/deploy:main - Container ghcr.io/epos-eric/metadata-database/deploy:main is starting: f3720c29c8341fb876ef545d065b4aa3c647838cf170272f6ee3e5c5bd63ce4f
2026-08-29 18:51:31 [main] INFO  t.g.io/epos-eric/metadata-database/deploy:main - Container ghcr.io/epos-eric/metadata-database/deploy:main started in PT5.146084097S
2026-08-29 18:51:31 [main] INFO  t.g.io/epos-eric/metadata-database/deploy:main - Container is started (JDBC URL: jdbc:postgresql://localhost:34212/cerif?loggerLevel=OFF)
2026-08-29 18:51:31 [main] INFO  com.zaxxer.hikari.HikariDataSource - metadata_catalogue - Starting...
2026-08-29 18:51:31 [main] INFO  com.zaxxer.hikari.pool.HikariPool - metadata_catalogue - Added connection org.postgresql.jdbc.PgConnection@6965a571
2026-08-29 18:51:31 [main] INFO  com.zaxxer.hikari.HikariDataSource - metadata_catalogue - Start completed.
2026-08-29 18:51:31 [main] INFO  com.zaxxer.hikari.HikariDataSource - metadata_catalogue - Shutdown initiated...
2026-08-29 18:51:31 [main] INFO  com.zaxxer.hikari.HikariDataSource - metadata_catalogue - Shutdown completed.
2026-08-29 18:51:31 [main] INFO  t.g.io/epos-eric/metadata-database/deploy:main - Creating container for image: ghcr.io/epos-eric/metadata-database/deploy:main
2026-08-29 18:51:32 [main] INFO  t.g.io/epos-eric/metadata-database/deploy:main - Container ghcr.io/epos-eric/metadata-database/deploy:main is starting: 3c7581f2e4fdfff42af25c2a92cde9cb23ca09d091d1437503c125ce0951a306
2026-08-29 18:51:37 [main] INFO  t.g.io/epos-eric/metadata-database/deploy:main - Container ghcr.io/epos-eric/metadata-database/deploy:main started in PT5.454232102S
2026-08-29 18:51:37 [main] INFO  t.g.io/epos-eric/metadata-database/deploy:main - Container is started (JDBC URL: jdbc:postgresql://localhost:34213/cerif?loggerLevel=OFF)
2026-08-29 18:51:37 [main] INFO  com.zaxxer.hikari.HikariDataSource - metadata_catalogue - Starting...
2026-08-29 18:51:37 [main] INFO  com.zaxxer.hikari.pool.HikariPool - metadata_catalogue - Added connection org.postgresql.jdbc.PgConnection@662b29aa
2026-08-29 18:51:37 [main] INFO  com.zaxxer.hikari.HikariDataSource - metadata_catalogue - Start completed.
2026-08-29 18:51:37 [main] INFO  com.zaxxer.hikari.HikariDataSource - metadata_catalogue - Shutdown initiated...
2026-08-29 18:51:37 [main] INFO  com.zaxxer.hikari.HikariDataSource - metadata_catalogue - Shutdown completed.
2026-08-29 18:51:38 [main] INFO  t.g.io/epos-eric/metadata-database/deploy:main - Creating container for image: ghcr.io/epos-eric/metadata-database/deploy:main
2026-08-29 18:51:38 [main] INFO  t.g.io/epos-eric/metadata-database/deploy:main - Container ghcr.io/epos-eric/metadata-database/deploy:main is starting: 097bd42ff12a547035d01e2da4f8ab0553e0186633c7a77c6d19a30e60dcb8b3
2026-08-29 18:51:42 [main] INFO  t.g.io/epos-eric/metadata-database/deploy:main - Container ghcr.io/epos-eric/metadata-database/deploy:main started in PT4.358848628S
2026-08-29 18:51:42 [main] INFO  t.g.io/epos-eric/metadata-database/deploy:main - Container is started (JDBC URL: jdbc:postgresql://localhost:34214/cerif?loggerLevel=OFF)
2026-08-29 18:51:42 [main] INFO  com.zaxxer.hikari.HikariDataSource - metadata_catalogue - Starting...
2026-08-29 18:51:42 [main] INFO  com.zaxxer.hikari.pool.HikariPool - metadata_catalogue - Added connection org.postgresql.jdbc.PgConnection@21c7857a
2026-08-29 18:51:42 [main] INFO  com.zaxxer.hikari.HikariDataSource - metadata_catalogue - Start completed.
2026-08-29 18:51:43 [main] INFO  com.zaxxer.hikari.HikariDataSource - metadata_catalogue - Shutdown initiated...
2026-08-29 18:51:43 [main] INFO  com.zaxxer.hikari.HikariDataSource - metadata_catalogue - Shutdown completed.
2026-08-29 18:51:43 [main] INFO  t.g.io/epos-eric/metadata-database/deploy:main - Creating container for image: ghcr.io/epos-eric/metadata-database/deploy:main
2026-08-29 18:51:43 [main] INFO  t.g.io/epos-eric/metadata-database/deploy:main - Container ghcr.io/epos-eric/metadata-database/deploy:main is starting: df5179d3923003894d661f95205caae7949dd35f69251fcbf605bb67a13bbc71
2026-08-29 18:51:48 [main] INFO  t.g.io/epos-eric/metadata-database/deploy:main - Container ghcr.io/epos-eric/metadata-database/deploy:main started in PT5.082624023S
2026-08-29 18:51:48 [main] INFO  t.g.io/epos-eric/metadata-database/deploy:main - Container is started (JDBC URL: jdbc:postgresql://localhost:34215/cerif?loggerLevel=OFF)
2026-08-29 18:51:48 [main] INFO  com.zaxxer.hikari.HikariDataSource - metadata_catalogue - Starting...
2026-08-29 18:51:48 [main] INFO  com.zaxxer.hikari.pool.HikariPool - metadata_catalogue - Added connection org.postgresql.jdbc.PgConnection@5941fc14
2026-08-29 18:51:48 [main] INFO  com.zaxxer.hikari.HikariDataSource - metadata_catalogue - Start completed.
2026-08-29 18:51:48 [main] INFO  com.zaxxer.hikari.HikariDataSource - metadata_catalogue - Shutdown initiated...
2026-08-29 18:51:49 [main] INFO  com.zaxxer.hikari.HikariDataSource - metadata_catalogue - Shutdown completed.
2026-08-29 18:51:49 [main] INFO  t.g.io/epos-eric/metadata-database/deploy:main - Creating container for image: ghcr.io/epos-eric/metadata-database/deploy:main
2026-08-29 18:51:49 [main] INFO  t.g.io/epos-eric/metadata-database/deploy:main - Container ghcr.io/epos-eric/metadata-database/deploy:main is starting: 7a0cbbe39be3766ad86a3155fd01eb1ef8d5475800de57b3ab5afa0020b534ab
2026-08-29 18:51:54 [main] INFO  t.g.io/epos-eric/metadata-database/deploy:main - Container ghcr.io/epos-eric/metadata-database/deploy:main started in PT4.571989057S
2026-08-29 18:51:54 [main] INFO  t.g.io/epos-eric/metadata-database/deploy:main - Container is started (JDBC URL: jdbc:postgresql://localhost:34216/cerif?loggerLevel=OFF)
2026-08-29 18:51:54 [main] INFO  com.zaxxer.hikari.HikariDataSource - metadata_catalogue - Starting...
2026-08-29 18:51:54 [main] INFO  com.zaxxer.hikari.pool.HikariPool - metadata_catalogue - Added connection org.postgresql.jdbc.PgConnection@3b17f123
2026-08-29 18:51:54 [main] INFO  com.zaxxer.hikari.HikariDataSource - metadata_catalogue - Start completed.
2026-08-29 18:51:54 [main] INFO  com.zaxxer.hikari.HikariDataSource - metadata_catalogue - Shutdown initiated...
2026-08-29 18:51:54 [main] INFO  com.zaxxer.hikari.HikariDataSource - metadata_catalogue - Shutdown completed.
2026-08-29 18:51:54 [main] INFO  t.g.io/epos-eric/metadata-database/deploy:main - Creating container for image: ghcr.io/epos-eric/metadata-database/deploy:main
2026-08-29 18:51:54 [main] INFO  t.g.io/epos-eric/metadata-database/deploy:main - Container ghcr.io/epos-eric/metadata-database/deploy:main is starting: bd4577b879678a5ecb0cce026bc2978dcbd5f3f3dc911e441c54f07c1d67760b
2026-08-29 18:51:59 [main] INFO  t.g.io/epos-eric/metadata-database/deploy:main - Container ghcr.io/epos-eric/metadata-database/deploy:main started in PT4.751755983S
2026-08-29 18:51:59 [main] INFO  t.g.io/epos-eric/metadata-database/deploy:main - Container is started (JDBC URL: jdbc:postgresql://localhost:34217/cerif?loggerLevel=OFF)
2026-08-29 18:51:59 [main] INFO  com.zaxxer.hikari.HikariDataSource - metadata_catalogue - Starting...
2026-08-29 18:51:59 [main] INFO  com.zaxxer.hikari.pool.HikariPool - metadata_catalogue - Added connection org.postgresql.jdbc.PgConnection@57e36d26
2026-08-29 18:51:59 [main] INFO  com.zaxxer.hikari.HikariDataSource - metadata_catalogue - Start completed.
2026-08-29 18:51:59 [main] INFO  com.zaxxer.hikari.HikariDataSource - metadata_catalogue - Shutdown initiated...
2026-08-29 18:51:59 [main] INFO  com.zaxxer.hikari.HikariDataSource - metadata_catalogue - Shutdown completed.
2026-08-29 18:52:00 [main] INFO  t.g.io/epos-eric/metadata-database/deploy:main - Creating container for image: ghcr.io/epos-eric/metadata-database/deploy:main
2026-08-29 18:52:00 [main] INFO  t.g.io/epos-eric/metadata-database/deploy:main - Container ghcr.io/epos-eric/metadata-database/deploy:main is starting: 2f3f2e708978c6269023b6d41e92aa53f89ffbfe4f81cae6e640e1822204ebd2
2026-08-29 18:52:05 [main] INFO  t.g.io/epos-eric/metadata-database/deploy:main - Container ghcr.io/epos-eric/metadata-database/deploy:main started in PT5.07913444S
2026-08-29 18:52:05 [main] INFO  t.g.io/epos-eric/metadata-database/deploy:main - Container is started (JDBC URL: jdbc:postgresql://localhost:34218/cerif?loggerLevel=OFF)
2026-08-29 18:52:05 [main] INFO  com.zaxxer.hikari.HikariDataSource - metadata_catalogue - Starting...
2026-08-29 18:52:05 [main] INFO  com.zaxxer.hikari.pool.HikariPool - metadata_catalogue - Added connection org.postgresql.jdbc.PgConnection@3bbbd3e5
2026-08-29 18:52:05 [main] INFO  com.zaxxer.hikari.HikariDataSource - metadata_catalogue - Start completed.
2026-08-29 18:52:05 [main] ERROR dao.EposDataModelDAO - Error in getOneFromDBByUIDNoCache
java.lang.IllegalArgumentException: An exception occurred while creating a query in EntityManager: 
Exception Description: Problem compiling [SELECT c FROM Documentation c WHERE c.uid = :uid]. 
[14, 27] The abstract schema type 'Documentation' is unknown.
[36, 41] The state field path 'c.uid' cannot be resolved to a valid type.
	at org.eclipse.persistence.internal.jpa.EntityManagerImpl.createQuery(EntityManagerImpl.java:1728)
	at org.eclipse.persistence.internal.jpa.EntityManagerImpl.createQuery(EntityManagerImpl.java:1749)
	at dao.EposDataModelDAO.getOneFromDBByUIDNoCache(EposDataModelDAO.java:1371)
	at dao.EposDataModelDAO.repointArchivedVersionReferences(EposDataModelDAO.java:346)
	at abstractapis.AbstractAPI.repointPublishedVersion(AbstractAPI.java:161)
	at commonapis.DocumentationAPI.create(DocumentationAPI.java:91)
	at commonapis.DocumentationAPI.create(DocumentationAPI.java:25)
	at integrationtests.unittests.ComprehensiveMetadataTest.testWebServiceArchivedToDraftKeepsSpatialAndTemporal(ComprehensiveMetadataTest.java:394)
	at java.base/jdk.internal.reflect.DirectMethodHandleAccessor.invoke(DirectMethodHandleAccessor.java:104)
	at java.base/java.lang.reflect.Method.invoke(Method.java:565)
	at org.junit.platform.commons.util.ReflectionUtils.invokeMethod(ReflectionUtils.java:787)
	at org.junit.platform.commons.support.ReflectionSupport.invokeMethod(ReflectionSupport.java:479)
	at org.junit.jupiter.engine.execution.MethodInvocation.proceed(MethodInvocation.java:60)
	at org.junit.jupiter.engine.execution.InvocationInterceptorChain$ValidatingInvocation.proceed(InvocationInterceptorChain.java:131)
	at org.junit.jupiter.engine.extension.TimeoutExtension.intercept(TimeoutExtension.java:161)
	at org.junit.jupiter.engine.extension.TimeoutExtension.interceptTestableMethod(TimeoutExtension.java:152)
	at org.junit.jupiter.engine.extension.TimeoutExtension.interceptTestMethod(TimeoutExtension.java:91)
	at org.junit.jupiter.engine.execution.InterceptingExecutableInvoker$ReflectiveInterceptorCall.lambda$ofVoidMethod$0(InterceptingExecutableInvoker.java:112)
	at org.junit.jupiter.engine.execution.InterceptingExecutableInvoker.lambda$invoke$0(InterceptingExecutableInvoker.java:94)
	at org.junit.jupiter.engine.execution.InvocationInterceptorChain$InterceptedInvocation.proceed(InvocationInterceptorChain.java:106)
	at org.junit.jupiter.engine.execution.InvocationInterceptorChain.proceed(InvocationInterceptorChain.java:64)
	at org.junit.jupiter.engine.execution.InvocationInterceptorChain.chainAndInvoke(InvocationInterceptorChain.java:45)
	at org.junit.jupiter.engine.execution.InvocationInterceptorChain.invoke(InvocationInterceptorChain.java:37)
	at org.junit.jupiter.engine.execution.InterceptingExecutableInvoker.invoke(InterceptingExecutableInvoker.java:93)
	at org.junit.jupiter.engine.execution.InterceptingExecutableInvoker.invoke(InterceptingExecutableInvoker.java:87)
	at org.junit.jupiter.engine.descriptor.TestMethodTestDescriptor.lambda$invokeTestMethod$4(TestMethodTestDescriptor.java:221)
	at org.junit.platform.engine.support.hierarchical.ThrowableCollector.execute(ThrowableCollector.java:73)
	at org.junit.jupiter.engine.descriptor.TestMethodTestDescriptor.invokeTestMethod(TestMethodTestDescriptor.java:217)
	at org.junit.jupiter.engine.descriptor.TestMethodTestDescriptor.execute(TestMethodTestDescriptor.java:159)
	at org.junit.jupiter.engine.descriptor.TestMethodTestDescriptor.execute(TestMethodTestDescriptor.java:70)
	at org.junit.platform.engine.support.hierarchical.NodeTestTask.lambda$executeRecursively$6(NodeTestTask.java:157)
	at org.junit.platform.engine.support.hierarchical.ThrowableCollector.execute(ThrowableCollector.java:73)
	at org.junit.platform.engine.support.hierarchical.NodeTestTask.lambda$executeRecursively$8(NodeTestTask.java:147)
	at org.junit.platform.engine.support.hierarchical.Node.around(Node.java:137)
	at org.junit.platform.engine.support.hierarchical.NodeTestTask.lambda$executeRecursively$9(NodeTestTask.java:145)
	at org.junit.platform.engine.support.hierarchical.ThrowableCollector.execute(ThrowableCollector.java:73)
	at org.junit.platform.engine.support.hierarchical.NodeTestTask.executeRecursively(NodeTestTask.java:144)
	at org.junit.platform.engine.support.hierarchical.NodeTestTask.execute(NodeTestTask.java:101)
	at java.base/java.util.ArrayList.forEach(ArrayList.java:1604)
	at org.junit.platform.engine.support.hierarchical.SameThreadHierarchicalTestExecutorService.invokeAll(SameThreadHierarchicalTestExecutorService.java:41)
	at org.junit.platform.engine.support.hierarchical.NodeTestTask.lambda$executeRecursively$6(NodeTestTask.java:161)
	at org.junit.platform.engine.support.hierarchical.ThrowableCollector.execute(ThrowableCollector.java:73)
	at org.junit.platform.engine.support.hierarchical.NodeTestTask.lambda$executeRecursively$8(NodeTestTask.java:147)
	at org.junit.platform.engine.support.hierarchical.Node.around(Node.java:137)
	at org.junit.platform.engine.support.hierarchical.NodeTestTask.lambda$executeRecursively$9(NodeTestTask.java:145)
	at org.junit.platform.engine.support.hierarchical.ThrowableCollector.execute(ThrowableCollector.java:73)
	at org.junit.platform.engine.support.hierarchical.NodeTestTask.executeRecursively(NodeTestTask.java:144)
	at org.junit.platform.engine.support.hierarchical.NodeTestTask.execute(NodeTestTask.java:101)
	at java.base/java.util.ArrayList.forEach(ArrayList.java:1604)
	at org.junit.platform.engine.support.hierarchical.SameThreadHierarchicalTestExecutorService.invokeAll(SameThreadHierarchicalTestExecutorService.java:41)
	at org.junit.platform.engine.support.hierarchical.NodeTestTask.lambda$executeRecursively$6(NodeTestTask.java:161)
	at org.junit.platform.engine.support.hierarchical.ThrowableCollector.execute(ThrowableCollector.java:73)
	at org.junit.platform.engine.support.hierarchical.NodeTestTask.lambda$executeRecursively$8(NodeTestTask.java:147)
	at org.junit.platform.engine.support.hierarchical.Node.around(Node.java:137)
	at org.junit.platform.engine.support.hierarchical.NodeTestTask.lambda$executeRecursively$9(NodeTestTask.java:145)
	at org.junit.platform.engine.support.hierarchical.ThrowableCollector.execute(ThrowableCollector.java:73)
	at org.junit.platform.engine.support.hierarchical.NodeTestTask.executeRecursively(NodeTestTask.java:144)
	at org.junit.platform.engine.support.hierarchical.NodeTestTask.execute(NodeTestTask.java:101)
	at org.junit.platform.engine.support.hierarchical.SameThreadHierarchicalTestExecutorService.submit(SameThreadHierarchicalTestExecutorService.java:35)
	at org.junit.platform.engine.support.hierarchical.HierarchicalTestExecutor.execute(HierarchicalTestExecutor.java:57)
	at org.junit.platform.engine.support.hierarchical.HierarchicalTestEngine.execute(HierarchicalTestEngine.java:54)
	at org.junit.platform.launcher.core.EngineExecutionOrchestrator.executeEngine(EngineExecutionOrchestrator.java:230)
	at org.junit.platform.launcher.core.EngineExecutionOrchestrator.failOrExecuteEngine(EngineExecutionOrchestrator.java:204)
	at org.junit.platform.launcher.core.EngineExecutionOrchestrator.execute(EngineExecutionOrchestrator.java:172)
	at org.junit.platform.launcher.core.EngineExecutionOrchestrator.execute(EngineExecutionOrchestrator.java:101)
	at org.junit.platform.launcher.core.EngineExecutionOrchestrator.lambda$execute$0(EngineExecutionOrchestrator.java:64)
	at org.junit.platform.launcher.core.EngineExecutionOrchestrator.withInterceptedStreams(EngineExecutionOrchestrator.java:150)
	at org.junit.platform.launcher.core.EngineExecutionOrchestrator.execute(EngineExecutionOrchestrator.java:63)
	at org.junit.platform.launcher.core.DefaultLauncher.execute(DefaultLauncher.java:109)
	at org.junit.platform.launcher.core.DefaultLauncher.execute(DefaultLauncher.java:91)
	at org.junit.platform.launcher.core.DelegatingLauncher.execute(DelegatingLauncher.java:47)
	at org.junit.platform.launcher.core.InterceptingLauncher.lambda$execute$1(InterceptingLauncher.java:39)
	at org.junit.platform.launcher.core.ClasspathAlignmentCheckingLauncherInterceptor.intercept(ClasspathAlignmentCheckingLauncherInterceptor.java:25)
	at org.junit.platform.launcher.core.InterceptingLauncher.execute(InterceptingLauncher.java:38)
	at org.junit.platform.launcher.core.DelegatingLauncher.execute(DelegatingLauncher.java:47)
	at org.junit.platform.launcher.core.SessionPerRequestLauncher.execute(SessionPerRequestLauncher.java:66)
	at com.intellij.junit5.JUnit5TestRunnerHelper.execute(JUnit5TestRunnerHelper.java:134)
	at com.intellij.junit5.JUnit5IdeaTestRunner.startRunnerWithArgs(JUnit5IdeaTestRunner.java:70)
	at com.intellij.rt.junit.IdeaTestRunner$Repeater$1.execute(IdeaTestRunner.java:38)
	at com.intellij.rt.execution.junit.TestsRepeater.repeat(TestsRepeater.java:11)
	at com.intellij.rt.junit.IdeaTestRunner$Repeater.startRunnerWithArgs(IdeaTestRunner.java:35)
	at com.intellij.rt.junit.JUnitStarter.prepareStreamsAndStart(JUnitStarter.java:226)
	at com.intellij.rt.junit.JUnitStarter.main(JUnitStarter.java:62)
Caused by: org.eclipse.persistence.exceptions.JPQLException: 
Exception Description: Problem compiling [SELECT c FROM Documentation c WHERE c.uid = :uid]. 
[14, 27] The abstract schema type 'Documentation' is unknown.
[36, 41] The state field path 'c.uid' cannot be resolved to a valid type.
	at org.eclipse.persistence.internal.jpa.jpql.HermesParser.buildException(HermesParser.java:159)
	at org.eclipse.persistence.internal.jpa.jpql.HermesParser.validate(HermesParser.java:337)
	at org.eclipse.persistence.internal.jpa.jpql.HermesParser.populateQueryImp(HermesParser.java:271)
	at org.eclipse.persistence.internal.jpa.jpql.HermesParser.buildQuery(HermesParser.java:164)
	at org.eclipse.persistence.internal.jpa.EJBQueryImpl.buildEJBQLDatabaseQuery(EJBQueryImpl.java:141)
	at org.eclipse.persistence.internal.jpa.EJBQueryImpl.buildEJBQLDatabaseQuery(EJBQueryImpl.java:117)
	at org.eclipse.persistence.internal.jpa.EJBQueryImpl.<init>(EJBQueryImpl.java:104)
	at org.eclipse.persistence.internal.jpa.EJBQueryImpl.<init>(EJBQueryImpl.java:88)
	at org.eclipse.persistence.internal.jpa.EntityManagerImpl.createQuery(EntityManagerImpl.java:1726)
	... 82 common frames omitted
2026-08-29 18:52:06 [main] INFO  com.zaxxer.hikari.HikariDataSource - metadata_catalogue - Shutdown initiated...
2026-08-29 18:52:06 [main] INFO  com.zaxxer.hikari.HikariDataSource - metadata_catalogue - Shutdown completed.
2026-08-29 18:52:07 [main] INFO  t.g.io/epos-eric/metadata-database/deploy:main - Creating container for image: ghcr.io/epos-eric/metadata-database/deploy:main
2026-08-29 18:52:07 [main] INFO  t.g.io/epos-eric/metadata-database/deploy:main - Container ghcr.io/epos-eric/metadata-database/deploy:main is starting: 4d7e2597595a374d0478b51035808f8d77178433ec758f6f701063ddf99ce85d
2026-08-29 18:52:12 [main] INFO  t.g.io/epos-eric/metadata-database/deploy:main - Container ghcr.io/epos-eric/metadata-database/deploy:main started in PT5.118992964S
2026-08-29 18:52:12 [main] INFO  t.g.io/epos-eric/metadata-database/deploy:main - Container is started (JDBC URL: jdbc:postgresql://localhost:34219/cerif?loggerLevel=OFF)
2026-08-29 18:52:12 [main] INFO  com.zaxxer.hikari.HikariDataSource - metadata_catalogue - Starting...
2026-08-29 18:52:12 [main] INFO  com.zaxxer.hikari.pool.HikariPool - metadata_catalogue - Added connection org.postgresql.jdbc.PgConnection@48010247
2026-08-29 18:52:12 [main] INFO  com.zaxxer.hikari.HikariDataSource - metadata_catalogue - Start completed.
2026-08-29 18:52:12 [main] INFO  com.zaxxer.hikari.HikariDataSource - metadata_catalogue - Shutdown initiated...
2026-08-29 18:52:12 [main] INFO  com.zaxxer.hikari.HikariDataSource - metadata_catalogue - Shutdown completed.
2026-08-29 18:52:13 [main] INFO  t.g.io/epos-eric/metadata-database/deploy:main - Creating container for image: ghcr.io/epos-eric/metadata-database/deploy:main
2026-08-29 18:52:13 [main] INFO  t.g.io/epos-eric/metadata-database/deploy:main - Container ghcr.io/epos-eric/metadata-database/deploy:main is starting: b64fa1db8f9818166256f27e3e404ee1a86b0018ea79b6d94d7f0e2e96300b2a
2026-08-29 18:52:17 [main] INFO  t.g.io/epos-eric/metadata-database/deploy:main - Container ghcr.io/epos-eric/metadata-database/deploy:main started in PT4.809992445S
2026-08-29 18:52:17 [main] INFO  t.g.io/epos-eric/metadata-database/deploy:main - Container is started (JDBC URL: jdbc:postgresql://localhost:34220/cerif?loggerLevel=OFF)
2026-08-29 18:52:17 [main] INFO  com.zaxxer.hikari.HikariDataSource - metadata_catalogue - Starting...
2026-08-29 18:52:18 [main] INFO  com.zaxxer.hikari.pool.HikariPool - metadata_catalogue - Added connection org.postgresql.jdbc.PgConnection@805b8fa
2026-08-29 18:52:18 [main] INFO  com.zaxxer.hikari.HikariDataSource - metadata_catalogue - Start completed.
2026-08-29 18:52:18 [main] INFO  com.zaxxer.hikari.HikariDataSource - metadata_catalogue - Shutdown initiated...
2026-08-29 18:52:18 [main] INFO  com.zaxxer.hikari.HikariDataSource - metadata_catalogue - Shutdown completed.
2026-08-29 18:52:18 [main] INFO  t.g.io/epos-eric/metadata-database/deploy:main - Creating container for image: ghcr.io/epos-eric/metadata-database/deploy:main
2026-08-29 18:52:19 [main] INFO  t.g.io/epos-eric/metadata-database/deploy:main - Container ghcr.io/epos-eric/metadata-database/deploy:main is starting: 72e80067e69a0b87f3c1e235280188f860c4a4a66660509dd3914c083b286bd0
2026-08-29 18:52:24 [main] INFO  t.g.io/epos-eric/metadata-database/deploy:main - Container ghcr.io/epos-eric/metadata-database/deploy:main started in PT5.262559598S
2026-08-29 18:52:24 [main] INFO  t.g.io/epos-eric/metadata-database/deploy:main - Container is started (JDBC URL: jdbc:postgresql://localhost:34221/cerif?loggerLevel=OFF)
2026-08-29 18:52:24 [main] INFO  com.zaxxer.hikari.HikariDataSource - metadata_catalogue - Starting...
2026-08-29 18:52:24 [main] INFO  com.zaxxer.hikari.pool.HikariPool - metadata_catalogue - Added connection org.postgresql.jdbc.PgConnection@5e799d06
2026-08-29 18:52:24 [main] INFO  com.zaxxer.hikari.HikariDataSource - metadata_catalogue - Start completed.
2026-08-29 18:52:24 [main] INFO  com.zaxxer.hikari.HikariDataSource - metadata_catalogue - Shutdown initiated...
2026-08-29 18:52:24 [main] INFO  com.zaxxer.hikari.HikariDataSource - metadata_catalogue - Shutdown completed.
2026-08-29 18:52:24 [main] INFO  t.g.io/epos-eric/metadata-database/deploy:main - Creating container for image: ghcr.io/epos-eric/metadata-database/deploy:main
2026-08-29 18:52:25 [main] INFO  t.g.io/epos-eric/metadata-database/deploy:main - Container ghcr.io/epos-eric/metadata-database/deploy:main is starting: 575ac12843fead9827e2379c227a9ebcb89190744b031cf3fca8ef29b5f4f1eb
2026-08-29 18:52:29 [main] INFO  t.g.io/epos-eric/metadata-database/deploy:main - Container ghcr.io/epos-eric/metadata-database/deploy:main started in PT5.041073477S
2026-08-29 18:52:29 [main] INFO  t.g.io/epos-eric/metadata-database/deploy:main - Container is started (JDBC URL: jdbc:postgresql://localhost:34222/cerif?loggerLevel=OFF)
2026-08-29 18:52:29 [main] INFO  com.zaxxer.hikari.HikariDataSource - metadata_catalogue - Starting...
2026-08-29 18:52:29 [main] INFO  com.zaxxer.hikari.pool.HikariPool - metadata_catalogue - Added connection org.postgresql.jdbc.PgConnection@756c40f9
2026-08-29 18:52:29 [main] INFO  com.zaxxer.hikari.HikariDataSource - metadata_catalogue - Start completed.
2026-08-29 18:52:30 [main] INFO  com.zaxxer.hikari.HikariDataSource - metadata_catalogue - Shutdown initiated...
2026-08-29 18:52:30 [main] INFO  com.zaxxer.hikari.HikariDataSource - metadata_catalogue - Shutdown completed.
2026-08-29 18:52:30 [main] INFO  t.g.io/epos-eric/metadata-database/deploy:main - Creating container for image: ghcr.io/epos-eric/metadata-database/deploy:main
2026-08-29 18:52:31 [main] INFO  t.g.io/epos-eric/metadata-database/deploy:main - Container ghcr.io/epos-eric/metadata-database/deploy:main is starting: 5e3b74b3cd2d39c31ea54f602465ba3e7dd22658fff8a79f7cae859773bf6a48
2026-08-29 18:52:34 [main] INFO  t.g.io/epos-eric/metadata-database/deploy:main - Container ghcr.io/epos-eric/metadata-database/deploy:main started in PT4.0461232S
2026-08-29 18:52:34 [main] INFO  t.g.io/epos-eric/metadata-database/deploy:main - Container is started (JDBC URL: jdbc:postgresql://localhost:34223/cerif?loggerLevel=OFF)
2026-08-29 18:52:34 [main] INFO  com.zaxxer.hikari.HikariDataSource - metadata_catalogue - Starting...
2026-08-29 18:52:34 [main] INFO  com.zaxxer.hikari.pool.HikariPool - metadata_catalogue - Added connection org.postgresql.jdbc.PgConnection@623ae3da
2026-08-29 18:52:34 [main] INFO  com.zaxxer.hikari.HikariDataSource - metadata_catalogue - Start completed.
2026-08-29 18:52:35 [main] INFO  com.zaxxer.hikari.HikariDataSource - metadata_catalogue - Shutdown initiated...
2026-08-29 18:52:35 [main] INFO  com.zaxxer.hikari.HikariDataSource - metadata_catalogue - Shutdown completed.
2026-08-29 18:52:35 [main] INFO  t.g.io/epos-eric/metadata-database/deploy:main - Creating container for image: ghcr.io/epos-eric/metadata-database/deploy:main
2026-08-29 18:52:36 [main] INFO  t.g.io/epos-eric/metadata-database/deploy:main - Container ghcr.io/epos-eric/metadata-database/deploy:main is starting: 5975a2d2694d33d7f55218c1d84f6cf45262b417045d15ddcb6311e059f37487
2026-08-29 18:52:40 [main] INFO  t.g.io/epos-eric/metadata-database/deploy:main - Container ghcr.io/epos-eric/metadata-database/deploy:main started in PT4.880714573S
2026-08-29 18:52:40 [main] INFO  t.g.io/epos-eric/metadata-database/deploy:main - Container is started (JDBC URL: jdbc:postgresql://localhost:34224/cerif?loggerLevel=OFF)
2026-08-29 18:52:40 [main] INFO  com.zaxxer.hikari.HikariDataSource - metadata_catalogue - Starting...
2026-08-29 18:52:40 [main] INFO  com.zaxxer.hikari.pool.HikariPool - metadata_catalogue - Added connection org.postgresql.jdbc.PgConnection@192d71dc
2026-08-29 18:52:40 [main] INFO  com.zaxxer.hikari.HikariDataSource - metadata_catalogue - Start completed.
2026-08-29 18:52:41 [main] INFO  com.zaxxer.hikari.HikariDataSource - metadata_catalogue - Shutdown initiated...
2026-08-29 18:52:41 [main] INFO  com.zaxxer.hikari.HikariDataSource - metadata_catalogue - Shutdown completed.
2026-08-29 18:52:41 [main] INFO  t.g.io/epos-eric/metadata-database/deploy:main - Creating container for image: ghcr.io/epos-eric/metadata-database/deploy:main
2026-08-29 18:52:41 [main] INFO  t.g.io/epos-eric/metadata-database/deploy:main - Container ghcr.io/epos-eric/metadata-database/deploy:main is starting: 2bfd44d2a762831ba5b77478807d71991e485e1c1e21d47b4a01a8a2b6ef509a
2026-08-29 18:52:45 [main] INFO  t.g.io/epos-eric/metadata-database/deploy:main - Container ghcr.io/epos-eric/metadata-database/deploy:main started in PT4.406791421S
2026-08-29 18:52:45 [main] INFO  t.g.io/epos-eric/metadata-database/deploy:main - Container is started (JDBC URL: jdbc:postgresql://localhost:34225/cerif?loggerLevel=OFF)
2026-08-29 18:52:45 [main] INFO  com.zaxxer.hikari.HikariDataSource - metadata_catalogue - Starting...
2026-08-29 18:52:45 [main] INFO  com.zaxxer.hikari.pool.HikariPool - metadata_catalogue - Added connection org.postgresql.jdbc.PgConnection@e6bc51
2026-08-29 18:52:45 [main] INFO  com.zaxxer.hikari.HikariDataSource - metadata_catalogue - Start completed.
2026-08-29 18:52:47 [main] INFO  com.zaxxer.hikari.HikariDataSource - metadata_catalogue - Shutdown initiated...
2026-08-29 18:52:47 [main] INFO  com.zaxxer.hikari.HikariDataSource - metadata_catalogue - Shutdown completed.
2026-08-29 18:52:47 [main] INFO  t.g.io/epos-eric/metadata-database/deploy:main - Creating container for image: ghcr.io/epos-eric/metadata-database/deploy:main
2026-08-29 18:52:47 [main] INFO  t.g.io/epos-eric/metadata-database/deploy:main - Container ghcr.io/epos-eric/metadata-database/deploy:main is starting: d378e6f4bc1c4c961901d7bbf36aa84785326687f2b28dae795a59c760e4c835
2026-08-29 18:52:51 [main] INFO  t.g.io/epos-eric/metadata-database/deploy:main - Container ghcr.io/epos-eric/metadata-database/deploy:main started in PT4.368269673S
2026-08-29 18:52:51 [main] INFO  t.g.io/epos-eric/metadata-database/deploy:main - Container is started (JDBC URL: jdbc:postgresql://localhost:34226/cerif?loggerLevel=OFF)
2026-08-29 18:52:51 [main] INFO  com.zaxxer.hikari.HikariDataSource - metadata_catalogue - Starting...
2026-08-29 18:52:51 [main] INFO  com.zaxxer.hikari.pool.HikariPool - metadata_catalogue - Added connection org.postgresql.jdbc.PgConnection@56d2d273
2026-08-29 18:52:51 [main] INFO  com.zaxxer.hikari.HikariDataSource - metadata_catalogue - Start completed.
2026-08-29 18:52:52 [main] INFO  com.zaxxer.hikari.HikariDataSource - metadata_catalogue - Shutdown initiated...
2026-08-29 18:52:52 [main] INFO  com.zaxxer.hikari.HikariDataSource - metadata_catalogue - Shutdown completed.
2026-08-29 18:52:52 [main] INFO  t.g.io/epos-eric/metadata-database/deploy:main - Creating container for image: ghcr.io/epos-eric/metadata-database/deploy:main
2026-08-29 18:52:52 [main] INFO  t.g.io/epos-eric/metadata-database/deploy:main - Container ghcr.io/epos-eric/metadata-database/deploy:main is starting: fcadcc61f2a5ca929eb1771c07b464214f6a8e47cab215039f9ff5fba5836362
2026-08-29 18:52:57 [main] INFO  t.g.io/epos-eric/metadata-database/deploy:main - Container ghcr.io/epos-eric/metadata-database/deploy:main started in PT5.041392447S
2026-08-29 18:52:57 [main] INFO  t.g.io/epos-eric/metadata-database/deploy:main - Container is started (JDBC URL: jdbc:postgresql://localhost:34227/cerif?loggerLevel=OFF)
2026-08-29 18:52:57 [main] INFO  com.zaxxer.hikari.HikariDataSource - metadata_catalogue - Starting...
2026-08-29 18:52:57 [main] INFO  com.zaxxer.hikari.pool.HikariPool - metadata_catalogue - Added connection org.postgresql.jdbc.PgConnection@29c2cd24
2026-08-29 18:52:57 [main] INFO  com.zaxxer.hikari.HikariDataSource - metadata_catalogue - Start completed.
2026-08-29 18:52:58 [main] INFO  com.zaxxer.hikari.HikariDataSource - metadata_catalogue - Shutdown initiated...
2026-08-29 18:52:58 [main] INFO  com.zaxxer.hikari.HikariDataSource - metadata_catalogue - Shutdown completed.
2026-08-29 18:52:58 [main] INFO  t.g.io/epos-eric/metadata-database/deploy:main - Creating container for image: ghcr.io/epos-eric/metadata-database/deploy:main
2026-08-29 18:52:58 [main] INFO  t.g.io/epos-eric/metadata-database/deploy:main - Container ghcr.io/epos-eric/metadata-database/deploy:main is starting: d6df812a50f369ab6098ce174ee10719b3bb8eb5e0eaf57064b44f89b55a3078
2026-08-29 18:53:02 [main] INFO  t.g.io/epos-eric/metadata-database/deploy:main - Container ghcr.io/epos-eric/metadata-database/deploy:main started in PT4.131990576S
2026-08-29 18:53:02 [main] INFO  t.g.io/epos-eric/metadata-database/deploy:main - Container is started (JDBC URL: jdbc:postgresql://localhost:34228/cerif?loggerLevel=OFF)
2026-08-29 18:53:02 [main] INFO  com.zaxxer.hikari.HikariDataSource - metadata_catalogue - Starting...
2026-08-29 18:53:02 [main] INFO  com.zaxxer.hikari.pool.HikariPool - metadata_catalogue - Added connection org.postgresql.jdbc.PgConnection@63684b8d
2026-08-29 18:53:02 [main] INFO  com.zaxxer.hikari.HikariDataSource - metadata_catalogue - Start completed.
2026-08-29 18:53:03 [main] INFO  com.zaxxer.hikari.HikariDataSource - metadata_catalogue - Shutdown initiated...
2026-08-29 18:53:03 [main] INFO  com.zaxxer.hikari.HikariDataSource - metadata_catalogue - Shutdown completed.
2026-08-29 18:53:03 [main] INFO  t.g.io/epos-eric/metadata-database/deploy:main - Creating container for image: ghcr.io/epos-eric/metadata-database/deploy:main
2026-08-29 18:53:03 [main] INFO  t.g.io/epos-eric/metadata-database/deploy:main - Container ghcr.io/epos-eric/metadata-database/deploy:main is starting: 150fdf128a658081540fe1b388f287aec3c1e5ead38160e648d66caaf2d52ff5
2026-08-29 18:53:08 [main] INFO  t.g.io/epos-eric/metadata-database/deploy:main - Container ghcr.io/epos-eric/metadata-database/deploy:main started in PT5.221181838S
2026-08-29 18:53:08 [main] INFO  t.g.io/epos-eric/metadata-database/deploy:main - Container is started (JDBC URL: jdbc:postgresql://localhost:34229/cerif?loggerLevel=OFF)
2026-08-29 18:53:08 [main] INFO  com.zaxxer.hikari.HikariDataSource - metadata_catalogue - Starting...
2026-08-29 18:53:08 [main] INFO  com.zaxxer.hikari.pool.HikariPool - metadata_catalogue - Added connection org.postgresql.jdbc.PgConnection@68a4face
2026-08-29 18:53:08 [main] INFO  com.zaxxer.hikari.HikariDataSource - metadata_catalogue - Start completed.
2026-08-29 18:53:12 [main] INFO  com.zaxxer.hikari.HikariDataSource - metadata_catalogue - Shutdown initiated...
2026-08-29 18:53:12 [main] INFO  com.zaxxer.hikari.HikariDataSource - metadata_catalogue - Shutdown completed.
2026-08-29 18:53:12 [main] INFO  t.g.io/epos-eric/metadata-database/deploy:main - Creating container for image: ghcr.io/epos-eric/metadata-database/deploy:main
2026-08-29 18:53:12 [main] INFO  t.g.io/epos-eric/metadata-database/deploy:main - Container ghcr.io/epos-eric/metadata-database/deploy:main is starting: 12b152ddf843577333627437eed9b083e64901820490c644c0407f3275880471
2026-08-29 18:53:17 [main] INFO  t.g.io/epos-eric/metadata-database/deploy:main - Container ghcr.io/epos-eric/metadata-database/deploy:main started in PT4.873753475S
2026-08-29 18:53:17 [main] INFO  t.g.io/epos-eric/metadata-database/deploy:main - Container is started (JDBC URL: jdbc:postgresql://localhost:34230/cerif?loggerLevel=OFF)
2026-08-29 18:53:17 [main] INFO  com.zaxxer.hikari.HikariDataSource - metadata_catalogue - Starting...
2026-08-29 18:53:17 [main] INFO  com.zaxxer.hikari.pool.HikariPool - metadata_catalogue - Added connection org.postgresql.jdbc.PgConnection@dd1ebe
2026-08-29 18:53:17 [main] INFO  com.zaxxer.hikari.HikariDataSource - metadata_catalogue - Start completed.
2026-08-29 18:53:17 [main] INFO  com.zaxxer.hikari.HikariDataSource - metadata_catalogue - Shutdown initiated...
2026-08-29 18:53:17 [main] INFO  com.zaxxer.hikari.HikariDataSource - metadata_catalogue - Shutdown completed.
2026-08-29 18:53:18 [main] INFO  t.g.io/epos-eric/metadata-database/deploy:main - Creating container for image: ghcr.io/epos-eric/metadata-database/deploy:main
2026-08-29 18:53:18 [main] INFO  t.g.io/epos-eric/metadata-database/deploy:main - Container ghcr.io/epos-eric/metadata-database/deploy:main is starting: 1ad17e76fedf51d05d6eef226c2733e4fc843bc60a56765a9e071da062d2c257
2026-08-29 18:53:23 [main] INFO  t.g.io/epos-eric/metadata-database/deploy:main - Container ghcr.io/epos-eric/metadata-database/deploy:main started in PT4.90078435S
2026-08-29 18:53:23 [main] INFO  t.g.io/epos-eric/metadata-database/deploy:main - Container is started (JDBC URL: jdbc:postgresql://localhost:34231/cerif?loggerLevel=OFF)
2026-08-29 18:53:23 [main] INFO  com.zaxxer.hikari.HikariDataSource - metadata_catalogue - Starting...
2026-08-29 18:53:23 [main] INFO  com.zaxxer.hikari.pool.HikariPool - metadata_catalogue - Added connection org.postgresql.jdbc.PgConnection@26558c25
2026-08-29 18:53:23 [main] INFO  com.zaxxer.hikari.HikariDataSource - metadata_catalogue - Start completed.
2026-08-29 18:53:23 [main] INFO  com.zaxxer.hikari.HikariDataSource - metadata_catalogue - Shutdown initiated...
2026-08-29 18:53:23 [main] INFO  com.zaxxer.hikari.HikariDataSource - metadata_catalogue - Shutdown completed.
2026-08-29 18:53:24 [main] INFO  t.g.io/epos-eric/metadata-database/deploy:main - Creating container for image: ghcr.io/epos-eric/metadata-database/deploy:main
2026-08-29 18:53:24 [main] INFO  t.g.io/epos-eric/metadata-database/deploy:main - Container ghcr.io/epos-eric/metadata-database/deploy:main is starting: 531ac377d10a0988e94354fbc68742fc1f975b963bbc2982dbf42a1e0e937016
2026-08-29 18:53:29 [main] INFO  t.g.io/epos-eric/metadata-database/deploy:main - Container ghcr.io/epos-eric/metadata-database/deploy:main started in PT5.108523413S
2026-08-29 18:53:29 [main] INFO  t.g.io/epos-eric/metadata-database/deploy:main - Container is started (JDBC URL: jdbc:postgresql://localhost:34232/cerif?loggerLevel=OFF)
2026-08-29 18:53:29 [main] INFO  com.zaxxer.hikari.HikariDataSource - metadata_catalogue - Starting...
2026-08-29 18:53:29 [main] INFO  com.zaxxer.hikari.pool.HikariPool - metadata_catalogue - Added connection org.postgresql.jdbc.PgConnection@38785db9
2026-08-29 18:53:29 [main] INFO  com.zaxxer.hikari.HikariDataSource - metadata_catalogue - Start completed.
2026-08-29 18:53:29 [main] INFO  com.zaxxer.hikari.HikariDataSource - metadata_catalogue - Shutdown initiated...
2026-08-29 18:53:29 [main] INFO  com.zaxxer.hikari.HikariDataSource - metadata_catalogue - Shutdown completed.
2026-08-29 18:53:29 [main] INFO  t.g.io/epos-eric/metadata-database/deploy:main - Creating container for image: ghcr.io/epos-eric/metadata-database/deploy:main
2026-08-29 18:53:30 [main] INFO  t.g.io/epos-eric/metadata-database/deploy:main - Container ghcr.io/epos-eric/metadata-database/deploy:main is starting: 9bc7a21cdb156b38def5cd2e288b7457026e1fd7719c3e4162b6a185a63124d9
2026-08-29 18:53:34 [main] INFO  t.g.io/epos-eric/metadata-database/deploy:main - Container ghcr.io/epos-eric/metadata-database/deploy:main started in PT4.821103831S
2026-08-29 18:53:34 [main] INFO  t.g.io/epos-eric/metadata-database/deploy:main - Container is started (JDBC URL: jdbc:postgresql://localhost:34233/cerif?loggerLevel=OFF)
2026-08-29 18:53:34 [main] INFO  com.zaxxer.hikari.HikariDataSource - metadata_catalogue - Starting...
2026-08-29 18:53:34 [main] INFO  com.zaxxer.hikari.pool.HikariPool - metadata_catalogue - Added connection org.postgresql.jdbc.PgConnection@612a6cd4
2026-08-29 18:53:34 [main] INFO  com.zaxxer.hikari.HikariDataSource - metadata_catalogue - Start completed.
2026-08-29 18:53:46 [main] INFO  com.zaxxer.hikari.HikariDataSource - metadata_catalogue - Shutdown initiated...
2026-08-29 18:53:46 [main] INFO  com.zaxxer.hikari.HikariDataSource - metadata_catalogue - Shutdown completed.
2026-08-29 18:53:46 [main] INFO  t.g.io/epos-eric/metadata-database/deploy:main - Creating container for image: ghcr.io/epos-eric/metadata-database/deploy:main
2026-08-29 18:53:46 [main] INFO  t.g.io/epos-eric/metadata-database/deploy:main - Container ghcr.io/epos-eric/metadata-database/deploy:main is starting: a18f0ebebaaa33cc05902c50d4960bb02c0777e01c62d9dac013630b1b905b78
2026-08-29 18:53:51 [main] INFO  t.g.io/epos-eric/metadata-database/deploy:main - Container ghcr.io/epos-eric/metadata-database/deploy:main started in PT4.374369473S
2026-08-29 18:53:51 [main] INFO  t.g.io/epos-eric/metadata-database/deploy:main - Container is started (JDBC URL: jdbc:postgresql://localhost:34234/cerif?loggerLevel=OFF)
2026-08-29 18:53:51 [main] INFO  com.zaxxer.hikari.HikariDataSource - metadata_catalogue - Starting...
2026-08-29 18:53:51 [main] INFO  com.zaxxer.hikari.pool.HikariPool - metadata_catalogue - Added connection org.postgresql.jdbc.PgConnection@764b13e6
2026-08-29 18:53:51 [main] INFO  com.zaxxer.hikari.HikariDataSource - metadata_catalogue - Start completed.
2026-08-29 18:53:51 [main] INFO  com.zaxxer.hikari.HikariDataSource - metadata_catalogue - Shutdown initiated...
2026-08-29 18:53:51 [main] INFO  com.zaxxer.hikari.HikariDataSource - metadata_catalogue - Shutdown completed.
2026-08-29 18:53:51 [main] INFO  t.g.io/epos-eric/metadata-database/deploy:main - Creating container for image: ghcr.io/epos-eric/metadata-database/deploy:main
2026-08-29 18:53:51 [main] INFO  t.g.io/epos-eric/metadata-database/deploy:main - Container ghcr.io/epos-eric/metadata-database/deploy:main is starting: c9439a62cf6ae839280a8f44c682a38318897411f50d4f09e8b621017d033b44
2026-08-29 18:53:56 [main] INFO  t.g.io/epos-eric/metadata-database/deploy:main - Container ghcr.io/epos-eric/metadata-database/deploy:main started in PT4.39587615S
2026-08-29 18:53:56 [main] INFO  t.g.io/epos-eric/metadata-database/deploy:main - Container is started (JDBC URL: jdbc:postgresql://localhost:34235/cerif?loggerLevel=OFF)
2026-08-29 18:53:56 [main] INFO  com.zaxxer.hikari.HikariDataSource - metadata_catalogue - Starting...
2026-08-29 18:53:56 [main] INFO  com.zaxxer.hikari.pool.HikariPool - metadata_catalogue - Added connection org.postgresql.jdbc.PgConnection@2c41c568
2026-08-29 18:53:56 [main] INFO  com.zaxxer.hikari.HikariDataSource - metadata_catalogue - Start completed.
2026-08-29 18:53:58 [main] INFO  com.zaxxer.hikari.HikariDataSource - metadata_catalogue - Shutdown initiated...
2026-08-29 18:53:58 [main] INFO  com.zaxxer.hikari.HikariDataSource - metadata_catalogue - Shutdown completed.
2026-08-29 18:53:58 [main] INFO  t.g.io/epos-eric/metadata-database/deploy:main - Creating container for image: ghcr.io/epos-eric/metadata-database/deploy:main
2026-08-29 18:53:58 [main] INFO  t.g.io/epos-eric/metadata-database/deploy:main - Container ghcr.io/epos-eric/metadata-database/deploy:main is starting: 6334db14413f7bfaff38ab94116557ece9987c56c1fce00c40bbd8891731389c
2026-08-29 18:54:03 [main] INFO  t.g.io/epos-eric/metadata-database/deploy:main - Container ghcr.io/epos-eric/metadata-database/deploy:main started in PT4.824827624S
2026-08-29 18:54:03 [main] INFO  t.g.io/epos-eric/metadata-database/deploy:main - Container is started (JDBC URL: jdbc:postgresql://localhost:34236/cerif?loggerLevel=OFF)
2026-08-29 18:54:03 [main] INFO  com.zaxxer.hikari.HikariDataSource - metadata_catalogue - Starting...
2026-08-29 18:54:03 [main] INFO  com.zaxxer.hikari.pool.HikariPool - metadata_catalogue - Added connection org.postgresql.jdbc.PgConnection@259c053c
2026-08-29 18:54:03 [main] INFO  com.zaxxer.hikari.HikariDataSource - metadata_catalogue - Start completed.
2026-08-29 18:54:03 [main] INFO  com.zaxxer.hikari.HikariDataSource - metadata_catalogue - Shutdown initiated...
2026-08-29 18:54:03 [main] INFO  com.zaxxer.hikari.HikariDataSource - metadata_catalogue - Shutdown completed.
2026-08-29 18:54:04 [main] INFO  t.g.io/epos-eric/metadata-database/deploy:main - Creating container for image: ghcr.io/epos-eric/metadata-database/deploy:main
2026-08-29 18:54:04 [main] INFO  t.g.io/epos-eric/metadata-database/deploy:main - Container ghcr.io/epos-eric/metadata-database/deploy:main is starting: 1a9d170c6012b92aed8963cb2fe097e4c3ab5b82402ab039dca62bec7beae0c1
2026-08-29 18:54:09 [main] INFO  t.g.io/epos-eric/metadata-database/deploy:main - Container ghcr.io/epos-eric/metadata-database/deploy:main started in PT5.179419158S
2026-08-29 18:54:09 [main] INFO  t.g.io/epos-eric/metadata-database/deploy:main - Container is started (JDBC URL: jdbc:postgresql://localhost:34237/cerif?loggerLevel=OFF)
2026-08-29 18:54:09 [main] INFO  com.zaxxer.hikari.HikariDataSource - metadata_catalogue - Starting...
2026-08-29 18:54:09 [main] INFO  com.zaxxer.hikari.pool.HikariPool - metadata_catalogue - Added connection org.postgresql.jdbc.PgConnection@d09addf
2026-08-29 18:54:09 [main] INFO  com.zaxxer.hikari.HikariDataSource - metadata_catalogue - Start completed.
2026-08-29 18:54:10 [main] INFO  com.zaxxer.hikari.HikariDataSource - metadata_catalogue - Shutdown initiated...
2026-08-29 18:54:10 [main] INFO  com.zaxxer.hikari.HikariDataSource - metadata_catalogue - Shutdown completed.
2026-08-29 18:54:10 [main] INFO  t.g.io/epos-eric/metadata-database/deploy:main - Creating container for image: ghcr.io/epos-eric/metadata-database/deploy:main
2026-08-29 18:54:10 [main] INFO  t.g.io/epos-eric/metadata-database/deploy:main - Container ghcr.io/epos-eric/metadata-database/deploy:main is starting: e8f7e39e431239f9f6a5bada82adc56a4bb742484324890326d44599c6bfc5e7
2026-08-29 18:54:14 [main] INFO  t.g.io/epos-eric/metadata-database/deploy:main - Container ghcr.io/epos-eric/metadata-database/deploy:main started in PT4.375008746S
2026-08-29 18:54:14 [main] INFO  t.g.io/epos-eric/metadata-database/deploy:main - Container is started (JDBC URL: jdbc:postgresql://localhost:34238/cerif?loggerLevel=OFF)
2026-08-29 18:54:14 [main] INFO  com.zaxxer.hikari.HikariDataSource - metadata_catalogue - Starting...
2026-08-29 18:54:14 [main] INFO  com.zaxxer.hikari.pool.HikariPool - metadata_catalogue - Added connection org.postgresql.jdbc.PgConnection@7b75b5f1
2026-08-29 18:54:14 [main] INFO  com.zaxxer.hikari.HikariDataSource - metadata_catalogue - Start completed.
2026-08-29 18:54:15 [main] INFO  com.zaxxer.hikari.HikariDataSource - metadata_catalogue - Shutdown initiated...
2026-08-29 18:54:15 [main] INFO  com.zaxxer.hikari.HikariDataSource - metadata_catalogue - Shutdown completed.
2026-08-29 18:54:15 [main] INFO  t.g.io/epos-eric/metadata-database/deploy:main - Creating container for image: ghcr.io/epos-eric/metadata-database/deploy:main
2026-08-29 18:54:16 [main] INFO  t.g.io/epos-eric/metadata-database/deploy:main - Container ghcr.io/epos-eric/metadata-database/deploy:main is starting: 52a663152fb2cadbba98038258c9ffeeccbaf2993beb06245a3e0244a9bf7180
2026-08-29 18:54:20 [main] INFO  t.g.io/epos-eric/metadata-database/deploy:main - Container ghcr.io/epos-eric/metadata-database/deploy:main started in PT4.714552893S
2026-08-29 18:54:20 [main] INFO  t.g.io/epos-eric/metadata-database/deploy:main - Container is started (JDBC URL: jdbc:postgresql://localhost:34239/cerif?loggerLevel=OFF)
2026-08-29 18:54:20 [main] INFO  com.zaxxer.hikari.HikariDataSource - metadata_catalogue - Starting...
2026-08-29 18:54:20 [main] INFO  com.zaxxer.hikari.pool.HikariPool - metadata_catalogue - Added connection org.postgresql.jdbc.PgConnection@a23478b
2026-08-29 18:54:20 [main] INFO  com.zaxxer.hikari.HikariDataSource - metadata_catalogue - Start completed.
2026-08-29 18:54:20 [main] INFO  com.zaxxer.hikari.HikariDataSource - metadata_catalogue - Shutdown initiated...
2026-08-29 18:54:20 [main] INFO  com.zaxxer.hikari.HikariDataSource - metadata_catalogue - Shutdown completed.
2026-08-29 18:54:21 [main] INFO  t.g.io/epos-eric/metadata-database/deploy:main - Creating container for image: ghcr.io/epos-eric/metadata-database/deploy:main
2026-08-29 18:54:21 [main] INFO  t.g.io/epos-eric/metadata-database/deploy:main - Container ghcr.io/epos-eric/metadata-database/deploy:main is starting: 13182371d463ab386ad89d09f8c18523c20c7d6347109803ac817122fe988133
2026-08-29 18:54:25 [main] INFO  t.g.io/epos-eric/metadata-database/deploy:main - Container ghcr.io/epos-eric/metadata-database/deploy:main started in PT4.331268777S
2026-08-29 18:54:25 [main] INFO  t.g.io/epos-eric/metadata-database/deploy:main - Container is started (JDBC URL: jdbc:postgresql://localhost:34240/cerif?loggerLevel=OFF)
2026-08-29 18:54:25 [main] INFO  com.zaxxer.hikari.HikariDataSource - metadata_catalogue - Starting...
2026-08-29 18:54:25 [main] INFO  com.zaxxer.hikari.pool.HikariPool - metadata_catalogue - Added connection org.postgresql.jdbc.PgConnection@2131bab1
2026-08-29 18:54:25 [main] INFO  com.zaxxer.hikari.HikariDataSource - metadata_catalogue - Start completed.
2026-08-29 18:54:25 [main] INFO  com.zaxxer.hikari.HikariDataSource - metadata_catalogue - Shutdown initiated...
2026-08-29 18:54:25 [main] INFO  com.zaxxer.hikari.HikariDataSource - metadata_catalogue - Shutdown completed.
2026-08-29 18:54:26 [main] INFO  t.g.io/epos-eric/metadata-database/deploy:main - Creating container for image: ghcr.io/epos-eric/metadata-database/deploy:main
2026-08-29 18:54:26 [main] INFO  t.g.io/epos-eric/metadata-database/deploy:main - Container ghcr.io/epos-eric/metadata-database/deploy:main is starting: edc5f5c11e6a4186f6f217e3573a3234f3a7f84c0bf16f075c9cd26511c342a8
2026-08-29 18:54:31 [main] INFO  t.g.io/epos-eric/metadata-database/deploy:main - Container ghcr.io/epos-eric/metadata-database/deploy:main started in PT5.078949025S
2026-08-29 18:54:31 [main] INFO  t.g.io/epos-eric/metadata-database/deploy:main - Container is started (JDBC URL: jdbc:postgresql://localhost:34241/cerif?loggerLevel=OFF)
2026-08-29 18:54:31 [main] INFO  com.zaxxer.hikari.HikariDataSource - metadata_catalogue - Starting...
2026-08-29 18:54:31 [main] INFO  com.zaxxer.hikari.pool.HikariPool - metadata_catalogue - Added connection org.postgresql.jdbc.PgConnection@63a25833
2026-08-29 18:54:31 [main] INFO  com.zaxxer.hikari.HikariDataSource - metadata_catalogue - Start completed.
2026-08-29 18:54:31 [main] INFO  com.zaxxer.hikari.HikariDataSource - metadata_catalogue - Shutdown initiated...
2026-08-29 18:54:31 [main] INFO  com.zaxxer.hikari.HikariDataSource - metadata_catalogue - Shutdown completed.
2026-08-29 18:54:32 [main] INFO  t.g.io/epos-eric/metadata-database/deploy:main - Creating container for image: ghcr.io/epos-eric/metadata-database/deploy:main
2026-08-29 18:54:32 [main] INFO  t.g.io/epos-eric/metadata-database/deploy:main - Container ghcr.io/epos-eric/metadata-database/deploy:main is starting: d3d3a980a83bcb0eefa1a3f1e3350729df4da40982c8fb5cc9696663ca0b94b7
2026-08-29 18:54:36 [main] INFO  t.g.io/epos-eric/metadata-database/deploy:main - Container ghcr.io/epos-eric/metadata-database/deploy:main started in PT4.830351534S
2026-08-29 18:54:36 [main] INFO  t.g.io/epos-eric/metadata-database/deploy:main - Container is started (JDBC URL: jdbc:postgresql://localhost:34242/cerif?loggerLevel=OFF)
2026-08-29 18:54:36 [main] INFO  com.zaxxer.hikari.HikariDataSource - metadata_catalogue - Starting...
2026-08-29 18:54:36 [main] INFO  com.zaxxer.hikari.pool.HikariPool - metadata_catalogue - Added connection org.postgresql.jdbc.PgConnection@71e2627f
2026-08-29 18:54:36 [main] INFO  com.zaxxer.hikari.HikariDataSource - metadata_catalogue - Start completed.
2026-08-29 18:54:37 [main] INFO  com.zaxxer.hikari.HikariDataSource - metadata_catalogue - Shutdown initiated...
2026-08-29 18:54:37 [main] INFO  com.zaxxer.hikari.HikariDataSource - metadata_catalogue - Shutdown completed.
2026-08-29 18:54:37 [main] INFO  t.g.io/epos-eric/metadata-database/deploy:main - Creating container for image: ghcr.io/epos-eric/metadata-database/deploy:main
2026-08-29 18:54:37 [main] INFO  t.g.io/epos-eric/metadata-database/deploy:main - Container ghcr.io/epos-eric/metadata-database/deploy:main is starting: 32275ac27bb47c685a5f88c8467ae0caed6ccf94721ab3d199679349202c1c80
2026-08-29 18:54:42 [main] INFO  t.g.io/epos-eric/metadata-database/deploy:main - Container ghcr.io/epos-eric/metadata-database/deploy:main started in PT4.595065377S
2026-08-29 18:54:42 [main] INFO  t.g.io/epos-eric/metadata-database/deploy:main - Container is started (JDBC URL: jdbc:postgresql://localhost:34243/cerif?loggerLevel=OFF)
2026-08-29 18:54:42 [main] INFO  com.zaxxer.hikari.HikariDataSource - metadata_catalogue - Starting...
2026-08-29 18:54:42 [main] INFO  com.zaxxer.hikari.pool.HikariPool - metadata_catalogue - Added connection org.postgresql.jdbc.PgConnection@50129811
2026-08-29 18:54:42 [main] INFO  com.zaxxer.hikari.HikariDataSource - metadata_catalogue - Start completed.
2026-08-29 18:54:42 [main] INFO  com.zaxxer.hikari.HikariDataSource - metadata_catalogue - Shutdown initiated...
2026-08-29 18:54:42 [main] INFO  com.zaxxer.hikari.HikariDataSource - metadata_catalogue - Shutdown completed.
2026-08-29 18:54:43 [main] INFO  t.g.io/epos-eric/metadata-database/deploy:main - Creating container for image: ghcr.io/epos-eric/metadata-database/deploy:main
2026-08-29 18:54:43 [main] INFO  t.g.io/epos-eric/metadata-database/deploy:main - Container ghcr.io/epos-eric/metadata-database/deploy:main is starting: bfeb2a676721a46ad42041d46cee14e47a0cbc35c8d7e7d0d5e9c9cb4c68e2cf
2026-08-29 18:54:47 [main] INFO  t.g.io/epos-eric/metadata-database/deploy:main - Container ghcr.io/epos-eric/metadata-database/deploy:main started in PT4.561540277S
2026-08-29 18:54:47 [main] INFO  t.g.io/epos-eric/metadata-database/deploy:main - Container is started (JDBC URL: jdbc:postgresql://localhost:34244/cerif?loggerLevel=OFF)
2026-08-29 18:54:47 [main] INFO  com.zaxxer.hikari.HikariDataSource - metadata_catalogue - Starting...
2026-08-29 18:54:47 [main] INFO  com.zaxxer.hikari.pool.HikariPool - metadata_catalogue - Added connection org.postgresql.jdbc.PgConnection@2bbbb91d
2026-08-29 18:54:47 [main] INFO  com.zaxxer.hikari.HikariDataSource - metadata_catalogue - Start completed.
2026-08-29 18:54:48 [main] INFO  com.zaxxer.hikari.HikariDataSource - metadata_catalogue - Shutdown initiated...
2026-08-29 18:54:48 [main] INFO  com.zaxxer.hikari.HikariDataSource - metadata_catalogue - Shutdown completed.
2026-08-29 18:54:48 [main] INFO  t.g.io/epos-eric/metadata-database/deploy:main - Creating container for image: ghcr.io/epos-eric/metadata-database/deploy:main
2026-08-29 18:54:48 [main] INFO  t.g.io/epos-eric/metadata-database/deploy:main - Container ghcr.io/epos-eric/metadata-database/deploy:main is starting: 775a83781c93c10ddff527df25fc00b0043f724e6040f8c21618a95d3a240efb
2026-08-29 18:54:53 [main] INFO  t.g.io/epos-eric/metadata-database/deploy:main - Container ghcr.io/epos-eric/metadata-database/deploy:main started in PT4.495940466S
2026-08-29 18:54:53 [main] INFO  t.g.io/epos-eric/metadata-database/deploy:main - Container is started (JDBC URL: jdbc:postgresql://localhost:34245/cerif?loggerLevel=OFF)
2026-08-29 18:54:53 [main] INFO  com.zaxxer.hikari.HikariDataSource - metadata_catalogue - Starting...
2026-08-29 18:54:53 [main] INFO  com.zaxxer.hikari.pool.HikariPool - metadata_catalogue - Added connection org.postgresql.jdbc.PgConnection@39f99cf9
2026-08-29 18:54:53 [main] INFO  com.zaxxer.hikari.HikariDataSource - metadata_catalogue - Start completed.
2026-08-29 18:54:53 [main] INFO  com.zaxxer.hikari.HikariDataSource - metadata_catalogue - Shutdown initiated...
2026-08-29 18:54:53 [main] INFO  com.zaxxer.hikari.HikariDataSource - metadata_catalogue - Shutdown completed.
2026-08-29 18:54:53 [main] INFO  t.g.io/epos-eric/metadata-database/deploy:main - Creating container for image: ghcr.io/epos-eric/metadata-database/deploy:main
2026-08-29 18:54:54 [main] INFO  t.g.io/epos-eric/metadata-database/deploy:main - Container ghcr.io/epos-eric/metadata-database/deploy:main is starting: 774b7b8467f892809c9d2f967c105740dc3ed16879f69e953dbc1dad0da7cdbc
2026-08-29 18:54:58 [main] INFO  t.g.io/epos-eric/metadata-database/deploy:main - Container ghcr.io/epos-eric/metadata-database/deploy:main started in PT4.901416474S
2026-08-29 18:54:58 [main] INFO  t.g.io/epos-eric/metadata-database/deploy:main - Container is started (JDBC URL: jdbc:postgresql://localhost:34246/cerif?loggerLevel=OFF)
2026-08-29 18:54:58 [main] INFO  com.zaxxer.hikari.HikariDataSource - metadata_catalogue - Starting...
2026-08-29 18:54:58 [main] INFO  com.zaxxer.hikari.pool.HikariPool - metadata_catalogue - Added connection org.postgresql.jdbc.PgConnection@78f144e6
2026-08-29 18:54:58 [main] INFO  com.zaxxer.hikari.HikariDataSource - metadata_catalogue - Start completed.
2026-08-29 18:54:59 [main] INFO  com.zaxxer.hikari.HikariDataSource - metadata_catalogue - Shutdown initiated...
2026-08-29 18:54:59 [main] INFO  com.zaxxer.hikari.HikariDataSource - metadata_catalogue - Shutdown completed.
2026-08-29 18:54:59 [main] INFO  t.g.io/epos-eric/metadata-database/deploy:main - Creating container for image: ghcr.io/epos-eric/metadata-database/deploy:main
2026-08-29 18:54:59 [main] INFO  t.g.io/epos-eric/metadata-database/deploy:main - Container ghcr.io/epos-eric/metadata-database/deploy:main is starting: e353cd53d8f04cb412afc0503171804075404bbf5375b830394856efac48d6a9
2026-08-29 18:55:04 [main] INFO  t.g.io/epos-eric/metadata-database/deploy:main - Container ghcr.io/epos-eric/metadata-database/deploy:main started in PT5.026923126S
2026-08-29 18:55:04 [main] INFO  t.g.io/epos-eric/metadata-database/deploy:main - Container is started (JDBC URL: jdbc:postgresql://localhost:34247/cerif?loggerLevel=OFF)
2026-08-29 18:55:04 [main] INFO  com.zaxxer.hikari.HikariDataSource - metadata_catalogue - Starting...
2026-08-29 18:55:04 [main] INFO  com.zaxxer.hikari.pool.HikariPool - metadata_catalogue - Added connection org.postgresql.jdbc.PgConnection@3d7c3a92
2026-08-29 18:55:04 [main] INFO  com.zaxxer.hikari.HikariDataSource - metadata_catalogue - Start completed.
2026-08-29 18:55:05 [main] INFO  com.zaxxer.hikari.HikariDataSource - metadata_catalogue - Shutdown initiated...
2026-08-29 18:55:05 [main] INFO  com.zaxxer.hikari.HikariDataSource - metadata_catalogue - Shutdown completed.
2026-08-29 18:55:05 [main] INFO  t.g.io/epos-eric/metadata-database/deploy:main - Creating container for image: ghcr.io/epos-eric/metadata-database/deploy:main
2026-08-29 18:55:05 [main] INFO  t.g.io/epos-eric/metadata-database/deploy:main - Container ghcr.io/epos-eric/metadata-database/deploy:main is starting: d7e6edcbfde003e60c92e9b9988d6cffed7711fe03145f53e6a3327a507e8635
2026-08-29 18:55:10 [main] INFO  t.g.io/epos-eric/metadata-database/deploy:main - Container ghcr.io/epos-eric/metadata-database/deploy:main started in PT4.946484192S
2026-08-29 18:55:10 [main] INFO  t.g.io/epos-eric/metadata-database/deploy:main - Container is started (JDBC URL: jdbc:postgresql://localhost:34248/cerif?loggerLevel=OFF)
2026-08-29 18:55:10 [main] INFO  com.zaxxer.hikari.HikariDataSource - metadata_catalogue - Starting...
2026-08-29 18:55:10 [main] INFO  com.zaxxer.hikari.pool.HikariPool - metadata_catalogue - Added connection org.postgresql.jdbc.PgConnection@5b835f64
2026-08-29 18:55:10 [main] INFO  com.zaxxer.hikari.HikariDataSource - metadata_catalogue - Start completed.
2026-08-29 18:55:10 [main] INFO  com.zaxxer.hikari.HikariDataSource - metadata_catalogue - Shutdown initiated...
2026-08-29 18:55:10 [main] INFO  com.zaxxer.hikari.HikariDataSource - metadata_catalogue - Shutdown completed.
2026-08-29 18:55:11 [main] INFO  t.g.io/epos-eric/metadata-database/deploy:main - Creating container for image: ghcr.io/epos-eric/metadata-database/deploy:main
2026-08-29 18:55:11 [main] INFO  t.g.io/epos-eric/metadata-database/deploy:main - Container ghcr.io/epos-eric/metadata-database/deploy:main is starting: f587b7f1025d75263350f65e77c481b2d6b77ab4e6c144bce11e9efebbf933a7
2026-08-29 18:55:16 [main] INFO  t.g.io/epos-eric/metadata-database/deploy:main - Container ghcr.io/epos-eric/metadata-database/deploy:main started in PT5.077898325S
2026-08-29 18:55:16 [main] INFO  t.g.io/epos-eric/metadata-database/deploy:main - Container is started (JDBC URL: jdbc:postgresql://localhost:34249/cerif?loggerLevel=OFF)
2026-08-29 18:55:16 [main] INFO  com.zaxxer.hikari.HikariDataSource - metadata_catalogue - Starting...
2026-08-29 18:55:16 [main] INFO  com.zaxxer.hikari.pool.HikariPool - metadata_catalogue - Added connection org.postgresql.jdbc.PgConnection@616a7288
2026-08-29 18:55:16 [main] INFO  com.zaxxer.hikari.HikariDataSource - metadata_catalogue - Start completed.
2026-08-29 18:55:18 [main] INFO  com.zaxxer.hikari.HikariDataSource - metadata_catalogue - Shutdown initiated...
2026-08-29 18:55:18 [main] INFO  com.zaxxer.hikari.HikariDataSource - metadata_catalogue - Shutdown completed.
2026-08-29 18:55:18 [main] INFO  t.g.io/epos-eric/metadata-database/deploy:main - Creating container for image: ghcr.io/epos-eric/metadata-database/deploy:main
2026-08-29 18:55:18 [main] INFO  t.g.io/epos-eric/metadata-database/deploy:main - Container ghcr.io/epos-eric/metadata-database/deploy:main is starting: 9ac0c4dd450fcbce0d3c820b3a7951d17b1b40763925e34ec6f0788171baa896
2026-08-29 18:55:23 [main] INFO  t.g.io/epos-eric/metadata-database/deploy:main - Container ghcr.io/epos-eric/metadata-database/deploy:main started in PT5.184495094S
2026-08-29 18:55:23 [main] INFO  t.g.io/epos-eric/metadata-database/deploy:main - Container is started (JDBC URL: jdbc:postgresql://localhost:34250/cerif?loggerLevel=OFF)
2026-08-29 18:55:23 [main] INFO  com.zaxxer.hikari.HikariDataSource - metadata_catalogue - Starting...
2026-08-29 18:55:23 [main] INFO  com.zaxxer.hikari.pool.HikariPool - metadata_catalogue - Added connection org.postgresql.jdbc.PgConnection@6551db8c
2026-08-29 18:55:23 [main] INFO  com.zaxxer.hikari.HikariDataSource - metadata_catalogue - Start completed.
2026-08-29 18:55:24 [main] INFO  com.zaxxer.hikari.HikariDataSource - metadata_catalogue - Shutdown initiated...
2026-08-29 18:55:24 [main] INFO  com.zaxxer.hikari.HikariDataSource - metadata_catalogue - Shutdown completed.
2026-08-29 18:55:24 [main] INFO  t.g.io/epos-eric/metadata-database/deploy:main - Creating container for image: ghcr.io/epos-eric/metadata-database/deploy:main
2026-08-29 18:55:24 [main] INFO  t.g.io/epos-eric/metadata-database/deploy:main - Container ghcr.io/epos-eric/metadata-database/deploy:main is starting: 123dd26dd360f842ae81e9cd75a2e01c7c7b329079a043e4bb82e66044b245b8
2026-08-29 18:55:29 [main] INFO  t.g.io/epos-eric/metadata-database/deploy:main - Container ghcr.io/epos-eric/metadata-database/deploy:main started in PT4.919411775S
2026-08-29 18:55:29 [main] INFO  t.g.io/epos-eric/metadata-database/deploy:main - Container is started (JDBC URL: jdbc:postgresql://localhost:34251/cerif?loggerLevel=OFF)
2026-08-29 18:55:29 [main] INFO  com.zaxxer.hikari.HikariDataSource - metadata_catalogue - Starting...
2026-08-29 18:55:29 [main] INFO  com.zaxxer.hikari.pool.HikariPool - metadata_catalogue - Added connection org.postgresql.jdbc.PgConnection@4094fad2
2026-08-29 18:55:29 [main] INFO  com.zaxxer.hikari.HikariDataSource - metadata_catalogue - Start completed.
2026-08-29 18:55:29 [main] INFO  com.zaxxer.hikari.HikariDataSource - metadata_catalogue - Shutdown initiated...
2026-08-29 18:55:29 [main] INFO  com.zaxxer.hikari.HikariDataSource - metadata_catalogue - Shutdown completed.
2026-08-29 18:55:30 [main] INFO  t.g.io/epos-eric/metadata-database/deploy:main - Creating container for image: ghcr.io/epos-eric/metadata-database/deploy:main
2026-08-29 18:55:30 [main] INFO  t.g.io/epos-eric/metadata-database/deploy:main - Container ghcr.io/epos-eric/metadata-database/deploy:main is starting: 6097c0fcf80d7c52a9c65142bd1d075dd5a4d359c15a73993ee9c614fccb5230
2026-08-29 18:55:33 [main] INFO  t.g.io/epos-eric/metadata-database/deploy:main - Container ghcr.io/epos-eric/metadata-database/deploy:main started in PT3.682485939S
2026-08-29 18:55:33 [main] INFO  t.g.io/epos-eric/metadata-database/deploy:main - Container is started (JDBC URL: jdbc:postgresql://localhost:34252/cerif?loggerLevel=OFF)
2026-08-29 18:55:33 [main] INFO  com.zaxxer.hikari.HikariDataSource - metadata_catalogue - Starting...
2026-08-29 18:55:34 [main] INFO  com.zaxxer.hikari.pool.HikariPool - metadata_catalogue - Added connection org.postgresql.jdbc.PgConnection@79606941
2026-08-29 18:55:34 [main] INFO  com.zaxxer.hikari.HikariDataSource - metadata_catalogue - Start completed.
2026-08-29 18:55:34 [main] INFO  com.zaxxer.hikari.HikariDataSource - metadata_catalogue - Shutdown initiated...
2026-08-29 18:55:34 [main] INFO  com.zaxxer.hikari.HikariDataSource - metadata_catalogue - Shutdown completed.
2026-08-29 18:55:34 [main] INFO  t.g.io/epos-eric/metadata-database/deploy:main - Creating container for image: ghcr.io/epos-eric/metadata-database/deploy:main
2026-08-29 18:55:35 [main] INFO  t.g.io/epos-eric/metadata-database/deploy:main - Container ghcr.io/epos-eric/metadata-database/deploy:main is starting: fcec659470c5e71be0a557ca5e6eabc2dfeb9fbed7b81e7ebb79c579104acc49
2026-08-29 18:55:39 [main] INFO  t.g.io/epos-eric/metadata-database/deploy:main - Container ghcr.io/epos-eric/metadata-database/deploy:main started in PT4.946369272S
2026-08-29 18:55:39 [main] INFO  t.g.io/epos-eric/metadata-database/deploy:main - Container is started (JDBC URL: jdbc:postgresql://localhost:34253/cerif?loggerLevel=OFF)
2026-08-29 18:55:39 [main] INFO  com.zaxxer.hikari.HikariDataSource - metadata_catalogue - Starting...
2026-08-29 18:55:39 [main] INFO  com.zaxxer.hikari.pool.HikariPool - metadata_catalogue - Added connection org.postgresql.jdbc.PgConnection@1df12a5d
2026-08-29 18:55:39 [main] INFO  com.zaxxer.hikari.HikariDataSource - metadata_catalogue - Start completed.
2026-08-29 18:55:40 [main] INFO  com.zaxxer.hikari.HikariDataSource - metadata_catalogue - Shutdown initiated...
2026-08-29 18:55:40 [main] INFO  com.zaxxer.hikari.HikariDataSource - metadata_catalogue - Shutdown completed.
2026-08-29 18:55:40 [main] INFO  t.g.io/epos-eric/metadata-database/deploy:main - Creating container for image: ghcr.io/epos-eric/metadata-database/deploy:main
2026-08-29 18:55:40 [main] INFO  t.g.io/epos-eric/metadata-database/deploy:main - Container ghcr.io/epos-eric/metadata-database/deploy:main is starting: a53a82396fc43d5fa2971bcc5bd2643f8f43df443e093968af7f724a253e0241
2026-08-29 18:55:45 [main] INFO  t.g.io/epos-eric/metadata-database/deploy:main - Container ghcr.io/epos-eric/metadata-database/deploy:main started in PT5.0007403S
2026-08-29 18:55:45 [main] INFO  t.g.io/epos-eric/metadata-database/deploy:main - Container is started (JDBC URL: jdbc:postgresql://localhost:34254/cerif?loggerLevel=OFF)
2026-08-29 18:55:45 [main] INFO  com.zaxxer.hikari.HikariDataSource - metadata_catalogue - Starting...
2026-08-29 18:55:45 [main] INFO  com.zaxxer.hikari.pool.HikariPool - metadata_catalogue - Added connection org.postgresql.jdbc.PgConnection@6ccca657
2026-08-29 18:55:45 [main] INFO  com.zaxxer.hikari.HikariDataSource - metadata_catalogue - Start completed.
2026-08-29 18:55:45 [main] INFO  com.zaxxer.hikari.HikariDataSource - metadata_catalogue - Shutdown initiated...
2026-08-29 18:55:45 [main] INFO  com.zaxxer.hikari.HikariDataSource - metadata_catalogue - Shutdown completed.
2026-08-29 18:55:46 [main] INFO  t.g.io/epos-eric/metadata-database/deploy:main - Creating container for image: ghcr.io/epos-eric/metadata-database/deploy:main
2026-08-29 18:55:46 [main] INFO  t.g.io/epos-eric/metadata-database/deploy:main - Container ghcr.io/epos-eric/metadata-database/deploy:main is starting: aa3988720f4bfb3e88508b71fb93b92e9faf9732ba6d64f52cd118bbc5514571
2026-08-29 18:55:50 [main] INFO  t.g.io/epos-eric/metadata-database/deploy:main - Container ghcr.io/epos-eric/metadata-database/deploy:main started in PT4.547515742S
2026-08-29 18:55:50 [main] INFO  t.g.io/epos-eric/metadata-database/deploy:main - Container is started (JDBC URL: jdbc:postgresql://localhost:34255/cerif?loggerLevel=OFF)
2026-08-29 18:55:50 [main] INFO  com.zaxxer.hikari.HikariDataSource - metadata_catalogue - Starting...
2026-08-29 18:55:50 [main] INFO  com.zaxxer.hikari.pool.HikariPool - metadata_catalogue - Added connection org.postgresql.jdbc.PgConnection@c55b46d
2026-08-29 18:55:50 [main] INFO  com.zaxxer.hikari.HikariDataSource - metadata_catalogue - Start completed.
2026-08-29 18:55:51 [main] INFO  com.zaxxer.hikari.HikariDataSource - metadata_catalogue - Shutdown initiated...
2026-08-29 18:55:51 [main] INFO  com.zaxxer.hikari.HikariDataSource - metadata_catalogue - Shutdown completed.
2026-08-29 18:55:51 [main] INFO  t.g.io/epos-eric/metadata-database/deploy:main - Creating container for image: ghcr.io/epos-eric/metadata-database/deploy:main
2026-08-29 18:55:51 [main] INFO  t.g.io/epos-eric/metadata-database/deploy:main - Container ghcr.io/epos-eric/metadata-database/deploy:main is starting: 49f9ce25a64499d483a421f9f97f14c17c159c37cb28c2b3469ed345a4752120
2026-08-29 18:55:56 [main] INFO  t.g.io/epos-eric/metadata-database/deploy:main - Container ghcr.io/epos-eric/metadata-database/deploy:main started in PT4.882076548S
2026-08-29 18:55:56 [main] INFO  t.g.io/epos-eric/metadata-database/deploy:main - Container is started (JDBC URL: jdbc:postgresql://localhost:34256/cerif?loggerLevel=OFF)
2026-08-29 18:55:56 [main] INFO  com.zaxxer.hikari.HikariDataSource - metadata_catalogue - Starting...
2026-08-29 18:55:56 [main] INFO  com.zaxxer.hikari.pool.HikariPool - metadata_catalogue - Added connection org.postgresql.jdbc.PgConnection@1091187d
2026-08-29 18:55:56 [main] INFO  com.zaxxer.hikari.HikariDataSource - metadata_catalogue - Start completed.
2026-08-29 18:55:57 [main] INFO  com.zaxxer.hikari.HikariDataSource - metadata_catalogue - Shutdown initiated...
2026-08-29 18:55:57 [main] INFO  com.zaxxer.hikari.HikariDataSource - metadata_catalogue - Shutdown completed.
2026-08-29 18:55:57 [main] INFO  t.g.io/epos-eric/metadata-database/deploy:main - Creating container for image: ghcr.io/epos-eric/metadata-database/deploy:main
2026-08-29 18:55:57 [main] INFO  t.g.io/epos-eric/metadata-database/deploy:main - Container ghcr.io/epos-eric/metadata-database/deploy:main is starting: b694079ed1839f8cf3dc5044103dffd86dd68766892514f74389ed44bad6b39f
2026-08-29 18:56:02 [main] INFO  t.g.io/epos-eric/metadata-database/deploy:main - Container ghcr.io/epos-eric/metadata-database/deploy:main started in PT5.129577604S
2026-08-29 18:56:02 [main] INFO  t.g.io/epos-eric/metadata-database/deploy:main - Container is started (JDBC URL: jdbc:postgresql://localhost:34257/cerif?loggerLevel=OFF)
2026-08-29 18:56:02 [main] INFO  com.zaxxer.hikari.HikariDataSource - metadata_catalogue - Starting...
2026-08-29 18:56:02 [main] INFO  com.zaxxer.hikari.pool.HikariPool - metadata_catalogue - Added connection org.postgresql.jdbc.PgConnection@267fecf2
2026-08-29 18:56:02 [main] INFO  com.zaxxer.hikari.HikariDataSource - metadata_catalogue - Start completed.
2026-08-29 18:56:02 [main] INFO  com.zaxxer.hikari.HikariDataSource - metadata_catalogue - Shutdown initiated...
2026-08-29 18:56:02 [main] INFO  com.zaxxer.hikari.HikariDataSource - metadata_catalogue - Shutdown completed.
2026-08-29 18:56:03 [main] INFO  t.g.io/epos-eric/metadata-database/deploy:main - Creating container for image: ghcr.io/epos-eric/metadata-database/deploy:main
2026-08-29 18:56:03 [main] INFO  t.g.io/epos-eric/metadata-database/deploy:main - Container ghcr.io/epos-eric/metadata-database/deploy:main is starting: 8970c9f80c0a74040dfad44d44ee6997676b26d446943db698d432bf5a9485d4
2026-08-29 18:56:08 [main] INFO  t.g.io/epos-eric/metadata-database/deploy:main - Container ghcr.io/epos-eric/metadata-database/deploy:main started in PT5.096791878S
2026-08-29 18:56:08 [main] INFO  t.g.io/epos-eric/metadata-database/deploy:main - Container is started (JDBC URL: jdbc:postgresql://localhost:34258/cerif?loggerLevel=OFF)
2026-08-29 18:56:08 [main] INFO  com.zaxxer.hikari.HikariDataSource - metadata_catalogue - Starting...
2026-08-29 18:56:08 [main] INFO  com.zaxxer.hikari.pool.HikariPool - metadata_catalogue - Added connection org.postgresql.jdbc.PgConnection@38304a98
2026-08-29 18:56:08 [main] INFO  com.zaxxer.hikari.HikariDataSource - metadata_catalogue - Start completed.
2026-08-29 18:56:09 [main] INFO  com.zaxxer.hikari.HikariDataSource - metadata_catalogue - Shutdown initiated...
2026-08-29 18:56:09 [main] INFO  com.zaxxer.hikari.HikariDataSource - metadata_catalogue - Shutdown completed.
2026-08-29 18:56:09 [main] INFO  t.g.io/epos-eric/metadata-database/deploy:main - Creating container for image: ghcr.io/epos-eric/metadata-database/deploy:main
2026-08-29 18:56:09 [main] INFO  t.g.io/epos-eric/metadata-database/deploy:main - Container ghcr.io/epos-eric/metadata-database/deploy:main is starting: 6212e74efcd24fd6d0fe1328c8e10f1f6bf8207f806b52bcfd500b3b5796fec4
2026-08-29 18:56:14 [main] INFO  t.g.io/epos-eric/metadata-database/deploy:main - Container ghcr.io/epos-eric/metadata-database/deploy:main started in PT4.625750727S
2026-08-29 18:56:14 [main] INFO  t.g.io/epos-eric/metadata-database/deploy:main - Container is started (JDBC URL: jdbc:postgresql://localhost:34259/cerif?loggerLevel=OFF)
2026-08-29 18:56:14 [main] INFO  com.zaxxer.hikari.HikariDataSource - metadata_catalogue - Starting...
2026-08-29 18:56:14 [main] INFO  com.zaxxer.hikari.pool.HikariPool - metadata_catalogue - Added connection org.postgresql.jdbc.PgConnection@41666562
2026-08-29 18:56:14 [main] INFO  com.zaxxer.hikari.HikariDataSource - metadata_catalogue - Start completed.
2026-08-29 18:56:15 [main] INFO  com.zaxxer.hikari.HikariDataSource - metadata_catalogue - Shutdown initiated...
2026-08-29 18:56:15 [main] INFO  com.zaxxer.hikari.HikariDataSource - metadata_catalogue - Shutdown completed.
2026-08-29 18:56:15 [main] INFO  t.g.io/epos-eric/metadata-database/deploy:main - Creating container for image: ghcr.io/epos-eric/metadata-database/deploy:main
2026-08-29 18:56:15 [main] INFO  t.g.io/epos-eric/metadata-database/deploy:main - Container ghcr.io/epos-eric/metadata-database/deploy:main is starting: 59b2c1e6c3f7e508f82c1a0da16a1a745254e940678a59d361557256c345598c
2026-08-29 18:56:20 [main] INFO  t.g.io/epos-eric/metadata-database/deploy:main - Container ghcr.io/epos-eric/metadata-database/deploy:main started in PT4.875037797S
2026-08-29 18:56:20 [main] INFO  t.g.io/epos-eric/metadata-database/deploy:main - Container is started (JDBC URL: jdbc:postgresql://localhost:34260/cerif?loggerLevel=OFF)
2026-08-29 18:56:20 [main] INFO  com.zaxxer.hikari.HikariDataSource - metadata_catalogue - Starting...
2026-08-29 18:56:20 [main] INFO  com.zaxxer.hikari.pool.HikariPool - metadata_catalogue - Added connection org.postgresql.jdbc.PgConnection@6775829e
2026-08-29 18:56:20 [main] INFO  com.zaxxer.hikari.HikariDataSource - metadata_catalogue - Start completed.
2026-08-29 18:56:20 [main] INFO  com.zaxxer.hikari.HikariDataSource - metadata_catalogue - Shutdown initiated...
2026-08-29 18:56:20 [main] INFO  com.zaxxer.hikari.HikariDataSource - metadata_catalogue - Shutdown completed.
2026-08-29 18:56:21 [main] INFO  t.g.io/epos-eric/metadata-database/deploy:main - Creating container for image: ghcr.io/epos-eric/metadata-database/deploy:main
2026-08-29 18:56:21 [main] INFO  t.g.io/epos-eric/metadata-database/deploy:main - Container ghcr.io/epos-eric/metadata-database/deploy:main is starting: d3e958e45c53062da2a1a996138dc2f452da27eb436e6fd3587f4a56c573d068
2026-08-29 18:56:26 [main] INFO  t.g.io/epos-eric/metadata-database/deploy:main - Container ghcr.io/epos-eric/metadata-database/deploy:main started in PT5.223501563S
2026-08-29 18:56:26 [main] INFO  t.g.io/epos-eric/metadata-database/deploy:main - Container is started (JDBC URL: jdbc:postgresql://localhost:34261/cerif?loggerLevel=OFF)
2026-08-29 18:56:26 [main] INFO  com.zaxxer.hikari.HikariDataSource - metadata_catalogue - Starting...
2026-08-29 18:56:26 [main] INFO  com.zaxxer.hikari.pool.HikariPool - metadata_catalogue - Added connection org.postgresql.jdbc.PgConnection@179701e5
2026-08-29 18:56:26 [main] INFO  com.zaxxer.hikari.HikariDataSource - metadata_catalogue - Start completed.
2026-08-29 18:56:26 [main] INFO  com.zaxxer.hikari.HikariDataSource - metadata_catalogue - Shutdown initiated...
2026-08-29 18:56:26 [main] INFO  com.zaxxer.hikari.HikariDataSource - metadata_catalogue - Shutdown completed.
2026-08-29 18:56:27 [main] INFO  t.g.io/epos-eric/metadata-database/deploy:main - Creating container for image: ghcr.io/epos-eric/metadata-database/deploy:main
2026-08-29 18:56:27 [main] INFO  t.g.io/epos-eric/metadata-database/deploy:main - Container ghcr.io/epos-eric/metadata-database/deploy:main is starting: 55c6e96a2b2f585ba7737246ab56371ee7e07be27f8352f597a7130ddf3b6e0a
2026-08-29 18:56:32 [main] INFO  t.g.io/epos-eric/metadata-database/deploy:main - Container ghcr.io/epos-eric/metadata-database/deploy:main started in PT4.987673568S
2026-08-29 18:56:32 [main] INFO  t.g.io/epos-eric/metadata-database/deploy:main - Container is started (JDBC URL: jdbc:postgresql://localhost:34262/cerif?loggerLevel=OFF)
2026-08-29 18:56:32 [main] INFO  com.zaxxer.hikari.HikariDataSource - metadata_catalogue - Starting...
2026-08-29 18:56:32 [main] INFO  com.zaxxer.hikari.pool.HikariPool - metadata_catalogue - Added connection org.postgresql.jdbc.PgConnection@2e7812ce
2026-08-29 18:56:32 [main] INFO  com.zaxxer.hikari.HikariDataSource - metadata_catalogue - Start completed.
2026-08-29 18:56:32 [main] INFO  com.zaxxer.hikari.HikariDataSource - metadata_catalogue - Shutdown initiated...
2026-08-29 18:56:32 [main] INFO  com.zaxxer.hikari.HikariDataSource - metadata_catalogue - Shutdown completed.
2026-08-29 18:56:32 [main] INFO  t.g.io/epos-eric/metadata-database/deploy:main - Creating container for image: ghcr.io/epos-eric/metadata-database/deploy:main
2026-08-29 18:56:33 [main] INFO  t.g.io/epos-eric/metadata-database/deploy:main - Container ghcr.io/epos-eric/metadata-database/deploy:main is starting: 4139b39a2fad497f8f98a1ba8f05f150815724b277a32571819fc66c71c6fd6d
2026-08-29 18:56:38 [main] INFO  t.g.io/epos-eric/metadata-database/deploy:main - Container ghcr.io/epos-eric/metadata-database/deploy:main started in PT5.215550198S
2026-08-29 18:56:38 [main] INFO  t.g.io/epos-eric/metadata-database/deploy:main - Container is started (JDBC URL: jdbc:postgresql://localhost:34263/cerif?loggerLevel=OFF)
2026-08-29 18:56:38 [main] INFO  com.zaxxer.hikari.HikariDataSource - metadata_catalogue - Starting...
2026-08-29 18:56:38 [main] INFO  com.zaxxer.hikari.pool.HikariPool - metadata_catalogue - Added connection org.postgresql.jdbc.PgConnection@15d4a56d
2026-08-29 18:56:38 [main] INFO  com.zaxxer.hikari.HikariDataSource - metadata_catalogue - Start completed.
2026-08-29 18:56:38 [main] INFO  com.zaxxer.hikari.HikariDataSource - metadata_catalogue - Shutdown initiated...
2026-08-29 18:56:38 [main] INFO  com.zaxxer.hikari.HikariDataSource - metadata_catalogue - Shutdown completed.
2026-08-29 18:56:38 [main] INFO  t.g.io/epos-eric/metadata-database/deploy:main - Creating container for image: ghcr.io/epos-eric/metadata-database/deploy:main
2026-08-29 18:56:39 [main] INFO  t.g.io/epos-eric/metadata-database/deploy:main - Container ghcr.io/epos-eric/metadata-database/deploy:main is starting: 7a5fded24604fe363b06025e20cda3b18e4b990b2b80d86a5d7947b393ded536
2026-08-29 18:56:43 [main] INFO  t.g.io/epos-eric/metadata-database/deploy:main - Container ghcr.io/epos-eric/metadata-database/deploy:main started in PT4.624121437S
2026-08-29 18:56:43 [main] INFO  t.g.io/epos-eric/metadata-database/deploy:main - Container is started (JDBC URL: jdbc:postgresql://localhost:34264/cerif?loggerLevel=OFF)
2026-08-29 18:56:43 [main] INFO  com.zaxxer.hikari.HikariDataSource - metadata_catalogue - Starting...
2026-08-29 18:56:43 [main] INFO  com.zaxxer.hikari.pool.HikariPool - metadata_catalogue - Added connection org.postgresql.jdbc.PgConnection@128090e6
2026-08-29 18:56:43 [main] INFO  com.zaxxer.hikari.HikariDataSource - metadata_catalogue - Start completed.
2026-08-29 18:56:43 [main] INFO  com.zaxxer.hikari.HikariDataSource - metadata_catalogue - Shutdown initiated...
2026-08-29 18:56:43 [main] INFO  com.zaxxer.hikari.HikariDataSource - metadata_catalogue - Shutdown completed.
2026-08-29 18:56:44 [main] INFO  t.g.io/epos-eric/metadata-database/deploy:main - Creating container for image: ghcr.io/epos-eric/metadata-database/deploy:main
2026-08-29 18:56:44 [main] INFO  t.g.io/epos-eric/metadata-database/deploy:main - Container ghcr.io/epos-eric/metadata-database/deploy:main is starting: 51a2be2baf03600e70cc58c09c65c6084d8e137738c4478f494515f195f4c6ba
2026-08-29 18:56:48 [main] INFO  t.g.io/epos-eric/metadata-database/deploy:main - Container ghcr.io/epos-eric/metadata-database/deploy:main started in PT4.613723073S
2026-08-29 18:56:48 [main] INFO  t.g.io/epos-eric/metadata-database/deploy:main - Container is started (JDBC URL: jdbc:postgresql://localhost:34265/cerif?loggerLevel=OFF)
2026-08-29 18:56:48 [main] INFO  com.zaxxer.hikari.HikariDataSource - metadata_catalogue - Starting...
2026-08-29 18:56:48 [main] INFO  com.zaxxer.hikari.pool.HikariPool - metadata_catalogue - Added connection org.postgresql.jdbc.PgConnection@241b0523
2026-08-29 18:56:48 [main] INFO  com.zaxxer.hikari.HikariDataSource - metadata_catalogue - Start completed.
2026-08-29 18:56:49 [main] INFO  com.zaxxer.hikari.HikariDataSource - metadata_catalogue - Shutdown initiated...
2026-08-29 18:56:49 [main] INFO  com.zaxxer.hikari.HikariDataSource - metadata_catalogue - Shutdown completed.
2026-08-29 18:56:50 [main] INFO  t.g.io/epos-eric/metadata-database/deploy:main - Creating container for image: ghcr.io/epos-eric/metadata-database/deploy:main
2026-08-29 18:56:50 [main] INFO  t.g.io/epos-eric/metadata-database/deploy:main - Container ghcr.io/epos-eric/metadata-database/deploy:main is starting: 2a3793c15cf600726e9a9206587bbb678773a8b71062ffdb859932e9af11f9c8
2026-08-29 18:56:55 [main] INFO  t.g.io/epos-eric/metadata-database/deploy:main - Container ghcr.io/epos-eric/metadata-database/deploy:main started in PT5.091139428S
2026-08-29 18:56:55 [main] INFO  t.g.io/epos-eric/metadata-database/deploy:main - Container is started (JDBC URL: jdbc:postgresql://localhost:34266/cerif?loggerLevel=OFF)
2026-08-29 18:56:55 [main] INFO  com.zaxxer.hikari.HikariDataSource - metadata_catalogue - Starting...
2026-08-29 18:56:55 [main] INFO  com.zaxxer.hikari.pool.HikariPool - metadata_catalogue - Added connection org.postgresql.jdbc.PgConnection@2e5bf4c
2026-08-29 18:56:55 [main] INFO  com.zaxxer.hikari.HikariDataSource - metadata_catalogue - Start completed.
2026-08-29 18:56:55 [main] INFO  com.zaxxer.hikari.HikariDataSource - metadata_catalogue - Shutdown initiated...
2026-08-29 18:56:55 [main] INFO  com.zaxxer.hikari.HikariDataSource - metadata_catalogue - Shutdown completed.
2026-08-29 18:56:55 [main] INFO  t.g.io/epos-eric/metadata-database/deploy:main - Creating container for image: ghcr.io/epos-eric/metadata-database/deploy:main
2026-08-29 18:56:56 [main] INFO  t.g.io/epos-eric/metadata-database/deploy:main - Container ghcr.io/epos-eric/metadata-database/deploy:main is starting: d0a79257895d549b93c66004df30ba1b85c6c7829c075e149c16b4e2cfef1b6c
2026-08-29 18:57:01 [main] INFO  t.g.io/epos-eric/metadata-database/deploy:main - Container ghcr.io/epos-eric/metadata-database/deploy:main started in PT5.180672661S
2026-08-29 18:57:01 [main] INFO  t.g.io/epos-eric/metadata-database/deploy:main - Container is started (JDBC URL: jdbc:postgresql://localhost:34267/cerif?loggerLevel=OFF)
2026-08-29 18:57:01 [main] INFO  com.zaxxer.hikari.HikariDataSource - metadata_catalogue - Starting...
2026-08-29 18:57:01 [main] INFO  com.zaxxer.hikari.pool.HikariPool - metadata_catalogue - Added connection org.postgresql.jdbc.PgConnection@45b4cf60
2026-08-29 18:57:01 [main] INFO  com.zaxxer.hikari.HikariDataSource - metadata_catalogue - Start completed.
2026-08-29 18:57:01 [main] INFO  com.zaxxer.hikari.HikariDataSource - metadata_catalogue - Shutdown initiated...
2026-08-29 18:57:01 [main] INFO  com.zaxxer.hikari.HikariDataSource - metadata_catalogue - Shutdown completed.
2026-08-29 18:57:01 [main] INFO  t.g.io/epos-eric/metadata-database/deploy:main - Creating container for image: ghcr.io/epos-eric/metadata-database/deploy:main
2026-08-29 18:57:02 [main] INFO  t.g.io/epos-eric/metadata-database/deploy:main - Container ghcr.io/epos-eric/metadata-database/deploy:main is starting: 86adfcabcd1eae7313d2129d9d3e36a62f1a9684690969b44e79fc09f59be55b
2026-08-29 18:57:06 [main] INFO  t.g.io/epos-eric/metadata-database/deploy:main - Container ghcr.io/epos-eric/metadata-database/deploy:main started in PT4.973643425S
2026-08-29 18:57:06 [main] INFO  t.g.io/epos-eric/metadata-database/deploy:main - Container is started (JDBC URL: jdbc:postgresql://localhost:34268/cerif?loggerLevel=OFF)
2026-08-29 18:57:06 [main] INFO  com.zaxxer.hikari.HikariDataSource - metadata_catalogue - Starting...
2026-08-29 18:57:06 [main] INFO  com.zaxxer.hikari.pool.HikariPool - metadata_catalogue - Added connection org.postgresql.jdbc.PgConnection@537151cc
2026-08-29 18:57:06 [main] INFO  com.zaxxer.hikari.HikariDataSource - metadata_catalogue - Start completed.
2026-08-29 18:57:07 [main] INFO  com.zaxxer.hikari.HikariDataSource - metadata_catalogue - Shutdown initiated...
2026-08-29 18:57:07 [main] INFO  com.zaxxer.hikari.HikariDataSource - metadata_catalogue - Shutdown completed.
2026-08-29 18:57:08 [main] INFO  t.g.io/epos-eric/metadata-database/deploy:main - Creating container for image: ghcr.io/epos-eric/metadata-database/deploy:main
2026-08-29 18:57:08 [main] INFO  t.g.io/epos-eric/metadata-database/deploy:main - Container ghcr.io/epos-eric/metadata-database/deploy:main is starting: 42542e34fead2b89e2fc7ca42e834f3fb310613163b761b8d8420e62ea004d9a
2026-08-29 18:57:13 [main] INFO  t.g.io/epos-eric/metadata-database/deploy:main - Container ghcr.io/epos-eric/metadata-database/deploy:main started in PT4.919321438S
2026-08-29 18:57:13 [main] INFO  t.g.io/epos-eric/metadata-database/deploy:main - Container is started (JDBC URL: jdbc:postgresql://localhost:34269/cerif?loggerLevel=OFF)
2026-08-29 18:57:13 [main] INFO  com.zaxxer.hikari.HikariDataSource - metadata_catalogue - Starting...
2026-08-29 18:57:13 [main] INFO  com.zaxxer.hikari.pool.HikariPool - metadata_catalogue - Added connection org.postgresql.jdbc.PgConnection@5a058d0b
2026-08-29 18:57:13 [main] INFO  com.zaxxer.hikari.HikariDataSource - metadata_catalogue - Start completed.
2026-08-29 18:57:13 [main] INFO  com.zaxxer.hikari.HikariDataSource - metadata_catalogue - Shutdown initiated...
2026-08-29 18:57:13 [main] INFO  com.zaxxer.hikari.HikariDataSource - metadata_catalogue - Shutdown completed.
2026-08-29 18:57:14 [main] INFO  t.g.io/epos-eric/metadata-database/deploy:main - Creating container for image: ghcr.io/epos-eric/metadata-database/deploy:main
2026-08-29 18:57:14 [main] INFO  t.g.io/epos-eric/metadata-database/deploy:main - Container ghcr.io/epos-eric/metadata-database/deploy:main is starting: 93d075d35e53dc223cac9f7ef5aec4e68c9a21e462bdb57064b0f38b97e2d38e
2026-08-29 18:57:18 [main] INFO  t.g.io/epos-eric/metadata-database/deploy:main - Container ghcr.io/epos-eric/metadata-database/deploy:main started in PT4.129520915S
2026-08-29 18:57:18 [main] INFO  t.g.io/epos-eric/metadata-database/deploy:main - Container is started (JDBC URL: jdbc:postgresql://localhost:34270/cerif?loggerLevel=OFF)
2026-08-29 18:57:18 [main] INFO  com.zaxxer.hikari.HikariDataSource - metadata_catalogue - Starting...
2026-08-29 18:57:18 [main] INFO  com.zaxxer.hikari.pool.HikariPool - metadata_catalogue - Added connection org.postgresql.jdbc.PgConnection@63551ce4
2026-08-29 18:57:18 [main] INFO  com.zaxxer.hikari.HikariDataSource - metadata_catalogue - Start completed.
2026-08-29 18:57:18 [main] INFO  com.zaxxer.hikari.HikariDataSource - metadata_catalogue - Shutdown initiated...
2026-08-29 18:57:18 [main] INFO  com.zaxxer.hikari.HikariDataSource - metadata_catalogue - Shutdown completed.
2026-08-29 18:57:19 [main] INFO  t.g.io/epos-eric/metadata-database/deploy:main - Creating container for image: ghcr.io/epos-eric/metadata-database/deploy:main
2026-08-29 18:57:19 [main] INFO  t.g.io/epos-eric/metadata-database/deploy:main - Container ghcr.io/epos-eric/metadata-database/deploy:main is starting: 0c92720298de1bf813500d44dc58ec0666389ca93e82b41084ba110f167ee318
2026-08-29 18:57:24 [main] INFO  t.g.io/epos-eric/metadata-database/deploy:main - Container ghcr.io/epos-eric/metadata-database/deploy:main started in PT5.191574859S
2026-08-29 18:57:24 [main] INFO  t.g.io/epos-eric/metadata-database/deploy:main - Container is started (JDBC URL: jdbc:postgresql://localhost:34271/cerif?loggerLevel=OFF)
2026-08-29 18:57:24 [main] INFO  com.zaxxer.hikari.HikariDataSource - metadata_catalogue - Starting...
2026-08-29 18:57:24 [main] INFO  com.zaxxer.hikari.pool.HikariPool - metadata_catalogue - Added connection org.postgresql.jdbc.PgConnection@bbd3810
2026-08-29 18:57:24 [main] INFO  com.zaxxer.hikari.HikariDataSource - metadata_catalogue - Start completed.
2026-08-29 18:57:24 [main] INFO  com.zaxxer.hikari.HikariDataSource - metadata_catalogue - Shutdown initiated...
2026-08-29 18:57:24 [main] INFO  com.zaxxer.hikari.HikariDataSource - metadata_catalogue - Shutdown completed.
2026-08-29 18:57:24 [main] INFO  t.g.io/epos-eric/metadata-database/deploy:main - Creating container for image: ghcr.io/epos-eric/metadata-database/deploy:main
2026-08-29 18:57:25 [main] INFO  t.g.io/epos-eric/metadata-database/deploy:main - Container ghcr.io/epos-eric/metadata-database/deploy:main is starting: b38561633b952441b0286f030bdd9b431c61d6180fde4083b161117335e4f335
2026-08-29 18:57:30 [main] INFO  t.g.io/epos-eric/metadata-database/deploy:main - Container ghcr.io/epos-eric/metadata-database/deploy:main started in PT5.131920152S
2026-08-29 18:57:30 [main] INFO  t.g.io/epos-eric/metadata-database/deploy:main - Container is started (JDBC URL: jdbc:postgresql://localhost:34272/cerif?loggerLevel=OFF)
2026-08-29 18:57:30 [main] INFO  com.zaxxer.hikari.HikariDataSource - metadata_catalogue - Starting...
2026-08-29 18:57:30 [main] INFO  com.zaxxer.hikari.pool.HikariPool - metadata_catalogue - Added connection org.postgresql.jdbc.PgConnection@520891f6
2026-08-29 18:57:30 [main] INFO  com.zaxxer.hikari.HikariDataSource - metadata_catalogue - Start completed.
2026-08-29 18:57:30 [main] INFO  com.zaxxer.hikari.HikariDataSource - metadata_catalogue - Shutdown initiated...
2026-08-29 18:57:30 [main] INFO  com.zaxxer.hikari.HikariDataSource - metadata_catalogue - Shutdown completed.
2026-08-29 18:57:30 [main] INFO  t.g.io/epos-eric/metadata-database/deploy:main - Creating container for image: ghcr.io/epos-eric/metadata-database/deploy:main
2026-08-29 18:57:31 [main] INFO  t.g.io/epos-eric/metadata-database/deploy:main - Container ghcr.io/epos-eric/metadata-database/deploy:main is starting: c3cc00895130a686ed9c1a00a71a3074b2b96fba1c6e8d5f2df7524cf0379958
2026-08-29 18:57:35 [main] INFO  t.g.io/epos-eric/metadata-database/deploy:main - Container ghcr.io/epos-eric/metadata-database/deploy:main started in PT4.421660681S
2026-08-29 18:57:35 [main] INFO  t.g.io/epos-eric/metadata-database/deploy:main - Container is started (JDBC URL: jdbc:postgresql://localhost:34273/cerif?loggerLevel=OFF)
2026-08-29 18:57:35 [main] INFO  com.zaxxer.hikari.HikariDataSource - metadata_catalogue - Starting...
2026-08-29 18:57:35 [main] INFO  com.zaxxer.hikari.pool.HikariPool - metadata_catalogue - Added connection org.postgresql.jdbc.PgConnection@11c3f0ee
2026-08-29 18:57:35 [main] INFO  com.zaxxer.hikari.HikariDataSource - metadata_catalogue - Start completed.
2026-08-29 18:57:35 [main] INFO  com.zaxxer.hikari.HikariDataSource - metadata_catalogue - Shutdown initiated...
2026-08-29 18:57:35 [main] INFO  com.zaxxer.hikari.HikariDataSource - metadata_catalogue - Shutdown completed.
2026-08-29 18:57:36 [main] INFO  t.g.io/epos-eric/metadata-database/deploy:main - Creating container for image: ghcr.io/epos-eric/metadata-database/deploy:main
2026-08-29 18:57:36 [main] INFO  t.g.io/epos-eric/metadata-database/deploy:main - Container ghcr.io/epos-eric/metadata-database/deploy:main is starting: 7fcd42e02cef07a2e67aaac6a1237b19d3527053c986cead2dc29ed5f0f3d915
2026-08-29 18:57:41 [main] INFO  t.g.io/epos-eric/metadata-database/deploy:main - Container ghcr.io/epos-eric/metadata-database/deploy:main started in PT5.026257797S
2026-08-29 18:57:41 [main] INFO  t.g.io/epos-eric/metadata-database/deploy:main - Container is started (JDBC URL: jdbc:postgresql://localhost:34274/cerif?loggerLevel=OFF)
2026-08-29 18:57:41 [main] INFO  com.zaxxer.hikari.HikariDataSource - metadata_catalogue - Starting...
2026-08-29 18:57:41 [main] INFO  com.zaxxer.hikari.pool.HikariPool - metadata_catalogue - Added connection org.postgresql.jdbc.PgConnection@206b470d
2026-08-29 18:57:41 [main] INFO  com.zaxxer.hikari.HikariDataSource - metadata_catalogue - Start completed.
2026-08-29 18:57:41 [main] INFO  com.zaxxer.hikari.HikariDataSource - metadata_catalogue - Shutdown initiated...
2026-08-29 18:57:41 [main] INFO  com.zaxxer.hikari.HikariDataSource - metadata_catalogue - Shutdown completed.
2026-08-29 18:57:41 [main] INFO  t.g.io/epos-eric/metadata-database/deploy:main - Creating container for image: ghcr.io/epos-eric/metadata-database/deploy:main
2026-08-29 18:57:42 [main] INFO  t.g.io/epos-eric/metadata-database/deploy:main - Container ghcr.io/epos-eric/metadata-database/deploy:main is starting: feb9b4462c6647ceba84bc6b4e12458dc2048a95c8d435c6f03468bd84feff25
2026-08-29 18:57:46 [main] INFO  t.g.io/epos-eric/metadata-database/deploy:main - Container ghcr.io/epos-eric/metadata-database/deploy:main started in PT5.073574964S
2026-08-29 18:57:46 [main] INFO  t.g.io/epos-eric/metadata-database/deploy:main - Container is started (JDBC URL: jdbc:postgresql://localhost:34275/cerif?loggerLevel=OFF)
2026-08-29 18:57:46 [main] INFO  com.zaxxer.hikari.HikariDataSource - metadata_catalogue - Starting...
2026-08-29 18:57:46 [main] INFO  com.zaxxer.hikari.pool.HikariPool - metadata_catalogue - Added connection org.postgresql.jdbc.PgConnection@2b3e1279
2026-08-29 18:57:46 [main] INFO  com.zaxxer.hikari.HikariDataSource - metadata_catalogue - Start completed.
2026-08-29 18:57:47 [main] INFO  com.zaxxer.hikari.HikariDataSource - metadata_catalogue - Shutdown initiated...
2026-08-29 18:57:47 [main] INFO  com.zaxxer.hikari.HikariDataSource - metadata_catalogue - Shutdown completed.
2026-08-29 18:57:48 [main] INFO  t.g.io/epos-eric/metadata-database/deploy:main - Creating container for image: ghcr.io/epos-eric/metadata-database/deploy:main
2026-08-29 18:57:48 [main] INFO  t.g.io/epos-eric/metadata-database/deploy:main - Container ghcr.io/epos-eric/metadata-database/deploy:main is starting: 281910e367cb12a95ecdc6c54ff40bdc842af889a23ef814973045663750eba9
2026-08-29 18:57:53 [main] INFO  t.g.io/epos-eric/metadata-database/deploy:main - Container ghcr.io/epos-eric/metadata-database/deploy:main started in PT5.173051609S
2026-08-29 18:57:53 [main] INFO  t.g.io/epos-eric/metadata-database/deploy:main - Container is started (JDBC URL: jdbc:postgresql://localhost:34276/cerif?loggerLevel=OFF)
2026-08-29 18:57:53 [main] INFO  com.zaxxer.hikari.HikariDataSource - metadata_catalogue - Starting...
2026-08-29 18:57:53 [main] INFO  com.zaxxer.hikari.pool.HikariPool - metadata_catalogue - Added connection org.postgresql.jdbc.PgConnection@2c9d1378
2026-08-29 18:57:53 [main] INFO  com.zaxxer.hikari.HikariDataSource - metadata_catalogue - Start completed.
2026-08-29 18:57:53 [main] ERROR dao.EposDataModelDAO - Error in getOneFromDBByUIDNoCache
java.lang.IllegalArgumentException: An exception occurred while creating a query in EntityManager: 
Exception Description: Problem compiling [SELECT c FROM Documentation c WHERE c.uid = :uid]. 
[14, 27] The abstract schema type 'Documentation' is unknown.
[36, 41] The state field path 'c.uid' cannot be resolved to a valid type.
	at org.eclipse.persistence.internal.jpa.EntityManagerImpl.createQuery(EntityManagerImpl.java:1728)
	at org.eclipse.persistence.internal.jpa.EntityManagerImpl.createQuery(EntityManagerImpl.java:1749)
	at dao.EposDataModelDAO.getOneFromDBByUIDNoCache(EposDataModelDAO.java:1371)
	at dao.EposDataModelDAO.repointArchivedVersionReferences(EposDataModelDAO.java:346)
	at abstractapis.AbstractAPI.repointPublishedVersion(AbstractAPI.java:161)
	at commonapis.DocumentationAPI.create(DocumentationAPI.java:91)
	at commonapis.DocumentationAPI.create(DocumentationAPI.java:25)
	at integrationtests.unittests.SummaryProjectionAPITest.summaryReadersUseScalarProjections(SummaryProjectionAPITest.java:53)
	at java.base/jdk.internal.reflect.DirectMethodHandleAccessor.invoke(DirectMethodHandleAccessor.java:104)
	at java.base/java.lang.reflect.Method.invoke(Method.java:565)
	at org.junit.platform.commons.util.ReflectionUtils.invokeMethod(ReflectionUtils.java:787)
	at org.junit.platform.commons.support.ReflectionSupport.invokeMethod(ReflectionSupport.java:479)
	at org.junit.jupiter.engine.execution.MethodInvocation.proceed(MethodInvocation.java:60)
	at org.junit.jupiter.engine.execution.InvocationInterceptorChain$ValidatingInvocation.proceed(InvocationInterceptorChain.java:131)
	at org.junit.jupiter.engine.extension.TimeoutExtension.intercept(TimeoutExtension.java:161)
	at org.junit.jupiter.engine.extension.TimeoutExtension.interceptTestableMethod(TimeoutExtension.java:152)
	at org.junit.jupiter.engine.extension.TimeoutExtension.interceptTestMethod(TimeoutExtension.java:91)
	at org.junit.jupiter.engine.execution.InterceptingExecutableInvoker$ReflectiveInterceptorCall.lambda$ofVoidMethod$0(InterceptingExecutableInvoker.java:112)
	at org.junit.jupiter.engine.execution.InterceptingExecutableInvoker.lambda$invoke$0(InterceptingExecutableInvoker.java:94)
	at org.junit.jupiter.engine.execution.InvocationInterceptorChain$InterceptedInvocation.proceed(InvocationInterceptorChain.java:106)
	at org.junit.jupiter.engine.execution.InvocationInterceptorChain.proceed(InvocationInterceptorChain.java:64)
	at org.junit.jupiter.engine.execution.InvocationInterceptorChain.chainAndInvoke(InvocationInterceptorChain.java:45)
	at org.junit.jupiter.engine.execution.InvocationInterceptorChain.invoke(InvocationInterceptorChain.java:37)
	at org.junit.jupiter.engine.execution.InterceptingExecutableInvoker.invoke(InterceptingExecutableInvoker.java:93)
	at org.junit.jupiter.engine.execution.InterceptingExecutableInvoker.invoke(InterceptingExecutableInvoker.java:87)
	at org.junit.jupiter.engine.descriptor.TestMethodTestDescriptor.lambda$invokeTestMethod$4(TestMethodTestDescriptor.java:221)
	at org.junit.platform.engine.support.hierarchical.ThrowableCollector.execute(ThrowableCollector.java:73)
	at org.junit.jupiter.engine.descriptor.TestMethodTestDescriptor.invokeTestMethod(TestMethodTestDescriptor.java:217)
	at org.junit.jupiter.engine.descriptor.TestMethodTestDescriptor.execute(TestMethodTestDescriptor.java:159)
	at org.junit.jupiter.engine.descriptor.TestMethodTestDescriptor.execute(TestMethodTestDescriptor.java:70)
	at org.junit.platform.engine.support.hierarchical.NodeTestTask.lambda$executeRecursively$6(NodeTestTask.java:157)
	at org.junit.platform.engine.support.hierarchical.ThrowableCollector.execute(ThrowableCollector.java:73)
	at org.junit.platform.engine.support.hierarchical.NodeTestTask.lambda$executeRecursively$8(NodeTestTask.java:147)
	at org.junit.platform.engine.support.hierarchical.Node.around(Node.java:137)
	at org.junit.platform.engine.support.hierarchical.NodeTestTask.lambda$executeRecursively$9(NodeTestTask.java:145)
	at org.junit.platform.engine.support.hierarchical.ThrowableCollector.execute(ThrowableCollector.java:73)
	at org.junit.platform.engine.support.hierarchical.NodeTestTask.executeRecursively(NodeTestTask.java:144)
	at org.junit.platform.engine.support.hierarchical.NodeTestTask.execute(NodeTestTask.java:101)
	at java.base/java.util.ArrayList.forEach(ArrayList.java:1604)
	at org.junit.platform.engine.support.hierarchical.SameThreadHierarchicalTestExecutorService.invokeAll(SameThreadHierarchicalTestExecutorService.java:41)
	at org.junit.platform.engine.support.hierarchical.NodeTestTask.lambda$executeRecursively$6(NodeTestTask.java:161)
	at org.junit.platform.engine.support.hierarchical.ThrowableCollector.execute(ThrowableCollector.java:73)
	at org.junit.platform.engine.support.hierarchical.NodeTestTask.lambda$executeRecursively$8(NodeTestTask.java:147)
	at org.junit.platform.engine.support.hierarchical.Node.around(Node.java:137)
	at org.junit.platform.engine.support.hierarchical.NodeTestTask.lambda$executeRecursively$9(NodeTestTask.java:145)
	at org.junit.platform.engine.support.hierarchical.ThrowableCollector.execute(ThrowableCollector.java:73)
	at org.junit.platform.engine.support.hierarchical.NodeTestTask.executeRecursively(NodeTestTask.java:144)
	at org.junit.platform.engine.support.hierarchical.NodeTestTask.execute(NodeTestTask.java:101)
	at java.base/java.util.ArrayList.forEach(ArrayList.java:1604)
	at org.junit.platform.engine.support.hierarchical.SameThreadHierarchicalTestExecutorService.invokeAll(SameThreadHierarchicalTestExecutorService.java:41)
	at org.junit.platform.engine.support.hierarchical.NodeTestTask.lambda$executeRecursively$6(NodeTestTask.java:161)
	at org.junit.platform.engine.support.hierarchical.ThrowableCollector.execute(ThrowableCollector.java:73)
	at org.junit.platform.engine.support.hierarchical.NodeTestTask.lambda$executeRecursively$8(NodeTestTask.java:147)
	at org.junit.platform.engine.support.hierarchical.Node.around(Node.java:137)
	at org.junit.platform.engine.support.hierarchical.NodeTestTask.lambda$executeRecursively$9(NodeTestTask.java:145)
	at org.junit.platform.engine.support.hierarchical.ThrowableCollector.execute(ThrowableCollector.java:73)
	at org.junit.platform.engine.support.hierarchical.NodeTestTask.executeRecursively(NodeTestTask.java:144)
	at org.junit.platform.engine.support.hierarchical.NodeTestTask.execute(NodeTestTask.java:101)
	at org.junit.platform.engine.support.hierarchical.SameThreadHierarchicalTestExecutorService.submit(SameThreadHierarchicalTestExecutorService.java:35)
	at org.junit.platform.engine.support.hierarchical.HierarchicalTestExecutor.execute(HierarchicalTestExecutor.java:57)
	at org.junit.platform.engine.support.hierarchical.HierarchicalTestEngine.execute(HierarchicalTestEngine.java:54)
	at org.junit.platform.launcher.core.EngineExecutionOrchestrator.executeEngine(EngineExecutionOrchestrator.java:230)
	at org.junit.platform.launcher.core.EngineExecutionOrchestrator.failOrExecuteEngine(EngineExecutionOrchestrator.java:204)
	at org.junit.platform.launcher.core.EngineExecutionOrchestrator.execute(EngineExecutionOrchestrator.java:172)
	at org.junit.platform.launcher.core.EngineExecutionOrchestrator.execute(EngineExecutionOrchestrator.java:101)
	at org.junit.platform.launcher.core.EngineExecutionOrchestrator.lambda$execute$0(EngineExecutionOrchestrator.java:64)
	at org.junit.platform.launcher.core.EngineExecutionOrchestrator.withInterceptedStreams(EngineExecutionOrchestrator.java:150)
	at org.junit.platform.launcher.core.EngineExecutionOrchestrator.execute(EngineExecutionOrchestrator.java:63)
	at org.junit.platform.launcher.core.DefaultLauncher.execute(DefaultLauncher.java:109)
	at org.junit.platform.launcher.core.DefaultLauncher.execute(DefaultLauncher.java:91)
	at org.junit.platform.launcher.core.DelegatingLauncher.execute(DelegatingLauncher.java:47)
	at org.junit.platform.launcher.core.InterceptingLauncher.lambda$execute$1(InterceptingLauncher.java:39)
	at org.junit.platform.launcher.core.ClasspathAlignmentCheckingLauncherInterceptor.intercept(ClasspathAlignmentCheckingLauncherInterceptor.java:25)
	at org.junit.platform.launcher.core.InterceptingLauncher.execute(InterceptingLauncher.java:38)
	at org.junit.platform.launcher.core.DelegatingLauncher.execute(DelegatingLauncher.java:47)
	at org.junit.platform.launcher.core.SessionPerRequestLauncher.execute(SessionPerRequestLauncher.java:66)
	at com.intellij.junit5.JUnit5TestRunnerHelper.execute(JUnit5TestRunnerHelper.java:134)
	at com.intellij.junit5.JUnit5IdeaTestRunner.startRunnerWithArgs(JUnit5IdeaTestRunner.java:70)
	at com.intellij.rt.junit.IdeaTestRunner$Repeater$1.execute(IdeaTestRunner.java:38)
	at com.intellij.rt.execution.junit.TestsRepeater.repeat(TestsRepeater.java:11)
	at com.intellij.rt.junit.IdeaTestRunner$Repeater.startRunnerWithArgs(IdeaTestRunner.java:35)
	at com.intellij.rt.junit.JUnitStarter.prepareStreamsAndStart(JUnitStarter.java:226)
	at com.intellij.rt.junit.JUnitStarter.main(JUnitStarter.java:62)
Caused by: org.eclipse.persistence.exceptions.JPQLException: 
Exception Description: Problem compiling [SELECT c FROM Documentation c WHERE c.uid = :uid]. 
[14, 27] The abstract schema type 'Documentation' is unknown.
[36, 41] The state field path 'c.uid' cannot be resolved to a valid type.
	at org.eclipse.persistence.internal.jpa.jpql.HermesParser.buildException(HermesParser.java:159)
	at org.eclipse.persistence.internal.jpa.jpql.HermesParser.validate(HermesParser.java:337)
	at org.eclipse.persistence.internal.jpa.jpql.HermesParser.populateQueryImp(HermesParser.java:271)
	at org.eclipse.persistence.internal.jpa.jpql.HermesParser.buildQuery(HermesParser.java:164)
	at org.eclipse.persistence.internal.jpa.EJBQueryImpl.buildEJBQLDatabaseQuery(EJBQueryImpl.java:141)
	at org.eclipse.persistence.internal.jpa.EJBQueryImpl.buildEJBQLDatabaseQuery(EJBQueryImpl.java:117)
	at org.eclipse.persistence.internal.jpa.EJBQueryImpl.<init>(EJBQueryImpl.java:104)
	at org.eclipse.persistence.internal.jpa.EJBQueryImpl.<init>(EJBQueryImpl.java:88)
	at org.eclipse.persistence.internal.jpa.EntityManagerImpl.createQuery(EntityManagerImpl.java:1726)
	... 82 common frames omitted
2026-08-29 18:57:53 [main] INFO  com.zaxxer.hikari.HikariDataSource - metadata_catalogue - Shutdown initiated...
2026-08-29 18:57:53 [main] INFO  com.zaxxer.hikari.HikariDataSource - metadata_catalogue - Shutdown completed.
2026-08-29 18:57:53 [main] INFO  t.g.io/epos-eric/metadata-database/deploy:main - Creating container for image: ghcr.io/epos-eric/metadata-database/deploy:main
2026-08-29 18:57:54 [main] INFO  t.g.io/epos-eric/metadata-database/deploy:main - Container ghcr.io/epos-eric/metadata-database/deploy:main is starting: 3446d279e934d5b48f21e2c60521d1a7089cda81a8ad88596e3c2ccebb3cb8be
2026-08-29 18:57:58 [main] INFO  t.g.io/epos-eric/metadata-database/deploy:main - Container ghcr.io/epos-eric/metadata-database/deploy:main started in PT4.342816017S
2026-08-29 18:57:58 [main] INFO  t.g.io/epos-eric/metadata-database/deploy:main - Container is started (JDBC URL: jdbc:postgresql://localhost:34277/cerif?loggerLevel=OFF)
2026-08-29 18:57:58 [main] INFO  com.zaxxer.hikari.HikariDataSource - metadata_catalogue - Starting...
2026-08-29 18:57:58 [main] INFO  com.zaxxer.hikari.pool.HikariPool - metadata_catalogue - Added connection org.postgresql.jdbc.PgConnection@68574f3f
2026-08-29 18:57:58 [main] INFO  com.zaxxer.hikari.HikariDataSource - metadata_catalogue - Start completed.
2026-08-29 18:57:59 [main] INFO  com.zaxxer.hikari.HikariDataSource - metadata_catalogue - Shutdown initiated...
2026-08-29 18:57:59 [main] INFO  com.zaxxer.hikari.HikariDataSource - metadata_catalogue - Shutdown completed.
2026-08-29 18:57:59 [main] INFO  t.g.io/epos-eric/metadata-database/deploy:main - Creating container for image: ghcr.io/epos-eric/metadata-database/deploy:main
2026-08-29 18:57:59 [main] INFO  t.g.io/epos-eric/metadata-database/deploy:main - Container ghcr.io/epos-eric/metadata-database/deploy:main is starting: d8cf4f72d219350a8c6bb565dabc50e9ae1292e62828bb3af600e25995da63a3
2026-08-29 18:58:04 [main] INFO  t.g.io/epos-eric/metadata-database/deploy:main - Container ghcr.io/epos-eric/metadata-database/deploy:main started in PT5.263183889S
2026-08-29 18:58:04 [main] INFO  t.g.io/epos-eric/metadata-database/deploy:main - Container is started (JDBC URL: jdbc:postgresql://localhost:34278/cerif?loggerLevel=OFF)
2026-08-29 18:58:04 [main] INFO  com.zaxxer.hikari.HikariDataSource - metadata_catalogue - Starting...
2026-08-29 18:58:04 [main] INFO  com.zaxxer.hikari.pool.HikariPool - metadata_catalogue - Added connection org.postgresql.jdbc.PgConnection@60cef949
2026-08-29 18:58:04 [main] INFO  com.zaxxer.hikari.HikariDataSource - metadata_catalogue - Start completed.
2026-08-29 18:58:05 [main] INFO  com.zaxxer.hikari.HikariDataSource - metadata_catalogue - Shutdown initiated...
2026-08-29 18:58:05 [main] INFO  com.zaxxer.hikari.HikariDataSource - metadata_catalogue - Shutdown completed.
