2026-08-17 14:29:18 [main] INFO  o.testcontainers.images.PullPolicy - Image pull policy will be performed by: DefaultPullPolicy()
2026-08-17 14:29:18 [main] INFO  o.t.utility.ImageNameSubstitutor - Image name substitution will be performed by: DefaultImageNameSubstitutor (composite of 'ConfigurationFileImageNameSubstitutor' and 'PrefixingImageNameSubstitutor')
2026-08-17 14:29:18 [main] INFO  o.testcontainers.DockerClientFactory - Testcontainers version: 2.0.2
2026-08-17 14:29:18 [main] INFO  o.t.d.DockerClientProviderStrategy - Loaded org.testcontainers.dockerclient.UnixSocketClientProviderStrategy from ~/.testcontainers.properties, will try it first
2026-08-17 14:29:18 [main] INFO  o.t.d.DockerClientProviderStrategy - Found Docker environment with local Unix socket (unix:///var/run/docker.sock)
2026-08-17 14:29:18 [main] INFO  o.testcontainers.DockerClientFactory - Docker host IP address is localhost
2026-08-17 14:29:18 [main] INFO  o.testcontainers.DockerClientFactory - Connected to docker: 
  Server Version: 29.7.2
  API Version: 1.55
  Operating System: Arch Linux
  Total Memory: 63796 MB
2026-08-17 14:29:18 [main] INFO  tc.testcontainers/ryuk:0.13.0 - Creating container for image: testcontainers/ryuk:0.13.0
2026-08-17 14:29:18 [main] INFO  tc.testcontainers/ryuk:0.13.0 - Container testcontainers/ryuk:0.13.0 is starting: 187999de9cf5219104698db5c7b6ce71b9fa1e0277cd8fa1cac122c1c0b96959
2026-08-17 14:29:19 [main] INFO  tc.testcontainers/ryuk:0.13.0 - Container testcontainers/ryuk:0.13.0 started in PT0.313465133S
2026-08-17 14:29:19 [main] INFO  o.t.utility.RyukResourceReaper - Ryuk started - will monitor and terminate Testcontainers containers on JVM exit
2026-08-17 14:29:19 [main] INFO  o.testcontainers.DockerClientFactory - Checking the system...
2026-08-17 14:29:19 [main] INFO  o.testcontainers.DockerClientFactory - ✔︎ Docker server version should be at least 1.6.0
2026-08-17 14:29:19 [main] INFO  t.g.io/epos-eric/metadata-database/deploy:main - Creating container for image: ghcr.io/epos-eric/metadata-database/deploy:main
2026-08-17 14:29:19 [main] INFO  t.g.io/epos-eric/metadata-database/deploy:main - Container ghcr.io/epos-eric/metadata-database/deploy:main is starting: 0999c45257bfff4d0825ecf53a10b0c55a072caa51de17d3f386461af4cd99c1
2026-08-17 14:29:23 [main] INFO  t.g.io/epos-eric/metadata-database/deploy:main - Container ghcr.io/epos-eric/metadata-database/deploy:main started in PT4.37514198S
2026-08-17 14:29:23 [main] INFO  t.g.io/epos-eric/metadata-database/deploy:main - Container is started (JDBC URL: jdbc:postgresql://localhost:32769/cerif?loggerLevel=OFF)
2026-08-17 14:29:23 [main] INFO  com.zaxxer.hikari.HikariDataSource - metadata_catalogue - Starting...
2026-08-17 14:29:23 [main] INFO  com.zaxxer.hikari.pool.HikariPool - metadata_catalogue - Added connection org.postgresql.jdbc.PgConnection@f88bfbe
2026-08-17 14:29:23 [main] INFO  com.zaxxer.hikari.HikariDataSource - metadata_catalogue - Start completed.
2026-08-17 14:29:48 [main] INFO  com.zaxxer.hikari.HikariDataSource - metadata_catalogue - Shutdown initiated...
2026-08-17 14:29:48 [main] INFO  com.zaxxer.hikari.HikariDataSource - metadata_catalogue - Shutdown completed.
2026-08-17 14:35:37 [main] INFO  o.testcontainers.images.PullPolicy - Image pull policy will be performed by: DefaultPullPolicy()
2026-08-17 14:35:37 [main] INFO  o.t.utility.ImageNameSubstitutor - Image name substitution will be performed by: DefaultImageNameSubstitutor (composite of 'ConfigurationFileImageNameSubstitutor' and 'PrefixingImageNameSubstitutor')
2026-08-17 14:35:37 [main] INFO  o.testcontainers.DockerClientFactory - Testcontainers version: 2.0.2
2026-08-17 14:35:37 [main] INFO  o.t.d.DockerClientProviderStrategy - Loaded org.testcontainers.dockerclient.UnixSocketClientProviderStrategy from ~/.testcontainers.properties, will try it first
2026-08-17 14:35:37 [main] INFO  o.t.d.DockerClientProviderStrategy - Found Docker environment with local Unix socket (unix:///var/run/docker.sock)
2026-08-17 14:35:37 [main] INFO  o.testcontainers.DockerClientFactory - Docker host IP address is localhost
2026-08-17 14:35:37 [main] INFO  o.testcontainers.DockerClientFactory - Connected to docker: 
  Server Version: 29.7.2
  API Version: 1.55
  Operating System: Arch Linux
  Total Memory: 63796 MB
2026-08-17 14:35:37 [main] INFO  tc.testcontainers/ryuk:0.13.0 - Creating container for image: testcontainers/ryuk:0.13.0
2026-08-17 14:35:37 [main] INFO  tc.testcontainers/ryuk:0.13.0 - Container testcontainers/ryuk:0.13.0 is starting: b68b91b5e68b5c959a16e15aa411bc33beb75cd5a41b0a2c681d5a94836740ff
2026-08-17 14:35:38 [main] INFO  tc.testcontainers/ryuk:0.13.0 - Container testcontainers/ryuk:0.13.0 started in PT0.337929086S
2026-08-17 14:35:38 [main] INFO  o.t.utility.RyukResourceReaper - Ryuk started - will monitor and terminate Testcontainers containers on JVM exit
2026-08-17 14:35:38 [main] INFO  o.testcontainers.DockerClientFactory - Checking the system...
2026-08-17 14:35:38 [main] INFO  o.testcontainers.DockerClientFactory - ✔︎ Docker server version should be at least 1.6.0
2026-08-17 14:35:38 [main] INFO  t.g.io/epos-eric/metadata-database/deploy:main - Creating container for image: ghcr.io/epos-eric/metadata-database/deploy:main
2026-08-17 14:35:38 [main] INFO  t.g.io/epos-eric/metadata-database/deploy:main - Container ghcr.io/epos-eric/metadata-database/deploy:main is starting: 9500ff00b97a424d32986b67a4f075fea0d238c20d60b325f118aaec6fd28eb7
2026-08-17 14:35:42 [main] INFO  t.g.io/epos-eric/metadata-database/deploy:main - Container ghcr.io/epos-eric/metadata-database/deploy:main started in PT3.99625441S
2026-08-17 14:35:42 [main] INFO  t.g.io/epos-eric/metadata-database/deploy:main - Container is started (JDBC URL: jdbc:postgresql://localhost:32771/cerif?loggerLevel=OFF)
2026-08-17 14:35:42 [main] INFO  com.zaxxer.hikari.HikariDataSource - metadata_catalogue - Starting...
2026-08-17 14:35:42 [main] INFO  com.zaxxer.hikari.pool.HikariPool - metadata_catalogue - Added connection org.postgresql.jdbc.PgConnection@53c6f96d
2026-08-17 14:35:42 [main] INFO  com.zaxxer.hikari.HikariDataSource - metadata_catalogue - Start completed.
2026-08-17 14:35:43 [main] INFO  com.zaxxer.hikari.HikariDataSource - metadata_catalogue - Shutdown initiated...
2026-08-17 14:35:43 [main] INFO  com.zaxxer.hikari.HikariDataSource - metadata_catalogue - Shutdown completed.
2026-08-17 14:41:03 [main] INFO  o.testcontainers.images.PullPolicy - Image pull policy will be performed by: DefaultPullPolicy()
2026-08-17 14:41:03 [main] INFO  o.t.utility.ImageNameSubstitutor - Image name substitution will be performed by: DefaultImageNameSubstitutor (composite of 'ConfigurationFileImageNameSubstitutor' and 'PrefixingImageNameSubstitutor')
2026-08-17 14:41:03 [main] INFO  o.testcontainers.DockerClientFactory - Testcontainers version: 2.0.2
2026-08-17 14:41:03 [main] INFO  o.testcontainers.images.PullPolicy - Image pull policy will be performed by: DefaultPullPolicy()
2026-08-17 14:41:03 [main] INFO  o.t.utility.ImageNameSubstitutor - Image name substitution will be performed by: DefaultImageNameSubstitutor (composite of 'ConfigurationFileImageNameSubstitutor' and 'PrefixingImageNameSubstitutor')
2026-08-17 14:41:03 [main] INFO  o.testcontainers.DockerClientFactory - Testcontainers version: 2.0.2
2026-08-17 14:41:03 [main] INFO  o.t.d.DockerClientProviderStrategy - Loaded org.testcontainers.dockerclient.UnixSocketClientProviderStrategy from ~/.testcontainers.properties, will try it first
2026-08-17 14:41:03 [main] INFO  o.t.d.DockerClientProviderStrategy - Loaded org.testcontainers.dockerclient.UnixSocketClientProviderStrategy from ~/.testcontainers.properties, will try it first
2026-08-17 14:41:03 [main] INFO  o.t.d.DockerClientProviderStrategy - Found Docker environment with local Unix socket (unix:///var/run/docker.sock)
2026-08-17 14:41:03 [main] INFO  o.testcontainers.DockerClientFactory - Docker host IP address is localhost
2026-08-17 14:41:03 [main] INFO  o.testcontainers.DockerClientFactory - Connected to docker: 
  Server Version: 29.7.2
  API Version: 1.55
  Operating System: Arch Linux
  Total Memory: 63796 MB
2026-08-17 14:41:03 [main] INFO  o.t.d.DockerClientProviderStrategy - Found Docker environment with local Unix socket (unix:///var/run/docker.sock)
2026-08-17 14:41:03 [main] INFO  o.testcontainers.DockerClientFactory - Docker host IP address is localhost
2026-08-17 14:41:03 [main] INFO  o.testcontainers.DockerClientFactory - Connected to docker: 
  Server Version: 29.7.2
  API Version: 1.55
  Operating System: Arch Linux
  Total Memory: 63796 MB
2026-08-17 14:41:04 [main] INFO  tc.testcontainers/ryuk:0.13.0 - Creating container for image: testcontainers/ryuk:0.13.0
2026-08-17 14:41:04 [main] INFO  tc.testcontainers/ryuk:0.13.0 - Creating container for image: testcontainers/ryuk:0.13.0
2026-08-17 14:41:04 [main] INFO  tc.testcontainers/ryuk:0.13.0 - Container testcontainers/ryuk:0.13.0 is starting: 62dc297b4a1e6a4c78aaa5525072606ab0344d741e594ae67f589d2219e52dac
2026-08-17 14:41:04 [main] INFO  tc.testcontainers/ryuk:0.13.0 - Container testcontainers/ryuk:0.13.0 is starting: 1ba9ec72d2c7ce973a74b7d6d90b555a85eae40ad5dd48ec26b6edf09fbd415c
2026-08-17 14:41:04 [main] INFO  tc.testcontainers/ryuk:0.13.0 - Container testcontainers/ryuk:0.13.0 started in PT0.267396461S
2026-08-17 14:41:04 [main] INFO  o.t.utility.RyukResourceReaper - Ryuk started - will monitor and terminate Testcontainers containers on JVM exit
2026-08-17 14:41:04 [main] INFO  o.testcontainers.DockerClientFactory - Checking the system...
2026-08-17 14:41:04 [main] INFO  o.testcontainers.DockerClientFactory - ✔︎ Docker server version should be at least 1.6.0
2026-08-17 14:41:04 [main] INFO  t.g.io/epos-eric/metadata-database/deploy:main - Creating container for image: ghcr.io/epos-eric/metadata-database/deploy:main
2026-08-17 14:41:04 [main] INFO  tc.testcontainers/ryuk:0.13.0 - Container testcontainers/ryuk:0.13.0 started in PT0.292836986S
2026-08-17 14:41:04 [main] INFO  o.t.utility.RyukResourceReaper - Ryuk started - will monitor and terminate Testcontainers containers on JVM exit
2026-08-17 14:41:04 [main] INFO  o.testcontainers.DockerClientFactory - Checking the system...
2026-08-17 14:41:04 [main] INFO  o.testcontainers.DockerClientFactory - ✔︎ Docker server version should be at least 1.6.0
2026-08-17 14:41:04 [main] INFO  t.g.io/epos-eric/metadata-database/deploy:main - Creating container for image: ghcr.io/epos-eric/metadata-database/deploy:main
2026-08-17 14:41:04 [main] INFO  t.g.io/epos-eric/metadata-database/deploy:main - Container ghcr.io/epos-eric/metadata-database/deploy:main is starting: 2cabff73f6bb788b6867db5ba619ff33985bb30e25b2758859201af6301bba2a
2026-08-17 14:41:04 [main] INFO  t.g.io/epos-eric/metadata-database/deploy:main - Container ghcr.io/epos-eric/metadata-database/deploy:main is starting: 682315055b1acaecd76133582b1136eada40064a77b54d632f7acd5e4231010c
2026-08-17 14:41:08 [main] INFO  t.g.io/epos-eric/metadata-database/deploy:main - Container ghcr.io/epos-eric/metadata-database/deploy:main started in PT3.591054875S
2026-08-17 14:41:08 [main] INFO  t.g.io/epos-eric/metadata-database/deploy:main - Container ghcr.io/epos-eric/metadata-database/deploy:main started in PT3.60169322S
2026-08-17 14:41:08 [main] INFO  t.g.io/epos-eric/metadata-database/deploy:main - Container is started (JDBC URL: jdbc:postgresql://localhost:32774/cerif?loggerLevel=OFF)
2026-08-17 14:41:08 [main] INFO  t.g.io/epos-eric/metadata-database/deploy:main - Container is started (JDBC URL: jdbc:postgresql://localhost:32775/cerif?loggerLevel=OFF)
2026-08-17 14:41:08 [main] INFO  com.zaxxer.hikari.HikariDataSource - metadata_catalogue - Starting...
2026-08-17 14:41:08 [main] INFO  com.zaxxer.hikari.HikariDataSource - metadata_catalogue - Starting...
2026-08-17 14:41:08 [main] INFO  com.zaxxer.hikari.pool.HikariPool - metadata_catalogue - Added connection org.postgresql.jdbc.PgConnection@571a01f9
2026-08-17 14:41:08 [main] INFO  com.zaxxer.hikari.HikariDataSource - metadata_catalogue - Start completed.
2026-08-17 14:41:08 [main] INFO  com.zaxxer.hikari.pool.HikariPool - metadata_catalogue - Added connection org.postgresql.jdbc.PgConnection@435cc7f9
2026-08-17 14:41:08 [main] INFO  com.zaxxer.hikari.HikariDataSource - metadata_catalogue - Start completed.
2026-08-17 14:41:09 [main] INFO  com.zaxxer.hikari.HikariDataSource - metadata_catalogue - Shutdown initiated...
2026-08-17 14:41:09 [main] INFO  com.zaxxer.hikari.HikariDataSource - metadata_catalogue - Shutdown completed.
2026-08-17 14:41:09 [main] INFO  com.zaxxer.hikari.HikariDataSource - metadata_catalogue - Shutdown initiated...
2026-08-17 14:41:09 [main] INFO  com.zaxxer.hikari.HikariDataSource - metadata_catalogue - Shutdown completed.
2026-08-17 14:45:30 [main] INFO  o.testcontainers.images.PullPolicy - Image pull policy will be performed by: DefaultPullPolicy()
2026-08-17 14:45:30 [main] INFO  o.t.utility.ImageNameSubstitutor - Image name substitution will be performed by: DefaultImageNameSubstitutor (composite of 'ConfigurationFileImageNameSubstitutor' and 'PrefixingImageNameSubstitutor')
2026-08-17 14:45:30 [main] INFO  o.testcontainers.DockerClientFactory - Testcontainers version: 2.0.2
2026-08-17 14:45:30 [main] INFO  o.t.d.DockerClientProviderStrategy - Loaded org.testcontainers.dockerclient.UnixSocketClientProviderStrategy from ~/.testcontainers.properties, will try it first
2026-08-17 14:45:31 [main] INFO  o.t.d.DockerClientProviderStrategy - Found Docker environment with local Unix socket (unix:///var/run/docker.sock)
2026-08-17 14:45:31 [main] INFO  o.testcontainers.DockerClientFactory - Docker host IP address is localhost
2026-08-17 14:45:31 [main] INFO  o.testcontainers.DockerClientFactory - Connected to docker: 
  Server Version: 29.7.2
  API Version: 1.55
  Operating System: Arch Linux
  Total Memory: 63796 MB
2026-08-17 14:45:31 [main] INFO  tc.testcontainers/ryuk:0.13.0 - Creating container for image: testcontainers/ryuk:0.13.0
2026-08-17 14:45:31 [main] INFO  tc.testcontainers/ryuk:0.13.0 - Container testcontainers/ryuk:0.13.0 is starting: d23c7cccf3ca8bcecbebf4e210c19526eeb57d19b386a919d3080f9c49fd0362
2026-08-17 14:45:31 [main] INFO  tc.testcontainers/ryuk:0.13.0 - Container testcontainers/ryuk:0.13.0 started in PT0.271166301S
2026-08-17 14:45:31 [main] INFO  o.t.utility.RyukResourceReaper - Ryuk started - will monitor and terminate Testcontainers containers on JVM exit
2026-08-17 14:45:31 [main] INFO  o.testcontainers.DockerClientFactory - Checking the system...
2026-08-17 14:45:31 [main] INFO  o.testcontainers.DockerClientFactory - ✔︎ Docker server version should be at least 1.6.0
2026-08-17 14:45:31 [main] INFO  t.g.io/epos-eric/metadata-database/deploy:main - Creating container for image: ghcr.io/epos-eric/metadata-database/deploy:main
2026-08-17 14:45:31 [main] INFO  t.g.io/epos-eric/metadata-database/deploy:main - Container ghcr.io/epos-eric/metadata-database/deploy:main is starting: c12b28d0100064ce36872959b818fb7828064f370cd31e337dbdf3dfc0ee8407
2026-08-17 14:45:35 [main] INFO  t.g.io/epos-eric/metadata-database/deploy:main - Container ghcr.io/epos-eric/metadata-database/deploy:main started in PT4.006500829S
2026-08-17 14:45:35 [main] INFO  t.g.io/epos-eric/metadata-database/deploy:main - Container is started (JDBC URL: jdbc:postgresql://localhost:32777/cerif?loggerLevel=OFF)
2026-08-17 14:45:35 [main] INFO  com.zaxxer.hikari.HikariDataSource - metadata_catalogue - Starting...
2026-08-17 14:45:36 [main] INFO  com.zaxxer.hikari.pool.HikariPool - metadata_catalogue - Added connection org.postgresql.jdbc.PgConnection@7e7f3cfd
2026-08-17 14:45:36 [main] INFO  com.zaxxer.hikari.HikariDataSource - metadata_catalogue - Start completed.
2026-08-17 14:45:36 [main] INFO  com.zaxxer.hikari.HikariDataSource - metadata_catalogue - Shutdown initiated...
2026-08-17 14:45:36 [main] INFO  com.zaxxer.hikari.HikariDataSource - metadata_catalogue - Shutdown completed.
2026-08-17 14:53:45 [main] INFO  o.testcontainers.images.PullPolicy - Image pull policy will be performed by: DefaultPullPolicy()
2026-08-17 14:53:45 [main] INFO  o.t.utility.ImageNameSubstitutor - Image name substitution will be performed by: DefaultImageNameSubstitutor (composite of 'ConfigurationFileImageNameSubstitutor' and 'PrefixingImageNameSubstitutor')
2026-08-17 14:53:45 [main] INFO  o.testcontainers.DockerClientFactory - Testcontainers version: 2.0.2
2026-08-17 14:53:45 [main] INFO  o.t.d.DockerClientProviderStrategy - Loaded org.testcontainers.dockerclient.UnixSocketClientProviderStrategy from ~/.testcontainers.properties, will try it first
2026-08-17 14:53:45 [main] INFO  o.t.d.DockerClientProviderStrategy - Found Docker environment with local Unix socket (unix:///var/run/docker.sock)
2026-08-17 14:53:45 [main] INFO  o.testcontainers.DockerClientFactory - Docker host IP address is localhost
2026-08-17 14:53:45 [main] INFO  o.testcontainers.DockerClientFactory - Connected to docker: 
  Server Version: 29.7.2
  API Version: 1.55
  Operating System: Arch Linux
  Total Memory: 63796 MB
2026-08-17 14:53:46 [main] INFO  tc.testcontainers/ryuk:0.13.0 - Creating container for image: testcontainers/ryuk:0.13.0
2026-08-17 14:53:46 [main] INFO  tc.testcontainers/ryuk:0.13.0 - Container testcontainers/ryuk:0.13.0 is starting: 9ca4f8505dab3aef0697da6caa52c5c55516c15067cb80b6cbfe943e5f075463
2026-08-17 14:53:46 [main] INFO  tc.testcontainers/ryuk:0.13.0 - Container testcontainers/ryuk:0.13.0 started in PT0.296797102S
2026-08-17 14:53:46 [main] INFO  o.t.utility.RyukResourceReaper - Ryuk started - will monitor and terminate Testcontainers containers on JVM exit
2026-08-17 14:53:46 [main] INFO  o.testcontainers.DockerClientFactory - Checking the system...
2026-08-17 14:53:46 [main] INFO  o.testcontainers.DockerClientFactory - ✔︎ Docker server version should be at least 1.6.0
2026-08-17 14:53:46 [main] INFO  t.g.io/epos-eric/metadata-database/deploy:main - Creating container for image: ghcr.io/epos-eric/metadata-database/deploy:main
2026-08-17 14:53:46 [main] INFO  t.g.io/epos-eric/metadata-database/deploy:main - Container ghcr.io/epos-eric/metadata-database/deploy:main is starting: 63aa937eb4d1af4be64767a33c1cbdb570ee35b895e85a3e497c77bdf2d77e3f
2026-08-17 14:53:50 [main] INFO  t.g.io/epos-eric/metadata-database/deploy:main - Container ghcr.io/epos-eric/metadata-database/deploy:main started in PT3.893438006S
2026-08-17 14:53:50 [main] INFO  t.g.io/epos-eric/metadata-database/deploy:main - Container is started (JDBC URL: jdbc:postgresql://localhost:32779/cerif?loggerLevel=OFF)
2026-08-17 14:53:50 [main] INFO  com.zaxxer.hikari.HikariDataSource - metadata_catalogue - Starting...
2026-08-17 14:53:50 [main] INFO  com.zaxxer.hikari.pool.HikariPool - metadata_catalogue - Added connection org.postgresql.jdbc.PgConnection@571a01f9
2026-08-17 14:53:50 [main] INFO  com.zaxxer.hikari.HikariDataSource - metadata_catalogue - Start completed.
2026-08-17 14:53:51 [main] INFO  com.zaxxer.hikari.HikariDataSource - metadata_catalogue - Shutdown initiated...
2026-08-17 14:53:51 [main] INFO  com.zaxxer.hikari.HikariDataSource - metadata_catalogue - Shutdown completed.
2026-08-17 15:27:45 [main] INFO  o.testcontainers.images.PullPolicy - Image pull policy will be performed by: DefaultPullPolicy()
2026-08-17 15:27:45 [main] INFO  o.t.utility.ImageNameSubstitutor - Image name substitution will be performed by: DefaultImageNameSubstitutor (composite of 'ConfigurationFileImageNameSubstitutor' and 'PrefixingImageNameSubstitutor')
2026-08-17 15:27:45 [main] INFO  o.testcontainers.DockerClientFactory - Testcontainers version: 2.0.2
2026-08-17 15:27:45 [main] INFO  o.t.d.DockerClientProviderStrategy - Loaded org.testcontainers.dockerclient.UnixSocketClientProviderStrategy from ~/.testcontainers.properties, will try it first
2026-08-17 15:27:45 [main] INFO  o.t.d.DockerClientProviderStrategy - Found Docker environment with local Unix socket (unix:///var/run/docker.sock)
2026-08-17 15:27:45 [main] INFO  o.testcontainers.DockerClientFactory - Docker host IP address is localhost
2026-08-17 15:27:45 [main] INFO  o.testcontainers.DockerClientFactory - Connected to docker: 
  Server Version: 29.7.2
  API Version: 1.55
  Operating System: Arch Linux
  Total Memory: 63796 MB
2026-08-17 15:27:46 [main] INFO  tc.testcontainers/ryuk:0.13.0 - Creating container for image: testcontainers/ryuk:0.13.0
2026-08-17 15:27:46 [main] INFO  tc.testcontainers/ryuk:0.13.0 - Container testcontainers/ryuk:0.13.0 is starting: ab10f342b24f470f74083226b57bb49296704dda9c27367a2ca97e765d4ccb28
2026-08-17 15:27:46 [main] INFO  tc.testcontainers/ryuk:0.13.0 - Container testcontainers/ryuk:0.13.0 started in PT0.316817961S
2026-08-17 15:27:46 [main] INFO  o.t.utility.RyukResourceReaper - Ryuk started - will monitor and terminate Testcontainers containers on JVM exit
2026-08-17 15:27:46 [main] INFO  o.testcontainers.DockerClientFactory - Checking the system...
2026-08-17 15:27:46 [main] INFO  o.testcontainers.DockerClientFactory - ✔︎ Docker server version should be at least 1.6.0
2026-08-17 15:27:46 [main] INFO  t.g.io/epos-eric/metadata-database/deploy:main - Creating container for image: ghcr.io/epos-eric/metadata-database/deploy:main
2026-08-17 15:27:46 [main] INFO  t.g.io/epos-eric/metadata-database/deploy:main - Container ghcr.io/epos-eric/metadata-database/deploy:main is starting: 4d9173bf1f664fa236b8793c92cadb848ba01df4f1655491270fea8b719a76bc
2026-08-17 15:27:50 [main] INFO  t.g.io/epos-eric/metadata-database/deploy:main - Container ghcr.io/epos-eric/metadata-database/deploy:main started in PT4.029065606S
2026-08-17 15:27:50 [main] INFO  t.g.io/epos-eric/metadata-database/deploy:main - Container is started (JDBC URL: jdbc:postgresql://localhost:32781/cerif?loggerLevel=OFF)
2026-08-17 15:27:50 [main] INFO  com.zaxxer.hikari.HikariDataSource - metadata_catalogue - Starting...
2026-08-17 15:27:50 [main] INFO  com.zaxxer.hikari.pool.HikariPool - metadata_catalogue - Added connection org.postgresql.jdbc.PgConnection@571a01f9
2026-08-17 15:27:50 [main] INFO  com.zaxxer.hikari.HikariDataSource - metadata_catalogue - Start completed.
2026-08-17 15:27:52 [main] INFO  com.zaxxer.hikari.HikariDataSource - metadata_catalogue - Shutdown initiated...
2026-08-17 15:27:52 [main] INFO  com.zaxxer.hikari.HikariDataSource - metadata_catalogue - Shutdown completed.
2026-08-17 15:29:15 [main] INFO  o.testcontainers.images.PullPolicy - Image pull policy will be performed by: DefaultPullPolicy()
2026-08-17 15:29:15 [main] INFO  o.t.utility.ImageNameSubstitutor - Image name substitution will be performed by: DefaultImageNameSubstitutor (composite of 'ConfigurationFileImageNameSubstitutor' and 'PrefixingImageNameSubstitutor')
2026-08-17 15:29:15 [main] INFO  o.testcontainers.DockerClientFactory - Testcontainers version: 2.0.2
2026-08-17 15:29:15 [main] INFO  o.t.d.DockerClientProviderStrategy - Loaded org.testcontainers.dockerclient.UnixSocketClientProviderStrategy from ~/.testcontainers.properties, will try it first
2026-08-17 15:29:15 [main] INFO  o.t.d.DockerClientProviderStrategy - Found Docker environment with local Unix socket (unix:///var/run/docker.sock)
2026-08-17 15:29:15 [main] INFO  o.testcontainers.DockerClientFactory - Docker host IP address is localhost
2026-08-17 15:29:15 [main] INFO  o.testcontainers.DockerClientFactory - Connected to docker: 
  Server Version: 29.7.2
  API Version: 1.55
  Operating System: Arch Linux
  Total Memory: 63796 MB
2026-08-17 15:29:16 [main] INFO  tc.testcontainers/ryuk:0.13.0 - Creating container for image: testcontainers/ryuk:0.13.0
2026-08-17 15:29:16 [main] INFO  tc.testcontainers/ryuk:0.13.0 - Container testcontainers/ryuk:0.13.0 is starting: 297f74af55573f92cca0c47201fd2f7953efd50a86277c92f357253971434520
2026-08-17 15:29:16 [main] INFO  tc.testcontainers/ryuk:0.13.0 - Container testcontainers/ryuk:0.13.0 started in PT0.278970249S
2026-08-17 15:29:16 [main] INFO  o.t.utility.RyukResourceReaper - Ryuk started - will monitor and terminate Testcontainers containers on JVM exit
2026-08-17 15:29:16 [main] INFO  o.testcontainers.DockerClientFactory - Checking the system...
2026-08-17 15:29:16 [main] INFO  o.testcontainers.DockerClientFactory - ✔︎ Docker server version should be at least 1.6.0
2026-08-17 15:29:16 [main] INFO  t.g.io/epos-eric/metadata-database/deploy:main - Creating container for image: ghcr.io/epos-eric/metadata-database/deploy:main
2026-08-17 15:29:16 [main] INFO  t.g.io/epos-eric/metadata-database/deploy:main - Container ghcr.io/epos-eric/metadata-database/deploy:main is starting: 716dfc21604c3f049015222a1cd4208e0c782dabd65eee4d8bee71dbeb0e72d3
2026-08-17 15:29:20 [main] INFO  t.g.io/epos-eric/metadata-database/deploy:main - Container ghcr.io/epos-eric/metadata-database/deploy:main started in PT4.162449745S
2026-08-17 15:29:20 [main] INFO  t.g.io/epos-eric/metadata-database/deploy:main - Container is started (JDBC URL: jdbc:postgresql://localhost:32783/cerif?loggerLevel=OFF)
2026-08-17 15:29:20 [main] INFO  com.zaxxer.hikari.HikariDataSource - metadata_catalogue - Starting...
2026-08-17 15:29:20 [main] INFO  com.zaxxer.hikari.pool.HikariPool - metadata_catalogue - Added connection org.postgresql.jdbc.PgConnection@571a01f9
2026-08-17 15:29:20 [main] INFO  com.zaxxer.hikari.HikariDataSource - metadata_catalogue - Start completed.
2026-08-17 15:29:21 [main] WARN  dao.EposDataModelDAO - Initiating transaction rollback due to active transaction failure
2026-08-17 15:29:21 [main] ERROR dao.EposDataModelDAO - Error during batch update
jakarta.persistence.PersistenceException: Exception [EclipseLink-4002] (Eclipse Persistence Services - 4.0.6.v202504090809-b9b1a3052f5ed8d3d838116c07fd4d6d6753df8b): org.eclipse.persistence.exceptions.DatabaseException
Internal Exception: org.postgresql.util.PSQLException: ERROR: duplicate key value violates unique constraint "softwaresourcecode_creator_pkey"
  Dettaglio: Key (softwaresourcecode_instance_id)=(5bbff7c2-610d-45d0-8a41-17c796b6190b) already exists.
Error Code: 0
Call: INSERT INTO metadata_catalogue.softwaresourcecode_creator (resource_entity, entity_instance_id, softwaresourcecode_instance_id) VALUES (?, ?, ?)
	bind => [3 parameters bound]
	at org.eclipse.persistence.internal.jpa.EntityManagerImpl.flush(EntityManagerImpl.java:967)
	at dao.EposDataModelDAO.updateListOfObjects(EposDataModelDAO.java:444)
	at metadataapis.SoftwareSourceCodeAPI.syncPolymorphicRelation(SoftwareSourceCodeAPI.java:189)
	at metadataapis.SoftwareSourceCodeAPI.create(SoftwareSourceCodeAPI.java:120)
	at metadataapis.SoftwareSourceCodeAPI.create(SoftwareSourceCodeAPI.java:20)
	at integrationtests.unittests.SoftwareCreatorRelationsTest.testUpdateSoftwareSourceCodeCreator(SoftwareCreatorRelationsTest.java:445)
	at java.base/jdk.internal.reflect.DirectMethodHandleAccessor.invoke(DirectMethodHandleAccessor.java:103)
	at java.base/java.lang.reflect.Method.invoke(Method.java:580)
	at org.junit.platform.commons.util.ReflectionUtils.invokeMethod(ReflectionUtils.java:787)
	at org.junit.platform.commons.support.ReflectionSupport.invokeMethod(ReflectionSupport.java:479)
	at org.junit.jupiter.engine.execution.MethodInvocation.proceed(MethodInvocation.java:60)
	at org.junit.jupiter.engine.execution.InvocationInterceptorChain$ValidatingInvocation.proceed(InvocationInterceptorChain.java:131)
	at org.junit.jupiter.engine.extension.TimeoutExtension.intercept(TimeoutExtension.java:161)
	at org.junit.jupiter.engine.extension.TimeoutExtension.interceptTestableMethod(TimeoutExtension.java:152)
	at org.junit.jupiter.engine.extension.TimeoutExtension.interceptTestMethod(TimeoutExtension.java:91)
	at org.junit.jupiter.engine.execution.InterceptingExecutableInvoker$ReflectiveInterceptorCall.lambda$ofVoidMethod$0(InterceptingExecutableInvoker.java:112)
	at org.junit.jupiter.engine.execution.InterceptingExecutableInvoker.lambda$invoke$0(InterceptingExecutableInvoker.java:94)
	at org.junit.jupiter.engine.execution.InvocationInterceptorChain$InterceptedInvocation.proceed(InvocationInterceptorChain.java:106)
	at org.junit.jupiter.engine.execution.InvocationInterceptorChain.proceed(InvocationInterceptorChain.java:64)
	at org.junit.jupiter.engine.execution.InvocationInterceptorChain.chainAndInvoke(InvocationInterceptorChain.java:45)
	at org.junit.jupiter.engine.execution.InvocationInterceptorChain.invoke(InvocationInterceptorChain.java:37)
	at org.junit.jupiter.engine.execution.InterceptingExecutableInvoker.invoke(InterceptingExecutableInvoker.java:93)
	at org.junit.jupiter.engine.execution.InterceptingExecutableInvoker.invoke(InterceptingExecutableInvoker.java:87)
	at org.junit.jupiter.engine.descriptor.TestMethodTestDescriptor.lambda$invokeTestMethod$4(TestMethodTestDescriptor.java:221)
	at org.junit.platform.engine.support.hierarchical.ThrowableCollector.execute(ThrowableCollector.java:73)
	at org.junit.jupiter.engine.descriptor.TestMethodTestDescriptor.invokeTestMethod(TestMethodTestDescriptor.java:217)
	at org.junit.jupiter.engine.descriptor.TestMethodTestDescriptor.execute(TestMethodTestDescriptor.java:159)
	at org.junit.jupiter.engine.descriptor.TestMethodTestDescriptor.execute(TestMethodTestDescriptor.java:70)
	at org.junit.platform.engine.support.hierarchical.NodeTestTask.lambda$executeRecursively$6(NodeTestTask.java:157)
	at org.junit.platform.engine.support.hierarchical.ThrowableCollector.execute(ThrowableCollector.java:73)
	at org.junit.platform.engine.support.hierarchical.NodeTestTask.lambda$executeRecursively$8(NodeTestTask.java:147)
	at org.junit.platform.engine.support.hierarchical.Node.around(Node.java:137)
	at org.junit.platform.engine.support.hierarchical.NodeTestTask.lambda$executeRecursively$9(NodeTestTask.java:145)
	at org.junit.platform.engine.support.hierarchical.ThrowableCollector.execute(ThrowableCollector.java:73)
	at org.junit.platform.engine.support.hierarchical.NodeTestTask.executeRecursively(NodeTestTask.java:144)
	at org.junit.platform.engine.support.hierarchical.NodeTestTask.execute(NodeTestTask.java:101)
	at java.base/java.util.ArrayList.forEach(ArrayList.java:1596)
	at org.junit.platform.engine.support.hierarchical.SameThreadHierarchicalTestExecutorService.invokeAll(SameThreadHierarchicalTestExecutorService.java:41)
	at org.junit.platform.engine.support.hierarchical.NodeTestTask.lambda$executeRecursively$6(NodeTestTask.java:161)
	at org.junit.platform.engine.support.hierarchical.ThrowableCollector.execute(ThrowableCollector.java:73)
	at org.junit.platform.engine.support.hierarchical.NodeTestTask.lambda$executeRecursively$8(NodeTestTask.java:147)
	at org.junit.platform.engine.support.hierarchical.Node.around(Node.java:137)
	at org.junit.platform.engine.support.hierarchical.NodeTestTask.lambda$executeRecursively$9(NodeTestTask.java:145)
	at org.junit.platform.engine.support.hierarchical.ThrowableCollector.execute(ThrowableCollector.java:73)
	at org.junit.platform.engine.support.hierarchical.NodeTestTask.executeRecursively(NodeTestTask.java:144)
	at org.junit.platform.engine.support.hierarchical.NodeTestTask.execute(NodeTestTask.java:101)
	at java.base/java.util.ArrayList.forEach(ArrayList.java:1596)
	at org.junit.platform.engine.support.hierarchical.SameThreadHierarchicalTestExecutorService.invokeAll(SameThreadHierarchicalTestExecutorService.java:41)
	at org.junit.platform.engine.support.hierarchical.NodeTestTask.lambda$executeRecursively$6(NodeTestTask.java:161)
	at org.junit.platform.engine.support.hierarchical.ThrowableCollector.execute(ThrowableCollector.java:73)
	at org.junit.platform.engine.support.hierarchical.NodeTestTask.lambda$executeRecursively$8(NodeTestTask.java:147)
	at org.junit.platform.engine.support.hierarchical.Node.around(Node.java:137)
	at org.junit.platform.engine.support.hierarchical.NodeTestTask.lambda$executeRecursively$9(NodeTestTask.java:145)
	at org.junit.platform.engine.support.hierarchical.ThrowableCollector.execute(ThrowableCollector.java:73)
	at org.junit.platform.engine.support.hierarchical.NodeTestTask.executeRecursively(NodeTestTask.java:144)
	at org.junit.platform.engine.support.hierarchical.NodeTestTask.execute(NodeTestTask.java:101)
	at org.junit.platform.engine.support.hierarchical.SameThreadHierarchicalTestExecutorService.submit(SameThreadHierarchicalTestExecutorService.java:35)
	at org.junit.platform.engine.support.hierarchical.HierarchicalTestExecutor.execute(HierarchicalTestExecutor.java:57)
	at org.junit.platform.engine.support.hierarchical.HierarchicalTestEngine.execute(HierarchicalTestEngine.java:54)
	at org.junit.platform.launcher.core.EngineExecutionOrchestrator.executeEngine(EngineExecutionOrchestrator.java:230)
	at org.junit.platform.launcher.core.EngineExecutionOrchestrator.failOrExecuteEngine(EngineExecutionOrchestrator.java:204)
	at org.junit.platform.launcher.core.EngineExecutionOrchestrator.execute(EngineExecutionOrchestrator.java:172)
	at org.junit.platform.launcher.core.EngineExecutionOrchestrator.execute(EngineExecutionOrchestrator.java:101)
	at org.junit.platform.launcher.core.EngineExecutionOrchestrator.lambda$execute$0(EngineExecutionOrchestrator.java:64)
	at org.junit.platform.launcher.core.EngineExecutionOrchestrator.withInterceptedStreams(EngineExecutionOrchestrator.java:150)
	at org.junit.platform.launcher.core.EngineExecutionOrchestrator.execute(EngineExecutionOrchestrator.java:63)
	at org.junit.platform.launcher.core.DefaultLauncher.execute(DefaultLauncher.java:109)
	at org.junit.platform.launcher.core.DefaultLauncher.execute(DefaultLauncher.java:91)
	at org.junit.platform.launcher.core.DelegatingLauncher.execute(DelegatingLauncher.java:47)
	at org.junit.platform.launcher.core.InterceptingLauncher.lambda$execute$1(InterceptingLauncher.java:39)
	at org.junit.platform.launcher.core.ClasspathAlignmentCheckingLauncherInterceptor.intercept(ClasspathAlignmentCheckingLauncherInterceptor.java:25)
	at org.junit.platform.launcher.core.InterceptingLauncher.execute(InterceptingLauncher.java:38)
	at org.junit.platform.launcher.core.DelegatingLauncher.execute(DelegatingLauncher.java:47)
	at org.apache.maven.surefire.junitplatform.LazyLauncher.execute(LazyLauncher.java:56)
	at org.apache.maven.surefire.junitplatform.JUnitPlatformProvider.execute(JUnitPlatformProvider.java:194)
	at org.apache.maven.surefire.junitplatform.JUnitPlatformProvider.invokeAllTests(JUnitPlatformProvider.java:150)
	at org.apache.maven.surefire.junitplatform.JUnitPlatformProvider.invoke(JUnitPlatformProvider.java:124)
	at org.apache.maven.surefire.booter.ForkedBooter.runSuitesInProcess(ForkedBooter.java:385)
	at org.apache.maven.surefire.booter.ForkedBooter.execute(ForkedBooter.java:162)
	at org.apache.maven.surefire.booter.ForkedBooter.run(ForkedBooter.java:507)
	at org.apache.maven.surefire.booter.ForkedBooter.main(ForkedBooter.java:495)
Caused by: org.eclipse.persistence.exceptions.DatabaseException: 
Internal Exception: org.postgresql.util.PSQLException: ERROR: duplicate key value violates unique constraint "softwaresourcecode_creator_pkey"
  Dettaglio: Key (softwaresourcecode_instance_id)=(5bbff7c2-610d-45d0-8a41-17c796b6190b) already exists.
Error Code: 0
Call: INSERT INTO metadata_catalogue.softwaresourcecode_creator (resource_entity, entity_instance_id, softwaresourcecode_instance_id) VALUES (?, ?, ?)
	bind => [3 parameters bound]
	at org.eclipse.persistence.exceptions.DatabaseException.sqlException(DatabaseException.java:343)
	at org.eclipse.persistence.internal.databaseaccess.DatabaseAccessor.processExceptionForCommError(DatabaseAccessor.java:1805)
	at org.eclipse.persistence.internal.databaseaccess.DatabaseAccessor.executeDirectNoSelect(DatabaseAccessor.java:917)
	at org.eclipse.persistence.internal.databaseaccess.DatabaseAccessor.executeNoSelect(DatabaseAccessor.java:981)
	at org.eclipse.persistence.internal.databaseaccess.DatabaseAccessor.basicExecuteCall(DatabaseAccessor.java:642)
	at org.eclipse.persistence.internal.databaseaccess.ParameterizedSQLBatchWritingMechanism.executeBatch(ParameterizedSQLBatchWritingMechanism.java:155)
	at org.eclipse.persistence.internal.databaseaccess.ParameterizedSQLBatchWritingMechanism.executeBatchedStatements(ParameterizedSQLBatchWritingMechanism.java:140)
	at org.eclipse.persistence.internal.databaseaccess.DatabaseAccessor.writesCompleted(DatabaseAccessor.java:2036)
	at org.eclipse.persistence.internal.sessions.AbstractSession.writesCompleted(AbstractSession.java:4375)
	at org.eclipse.persistence.internal.sessions.UnitOfWorkImpl.writesCompleted(UnitOfWorkImpl.java:5898)
	at org.eclipse.persistence.internal.sessions.RepeatableWriteUnitOfWork.writeChanges(RepeatableWriteUnitOfWork.java:479)
	at org.eclipse.persistence.internal.jpa.EntityManagerImpl.flush(EntityManagerImpl.java:962)
	... 80 common frames omitted
Caused by: org.postgresql.util.PSQLException: ERROR: duplicate key value violates unique constraint "softwaresourcecode_creator_pkey"
  Dettaglio: Key (softwaresourcecode_instance_id)=(5bbff7c2-610d-45d0-8a41-17c796b6190b) already exists.
	at org.postgresql.core.v3.QueryExecutorImpl.receiveErrorResponse(QueryExecutorImpl.java:2736)
	at org.postgresql.core.v3.QueryExecutorImpl.processResults(QueryExecutorImpl.java:2423)
	at org.postgresql.core.v3.QueryExecutorImpl.execute(QueryExecutorImpl.java:374)
	at org.postgresql.jdbc.PgStatement.executeInternal(PgStatement.java:518)
	at org.postgresql.jdbc.PgStatement.execute(PgStatement.java:435)
	at org.postgresql.jdbc.PgPreparedStatement.executeWithFlags(PgPreparedStatement.java:196)
	at org.postgresql.jdbc.PgPreparedStatement.executeUpdate(PgPreparedStatement.java:157)
	at com.zaxxer.hikari.pool.ProxyPreparedStatement.executeUpdate(ProxyPreparedStatement.java:61)
	at com.zaxxer.hikari.pool.HikariProxyPreparedStatement.executeUpdate(HikariProxyPreparedStatement.java)
	at org.eclipse.persistence.internal.databaseaccess.DatabaseAccessor.executeDirectNoSelect(DatabaseAccessor.java:909)
	... 89 common frames omitted
2026-08-17 15:29:21 [main] INFO  com.zaxxer.hikari.HikariDataSource - metadata_catalogue - Shutdown initiated...
2026-08-17 15:29:21 [main] INFO  com.zaxxer.hikari.HikariDataSource - metadata_catalogue - Shutdown completed.
2026-08-17 15:29:53 [main] INFO  o.testcontainers.images.PullPolicy - Image pull policy will be performed by: DefaultPullPolicy()
2026-08-17 15:29:53 [main] INFO  o.t.utility.ImageNameSubstitutor - Image name substitution will be performed by: DefaultImageNameSubstitutor (composite of 'ConfigurationFileImageNameSubstitutor' and 'PrefixingImageNameSubstitutor')
2026-08-17 15:29:53 [main] INFO  o.testcontainers.DockerClientFactory - Testcontainers version: 2.0.2
2026-08-17 15:29:53 [main] INFO  o.t.d.DockerClientProviderStrategy - Loaded org.testcontainers.dockerclient.UnixSocketClientProviderStrategy from ~/.testcontainers.properties, will try it first
2026-08-17 15:29:53 [main] INFO  o.t.d.DockerClientProviderStrategy - Found Docker environment with local Unix socket (unix:///var/run/docker.sock)
2026-08-17 15:29:53 [main] INFO  o.testcontainers.DockerClientFactory - Docker host IP address is localhost
2026-08-17 15:29:53 [main] INFO  o.testcontainers.DockerClientFactory - Connected to docker: 
  Server Version: 29.7.2
  API Version: 1.55
  Operating System: Arch Linux
  Total Memory: 63796 MB
2026-08-17 15:29:54 [main] INFO  tc.testcontainers/ryuk:0.13.0 - Creating container for image: testcontainers/ryuk:0.13.0
2026-08-17 15:29:54 [main] INFO  tc.testcontainers/ryuk:0.13.0 - Container testcontainers/ryuk:0.13.0 is starting: 5146567e09fd6544803d8921ae50ef606572bc9043b8a8589a9637283570bd4e
2026-08-17 15:29:54 [main] INFO  tc.testcontainers/ryuk:0.13.0 - Container testcontainers/ryuk:0.13.0 started in PT0.286505832S
2026-08-17 15:29:54 [main] INFO  o.t.utility.RyukResourceReaper - Ryuk started - will monitor and terminate Testcontainers containers on JVM exit
2026-08-17 15:29:54 [main] INFO  o.testcontainers.DockerClientFactory - Checking the system...
2026-08-17 15:29:54 [main] INFO  o.testcontainers.DockerClientFactory - ✔︎ Docker server version should be at least 1.6.0
2026-08-17 15:29:54 [main] INFO  t.g.io/epos-eric/metadata-database/deploy:main - Creating container for image: ghcr.io/epos-eric/metadata-database/deploy:main
2026-08-17 15:29:54 [main] INFO  t.g.io/epos-eric/metadata-database/deploy:main - Container ghcr.io/epos-eric/metadata-database/deploy:main is starting: e74e213b5cf36202a3358f363ca56916bd183b356db4105abd9a9c96529dbc48
2026-08-17 15:29:58 [main] INFO  t.g.io/epos-eric/metadata-database/deploy:main - Container ghcr.io/epos-eric/metadata-database/deploy:main started in PT3.849631783S
2026-08-17 15:29:58 [main] INFO  t.g.io/epos-eric/metadata-database/deploy:main - Container is started (JDBC URL: jdbc:postgresql://localhost:32785/cerif?loggerLevel=OFF)
2026-08-17 15:29:58 [main] INFO  com.zaxxer.hikari.HikariDataSource - metadata_catalogue - Starting...
2026-08-17 15:29:58 [main] INFO  com.zaxxer.hikari.pool.HikariPool - metadata_catalogue - Added connection org.postgresql.jdbc.PgConnection@571a01f9
2026-08-17 15:29:58 [main] INFO  com.zaxxer.hikari.HikariDataSource - metadata_catalogue - Start completed.
2026-08-17 15:30:00 [main] INFO  com.zaxxer.hikari.HikariDataSource - metadata_catalogue - Shutdown initiated...
2026-08-17 15:30:00 [main] INFO  com.zaxxer.hikari.HikariDataSource - metadata_catalogue - Shutdown completed.
2026-08-17 15:30:50 [main] INFO  o.testcontainers.images.PullPolicy - Image pull policy will be performed by: DefaultPullPolicy()
2026-08-17 15:30:50 [main] INFO  o.t.utility.ImageNameSubstitutor - Image name substitution will be performed by: DefaultImageNameSubstitutor (composite of 'ConfigurationFileImageNameSubstitutor' and 'PrefixingImageNameSubstitutor')
2026-08-17 15:30:50 [main] INFO  o.testcontainers.DockerClientFactory - Testcontainers version: 2.0.2
2026-08-17 15:30:51 [main] INFO  o.t.d.DockerClientProviderStrategy - Loaded org.testcontainers.dockerclient.UnixSocketClientProviderStrategy from ~/.testcontainers.properties, will try it first
2026-08-17 15:30:51 [main] INFO  o.t.d.DockerClientProviderStrategy - Found Docker environment with local Unix socket (unix:///var/run/docker.sock)
2026-08-17 15:30:51 [main] INFO  o.testcontainers.DockerClientFactory - Docker host IP address is localhost
2026-08-17 15:30:51 [main] INFO  o.testcontainers.DockerClientFactory - Connected to docker: 
  Server Version: 29.7.2
  API Version: 1.55
  Operating System: Arch Linux
  Total Memory: 63796 MB
2026-08-17 15:30:51 [main] INFO  tc.testcontainers/ryuk:0.13.0 - Creating container for image: testcontainers/ryuk:0.13.0
2026-08-17 15:30:51 [main] INFO  tc.testcontainers/ryuk:0.13.0 - Container testcontainers/ryuk:0.13.0 is starting: a30f9eb12a64f9ac00e03cf65678fb5f2eeab8dcb667344e80c6caf7be422031
2026-08-17 15:30:51 [main] INFO  tc.testcontainers/ryuk:0.13.0 - Container testcontainers/ryuk:0.13.0 started in PT0.288656433S
2026-08-17 15:30:52 [main] INFO  o.t.utility.RyukResourceReaper - Ryuk started - will monitor and terminate Testcontainers containers on JVM exit
2026-08-17 15:30:52 [main] INFO  o.testcontainers.DockerClientFactory - Checking the system...
2026-08-17 15:30:52 [main] INFO  o.testcontainers.DockerClientFactory - ✔︎ Docker server version should be at least 1.6.0
2026-08-17 15:30:52 [main] INFO  t.g.io/epos-eric/metadata-database/deploy:main - Creating container for image: ghcr.io/epos-eric/metadata-database/deploy:main
2026-08-17 15:30:52 [main] INFO  t.g.io/epos-eric/metadata-database/deploy:main - Container ghcr.io/epos-eric/metadata-database/deploy:main is starting: 9577e0fe62ae85fabd461a38cfb0ed916ce709b31b370541b8dc8af5e9553753
2026-08-17 15:30:55 [main] INFO  t.g.io/epos-eric/metadata-database/deploy:main - Container ghcr.io/epos-eric/metadata-database/deploy:main started in PT3.820175456S
2026-08-17 15:30:55 [main] INFO  t.g.io/epos-eric/metadata-database/deploy:main - Container is started (JDBC URL: jdbc:postgresql://localhost:32787/cerif?loggerLevel=OFF)
2026-08-17 15:30:55 [main] INFO  com.zaxxer.hikari.HikariDataSource - metadata_catalogue - Starting...
2026-08-17 15:30:56 [main] INFO  com.zaxxer.hikari.pool.HikariPool - metadata_catalogue - Added connection org.postgresql.jdbc.PgConnection@5c441290
2026-08-17 15:30:56 [main] INFO  com.zaxxer.hikari.HikariDataSource - metadata_catalogue - Start completed.
2026-08-17 15:30:58 [main] INFO  com.zaxxer.hikari.HikariDataSource - metadata_catalogue - Shutdown initiated...
2026-08-17 15:30:58 [main] INFO  com.zaxxer.hikari.HikariDataSource - metadata_catalogue - Shutdown completed.
2026-08-17 15:59:48 [main] INFO  o.testcontainers.images.PullPolicy - Image pull policy will be performed by: DefaultPullPolicy()
2026-08-17 15:59:48 [main] INFO  o.t.utility.ImageNameSubstitutor - Image name substitution will be performed by: DefaultImageNameSubstitutor (composite of 'ConfigurationFileImageNameSubstitutor' and 'PrefixingImageNameSubstitutor')
2026-08-17 15:59:48 [main] INFO  o.testcontainers.DockerClientFactory - Testcontainers version: 2.0.2
2026-08-17 15:59:48 [main] INFO  o.t.d.DockerClientProviderStrategy - Loaded org.testcontainers.dockerclient.UnixSocketClientProviderStrategy from ~/.testcontainers.properties, will try it first
2026-08-17 15:59:48 [main] INFO  o.t.d.DockerClientProviderStrategy - Found Docker environment with local Unix socket (unix:///var/run/docker.sock)
2026-08-17 15:59:48 [main] INFO  o.testcontainers.DockerClientFactory - Docker host IP address is localhost
2026-08-17 15:59:48 [main] INFO  o.testcontainers.DockerClientFactory - Connected to docker: 
  Server Version: 29.7.2
  API Version: 1.55
  Operating System: Arch Linux
  Total Memory: 63796 MB
2026-08-17 15:59:49 [main] INFO  tc.testcontainers/ryuk:0.13.0 - Creating container for image: testcontainers/ryuk:0.13.0
2026-08-17 15:59:49 [main] INFO  tc.testcontainers/ryuk:0.13.0 - Container testcontainers/ryuk:0.13.0 is starting: a4365138426f3ca8c15f94860fc4d61ecfeb1564b88b351b7b06b84f7e055908
2026-08-17 15:59:49 [main] INFO  tc.testcontainers/ryuk:0.13.0 - Container testcontainers/ryuk:0.13.0 started in PT0.25925618S
2026-08-17 15:59:49 [main] INFO  o.t.utility.RyukResourceReaper - Ryuk started - will monitor and terminate Testcontainers containers on JVM exit
2026-08-17 15:59:49 [main] INFO  o.testcontainers.DockerClientFactory - Checking the system...
2026-08-17 15:59:49 [main] INFO  o.testcontainers.DockerClientFactory - ✔︎ Docker server version should be at least 1.6.0
2026-08-17 15:59:49 [main] INFO  t.g.io/epos-eric/metadata-database/deploy:main - Creating container for image: ghcr.io/epos-eric/metadata-database/deploy:main
2026-08-17 15:59:49 [main] INFO  t.g.io/epos-eric/metadata-database/deploy:main - Container ghcr.io/epos-eric/metadata-database/deploy:main is starting: 5143ed1a69ab4777d4e9fb20fd23dcf2d0dc4a6880b161fd7ee169fc0cc46b36
2026-08-17 15:59:53 [main] INFO  t.g.io/epos-eric/metadata-database/deploy:main - Container ghcr.io/epos-eric/metadata-database/deploy:main started in PT3.863880847S
2026-08-17 15:59:53 [main] INFO  t.g.io/epos-eric/metadata-database/deploy:main - Container is started (JDBC URL: jdbc:postgresql://localhost:32789/cerif?loggerLevel=OFF)
2026-08-17 15:59:53 [main] INFO  com.zaxxer.hikari.HikariDataSource - metadata_catalogue - Starting...
2026-08-17 15:59:53 [main] INFO  com.zaxxer.hikari.pool.HikariPool - metadata_catalogue - Added connection org.postgresql.jdbc.PgConnection@5c441290
2026-08-17 15:59:53 [main] INFO  com.zaxxer.hikari.HikariDataSource - metadata_catalogue - Start completed.
2026-08-17 15:59:55 [main] INFO  com.zaxxer.hikari.HikariDataSource - metadata_catalogue - Shutdown initiated...
2026-08-17 15:59:55 [main] INFO  com.zaxxer.hikari.HikariDataSource - metadata_catalogue - Shutdown completed.
2026-08-17 16:01:25 [main] INFO  o.testcontainers.images.PullPolicy - Image pull policy will be performed by: DefaultPullPolicy()
2026-08-17 16:01:25 [main] INFO  o.t.utility.ImageNameSubstitutor - Image name substitution will be performed by: DefaultImageNameSubstitutor (composite of 'ConfigurationFileImageNameSubstitutor' and 'PrefixingImageNameSubstitutor')
2026-08-17 16:01:25 [main] INFO  o.testcontainers.DockerClientFactory - Testcontainers version: 2.0.2
2026-08-17 16:01:25 [main] INFO  o.t.d.DockerClientProviderStrategy - Loaded org.testcontainers.dockerclient.UnixSocketClientProviderStrategy from ~/.testcontainers.properties, will try it first
2026-08-17 16:01:26 [main] INFO  o.t.d.DockerClientProviderStrategy - Found Docker environment with local Unix socket (unix:///var/run/docker.sock)
2026-08-17 16:01:26 [main] INFO  o.testcontainers.DockerClientFactory - Docker host IP address is localhost
2026-08-17 16:01:26 [main] INFO  o.testcontainers.DockerClientFactory - Connected to docker: 
  Server Version: 29.7.2
  API Version: 1.55
  Operating System: Arch Linux
  Total Memory: 63796 MB
2026-08-17 16:01:26 [main] INFO  tc.testcontainers/ryuk:0.13.0 - Creating container for image: testcontainers/ryuk:0.13.0
2026-08-17 16:01:26 [main] INFO  tc.testcontainers/ryuk:0.13.0 - Container testcontainers/ryuk:0.13.0 is starting: f832a18390db0e360ac0b90df6f157dfe1eab6691ad909d9270da987ec9b0b3e
2026-08-17 16:01:26 [main] INFO  tc.testcontainers/ryuk:0.13.0 - Container testcontainers/ryuk:0.13.0 started in PT0.289274187S
2026-08-17 16:01:26 [main] INFO  o.t.utility.RyukResourceReaper - Ryuk started - will monitor and terminate Testcontainers containers on JVM exit
2026-08-17 16:01:26 [main] INFO  o.testcontainers.DockerClientFactory - Checking the system...
2026-08-17 16:01:26 [main] INFO  o.testcontainers.DockerClientFactory - ✔︎ Docker server version should be at least 1.6.0
2026-08-17 16:01:26 [main] INFO  t.g.io/epos-eric/metadata-database/deploy:main - Creating container for image: ghcr.io/epos-eric/metadata-database/deploy:main
2026-08-17 16:01:27 [main] INFO  t.g.io/epos-eric/metadata-database/deploy:main - Container ghcr.io/epos-eric/metadata-database/deploy:main is starting: 9872a13560bd86d32e0735da8fd791bf2e11a1b5c594bf61a78e7422e8e52f2e
2026-08-17 16:01:30 [main] INFO  t.g.io/epos-eric/metadata-database/deploy:main - Container ghcr.io/epos-eric/metadata-database/deploy:main started in PT3.844943247S
2026-08-17 16:01:30 [main] INFO  t.g.io/epos-eric/metadata-database/deploy:main - Container is started (JDBC URL: jdbc:postgresql://localhost:32791/cerif?loggerLevel=OFF)
2026-08-17 16:01:30 [main] INFO  com.zaxxer.hikari.HikariDataSource - metadata_catalogue - Starting...
2026-08-17 16:01:30 [main] INFO  com.zaxxer.hikari.pool.HikariPool - metadata_catalogue - Added connection org.postgresql.jdbc.PgConnection@70211df5
2026-08-17 16:01:30 [main] INFO  com.zaxxer.hikari.HikariDataSource - metadata_catalogue - Start completed.
2026-08-17 16:01:33 [main] INFO  com.zaxxer.hikari.HikariDataSource - metadata_catalogue - Shutdown initiated...
2026-08-17 16:01:33 [main] INFO  com.zaxxer.hikari.HikariDataSource - metadata_catalogue - Shutdown completed.
2026-08-17 16:01:33 [main] INFO  t.g.io/epos-eric/metadata-database/deploy:main - Creating container for image: ghcr.io/epos-eric/metadata-database/deploy:main
2026-08-17 16:01:33 [main] INFO  t.g.io/epos-eric/metadata-database/deploy:main - Container ghcr.io/epos-eric/metadata-database/deploy:main is starting: ebe664da5b9e9ffde3716a439fff5c24d653797bde6b377a4c0c4167c68217e5
2026-08-17 16:01:37 [main] INFO  t.g.io/epos-eric/metadata-database/deploy:main - Container ghcr.io/epos-eric/metadata-database/deploy:main started in PT3.899555714S
2026-08-17 16:01:37 [main] INFO  t.g.io/epos-eric/metadata-database/deploy:main - Container is started (JDBC URL: jdbc:postgresql://localhost:32792/cerif?loggerLevel=OFF)
2026-08-17 16:01:37 [main] INFO  com.zaxxer.hikari.HikariDataSource - metadata_catalogue - Starting...
2026-08-17 16:01:37 [main] INFO  com.zaxxer.hikari.pool.HikariPool - metadata_catalogue - Added connection org.postgresql.jdbc.PgConnection@1cee3e05
2026-08-17 16:01:37 [main] INFO  com.zaxxer.hikari.HikariDataSource - metadata_catalogue - Start completed.
2026-08-17 16:01:37 [main] INFO  com.zaxxer.hikari.HikariDataSource - metadata_catalogue - Shutdown initiated...
2026-08-17 16:01:37 [main] INFO  com.zaxxer.hikari.HikariDataSource - metadata_catalogue - Shutdown completed.
2026-08-17 16:04:48 [main] INFO  o.testcontainers.images.PullPolicy - Image pull policy will be performed by: DefaultPullPolicy()
2026-08-17 16:04:48 [main] INFO  o.t.utility.ImageNameSubstitutor - Image name substitution will be performed by: DefaultImageNameSubstitutor (composite of 'ConfigurationFileImageNameSubstitutor' and 'PrefixingImageNameSubstitutor')
2026-08-17 16:04:48 [main] INFO  o.testcontainers.DockerClientFactory - Testcontainers version: 2.0.2
2026-08-17 16:04:49 [main] INFO  o.t.d.DockerClientProviderStrategy - Loaded org.testcontainers.dockerclient.UnixSocketClientProviderStrategy from ~/.testcontainers.properties, will try it first
2026-08-17 16:04:49 [main] INFO  o.t.d.DockerClientProviderStrategy - Found Docker environment with local Unix socket (unix:///var/run/docker.sock)
2026-08-17 16:04:49 [main] INFO  o.testcontainers.DockerClientFactory - Docker host IP address is localhost
2026-08-17 16:04:49 [main] INFO  o.testcontainers.DockerClientFactory - Connected to docker: 
  Server Version: 29.7.2
  API Version: 1.55
  Operating System: Arch Linux
  Total Memory: 63796 MB
2026-08-17 16:04:49 [main] INFO  tc.testcontainers/ryuk:0.13.0 - Creating container for image: testcontainers/ryuk:0.13.0
2026-08-17 16:04:49 [main] INFO  tc.testcontainers/ryuk:0.13.0 - Container testcontainers/ryuk:0.13.0 is starting: 1f58d3511dc120fe21105be78f4d7a828d5c1444578a21c60eaadcff9a412963
2026-08-17 16:04:50 [main] INFO  tc.testcontainers/ryuk:0.13.0 - Container testcontainers/ryuk:0.13.0 started in PT0.315069631S
2026-08-17 16:04:50 [main] INFO  o.t.utility.RyukResourceReaper - Ryuk started - will monitor and terminate Testcontainers containers on JVM exit
2026-08-17 16:04:50 [main] INFO  o.testcontainers.DockerClientFactory - Checking the system...
2026-08-17 16:04:50 [main] INFO  o.testcontainers.DockerClientFactory - ✔︎ Docker server version should be at least 1.6.0
2026-08-17 16:04:50 [main] INFO  t.g.io/epos-eric/metadata-database/deploy:main - Creating container for image: ghcr.io/epos-eric/metadata-database/deploy:main
2026-08-17 16:04:50 [main] INFO  t.g.io/epos-eric/metadata-database/deploy:main - Container ghcr.io/epos-eric/metadata-database/deploy:main is starting: c8ef01fbf1ab5e6f61883c1ed5c07369a5203253de9630bbdd123faa44f52834
2026-08-17 16:04:53 [main] INFO  t.g.io/epos-eric/metadata-database/deploy:main - Container ghcr.io/epos-eric/metadata-database/deploy:main started in PT3.913925169S
2026-08-17 16:04:53 [main] INFO  t.g.io/epos-eric/metadata-database/deploy:main - Container is started (JDBC URL: jdbc:postgresql://localhost:32794/cerif?loggerLevel=OFF)
2026-08-17 16:04:53 [main] INFO  com.zaxxer.hikari.HikariDataSource - metadata_catalogue - Starting...
2026-08-17 16:04:54 [main] INFO  com.zaxxer.hikari.pool.HikariPool - metadata_catalogue - Added connection org.postgresql.jdbc.PgConnection@7e7f3cfd
2026-08-17 16:04:54 [main] INFO  com.zaxxer.hikari.HikariDataSource - metadata_catalogue - Start completed.
2026-08-17 16:04:54 [main] INFO  com.zaxxer.hikari.HikariDataSource - metadata_catalogue - Shutdown initiated...
2026-08-17 16:04:54 [main] INFO  com.zaxxer.hikari.HikariDataSource - metadata_catalogue - Shutdown completed.
2026-08-17 16:08:02 [main] INFO  o.testcontainers.images.PullPolicy - Image pull policy will be performed by: DefaultPullPolicy()
2026-08-17 16:08:02 [main] INFO  o.t.utility.ImageNameSubstitutor - Image name substitution will be performed by: DefaultImageNameSubstitutor (composite of 'ConfigurationFileImageNameSubstitutor' and 'PrefixingImageNameSubstitutor')
2026-08-17 16:08:02 [main] INFO  o.testcontainers.DockerClientFactory - Testcontainers version: 2.0.2
2026-08-17 16:08:02 [main] INFO  o.t.d.DockerClientProviderStrategy - Loaded org.testcontainers.dockerclient.UnixSocketClientProviderStrategy from ~/.testcontainers.properties, will try it first
2026-08-17 16:08:02 [main] INFO  o.t.d.DockerClientProviderStrategy - Found Docker environment with local Unix socket (unix:///var/run/docker.sock)
2026-08-17 16:08:02 [main] INFO  o.testcontainers.DockerClientFactory - Docker host IP address is localhost
2026-08-17 16:08:02 [main] INFO  o.testcontainers.DockerClientFactory - Connected to docker: 
  Server Version: 29.7.2
  API Version: 1.55
  Operating System: Arch Linux
  Total Memory: 63796 MB
2026-08-17 16:08:02 [main] INFO  tc.testcontainers/ryuk:0.13.0 - Creating container for image: testcontainers/ryuk:0.13.0
2026-08-17 16:08:02 [main] INFO  tc.testcontainers/ryuk:0.13.0 - Container testcontainers/ryuk:0.13.0 is starting: 128bf92ef16a4fcfaad77b547b70f219e7d8b93f22b7698c462d04e31341c114
2026-08-17 16:08:03 [main] INFO  tc.testcontainers/ryuk:0.13.0 - Container testcontainers/ryuk:0.13.0 started in PT0.270472629S
2026-08-17 16:08:03 [main] INFO  o.t.utility.RyukResourceReaper - Ryuk started - will monitor and terminate Testcontainers containers on JVM exit
2026-08-17 16:08:03 [main] INFO  o.testcontainers.DockerClientFactory - Checking the system...
2026-08-17 16:08:03 [main] INFO  o.testcontainers.DockerClientFactory - ✔︎ Docker server version should be at least 1.6.0
2026-08-17 16:08:03 [main] INFO  t.g.io/epos-eric/metadata-database/deploy:main - Creating container for image: ghcr.io/epos-eric/metadata-database/deploy:main
2026-08-17 16:08:03 [main] INFO  t.g.io/epos-eric/metadata-database/deploy:main - Container ghcr.io/epos-eric/metadata-database/deploy:main is starting: cc8923e8b74ec0fdf7d0aa0a1dbcbfe542b436befd1722bbad592683e714c80a
2026-08-17 16:08:06 [main] INFO  t.g.io/epos-eric/metadata-database/deploy:main - Container ghcr.io/epos-eric/metadata-database/deploy:main started in PT3.853197867S
2026-08-17 16:08:06 [main] INFO  t.g.io/epos-eric/metadata-database/deploy:main - Container is started (JDBC URL: jdbc:postgresql://localhost:32796/cerif?loggerLevel=OFF)
2026-08-17 16:08:07 [main] INFO  com.zaxxer.hikari.HikariDataSource - metadata_catalogue - Starting...
2026-08-17 16:08:07 [main] INFO  com.zaxxer.hikari.pool.HikariPool - metadata_catalogue - Added connection org.postgresql.jdbc.PgConnection@5c441290
2026-08-17 16:08:07 [main] INFO  com.zaxxer.hikari.HikariDataSource - metadata_catalogue - Start completed.
2026-08-17 16:08:09 [main] INFO  com.zaxxer.hikari.HikariDataSource - metadata_catalogue - Shutdown initiated...
2026-08-17 16:08:09 [main] INFO  com.zaxxer.hikari.HikariDataSource - metadata_catalogue - Shutdown completed.
2026-08-17 16:11:19 [main] INFO  o.testcontainers.images.PullPolicy - Image pull policy will be performed by: DefaultPullPolicy()
2026-08-17 16:11:19 [main] INFO  o.t.utility.ImageNameSubstitutor - Image name substitution will be performed by: DefaultImageNameSubstitutor (composite of 'ConfigurationFileImageNameSubstitutor' and 'PrefixingImageNameSubstitutor')
2026-08-17 16:11:19 [main] INFO  o.testcontainers.DockerClientFactory - Testcontainers version: 2.0.2
2026-08-17 16:11:19 [main] INFO  o.t.d.DockerClientProviderStrategy - Loaded org.testcontainers.dockerclient.UnixSocketClientProviderStrategy from ~/.testcontainers.properties, will try it first
2026-08-17 16:11:19 [main] INFO  o.t.d.DockerClientProviderStrategy - Found Docker environment with local Unix socket (unix:///var/run/docker.sock)
2026-08-17 16:11:19 [main] INFO  o.testcontainers.DockerClientFactory - Docker host IP address is localhost
2026-08-17 16:11:19 [main] INFO  o.testcontainers.DockerClientFactory - Connected to docker: 
  Server Version: 29.7.2
  API Version: 1.55
  Operating System: Arch Linux
  Total Memory: 63796 MB
2026-08-17 16:11:19 [main] INFO  tc.testcontainers/ryuk:0.13.0 - Creating container for image: testcontainers/ryuk:0.13.0
2026-08-17 16:11:19 [main] INFO  tc.testcontainers/ryuk:0.13.0 - Container testcontainers/ryuk:0.13.0 is starting: 30c16e319962cba7051c51cd916f113610443f9169f88a48f3f4ae92c27027f9
2026-08-17 16:11:20 [main] INFO  tc.testcontainers/ryuk:0.13.0 - Container testcontainers/ryuk:0.13.0 started in PT0.287936686S
2026-08-17 16:11:20 [main] INFO  o.t.utility.RyukResourceReaper - Ryuk started - will monitor and terminate Testcontainers containers on JVM exit
2026-08-17 16:11:20 [main] INFO  o.testcontainers.DockerClientFactory - Checking the system...
2026-08-17 16:11:20 [main] INFO  o.testcontainers.DockerClientFactory - ✔︎ Docker server version should be at least 1.6.0
2026-08-17 16:11:20 [main] INFO  t.g.io/epos-eric/metadata-database/deploy:main - Creating container for image: ghcr.io/epos-eric/metadata-database/deploy:main
2026-08-17 16:11:20 [main] INFO  t.g.io/epos-eric/metadata-database/deploy:main - Container ghcr.io/epos-eric/metadata-database/deploy:main is starting: cebea75299ff36f4f7690f497b90b58d9436df4de66677f3bf0fed1da3de5b6d
2026-08-17 16:11:24 [main] INFO  t.g.io/epos-eric/metadata-database/deploy:main - Container ghcr.io/epos-eric/metadata-database/deploy:main started in PT4.10824243S
2026-08-17 16:11:24 [main] INFO  t.g.io/epos-eric/metadata-database/deploy:main - Container is started (JDBC URL: jdbc:postgresql://localhost:32798/cerif?loggerLevel=OFF)
2026-08-17 16:11:24 [main] INFO  com.zaxxer.hikari.HikariDataSource - metadata_catalogue - Starting...
2026-08-17 16:11:24 [main] INFO  com.zaxxer.hikari.pool.HikariPool - metadata_catalogue - Added connection org.postgresql.jdbc.PgConnection@104dc1a2
2026-08-17 16:11:24 [main] INFO  com.zaxxer.hikari.HikariDataSource - metadata_catalogue - Start completed.
2026-08-17 16:11:24 [main] INFO  com.zaxxer.hikari.HikariDataSource - metadata_catalogue - Shutdown initiated...
2026-08-17 16:11:24 [main] INFO  com.zaxxer.hikari.HikariDataSource - metadata_catalogue - Shutdown completed.
2026-08-17 16:11:25 [main] INFO  t.g.io/epos-eric/metadata-database/deploy:main - Creating container for image: ghcr.io/epos-eric/metadata-database/deploy:main
2026-08-17 16:11:25 [main] INFO  t.g.io/epos-eric/metadata-database/deploy:main - Container ghcr.io/epos-eric/metadata-database/deploy:main is starting: c0528586d30b3738e41085e6d6650cdc18d36e3373ca6dea1188b6bc1fd19bab
2026-08-17 16:11:29 [main] INFO  t.g.io/epos-eric/metadata-database/deploy:main - Container ghcr.io/epos-eric/metadata-database/deploy:main started in PT4.075740095S
2026-08-17 16:11:29 [main] INFO  t.g.io/epos-eric/metadata-database/deploy:main - Container is started (JDBC URL: jdbc:postgresql://localhost:32799/cerif?loggerLevel=OFF)
2026-08-17 16:11:29 [main] INFO  com.zaxxer.hikari.HikariDataSource - metadata_catalogue - Starting...
2026-08-17 16:11:29 [main] INFO  com.zaxxer.hikari.pool.HikariPool - metadata_catalogue - Added connection org.postgresql.jdbc.PgConnection@2a4e939a
2026-08-17 16:11:29 [main] INFO  com.zaxxer.hikari.HikariDataSource - metadata_catalogue - Start completed.
2026-08-17 16:11:30 [main] INFO  com.zaxxer.hikari.HikariDataSource - metadata_catalogue - Shutdown initiated...
2026-08-17 16:11:30 [main] INFO  com.zaxxer.hikari.HikariDataSource - metadata_catalogue - Shutdown completed.
2026-08-17 16:11:30 [main] INFO  t.g.io/epos-eric/metadata-database/deploy:main - Creating container for image: ghcr.io/epos-eric/metadata-database/deploy:main
2026-08-17 16:11:30 [main] INFO  t.g.io/epos-eric/metadata-database/deploy:main - Container ghcr.io/epos-eric/metadata-database/deploy:main is starting: 2fb49a30e50733186172c699248f5c550ed11f671d5b7b1fd937e5b6a18b9225
2026-08-17 16:11:34 [main] INFO  t.g.io/epos-eric/metadata-database/deploy:main - Container ghcr.io/epos-eric/metadata-database/deploy:main started in PT3.800813612S
2026-08-17 16:11:34 [main] INFO  t.g.io/epos-eric/metadata-database/deploy:main - Container is started (JDBC URL: jdbc:postgresql://localhost:32800/cerif?loggerLevel=OFF)
2026-08-17 16:11:34 [main] INFO  com.zaxxer.hikari.HikariDataSource - metadata_catalogue - Starting...
2026-08-17 16:11:34 [main] INFO  com.zaxxer.hikari.pool.HikariPool - metadata_catalogue - Added connection org.postgresql.jdbc.PgConnection@43e7f104
2026-08-17 16:11:34 [main] INFO  com.zaxxer.hikari.HikariDataSource - metadata_catalogue - Start completed.
2026-08-17 16:11:35 [main] INFO  com.zaxxer.hikari.HikariDataSource - metadata_catalogue - Shutdown initiated...
2026-08-17 16:11:35 [main] INFO  com.zaxxer.hikari.HikariDataSource - metadata_catalogue - Shutdown completed.
2026-08-17 16:11:35 [main] INFO  t.g.io/epos-eric/metadata-database/deploy:main - Creating container for image: ghcr.io/epos-eric/metadata-database/deploy:main
2026-08-17 16:11:35 [main] INFO  t.g.io/epos-eric/metadata-database/deploy:main - Container ghcr.io/epos-eric/metadata-database/deploy:main is starting: 10157ae36949c27d71e5b111f6865eb8d4f3ed681a9e91ee8b140eb3068fd190
2026-08-17 16:11:39 [main] INFO  t.g.io/epos-eric/metadata-database/deploy:main - Container ghcr.io/epos-eric/metadata-database/deploy:main started in PT4.111443802S
2026-08-17 16:11:39 [main] INFO  t.g.io/epos-eric/metadata-database/deploy:main - Container is started (JDBC URL: jdbc:postgresql://localhost:32801/cerif?loggerLevel=OFF)
2026-08-17 16:11:39 [main] INFO  com.zaxxer.hikari.HikariDataSource - metadata_catalogue - Starting...
2026-08-17 16:11:39 [main] INFO  com.zaxxer.hikari.pool.HikariPool - metadata_catalogue - Added connection org.postgresql.jdbc.PgConnection@22b10124
2026-08-17 16:11:39 [main] INFO  com.zaxxer.hikari.HikariDataSource - metadata_catalogue - Start completed.
2026-08-17 16:11:39 [main] INFO  com.zaxxer.hikari.HikariDataSource - metadata_catalogue - Shutdown initiated...
2026-08-17 16:11:39 [main] INFO  com.zaxxer.hikari.HikariDataSource - metadata_catalogue - Shutdown completed.
2026-08-17 16:11:39 [main] INFO  t.g.io/epos-eric/metadata-database/deploy:main - Creating container for image: ghcr.io/epos-eric/metadata-database/deploy:main
2026-08-17 16:11:40 [main] INFO  t.g.io/epos-eric/metadata-database/deploy:main - Container ghcr.io/epos-eric/metadata-database/deploy:main is starting: 7f772fdd2ffbab3b648f365defbce07681ebba752bf20d9bc097be4ba557d9e3
2026-08-17 16:11:43 [main] INFO  t.g.io/epos-eric/metadata-database/deploy:main - Container ghcr.io/epos-eric/metadata-database/deploy:main started in PT3.890567774S
2026-08-17 16:11:43 [main] INFO  t.g.io/epos-eric/metadata-database/deploy:main - Container is started (JDBC URL: jdbc:postgresql://localhost:32802/cerif?loggerLevel=OFF)
2026-08-17 16:11:43 [main] INFO  com.zaxxer.hikari.HikariDataSource - metadata_catalogue - Starting...
2026-08-17 16:11:43 [main] INFO  com.zaxxer.hikari.pool.HikariPool - metadata_catalogue - Added connection org.postgresql.jdbc.PgConnection@4ef277ef
2026-08-17 16:11:43 [main] INFO  com.zaxxer.hikari.HikariDataSource - metadata_catalogue - Start completed.
2026-08-17 16:11:44 [main] INFO  com.zaxxer.hikari.HikariDataSource - metadata_catalogue - Shutdown initiated...
2026-08-17 16:11:44 [main] INFO  com.zaxxer.hikari.HikariDataSource - metadata_catalogue - Shutdown completed.
2026-08-17 16:11:44 [main] INFO  t.g.io/epos-eric/metadata-database/deploy:main - Creating container for image: ghcr.io/epos-eric/metadata-database/deploy:main
2026-08-17 16:11:44 [main] INFO  t.g.io/epos-eric/metadata-database/deploy:main - Container ghcr.io/epos-eric/metadata-database/deploy:main is starting: c4c02442051fa4de6e81d04ba571a05e3885686d24240f95466d246a7c51b488
2026-08-17 16:11:48 [main] INFO  t.g.io/epos-eric/metadata-database/deploy:main - Container ghcr.io/epos-eric/metadata-database/deploy:main started in PT4.123422283S
2026-08-17 16:11:48 [main] INFO  t.g.io/epos-eric/metadata-database/deploy:main - Container is started (JDBC URL: jdbc:postgresql://localhost:32803/cerif?loggerLevel=OFF)
2026-08-17 16:11:48 [main] INFO  com.zaxxer.hikari.HikariDataSource - metadata_catalogue - Starting...
2026-08-17 16:11:48 [main] INFO  com.zaxxer.hikari.pool.HikariPool - metadata_catalogue - Added connection org.postgresql.jdbc.PgConnection@2bf45b7c
2026-08-17 16:11:48 [main] INFO  com.zaxxer.hikari.HikariDataSource - metadata_catalogue - Start completed.
2026-08-17 16:11:48 [main] INFO  com.zaxxer.hikari.HikariDataSource - metadata_catalogue - Shutdown initiated...
2026-08-17 16:11:48 [main] INFO  com.zaxxer.hikari.HikariDataSource - metadata_catalogue - Shutdown completed.
2026-08-17 16:11:49 [main] INFO  t.g.io/epos-eric/metadata-database/deploy:main - Creating container for image: ghcr.io/epos-eric/metadata-database/deploy:main
2026-08-17 16:11:49 [main] INFO  t.g.io/epos-eric/metadata-database/deploy:main - Container ghcr.io/epos-eric/metadata-database/deploy:main is starting: 51768e853d6e81f90180b87a575a295b792fe88d2930a3d228a66a314d1aede0
2026-08-17 16:11:52 [main] INFO  t.g.io/epos-eric/metadata-database/deploy:main - Container ghcr.io/epos-eric/metadata-database/deploy:main started in PT3.803424102S
2026-08-17 16:11:52 [main] INFO  t.g.io/epos-eric/metadata-database/deploy:main - Container is started (JDBC URL: jdbc:postgresql://localhost:32804/cerif?loggerLevel=OFF)
2026-08-17 16:11:52 [main] INFO  com.zaxxer.hikari.HikariDataSource - metadata_catalogue - Starting...
2026-08-17 16:11:52 [main] INFO  com.zaxxer.hikari.pool.HikariPool - metadata_catalogue - Added connection org.postgresql.jdbc.PgConnection@28f081ad
2026-08-17 16:11:52 [main] INFO  com.zaxxer.hikari.HikariDataSource - metadata_catalogue - Start completed.
2026-08-17 16:11:53 [main] INFO  com.zaxxer.hikari.HikariDataSource - metadata_catalogue - Shutdown initiated...
2026-08-17 16:11:53 [main] INFO  com.zaxxer.hikari.HikariDataSource - metadata_catalogue - Shutdown completed.
2026-08-17 16:11:53 [main] INFO  t.g.io/epos-eric/metadata-database/deploy:main - Creating container for image: ghcr.io/epos-eric/metadata-database/deploy:main
2026-08-17 16:11:53 [main] INFO  t.g.io/epos-eric/metadata-database/deploy:main - Container ghcr.io/epos-eric/metadata-database/deploy:main is starting: 9032e5f64d22084b64df3df4d701b7721fbcc5eac5c959d07a9cc91a288eea04
2026-08-17 16:11:57 [main] INFO  t.g.io/epos-eric/metadata-database/deploy:main - Container ghcr.io/epos-eric/metadata-database/deploy:main started in PT4.454101769S
2026-08-17 16:11:57 [main] INFO  t.g.io/epos-eric/metadata-database/deploy:main - Container is started (JDBC URL: jdbc:postgresql://localhost:32805/cerif?loggerLevel=OFF)
2026-08-17 16:11:57 [main] INFO  com.zaxxer.hikari.HikariDataSource - metadata_catalogue - Starting...
2026-08-17 16:11:57 [main] INFO  com.zaxxer.hikari.pool.HikariPool - metadata_catalogue - Added connection org.postgresql.jdbc.PgConnection@76cad511
2026-08-17 16:11:57 [main] INFO  com.zaxxer.hikari.HikariDataSource - metadata_catalogue - Start completed.
2026-08-17 16:11:57 [main] INFO  com.zaxxer.hikari.HikariDataSource - metadata_catalogue - Shutdown initiated...
2026-08-17 16:11:57 [main] INFO  com.zaxxer.hikari.HikariDataSource - metadata_catalogue - Shutdown completed.
2026-08-17 16:11:58 [main] INFO  t.g.io/epos-eric/metadata-database/deploy:main - Creating container for image: ghcr.io/epos-eric/metadata-database/deploy:main
2026-08-17 16:11:58 [main] INFO  t.g.io/epos-eric/metadata-database/deploy:main - Container ghcr.io/epos-eric/metadata-database/deploy:main is starting: f1cd713080a492d40b998e3329239f80ac873897af7193f92f617fa88db5d60b
2026-08-17 16:12:02 [main] INFO  t.g.io/epos-eric/metadata-database/deploy:main - Container ghcr.io/epos-eric/metadata-database/deploy:main started in PT4.014642932S
2026-08-17 16:12:02 [main] INFO  t.g.io/epos-eric/metadata-database/deploy:main - Container is started (JDBC URL: jdbc:postgresql://localhost:32806/cerif?loggerLevel=OFF)
2026-08-17 16:12:02 [main] INFO  com.zaxxer.hikari.HikariDataSource - metadata_catalogue - Starting...
2026-08-17 16:12:02 [main] INFO  com.zaxxer.hikari.pool.HikariPool - metadata_catalogue - Added connection org.postgresql.jdbc.PgConnection@37d50217
2026-08-17 16:12:02 [main] INFO  com.zaxxer.hikari.HikariDataSource - metadata_catalogue - Start completed.
2026-08-17 16:12:02 [main] INFO  com.zaxxer.hikari.HikariDataSource - metadata_catalogue - Shutdown initiated...
2026-08-17 16:12:02 [main] INFO  com.zaxxer.hikari.HikariDataSource - metadata_catalogue - Shutdown completed.
2026-08-17 16:12:02 [main] INFO  t.g.io/epos-eric/metadata-database/deploy:main - Creating container for image: ghcr.io/epos-eric/metadata-database/deploy:main
2026-08-17 16:12:02 [main] INFO  t.g.io/epos-eric/metadata-database/deploy:main - Container ghcr.io/epos-eric/metadata-database/deploy:main is starting: 33fdf5ab3aaeaf32d6e1760a2463b32b095df25fa0c21ed99b6a49921b5b514b
2026-08-17 16:12:06 [main] INFO  t.g.io/epos-eric/metadata-database/deploy:main - Container ghcr.io/epos-eric/metadata-database/deploy:main started in PT3.867716192S
2026-08-17 16:12:06 [main] INFO  t.g.io/epos-eric/metadata-database/deploy:main - Container is started (JDBC URL: jdbc:postgresql://localhost:32807/cerif?loggerLevel=OFF)
2026-08-17 16:12:06 [main] INFO  com.zaxxer.hikari.HikariDataSource - metadata_catalogue - Starting...
2026-08-17 16:12:06 [main] INFO  com.zaxxer.hikari.pool.HikariPool - metadata_catalogue - Added connection org.postgresql.jdbc.PgConnection@4ce5013a
2026-08-17 16:12:06 [main] INFO  com.zaxxer.hikari.HikariDataSource - metadata_catalogue - Start completed.
2026-08-17 16:12:06 [main] INFO  com.zaxxer.hikari.HikariDataSource - metadata_catalogue - Shutdown initiated...
2026-08-17 16:12:06 [main] INFO  com.zaxxer.hikari.HikariDataSource - metadata_catalogue - Shutdown completed.
2026-08-17 16:12:07 [main] INFO  t.g.io/epos-eric/metadata-database/deploy:main - Creating container for image: ghcr.io/epos-eric/metadata-database/deploy:main
2026-08-17 16:12:07 [main] INFO  t.g.io/epos-eric/metadata-database/deploy:main - Container ghcr.io/epos-eric/metadata-database/deploy:main is starting: 82ab0507975fab8d63145ac2ee40c476b0be28251f27c699ae45c860d0494e29
2026-08-17 16:12:10 [main] INFO  t.g.io/epos-eric/metadata-database/deploy:main - Container ghcr.io/epos-eric/metadata-database/deploy:main started in PT3.929827932S
2026-08-17 16:12:10 [main] INFO  t.g.io/epos-eric/metadata-database/deploy:main - Container is started (JDBC URL: jdbc:postgresql://localhost:32808/cerif?loggerLevel=OFF)
2026-08-17 16:12:10 [main] INFO  com.zaxxer.hikari.HikariDataSource - metadata_catalogue - Starting...
2026-08-17 16:12:10 [main] INFO  com.zaxxer.hikari.pool.HikariPool - metadata_catalogue - Added connection org.postgresql.jdbc.PgConnection@6dde03ce
2026-08-17 16:12:10 [main] INFO  com.zaxxer.hikari.HikariDataSource - metadata_catalogue - Start completed.
2026-08-17 16:12:11 [main] INFO  com.zaxxer.hikari.HikariDataSource - metadata_catalogue - Shutdown initiated...
2026-08-17 16:12:11 [main] INFO  com.zaxxer.hikari.HikariDataSource - metadata_catalogue - Shutdown completed.
2026-08-17 16:12:11 [main] INFO  t.g.io/epos-eric/metadata-database/deploy:main - Creating container for image: ghcr.io/epos-eric/metadata-database/deploy:main
2026-08-17 16:12:11 [main] INFO  t.g.io/epos-eric/metadata-database/deploy:main - Container ghcr.io/epos-eric/metadata-database/deploy:main is starting: 8b0e2d5f3447743a68d9cac1309b353328d8ac451ae652f9d55f359d9351c4b0
2026-08-17 16:12:15 [main] INFO  t.g.io/epos-eric/metadata-database/deploy:main - Container ghcr.io/epos-eric/metadata-database/deploy:main started in PT3.801065171S
2026-08-17 16:12:15 [main] INFO  t.g.io/epos-eric/metadata-database/deploy:main - Container is started (JDBC URL: jdbc:postgresql://localhost:32809/cerif?loggerLevel=OFF)
2026-08-17 16:12:15 [main] INFO  com.zaxxer.hikari.HikariDataSource - metadata_catalogue - Starting...
2026-08-17 16:12:15 [main] INFO  com.zaxxer.hikari.pool.HikariPool - metadata_catalogue - Added connection org.postgresql.jdbc.PgConnection@414a3c7d
2026-08-17 16:12:15 [main] INFO  com.zaxxer.hikari.HikariDataSource - metadata_catalogue - Start completed.
2026-08-17 16:12:16 [main] INFO  com.zaxxer.hikari.HikariDataSource - metadata_catalogue - Shutdown initiated...
2026-08-17 16:12:16 [main] INFO  com.zaxxer.hikari.HikariDataSource - metadata_catalogue - Shutdown completed.
2026-08-17 16:12:16 [main] INFO  t.g.io/epos-eric/metadata-database/deploy:main - Creating container for image: ghcr.io/epos-eric/metadata-database/deploy:main
2026-08-17 16:12:16 [main] INFO  t.g.io/epos-eric/metadata-database/deploy:main - Container ghcr.io/epos-eric/metadata-database/deploy:main is starting: b8fda13c3c0e4d0580beeb79c3b729a14fe7d67171cca728654dfc40c6b02090
2026-08-17 16:12:20 [main] INFO  t.g.io/epos-eric/metadata-database/deploy:main - Container ghcr.io/epos-eric/metadata-database/deploy:main started in PT3.789853235S
2026-08-17 16:12:20 [main] INFO  t.g.io/epos-eric/metadata-database/deploy:main - Container is started (JDBC URL: jdbc:postgresql://localhost:32810/cerif?loggerLevel=OFF)
2026-08-17 16:12:20 [main] INFO  com.zaxxer.hikari.HikariDataSource - metadata_catalogue - Starting...
2026-08-17 16:12:20 [main] INFO  com.zaxxer.hikari.pool.HikariPool - metadata_catalogue - Added connection org.postgresql.jdbc.PgConnection@5655d64
2026-08-17 16:12:20 [main] INFO  com.zaxxer.hikari.HikariDataSource - metadata_catalogue - Start completed.
2026-08-17 16:12:20 [main] INFO  com.zaxxer.hikari.HikariDataSource - metadata_catalogue - Shutdown initiated...
2026-08-17 16:12:20 [main] INFO  com.zaxxer.hikari.HikariDataSource - metadata_catalogue - Shutdown completed.
2026-08-17 16:12:21 [main] INFO  t.g.io/epos-eric/metadata-database/deploy:main - Creating container for image: ghcr.io/epos-eric/metadata-database/deploy:main
2026-08-17 16:12:21 [main] INFO  t.g.io/epos-eric/metadata-database/deploy:main - Container ghcr.io/epos-eric/metadata-database/deploy:main is starting: 7f577180a1c62c3684dccf6278c82ef21731cfef5d94d5a3d9033e7d51f3b4a1
2026-08-17 16:12:25 [main] INFO  t.g.io/epos-eric/metadata-database/deploy:main - Container ghcr.io/epos-eric/metadata-database/deploy:main started in PT3.883845159S
2026-08-17 16:12:25 [main] INFO  t.g.io/epos-eric/metadata-database/deploy:main - Container is started (JDBC URL: jdbc:postgresql://localhost:32811/cerif?loggerLevel=OFF)
2026-08-17 16:12:25 [main] INFO  com.zaxxer.hikari.HikariDataSource - metadata_catalogue - Starting...
2026-08-17 16:12:25 [main] INFO  com.zaxxer.hikari.pool.HikariPool - metadata_catalogue - Added connection org.postgresql.jdbc.PgConnection@6178b3bf
2026-08-17 16:12:25 [main] INFO  com.zaxxer.hikari.HikariDataSource - metadata_catalogue - Start completed.
2026-08-17 16:12:25 [main] INFO  com.zaxxer.hikari.HikariDataSource - metadata_catalogue - Shutdown initiated...
2026-08-17 16:12:25 [main] INFO  com.zaxxer.hikari.HikariDataSource - metadata_catalogue - Shutdown completed.
2026-08-17 16:12:25 [main] INFO  t.g.io/epos-eric/metadata-database/deploy:main - Creating container for image: ghcr.io/epos-eric/metadata-database/deploy:main
2026-08-17 16:12:25 [main] INFO  t.g.io/epos-eric/metadata-database/deploy:main - Container ghcr.io/epos-eric/metadata-database/deploy:main is starting: 066fbb960f8fbd846fcf8231a553f0122e493acfb168c40e98b57a12e22992a4
2026-08-17 16:12:29 [main] INFO  t.g.io/epos-eric/metadata-database/deploy:main - Container ghcr.io/epos-eric/metadata-database/deploy:main started in PT3.95308734S
2026-08-17 16:12:29 [main] INFO  t.g.io/epos-eric/metadata-database/deploy:main - Container is started (JDBC URL: jdbc:postgresql://localhost:32812/cerif?loggerLevel=OFF)
2026-08-17 16:12:29 [main] INFO  com.zaxxer.hikari.HikariDataSource - metadata_catalogue - Starting...
2026-08-17 16:12:29 [main] INFO  com.zaxxer.hikari.pool.HikariPool - metadata_catalogue - Added connection org.postgresql.jdbc.PgConnection@6900954e
2026-08-17 16:12:29 [main] INFO  com.zaxxer.hikari.HikariDataSource - metadata_catalogue - Start completed.
2026-08-17 16:12:29 [main] INFO  com.zaxxer.hikari.HikariDataSource - metadata_catalogue - Shutdown initiated...
2026-08-17 16:12:29 [main] INFO  com.zaxxer.hikari.HikariDataSource - metadata_catalogue - Shutdown completed.
2026-08-17 16:12:30 [main] INFO  t.g.io/epos-eric/metadata-database/deploy:main - Creating container for image: ghcr.io/epos-eric/metadata-database/deploy:main
2026-08-17 16:12:30 [main] INFO  t.g.io/epos-eric/metadata-database/deploy:main - Container ghcr.io/epos-eric/metadata-database/deploy:main is starting: abe8fca35281195eec6636a040d1cbae2c0f7b42f4a6a9db53f407e3b6c69a31
2026-08-17 16:12:33 [main] INFO  t.g.io/epos-eric/metadata-database/deploy:main - Container ghcr.io/epos-eric/metadata-database/deploy:main started in PT3.850232235S
2026-08-17 16:12:33 [main] INFO  t.g.io/epos-eric/metadata-database/deploy:main - Container is started (JDBC URL: jdbc:postgresql://localhost:32813/cerif?loggerLevel=OFF)
2026-08-17 16:12:33 [main] INFO  com.zaxxer.hikari.HikariDataSource - metadata_catalogue - Starting...
2026-08-17 16:12:33 [main] INFO  com.zaxxer.hikari.pool.HikariPool - metadata_catalogue - Added connection org.postgresql.jdbc.PgConnection@696faa2b
2026-08-17 16:12:33 [main] INFO  com.zaxxer.hikari.HikariDataSource - metadata_catalogue - Start completed.
2026-08-17 16:12:34 [main] INFO  com.zaxxer.hikari.HikariDataSource - metadata_catalogue - Shutdown initiated...
2026-08-17 16:12:34 [main] INFO  com.zaxxer.hikari.HikariDataSource - metadata_catalogue - Shutdown completed.
2026-08-17 16:12:34 [main] INFO  t.g.io/epos-eric/metadata-database/deploy:main - Creating container for image: ghcr.io/epos-eric/metadata-database/deploy:main
2026-08-17 16:12:34 [main] INFO  t.g.io/epos-eric/metadata-database/deploy:main - Container ghcr.io/epos-eric/metadata-database/deploy:main is starting: b1cadddf90116bda27c2af1c740100ab41f59887084f43a0ddeba2455bd34f8b
2026-08-17 16:12:38 [main] INFO  t.g.io/epos-eric/metadata-database/deploy:main - Container ghcr.io/epos-eric/metadata-database/deploy:main started in PT3.840170884S
2026-08-17 16:12:38 [main] INFO  t.g.io/epos-eric/metadata-database/deploy:main - Container is started (JDBC URL: jdbc:postgresql://localhost:32814/cerif?loggerLevel=OFF)
2026-08-17 16:12:38 [main] INFO  com.zaxxer.hikari.HikariDataSource - metadata_catalogue - Starting...
2026-08-17 16:12:38 [main] INFO  com.zaxxer.hikari.pool.HikariPool - metadata_catalogue - Added connection org.postgresql.jdbc.PgConnection@34f14035
2026-08-17 16:12:38 [main] INFO  com.zaxxer.hikari.HikariDataSource - metadata_catalogue - Start completed.
2026-08-17 16:12:39 [main] INFO  com.zaxxer.hikari.HikariDataSource - metadata_catalogue - Shutdown initiated...
2026-08-17 16:12:39 [main] INFO  com.zaxxer.hikari.HikariDataSource - metadata_catalogue - Shutdown completed.
2026-08-17 16:12:39 [main] INFO  t.g.io/epos-eric/metadata-database/deploy:main - Creating container for image: ghcr.io/epos-eric/metadata-database/deploy:main
2026-08-17 16:12:39 [main] INFO  t.g.io/epos-eric/metadata-database/deploy:main - Container ghcr.io/epos-eric/metadata-database/deploy:main is starting: f4d0bb660a1dfcff63c9a44c794554133acd0ef239b4c07d4c27ecdbc9995a18
2026-08-17 16:12:43 [main] INFO  t.g.io/epos-eric/metadata-database/deploy:main - Container ghcr.io/epos-eric/metadata-database/deploy:main started in PT3.851515946S
2026-08-17 16:12:43 [main] INFO  t.g.io/epos-eric/metadata-database/deploy:main - Container is started (JDBC URL: jdbc:postgresql://localhost:32815/cerif?loggerLevel=OFF)
2026-08-17 16:12:43 [main] INFO  com.zaxxer.hikari.HikariDataSource - metadata_catalogue - Starting...
2026-08-17 16:12:43 [main] INFO  com.zaxxer.hikari.pool.HikariPool - metadata_catalogue - Added connection org.postgresql.jdbc.PgConnection@445eb192
2026-08-17 16:12:43 [main] INFO  com.zaxxer.hikari.HikariDataSource - metadata_catalogue - Start completed.
2026-08-17 16:12:44 [main] INFO  com.zaxxer.hikari.HikariDataSource - metadata_catalogue - Shutdown initiated...
2026-08-17 16:12:44 [main] INFO  com.zaxxer.hikari.HikariDataSource - metadata_catalogue - Shutdown completed.
2026-08-17 16:12:44 [main] INFO  t.g.io/epos-eric/metadata-database/deploy:main - Creating container for image: ghcr.io/epos-eric/metadata-database/deploy:main
2026-08-17 16:12:45 [main] INFO  t.g.io/epos-eric/metadata-database/deploy:main - Container ghcr.io/epos-eric/metadata-database/deploy:main is starting: 2546bf03e8112b4b8c3eb94117466b0f244d2ec323b249be4836645880a7ae6c
2026-08-17 16:12:49 [main] INFO  t.g.io/epos-eric/metadata-database/deploy:main - Container ghcr.io/epos-eric/metadata-database/deploy:main started in PT4.395466151S
2026-08-17 16:12:49 [main] INFO  t.g.io/epos-eric/metadata-database/deploy:main - Container is started (JDBC URL: jdbc:postgresql://localhost:32816/cerif?loggerLevel=OFF)
2026-08-17 16:12:49 [main] INFO  com.zaxxer.hikari.HikariDataSource - metadata_catalogue - Starting...
2026-08-17 16:12:49 [main] INFO  com.zaxxer.hikari.pool.HikariPool - metadata_catalogue - Added connection org.postgresql.jdbc.PgConnection@488e27f3
2026-08-17 16:12:49 [main] INFO  com.zaxxer.hikari.HikariDataSource - metadata_catalogue - Start completed.
2026-08-17 16:12:49 [main] INFO  com.zaxxer.hikari.HikariDataSource - metadata_catalogue - Shutdown initiated...
2026-08-17 16:12:49 [main] INFO  com.zaxxer.hikari.HikariDataSource - metadata_catalogue - Shutdown completed.
2026-08-17 16:12:49 [main] INFO  t.g.io/epos-eric/metadata-database/deploy:main - Creating container for image: ghcr.io/epos-eric/metadata-database/deploy:main
2026-08-17 16:12:50 [main] INFO  t.g.io/epos-eric/metadata-database/deploy:main - Container ghcr.io/epos-eric/metadata-database/deploy:main is starting: b8f84e171afbca147b5de49513702b984478c6db080997ce119e803f061f23dd
2026-08-17 16:12:53 [main] INFO  t.g.io/epos-eric/metadata-database/deploy:main - Container ghcr.io/epos-eric/metadata-database/deploy:main started in PT3.824306689S
2026-08-17 16:12:53 [main] INFO  t.g.io/epos-eric/metadata-database/deploy:main - Container is started (JDBC URL: jdbc:postgresql://localhost:32817/cerif?loggerLevel=OFF)
2026-08-17 16:12:53 [main] INFO  com.zaxxer.hikari.HikariDataSource - metadata_catalogue - Starting...
2026-08-17 16:12:53 [main] INFO  com.zaxxer.hikari.pool.HikariPool - metadata_catalogue - Added connection org.postgresql.jdbc.PgConnection@49d69469
2026-08-17 16:12:53 [main] INFO  com.zaxxer.hikari.HikariDataSource - metadata_catalogue - Start completed.
2026-08-17 16:12:54 [main] INFO  com.zaxxer.hikari.HikariDataSource - metadata_catalogue - Shutdown initiated...
2026-08-17 16:12:54 [main] INFO  com.zaxxer.hikari.HikariDataSource - metadata_catalogue - Shutdown completed.
2026-08-17 16:12:54 [main] INFO  t.g.io/epos-eric/metadata-database/deploy:main - Creating container for image: ghcr.io/epos-eric/metadata-database/deploy:main
2026-08-17 16:12:54 [main] INFO  t.g.io/epos-eric/metadata-database/deploy:main - Container ghcr.io/epos-eric/metadata-database/deploy:main is starting: 274c75162f4174dcf299447564ad90f5db86872e689009c6b731b0d21378cadb
2026-08-17 16:12:58 [main] INFO  t.g.io/epos-eric/metadata-database/deploy:main - Container ghcr.io/epos-eric/metadata-database/deploy:main started in PT4.465150132S
2026-08-17 16:12:58 [main] INFO  t.g.io/epos-eric/metadata-database/deploy:main - Container is started (JDBC URL: jdbc:postgresql://localhost:32818/cerif?loggerLevel=OFF)
2026-08-17 16:12:58 [main] INFO  com.zaxxer.hikari.HikariDataSource - metadata_catalogue - Starting...
2026-08-17 16:12:58 [main] INFO  com.zaxxer.hikari.pool.HikariPool - metadata_catalogue - Added connection org.postgresql.jdbc.PgConnection@4d61d93a
2026-08-17 16:12:58 [main] INFO  com.zaxxer.hikari.HikariDataSource - metadata_catalogue - Start completed.
2026-08-17 16:12:58 [main] INFO  com.zaxxer.hikari.HikariDataSource - metadata_catalogue - Shutdown initiated...
2026-08-17 16:12:58 [main] INFO  com.zaxxer.hikari.HikariDataSource - metadata_catalogue - Shutdown completed.
2026-08-17 16:12:59 [main] INFO  t.g.io/epos-eric/metadata-database/deploy:main - Creating container for image: ghcr.io/epos-eric/metadata-database/deploy:main
2026-08-17 16:12:59 [main] INFO  t.g.io/epos-eric/metadata-database/deploy:main - Container ghcr.io/epos-eric/metadata-database/deploy:main is starting: e6231b592cc41600977888f131a69133945f8ac66018cbd35dfe594d6324eb27
2026-08-17 16:13:03 [main] INFO  t.g.io/epos-eric/metadata-database/deploy:main - Container ghcr.io/epos-eric/metadata-database/deploy:main started in PT4.033832541S
2026-08-17 16:13:03 [main] INFO  t.g.io/epos-eric/metadata-database/deploy:main - Container is started (JDBC URL: jdbc:postgresql://localhost:32819/cerif?loggerLevel=OFF)
2026-08-17 16:13:03 [main] INFO  com.zaxxer.hikari.HikariDataSource - metadata_catalogue - Starting...
2026-08-17 16:13:03 [main] INFO  com.zaxxer.hikari.pool.HikariPool - metadata_catalogue - Added connection org.postgresql.jdbc.PgConnection@2f6867d1
2026-08-17 16:13:03 [main] INFO  com.zaxxer.hikari.HikariDataSource - metadata_catalogue - Start completed.
2026-08-17 16:13:03 [main] INFO  com.zaxxer.hikari.HikariDataSource - metadata_catalogue - Shutdown initiated...
2026-08-17 16:13:03 [main] INFO  com.zaxxer.hikari.HikariDataSource - metadata_catalogue - Shutdown completed.
2026-08-17 16:13:03 [main] INFO  t.g.io/epos-eric/metadata-database/deploy:main - Creating container for image: ghcr.io/epos-eric/metadata-database/deploy:main
2026-08-17 16:13:03 [main] INFO  t.g.io/epos-eric/metadata-database/deploy:main - Container ghcr.io/epos-eric/metadata-database/deploy:main is starting: 11e29ddb4036117245de5f76cebf2f811780acefbc93b087ccc38981cd303be9
2026-08-17 16:13:07 [main] INFO  t.g.io/epos-eric/metadata-database/deploy:main - Container ghcr.io/epos-eric/metadata-database/deploy:main started in PT4.067328474S
2026-08-17 16:13:07 [main] INFO  t.g.io/epos-eric/metadata-database/deploy:main - Container is started (JDBC URL: jdbc:postgresql://localhost:32820/cerif?loggerLevel=OFF)
2026-08-17 16:13:07 [main] INFO  com.zaxxer.hikari.HikariDataSource - metadata_catalogue - Starting...
2026-08-17 16:13:07 [main] INFO  com.zaxxer.hikari.pool.HikariPool - metadata_catalogue - Added connection org.postgresql.jdbc.PgConnection@105be2d9
2026-08-17 16:13:07 [main] INFO  com.zaxxer.hikari.HikariDataSource - metadata_catalogue - Start completed.
2026-08-17 16:13:08 [main] INFO  com.zaxxer.hikari.HikariDataSource - metadata_catalogue - Shutdown initiated...
2026-08-17 16:13:08 [main] INFO  com.zaxxer.hikari.HikariDataSource - metadata_catalogue - Shutdown completed.
2026-08-17 16:13:09 [main] INFO  t.g.io/epos-eric/metadata-database/deploy:main - Creating container for image: ghcr.io/epos-eric/metadata-database/deploy:main
2026-08-17 16:13:09 [main] INFO  t.g.io/epos-eric/metadata-database/deploy:main - Container ghcr.io/epos-eric/metadata-database/deploy:main is starting: 08d9c22298d64b0df7087e76e9431e427e80ce37f05d25b1e9087d175bbc0ada
2026-08-17 16:13:12 [main] INFO  t.g.io/epos-eric/metadata-database/deploy:main - Container ghcr.io/epos-eric/metadata-database/deploy:main started in PT3.877871619S
2026-08-17 16:13:12 [main] INFO  t.g.io/epos-eric/metadata-database/deploy:main - Container is started (JDBC URL: jdbc:postgresql://localhost:32821/cerif?loggerLevel=OFF)
2026-08-17 16:13:12 [main] INFO  com.zaxxer.hikari.HikariDataSource - metadata_catalogue - Starting...
2026-08-17 16:13:12 [main] INFO  com.zaxxer.hikari.pool.HikariPool - metadata_catalogue - Added connection org.postgresql.jdbc.PgConnection@56f12cfa
2026-08-17 16:13:12 [main] INFO  com.zaxxer.hikari.HikariDataSource - metadata_catalogue - Start completed.
2026-08-17 16:13:13 [main] INFO  com.zaxxer.hikari.HikariDataSource - metadata_catalogue - Shutdown initiated...
2026-08-17 16:13:13 [main] INFO  com.zaxxer.hikari.HikariDataSource - metadata_catalogue - Shutdown completed.
2026-08-17 16:13:13 [main] INFO  t.g.io/epos-eric/metadata-database/deploy:main - Creating container for image: ghcr.io/epos-eric/metadata-database/deploy:main
2026-08-17 16:13:13 [main] INFO  t.g.io/epos-eric/metadata-database/deploy:main - Container ghcr.io/epos-eric/metadata-database/deploy:main is starting: 3fcb121325fab1bf03cd129e6c88c305739d0a87681bd6a746fabdd4e8f493b2
2026-08-17 16:13:18 [main] INFO  t.g.io/epos-eric/metadata-database/deploy:main - Container ghcr.io/epos-eric/metadata-database/deploy:main started in PT4.539029477S
2026-08-17 16:13:18 [main] INFO  t.g.io/epos-eric/metadata-database/deploy:main - Container is started (JDBC URL: jdbc:postgresql://localhost:32822/cerif?loggerLevel=OFF)
2026-08-17 16:13:18 [main] INFO  com.zaxxer.hikari.HikariDataSource - metadata_catalogue - Starting...
2026-08-17 16:13:18 [main] INFO  com.zaxxer.hikari.pool.HikariPool - metadata_catalogue - Added connection org.postgresql.jdbc.PgConnection@670d0f14
2026-08-17 16:13:18 [main] INFO  com.zaxxer.hikari.HikariDataSource - metadata_catalogue - Start completed.
2026-08-17 16:13:18 [main] INFO  com.zaxxer.hikari.HikariDataSource - metadata_catalogue - Shutdown initiated...
2026-08-17 16:13:18 [main] INFO  com.zaxxer.hikari.HikariDataSource - metadata_catalogue - Shutdown completed.
2026-08-17 16:13:18 [main] INFO  t.g.io/epos-eric/metadata-database/deploy:main - Creating container for image: ghcr.io/epos-eric/metadata-database/deploy:main
2026-08-17 16:13:18 [main] INFO  t.g.io/epos-eric/metadata-database/deploy:main - Container ghcr.io/epos-eric/metadata-database/deploy:main is starting: 21d455339f0ceb4813cfbf790acc91d8733b219e9689510281fe828e095f907c
2026-08-17 16:13:22 [main] INFO  t.g.io/epos-eric/metadata-database/deploy:main - Container ghcr.io/epos-eric/metadata-database/deploy:main started in PT3.838552137S
2026-08-17 16:13:22 [main] INFO  t.g.io/epos-eric/metadata-database/deploy:main - Container is started (JDBC URL: jdbc:postgresql://localhost:32823/cerif?loggerLevel=OFF)
2026-08-17 16:13:22 [main] INFO  com.zaxxer.hikari.HikariDataSource - metadata_catalogue - Starting...
2026-08-17 16:13:22 [main] INFO  com.zaxxer.hikari.pool.HikariPool - metadata_catalogue - Added connection org.postgresql.jdbc.PgConnection@1cc33ca9
2026-08-17 16:13:22 [main] INFO  com.zaxxer.hikari.HikariDataSource - metadata_catalogue - Start completed.
2026-08-17 16:13:22 [main] INFO  com.zaxxer.hikari.HikariDataSource - metadata_catalogue - Shutdown initiated...
2026-08-17 16:13:22 [main] INFO  com.zaxxer.hikari.HikariDataSource - metadata_catalogue - Shutdown completed.
2026-08-17 16:13:22 [main] INFO  t.g.io/epos-eric/metadata-database/deploy:main - Creating container for image: ghcr.io/epos-eric/metadata-database/deploy:main
2026-08-17 16:13:23 [main] INFO  t.g.io/epos-eric/metadata-database/deploy:main - Container ghcr.io/epos-eric/metadata-database/deploy:main is starting: 95effe8cb9d58dc1c0522835c1f54735b1741a1a614dba55284b679ef9379a9a
2026-08-17 16:13:27 [main] INFO  t.g.io/epos-eric/metadata-database/deploy:main - Container ghcr.io/epos-eric/metadata-database/deploy:main started in PT4.435445159S
2026-08-17 16:13:27 [main] INFO  t.g.io/epos-eric/metadata-database/deploy:main - Container is started (JDBC URL: jdbc:postgresql://localhost:32824/cerif?loggerLevel=OFF)
2026-08-17 16:13:27 [main] INFO  com.zaxxer.hikari.HikariDataSource - metadata_catalogue - Starting...
2026-08-17 16:13:27 [main] INFO  com.zaxxer.hikari.pool.HikariPool - metadata_catalogue - Added connection org.postgresql.jdbc.PgConnection@2922bf92
2026-08-17 16:13:27 [main] INFO  com.zaxxer.hikari.HikariDataSource - metadata_catalogue - Start completed.
2026-08-17 16:13:27 [main] INFO  com.zaxxer.hikari.HikariDataSource - metadata_catalogue - Shutdown initiated...
2026-08-17 16:13:27 [main] INFO  com.zaxxer.hikari.HikariDataSource - metadata_catalogue - Shutdown completed.
2026-08-17 16:13:27 [main] INFO  t.g.io/epos-eric/metadata-database/deploy:main - Creating container for image: ghcr.io/epos-eric/metadata-database/deploy:main
2026-08-17 16:13:28 [main] INFO  t.g.io/epos-eric/metadata-database/deploy:main - Container ghcr.io/epos-eric/metadata-database/deploy:main is starting: a37756acd1f1f92b321f55cd16215e84464894fe4315d8e615a5f70b742a73e3
2026-08-17 16:13:31 [main] INFO  t.g.io/epos-eric/metadata-database/deploy:main - Container ghcr.io/epos-eric/metadata-database/deploy:main started in PT3.804546632S
2026-08-17 16:13:31 [main] INFO  t.g.io/epos-eric/metadata-database/deploy:main - Container is started (JDBC URL: jdbc:postgresql://localhost:32825/cerif?loggerLevel=OFF)
2026-08-17 16:13:31 [main] INFO  com.zaxxer.hikari.HikariDataSource - metadata_catalogue - Starting...
2026-08-17 16:13:31 [main] INFO  com.zaxxer.hikari.pool.HikariPool - metadata_catalogue - Added connection org.postgresql.jdbc.PgConnection@6fe2e8b1
2026-08-17 16:13:31 [main] INFO  com.zaxxer.hikari.HikariDataSource - metadata_catalogue - Start completed.
2026-08-17 16:13:32 [main] INFO  com.zaxxer.hikari.HikariDataSource - metadata_catalogue - Shutdown initiated...
2026-08-17 16:13:32 [main] INFO  com.zaxxer.hikari.HikariDataSource - metadata_catalogue - Shutdown completed.
2026-08-17 16:13:32 [main] INFO  t.g.io/epos-eric/metadata-database/deploy:main - Creating container for image: ghcr.io/epos-eric/metadata-database/deploy:main
2026-08-17 16:13:33 [main] INFO  t.g.io/epos-eric/metadata-database/deploy:main - Container ghcr.io/epos-eric/metadata-database/deploy:main is starting: ab1073cde64437352ea489709f5fc54b08ad93606a33eddcd91343e53d06d45e
2026-08-17 16:13:36 [main] INFO  t.g.io/epos-eric/metadata-database/deploy:main - Container ghcr.io/epos-eric/metadata-database/deploy:main started in PT3.823068964S
2026-08-17 16:13:36 [main] INFO  t.g.io/epos-eric/metadata-database/deploy:main - Container is started (JDBC URL: jdbc:postgresql://localhost:32826/cerif?loggerLevel=OFF)
2026-08-17 16:13:36 [main] INFO  com.zaxxer.hikari.HikariDataSource - metadata_catalogue - Starting...
2026-08-17 16:13:36 [main] INFO  com.zaxxer.hikari.pool.HikariPool - metadata_catalogue - Added connection org.postgresql.jdbc.PgConnection@12aeb5a4
2026-08-17 16:13:36 [main] INFO  com.zaxxer.hikari.HikariDataSource - metadata_catalogue - Start completed.
2026-08-17 16:13:37 [main] INFO  com.zaxxer.hikari.HikariDataSource - metadata_catalogue - Shutdown initiated...
2026-08-17 16:13:37 [main] INFO  com.zaxxer.hikari.HikariDataSource - metadata_catalogue - Shutdown completed.
2026-08-17 16:13:37 [main] INFO  t.g.io/epos-eric/metadata-database/deploy:main - Creating container for image: ghcr.io/epos-eric/metadata-database/deploy:main
2026-08-17 16:13:37 [main] INFO  t.g.io/epos-eric/metadata-database/deploy:main - Container ghcr.io/epos-eric/metadata-database/deploy:main is starting: 213485c55395babcd68d4fba3dd4c0ad07ae7b24bd479216ffbc8ff626138a3d
2026-08-17 16:13:41 [main] INFO  t.g.io/epos-eric/metadata-database/deploy:main - Container ghcr.io/epos-eric/metadata-database/deploy:main started in PT4.559339969S
2026-08-17 16:13:41 [main] INFO  t.g.io/epos-eric/metadata-database/deploy:main - Container is started (JDBC URL: jdbc:postgresql://localhost:32827/cerif?loggerLevel=OFF)
2026-08-17 16:13:41 [main] INFO  com.zaxxer.hikari.HikariDataSource - metadata_catalogue - Starting...
2026-08-17 16:13:41 [main] INFO  com.zaxxer.hikari.pool.HikariPool - metadata_catalogue - Added connection org.postgresql.jdbc.PgConnection@619c32f9
2026-08-17 16:13:41 [main] INFO  com.zaxxer.hikari.HikariDataSource - metadata_catalogue - Start completed.
2026-08-17 16:13:42 [main] INFO  com.zaxxer.hikari.HikariDataSource - metadata_catalogue - Shutdown initiated...
2026-08-17 16:13:42 [main] INFO  com.zaxxer.hikari.HikariDataSource - metadata_catalogue - Shutdown completed.
2026-08-17 16:13:42 [main] INFO  t.g.io/epos-eric/metadata-database/deploy:main - Creating container for image: ghcr.io/epos-eric/metadata-database/deploy:main
2026-08-17 16:13:42 [main] INFO  t.g.io/epos-eric/metadata-database/deploy:main - Container ghcr.io/epos-eric/metadata-database/deploy:main is starting: 9184445cd1e325b033d48b0f31de2063937a24fef93fa7e55d1bb16f9dfd54e7
2026-08-17 16:13:47 [main] INFO  t.g.io/epos-eric/metadata-database/deploy:main - Container ghcr.io/epos-eric/metadata-database/deploy:main started in PT4.605699315S
2026-08-17 16:13:47 [main] INFO  t.g.io/epos-eric/metadata-database/deploy:main - Container is started (JDBC URL: jdbc:postgresql://localhost:32828/cerif?loggerLevel=OFF)
2026-08-17 16:13:47 [main] INFO  com.zaxxer.hikari.HikariDataSource - metadata_catalogue - Starting...
2026-08-17 16:13:47 [main] INFO  com.zaxxer.hikari.pool.HikariPool - metadata_catalogue - Added connection org.postgresql.jdbc.PgConnection@37248e2f
2026-08-17 16:13:47 [main] INFO  com.zaxxer.hikari.HikariDataSource - metadata_catalogue - Start completed.
2026-08-17 16:13:47 [main] INFO  com.zaxxer.hikari.HikariDataSource - metadata_catalogue - Shutdown initiated...
2026-08-17 16:13:47 [main] INFO  com.zaxxer.hikari.HikariDataSource - metadata_catalogue - Shutdown completed.
2026-08-17 16:13:47 [main] INFO  t.g.io/epos-eric/metadata-database/deploy:main - Creating container for image: ghcr.io/epos-eric/metadata-database/deploy:main
2026-08-17 16:13:47 [main] INFO  t.g.io/epos-eric/metadata-database/deploy:main - Container ghcr.io/epos-eric/metadata-database/deploy:main is starting: d4fc5f1a0898d42a17ddb9b54faf6ee8530ce1155ef25e7186fbe723c2cb1239
2026-08-17 16:13:51 [main] INFO  t.g.io/epos-eric/metadata-database/deploy:main - Container ghcr.io/epos-eric/metadata-database/deploy:main started in PT4.085416943S
2026-08-17 16:13:51 [main] INFO  t.g.io/epos-eric/metadata-database/deploy:main - Container is started (JDBC URL: jdbc:postgresql://localhost:32829/cerif?loggerLevel=OFF)
2026-08-17 16:13:51 [main] INFO  com.zaxxer.hikari.HikariDataSource - metadata_catalogue - Starting...
2026-08-17 16:13:51 [main] INFO  com.zaxxer.hikari.pool.HikariPool - metadata_catalogue - Added connection org.postgresql.jdbc.PgConnection@7d753aad
2026-08-17 16:13:51 [main] INFO  com.zaxxer.hikari.HikariDataSource - metadata_catalogue - Start completed.
2026-08-17 16:13:52 [main] INFO  com.zaxxer.hikari.HikariDataSource - metadata_catalogue - Shutdown initiated...
2026-08-17 16:13:52 [main] INFO  com.zaxxer.hikari.HikariDataSource - metadata_catalogue - Shutdown completed.
2026-08-17 16:13:52 [main] INFO  t.g.io/epos-eric/metadata-database/deploy:main - Creating container for image: ghcr.io/epos-eric/metadata-database/deploy:main
2026-08-17 16:13:52 [main] INFO  t.g.io/epos-eric/metadata-database/deploy:main - Container ghcr.io/epos-eric/metadata-database/deploy:main is starting: ba2068fec7e8af274219a6d151058e4ffdfab580a91174f36c85c1864a52a3f5
2026-08-17 16:13:56 [main] INFO  t.g.io/epos-eric/metadata-database/deploy:main - Container ghcr.io/epos-eric/metadata-database/deploy:main started in PT3.929022809S
2026-08-17 16:13:56 [main] INFO  t.g.io/epos-eric/metadata-database/deploy:main - Container is started (JDBC URL: jdbc:postgresql://localhost:32830/cerif?loggerLevel=OFF)
2026-08-17 16:13:56 [main] INFO  com.zaxxer.hikari.HikariDataSource - metadata_catalogue - Starting...
2026-08-17 16:13:56 [main] INFO  com.zaxxer.hikari.pool.HikariPool - metadata_catalogue - Added connection org.postgresql.jdbc.PgConnection@59501e6
2026-08-17 16:13:56 [main] INFO  com.zaxxer.hikari.HikariDataSource - metadata_catalogue - Start completed.
2026-08-17 16:13:56 [main] INFO  com.zaxxer.hikari.HikariDataSource - metadata_catalogue - Shutdown initiated...
2026-08-17 16:13:56 [main] INFO  com.zaxxer.hikari.HikariDataSource - metadata_catalogue - Shutdown completed.
2026-08-17 16:13:56 [main] INFO  t.g.io/epos-eric/metadata-database/deploy:main - Creating container for image: ghcr.io/epos-eric/metadata-database/deploy:main
2026-08-17 16:13:56 [main] INFO  t.g.io/epos-eric/metadata-database/deploy:main - Container ghcr.io/epos-eric/metadata-database/deploy:main is starting: 227a4ef58f1654bc661babb0c04b51886750b625c2196ec83d9b399fc38225ed
2026-08-17 16:14:00 [main] INFO  t.g.io/epos-eric/metadata-database/deploy:main - Container ghcr.io/epos-eric/metadata-database/deploy:main started in PT4.096101388S
2026-08-17 16:14:00 [main] INFO  t.g.io/epos-eric/metadata-database/deploy:main - Container is started (JDBC URL: jdbc:postgresql://localhost:32831/cerif?loggerLevel=OFF)
2026-08-17 16:14:00 [main] INFO  com.zaxxer.hikari.HikariDataSource - metadata_catalogue - Starting...
2026-08-17 16:14:00 [main] INFO  com.zaxxer.hikari.pool.HikariPool - metadata_catalogue - Added connection org.postgresql.jdbc.PgConnection@71f15824
2026-08-17 16:14:00 [main] INFO  com.zaxxer.hikari.HikariDataSource - metadata_catalogue - Start completed.
2026-08-17 16:14:01 [main] INFO  com.zaxxer.hikari.HikariDataSource - metadata_catalogue - Shutdown initiated...
2026-08-17 16:14:01 [main] INFO  com.zaxxer.hikari.HikariDataSource - metadata_catalogue - Shutdown completed.
2026-08-17 16:14:01 [main] INFO  t.g.io/epos-eric/metadata-database/deploy:main - Creating container for image: ghcr.io/epos-eric/metadata-database/deploy:main
2026-08-17 16:14:01 [main] INFO  t.g.io/epos-eric/metadata-database/deploy:main - Container ghcr.io/epos-eric/metadata-database/deploy:main is starting: 0051e42ee2e1d24922f99df497464e2f050059dcb806ac7d3c0d0dead8668871
2026-08-17 16:14:05 [main] INFO  t.g.io/epos-eric/metadata-database/deploy:main - Container ghcr.io/epos-eric/metadata-database/deploy:main started in PT3.899578194S
2026-08-17 16:14:05 [main] INFO  t.g.io/epos-eric/metadata-database/deploy:main - Container is started (JDBC URL: jdbc:postgresql://localhost:32832/cerif?loggerLevel=OFF)
2026-08-17 16:14:05 [main] INFO  com.zaxxer.hikari.HikariDataSource - metadata_catalogue - Starting...
2026-08-17 16:14:05 [main] INFO  com.zaxxer.hikari.pool.HikariPool - metadata_catalogue - Added connection org.postgresql.jdbc.PgConnection@31e69f7d
2026-08-17 16:14:05 [main] INFO  com.zaxxer.hikari.HikariDataSource - metadata_catalogue - Start completed.
2026-08-17 16:14:05 [main] INFO  com.zaxxer.hikari.HikariDataSource - metadata_catalogue - Shutdown initiated...
2026-08-17 16:14:05 [main] INFO  com.zaxxer.hikari.HikariDataSource - metadata_catalogue - Shutdown completed.
2026-08-17 16:14:05 [main] INFO  t.g.io/epos-eric/metadata-database/deploy:main - Creating container for image: ghcr.io/epos-eric/metadata-database/deploy:main
2026-08-17 16:14:06 [main] INFO  t.g.io/epos-eric/metadata-database/deploy:main - Container ghcr.io/epos-eric/metadata-database/deploy:main is starting: afba3d561172193e17914fb5e2fc06d9b9323c1e3c36cbb9b264b8b36c977489
2026-08-17 16:14:09 [main] INFO  t.g.io/epos-eric/metadata-database/deploy:main - Container ghcr.io/epos-eric/metadata-database/deploy:main started in PT3.863000919S
2026-08-17 16:14:09 [main] INFO  t.g.io/epos-eric/metadata-database/deploy:main - Container is started (JDBC URL: jdbc:postgresql://localhost:32833/cerif?loggerLevel=OFF)
2026-08-17 16:14:09 [main] INFO  com.zaxxer.hikari.HikariDataSource - metadata_catalogue - Starting...
2026-08-17 16:14:09 [main] INFO  com.zaxxer.hikari.pool.HikariPool - metadata_catalogue - Added connection org.postgresql.jdbc.PgConnection@524d3f70
2026-08-17 16:14:09 [main] INFO  com.zaxxer.hikari.HikariDataSource - metadata_catalogue - Start completed.
2026-08-17 16:14:10 [main] INFO  com.zaxxer.hikari.HikariDataSource - metadata_catalogue - Shutdown initiated...
2026-08-17 16:14:10 [main] INFO  com.zaxxer.hikari.HikariDataSource - metadata_catalogue - Shutdown completed.
2026-08-17 16:14:10 [main] INFO  t.g.io/epos-eric/metadata-database/deploy:main - Creating container for image: ghcr.io/epos-eric/metadata-database/deploy:main
2026-08-17 16:14:10 [main] INFO  t.g.io/epos-eric/metadata-database/deploy:main - Container ghcr.io/epos-eric/metadata-database/deploy:main is starting: 01403e2668024e4ad727b9f9ccc5b2482c0a62d55370083623309e4bc2fa3539
2026-08-17 16:14:14 [main] INFO  t.g.io/epos-eric/metadata-database/deploy:main - Container ghcr.io/epos-eric/metadata-database/deploy:main started in PT3.978406811S
2026-08-17 16:14:14 [main] INFO  t.g.io/epos-eric/metadata-database/deploy:main - Container is started (JDBC URL: jdbc:postgresql://localhost:32834/cerif?loggerLevel=OFF)
2026-08-17 16:14:14 [main] INFO  com.zaxxer.hikari.HikariDataSource - metadata_catalogue - Starting...
2026-08-17 16:14:14 [main] INFO  com.zaxxer.hikari.pool.HikariPool - metadata_catalogue - Added connection org.postgresql.jdbc.PgConnection@7f549baa
2026-08-17 16:14:14 [main] INFO  com.zaxxer.hikari.HikariDataSource - metadata_catalogue - Start completed.
2026-08-17 16:14:14 [main] INFO  com.zaxxer.hikari.HikariDataSource - metadata_catalogue - Shutdown initiated...
2026-08-17 16:14:14 [main] INFO  com.zaxxer.hikari.HikariDataSource - metadata_catalogue - Shutdown completed.
2026-08-17 16:14:14 [main] INFO  t.g.io/epos-eric/metadata-database/deploy:main - Creating container for image: ghcr.io/epos-eric/metadata-database/deploy:main
2026-08-17 16:14:14 [main] INFO  t.g.io/epos-eric/metadata-database/deploy:main - Container ghcr.io/epos-eric/metadata-database/deploy:main is starting: 234019eb90bd2df66aaad324a62e72849880db803bd105bcd90dedefb4934e63
2026-08-17 16:14:19 [main] INFO  t.g.io/epos-eric/metadata-database/deploy:main - Container ghcr.io/epos-eric/metadata-database/deploy:main started in PT4.376532568S
2026-08-17 16:14:19 [main] INFO  t.g.io/epos-eric/metadata-database/deploy:main - Container is started (JDBC URL: jdbc:postgresql://localhost:32835/cerif?loggerLevel=OFF)
2026-08-17 16:14:19 [main] INFO  com.zaxxer.hikari.HikariDataSource - metadata_catalogue - Starting...
2026-08-17 16:14:19 [main] INFO  com.zaxxer.hikari.pool.HikariPool - metadata_catalogue - Added connection org.postgresql.jdbc.PgConnection@222e63c5
2026-08-17 16:14:19 [main] INFO  com.zaxxer.hikari.HikariDataSource - metadata_catalogue - Start completed.
2026-08-17 16:14:19 [main] INFO  com.zaxxer.hikari.HikariDataSource - metadata_catalogue - Shutdown initiated...
2026-08-17 16:14:19 [main] INFO  com.zaxxer.hikari.HikariDataSource - metadata_catalogue - Shutdown completed.
2026-08-17 16:14:19 [main] INFO  t.g.io/epos-eric/metadata-database/deploy:main - Creating container for image: ghcr.io/epos-eric/metadata-database/deploy:main
2026-08-17 16:14:19 [main] INFO  t.g.io/epos-eric/metadata-database/deploy:main - Container ghcr.io/epos-eric/metadata-database/deploy:main is starting: 334d6c14bbc624c64df8a411d869cbf6ade611c52962c8cf3528e3cca64a0668
2026-08-17 16:14:23 [main] INFO  t.g.io/epos-eric/metadata-database/deploy:main - Container ghcr.io/epos-eric/metadata-database/deploy:main started in PT3.731336948S
2026-08-17 16:14:23 [main] INFO  t.g.io/epos-eric/metadata-database/deploy:main - Container is started (JDBC URL: jdbc:postgresql://localhost:32836/cerif?loggerLevel=OFF)
2026-08-17 16:14:23 [main] INFO  com.zaxxer.hikari.HikariDataSource - metadata_catalogue - Starting...
2026-08-17 16:14:23 [main] INFO  com.zaxxer.hikari.pool.HikariPool - metadata_catalogue - Added connection org.postgresql.jdbc.PgConnection@65a5a206
2026-08-17 16:14:23 [main] INFO  com.zaxxer.hikari.HikariDataSource - metadata_catalogue - Start completed.
2026-08-17 16:14:23 [main] INFO  com.zaxxer.hikari.HikariDataSource - metadata_catalogue - Shutdown initiated...
2026-08-17 16:14:23 [main] INFO  com.zaxxer.hikari.HikariDataSource - metadata_catalogue - Shutdown completed.
2026-08-17 16:14:24 [main] INFO  t.g.io/epos-eric/metadata-database/deploy:main - Creating container for image: ghcr.io/epos-eric/metadata-database/deploy:main
2026-08-17 16:14:24 [main] INFO  t.g.io/epos-eric/metadata-database/deploy:main - Container ghcr.io/epos-eric/metadata-database/deploy:main is starting: 33b1684255c7387fa8c70098cf14aa95651b166f8d6e6b2d835f6f23facaf115
2026-08-17 16:14:27 [main] INFO  t.g.io/epos-eric/metadata-database/deploy:main - Container ghcr.io/epos-eric/metadata-database/deploy:main started in PT3.813116952S
2026-08-17 16:14:27 [main] INFO  t.g.io/epos-eric/metadata-database/deploy:main - Container is started (JDBC URL: jdbc:postgresql://localhost:32837/cerif?loggerLevel=OFF)
2026-08-17 16:14:27 [main] INFO  com.zaxxer.hikari.HikariDataSource - metadata_catalogue - Starting...
2026-08-17 16:14:27 [main] INFO  com.zaxxer.hikari.pool.HikariPool - metadata_catalogue - Added connection org.postgresql.jdbc.PgConnection@185e0148
2026-08-17 16:14:27 [main] INFO  com.zaxxer.hikari.HikariDataSource - metadata_catalogue - Start completed.
2026-08-17 16:14:28 [main] INFO  com.zaxxer.hikari.HikariDataSource - metadata_catalogue - Shutdown initiated...
2026-08-17 16:14:28 [main] INFO  com.zaxxer.hikari.HikariDataSource - metadata_catalogue - Shutdown completed.
2026-08-17 16:14:28 [main] INFO  t.g.io/epos-eric/metadata-database/deploy:main - Creating container for image: ghcr.io/epos-eric/metadata-database/deploy:main
2026-08-17 16:14:28 [main] INFO  t.g.io/epos-eric/metadata-database/deploy:main - Container ghcr.io/epos-eric/metadata-database/deploy:main is starting: 8fb4b5e86773271011391609f2d62e03bc703351d2ab807571999e4f5c8f0d0b
2026-08-17 16:14:32 [main] INFO  t.g.io/epos-eric/metadata-database/deploy:main - Container ghcr.io/epos-eric/metadata-database/deploy:main started in PT4.412425231S
2026-08-17 16:14:32 [main] INFO  t.g.io/epos-eric/metadata-database/deploy:main - Container is started (JDBC URL: jdbc:postgresql://localhost:32838/cerif?loggerLevel=OFF)
2026-08-17 16:14:32 [main] INFO  com.zaxxer.hikari.HikariDataSource - metadata_catalogue - Starting...
2026-08-17 16:14:32 [main] INFO  com.zaxxer.hikari.pool.HikariPool - metadata_catalogue - Added connection org.postgresql.jdbc.PgConnection@6c950810
2026-08-17 16:14:32 [main] INFO  com.zaxxer.hikari.HikariDataSource - metadata_catalogue - Start completed.
2026-08-17 16:14:33 [main] INFO  com.zaxxer.hikari.HikariDataSource - metadata_catalogue - Shutdown initiated...
2026-08-17 16:14:33 [main] INFO  com.zaxxer.hikari.HikariDataSource - metadata_catalogue - Shutdown completed.
2026-08-17 16:14:33 [main] INFO  t.g.io/epos-eric/metadata-database/deploy:main - Creating container for image: ghcr.io/epos-eric/metadata-database/deploy:main
2026-08-17 16:14:33 [main] INFO  t.g.io/epos-eric/metadata-database/deploy:main - Container ghcr.io/epos-eric/metadata-database/deploy:main is starting: 700260474a3adc805514d0c4c2d115f04b91e4646e385844ae2485477661f1a0
2026-08-17 16:14:37 [main] INFO  t.g.io/epos-eric/metadata-database/deploy:main - Container ghcr.io/epos-eric/metadata-database/deploy:main started in PT3.964429863S
2026-08-17 16:14:37 [main] INFO  t.g.io/epos-eric/metadata-database/deploy:main - Container is started (JDBC URL: jdbc:postgresql://localhost:32839/cerif?loggerLevel=OFF)
2026-08-17 16:14:37 [main] INFO  com.zaxxer.hikari.HikariDataSource - metadata_catalogue - Starting...
2026-08-17 16:14:37 [main] INFO  com.zaxxer.hikari.pool.HikariPool - metadata_catalogue - Added connection org.postgresql.jdbc.PgConnection@734ec249
2026-08-17 16:14:37 [main] INFO  com.zaxxer.hikari.HikariDataSource - metadata_catalogue - Start completed.
2026-08-17 16:14:37 [main] INFO  com.zaxxer.hikari.HikariDataSource - metadata_catalogue - Shutdown initiated...
2026-08-17 16:14:38 [main] INFO  com.zaxxer.hikari.HikariDataSource - metadata_catalogue - Shutdown completed.
2026-08-17 16:14:38 [main] INFO  t.g.io/epos-eric/metadata-database/deploy:main - Creating container for image: ghcr.io/epos-eric/metadata-database/deploy:main
2026-08-17 16:14:38 [main] INFO  t.g.io/epos-eric/metadata-database/deploy:main - Container ghcr.io/epos-eric/metadata-database/deploy:main is starting: aa1f2d9f90d737ab4db8adacea8a957789587c2ec42e8cb45423c1e6b2b098da
2026-08-17 16:14:42 [main] INFO  t.g.io/epos-eric/metadata-database/deploy:main - Container ghcr.io/epos-eric/metadata-database/deploy:main started in PT4.146380927S
2026-08-17 16:14:42 [main] INFO  t.g.io/epos-eric/metadata-database/deploy:main - Container is started (JDBC URL: jdbc:postgresql://localhost:32840/cerif?loggerLevel=OFF)
2026-08-17 16:14:42 [main] INFO  com.zaxxer.hikari.HikariDataSource - metadata_catalogue - Starting...
2026-08-17 16:14:42 [main] INFO  com.zaxxer.hikari.pool.HikariPool - metadata_catalogue - Added connection org.postgresql.jdbc.PgConnection@3f4c340b
2026-08-17 16:14:42 [main] INFO  com.zaxxer.hikari.HikariDataSource - metadata_catalogue - Start completed.
2026-08-17 16:14:42 [main] INFO  com.zaxxer.hikari.HikariDataSource - metadata_catalogue - Shutdown initiated...
2026-08-17 16:14:42 [main] INFO  com.zaxxer.hikari.HikariDataSource - metadata_catalogue - Shutdown completed.
2026-08-17 16:14:42 [main] INFO  t.g.io/epos-eric/metadata-database/deploy:main - Creating container for image: ghcr.io/epos-eric/metadata-database/deploy:main
2026-08-17 16:14:43 [main] INFO  t.g.io/epos-eric/metadata-database/deploy:main - Container ghcr.io/epos-eric/metadata-database/deploy:main is starting: 694e64a9998065c97408bd68537abb4bf90ea0015a45d75c353b12d94d3161b2
2026-08-17 16:14:46 [main] INFO  t.g.io/epos-eric/metadata-database/deploy:main - Container ghcr.io/epos-eric/metadata-database/deploy:main started in PT3.750376259S
2026-08-17 16:14:46 [main] INFO  t.g.io/epos-eric/metadata-database/deploy:main - Container is started (JDBC URL: jdbc:postgresql://localhost:32841/cerif?loggerLevel=OFF)
2026-08-17 16:14:46 [main] INFO  com.zaxxer.hikari.HikariDataSource - metadata_catalogue - Starting...
2026-08-17 16:14:46 [main] INFO  com.zaxxer.hikari.pool.HikariPool - metadata_catalogue - Added connection org.postgresql.jdbc.PgConnection@6b023b87
2026-08-17 16:14:46 [main] INFO  com.zaxxer.hikari.HikariDataSource - metadata_catalogue - Start completed.
2026-08-17 16:14:47 [main] INFO  com.zaxxer.hikari.HikariDataSource - metadata_catalogue - Shutdown initiated...
2026-08-17 16:14:47 [main] INFO  com.zaxxer.hikari.HikariDataSource - metadata_catalogue - Shutdown completed.
2026-08-17 16:14:47 [main] INFO  t.g.io/epos-eric/metadata-database/deploy:main - Creating container for image: ghcr.io/epos-eric/metadata-database/deploy:main
2026-08-17 16:14:47 [main] INFO  t.g.io/epos-eric/metadata-database/deploy:main - Container ghcr.io/epos-eric/metadata-database/deploy:main is starting: 2318b2b7b87a3a3a43f9e449bee5adfd9201244151d2749590c309ef4e3a07d1
2026-08-17 16:14:51 [main] INFO  t.g.io/epos-eric/metadata-database/deploy:main - Container ghcr.io/epos-eric/metadata-database/deploy:main started in PT4.108027431S
2026-08-17 16:14:51 [main] INFO  t.g.io/epos-eric/metadata-database/deploy:main - Container is started (JDBC URL: jdbc:postgresql://localhost:32842/cerif?loggerLevel=OFF)
2026-08-17 16:14:51 [main] INFO  com.zaxxer.hikari.HikariDataSource - metadata_catalogue - Starting...
2026-08-17 16:14:51 [main] INFO  com.zaxxer.hikari.pool.HikariPool - metadata_catalogue - Added connection org.postgresql.jdbc.PgConnection@4ddef8cb
2026-08-17 16:14:51 [main] INFO  com.zaxxer.hikari.HikariDataSource - metadata_catalogue - Start completed.
2026-08-17 16:14:51 [main] INFO  com.zaxxer.hikari.HikariDataSource - metadata_catalogue - Shutdown initiated...
2026-08-17 16:14:51 [main] INFO  com.zaxxer.hikari.HikariDataSource - metadata_catalogue - Shutdown completed.
2026-08-17 16:14:51 [main] INFO  t.g.io/epos-eric/metadata-database/deploy:main - Creating container for image: ghcr.io/epos-eric/metadata-database/deploy:main
2026-08-17 16:14:52 [main] INFO  t.g.io/epos-eric/metadata-database/deploy:main - Container ghcr.io/epos-eric/metadata-database/deploy:main is starting: 698a96c96d9cb073487b726fb83d988f57c72d3a75de9af96bed6212e5dc7b23
2026-08-17 16:14:55 [main] INFO  t.g.io/epos-eric/metadata-database/deploy:main - Container ghcr.io/epos-eric/metadata-database/deploy:main started in PT3.81325308S
2026-08-17 16:14:55 [main] INFO  t.g.io/epos-eric/metadata-database/deploy:main - Container is started (JDBC URL: jdbc:postgresql://localhost:32843/cerif?loggerLevel=OFF)
2026-08-17 16:14:55 [main] INFO  com.zaxxer.hikari.HikariDataSource - metadata_catalogue - Starting...
2026-08-17 16:14:55 [main] INFO  com.zaxxer.hikari.pool.HikariPool - metadata_catalogue - Added connection org.postgresql.jdbc.PgConnection@7f6c6fe3
2026-08-17 16:14:55 [main] INFO  com.zaxxer.hikari.HikariDataSource - metadata_catalogue - Start completed.
2026-08-17 16:14:56 [main] INFO  com.zaxxer.hikari.HikariDataSource - metadata_catalogue - Shutdown initiated...
2026-08-17 16:14:56 [main] INFO  com.zaxxer.hikari.HikariDataSource - metadata_catalogue - Shutdown completed.
2026-08-17 16:14:56 [main] INFO  t.g.io/epos-eric/metadata-database/deploy:main - Creating container for image: ghcr.io/epos-eric/metadata-database/deploy:main
2026-08-17 16:14:56 [main] INFO  t.g.io/epos-eric/metadata-database/deploy:main - Container ghcr.io/epos-eric/metadata-database/deploy:main is starting: 3e4813c3a9d1619a0578902223fa8393fd7c7bee10e92d099540e76f8fb64077
2026-08-17 16:15:00 [main] INFO  t.g.io/epos-eric/metadata-database/deploy:main - Container ghcr.io/epos-eric/metadata-database/deploy:main started in PT4.33821515S
2026-08-17 16:15:00 [main] INFO  t.g.io/epos-eric/metadata-database/deploy:main - Container is started (JDBC URL: jdbc:postgresql://localhost:32844/cerif?loggerLevel=OFF)
2026-08-17 16:15:00 [main] INFO  com.zaxxer.hikari.HikariDataSource - metadata_catalogue - Starting...
2026-08-17 16:15:00 [main] INFO  com.zaxxer.hikari.pool.HikariPool - metadata_catalogue - Added connection org.postgresql.jdbc.PgConnection@4efb8704
2026-08-17 16:15:00 [main] INFO  com.zaxxer.hikari.HikariDataSource - metadata_catalogue - Start completed.
2026-08-17 16:15:01 [main] INFO  com.zaxxer.hikari.HikariDataSource - metadata_catalogue - Shutdown initiated...
2026-08-17 16:15:01 [main] INFO  com.zaxxer.hikari.HikariDataSource - metadata_catalogue - Shutdown completed.
2026-08-17 16:15:01 [main] INFO  t.g.io/epos-eric/metadata-database/deploy:main - Creating container for image: ghcr.io/epos-eric/metadata-database/deploy:main
2026-08-17 16:15:01 [main] INFO  t.g.io/epos-eric/metadata-database/deploy:main - Container ghcr.io/epos-eric/metadata-database/deploy:main is starting: 3119d4390b6823a0a66cdd42a7a64cae88324fd8f4de94a98e8a3bb7ab8135e4
2026-08-17 16:15:06 [main] INFO  t.g.io/epos-eric/metadata-database/deploy:main - Container ghcr.io/epos-eric/metadata-database/deploy:main started in PT4.494468344S
2026-08-17 16:15:06 [main] INFO  t.g.io/epos-eric/metadata-database/deploy:main - Container is started (JDBC URL: jdbc:postgresql://localhost:32845/cerif?loggerLevel=OFF)
2026-08-17 16:15:06 [main] INFO  com.zaxxer.hikari.HikariDataSource - metadata_catalogue - Starting...
2026-08-17 16:15:06 [main] INFO  com.zaxxer.hikari.pool.HikariPool - metadata_catalogue - Added connection org.postgresql.jdbc.PgConnection@682e944e
2026-08-17 16:15:06 [main] INFO  com.zaxxer.hikari.HikariDataSource - metadata_catalogue - Start completed.
2026-08-17 16:15:06 [main] INFO  com.zaxxer.hikari.HikariDataSource - metadata_catalogue - Shutdown initiated...
2026-08-17 16:15:06 [main] INFO  com.zaxxer.hikari.HikariDataSource - metadata_catalogue - Shutdown completed.
2026-08-17 16:15:06 [main] INFO  t.g.io/epos-eric/metadata-database/deploy:main - Creating container for image: ghcr.io/epos-eric/metadata-database/deploy:main
2026-08-17 16:15:06 [main] INFO  t.g.io/epos-eric/metadata-database/deploy:main - Container ghcr.io/epos-eric/metadata-database/deploy:main is starting: 68321c8c9c2373288e0d365392337db402d13dcb9a4d358405155bf2845d8358
2026-08-17 16:15:10 [main] INFO  t.g.io/epos-eric/metadata-database/deploy:main - Container ghcr.io/epos-eric/metadata-database/deploy:main started in PT4.03226289S
2026-08-17 16:15:10 [main] INFO  t.g.io/epos-eric/metadata-database/deploy:main - Container is started (JDBC URL: jdbc:postgresql://localhost:32846/cerif?loggerLevel=OFF)
2026-08-17 16:15:10 [main] INFO  com.zaxxer.hikari.HikariDataSource - metadata_catalogue - Starting...
2026-08-17 16:15:10 [main] INFO  com.zaxxer.hikari.pool.HikariPool - metadata_catalogue - Added connection org.postgresql.jdbc.PgConnection@5ffb9666
2026-08-17 16:15:10 [main] INFO  com.zaxxer.hikari.HikariDataSource - metadata_catalogue - Start completed.
2026-08-17 16:15:11 [main] INFO  com.zaxxer.hikari.HikariDataSource - metadata_catalogue - Shutdown initiated...
2026-08-17 16:15:11 [main] INFO  com.zaxxer.hikari.HikariDataSource - metadata_catalogue - Shutdown completed.
2026-08-17 16:15:11 [main] INFO  t.g.io/epos-eric/metadata-database/deploy:main - Creating container for image: ghcr.io/epos-eric/metadata-database/deploy:main
2026-08-17 16:15:11 [main] INFO  t.g.io/epos-eric/metadata-database/deploy:main - Container ghcr.io/epos-eric/metadata-database/deploy:main is starting: 8ff61d43a28d23a3814f7031d3d1e038e9602f0d4afa7dd0b1ceba615a8acf64
2026-08-17 16:15:15 [main] INFO  t.g.io/epos-eric/metadata-database/deploy:main - Container ghcr.io/epos-eric/metadata-database/deploy:main started in PT3.781863445S
2026-08-17 16:15:15 [main] INFO  t.g.io/epos-eric/metadata-database/deploy:main - Container is started (JDBC URL: jdbc:postgresql://localhost:32847/cerif?loggerLevel=OFF)
2026-08-17 16:15:15 [main] INFO  com.zaxxer.hikari.HikariDataSource - metadata_catalogue - Starting...
2026-08-17 16:15:15 [main] INFO  com.zaxxer.hikari.pool.HikariPool - metadata_catalogue - Added connection org.postgresql.jdbc.PgConnection@7513ff3f
2026-08-17 16:15:15 [main] INFO  com.zaxxer.hikari.HikariDataSource - metadata_catalogue - Start completed.
2026-08-17 16:15:15 [main] INFO  com.zaxxer.hikari.HikariDataSource - metadata_catalogue - Shutdown initiated...
2026-08-17 16:15:15 [main] INFO  com.zaxxer.hikari.HikariDataSource - metadata_catalogue - Shutdown completed.
2026-08-17 16:15:15 [main] INFO  t.g.io/epos-eric/metadata-database/deploy:main - Creating container for image: ghcr.io/epos-eric/metadata-database/deploy:main
2026-08-17 16:15:15 [main] INFO  t.g.io/epos-eric/metadata-database/deploy:main - Container ghcr.io/epos-eric/metadata-database/deploy:main is starting: 47265c99b23738cfa9a658312a8edbb0be6b3d7b6ce31dfed8cd6557617124e8
2026-08-17 16:15:19 [main] INFO  t.g.io/epos-eric/metadata-database/deploy:main - Container ghcr.io/epos-eric/metadata-database/deploy:main started in PT4.250221776S
2026-08-17 16:15:19 [main] INFO  t.g.io/epos-eric/metadata-database/deploy:main - Container is started (JDBC URL: jdbc:postgresql://localhost:32848/cerif?loggerLevel=OFF)
2026-08-17 16:15:19 [main] INFO  com.zaxxer.hikari.HikariDataSource - metadata_catalogue - Starting...
2026-08-17 16:15:19 [main] INFO  com.zaxxer.hikari.pool.HikariPool - metadata_catalogue - Added connection org.postgresql.jdbc.PgConnection@4c37c370
2026-08-17 16:15:19 [main] INFO  com.zaxxer.hikari.HikariDataSource - metadata_catalogue - Start completed.
2026-08-17 16:15:20 [main] INFO  com.zaxxer.hikari.HikariDataSource - metadata_catalogue - Shutdown initiated...
2026-08-17 16:15:20 [main] INFO  com.zaxxer.hikari.HikariDataSource - metadata_catalogue - Shutdown completed.
2026-08-17 16:15:20 [main] INFO  t.g.io/epos-eric/metadata-database/deploy:main - Creating container for image: ghcr.io/epos-eric/metadata-database/deploy:main
2026-08-17 16:15:20 [main] INFO  t.g.io/epos-eric/metadata-database/deploy:main - Container ghcr.io/epos-eric/metadata-database/deploy:main is starting: d45a405ab8280d5f5029863f019c37d250a42709b0fb9be831ebb976f3d2c8b4
2026-08-17 16:15:24 [main] INFO  t.g.io/epos-eric/metadata-database/deploy:main - Container ghcr.io/epos-eric/metadata-database/deploy:main started in PT4.045682755S
2026-08-17 16:15:24 [main] INFO  t.g.io/epos-eric/metadata-database/deploy:main - Container is started (JDBC URL: jdbc:postgresql://localhost:32849/cerif?loggerLevel=OFF)
2026-08-17 16:15:24 [main] INFO  com.zaxxer.hikari.HikariDataSource - metadata_catalogue - Starting...
2026-08-17 16:15:24 [main] INFO  com.zaxxer.hikari.pool.HikariPool - metadata_catalogue - Added connection org.postgresql.jdbc.PgConnection@6f883a67
2026-08-17 16:15:24 [main] INFO  com.zaxxer.hikari.HikariDataSource - metadata_catalogue - Start completed.
2026-08-17 16:15:27 [main] INFO  com.zaxxer.hikari.HikariDataSource - metadata_catalogue - Shutdown initiated...
2026-08-17 16:15:27 [main] INFO  com.zaxxer.hikari.HikariDataSource - metadata_catalogue - Shutdown completed.
2026-08-17 16:15:27 [main] INFO  t.g.io/epos-eric/metadata-database/deploy:main - Creating container for image: ghcr.io/epos-eric/metadata-database/deploy:main
2026-08-17 16:15:27 [main] INFO  t.g.io/epos-eric/metadata-database/deploy:main - Container ghcr.io/epos-eric/metadata-database/deploy:main is starting: 04a45aab073b719024dd14712903dc848b0473d3cecc8e184f147fc8cade47d6
2026-08-17 16:15:31 [main] INFO  t.g.io/epos-eric/metadata-database/deploy:main - Container ghcr.io/epos-eric/metadata-database/deploy:main started in PT4.532160174S
2026-08-17 16:15:31 [main] INFO  t.g.io/epos-eric/metadata-database/deploy:main - Container is started (JDBC URL: jdbc:postgresql://localhost:32850/cerif?loggerLevel=OFF)
2026-08-17 16:15:31 [main] INFO  com.zaxxer.hikari.HikariDataSource - metadata_catalogue - Starting...
2026-08-17 16:15:31 [main] INFO  com.zaxxer.hikari.pool.HikariPool - metadata_catalogue - Added connection org.postgresql.jdbc.PgConnection@59388cb4
2026-08-17 16:15:31 [main] INFO  com.zaxxer.hikari.HikariDataSource - metadata_catalogue - Start completed.
2026-08-17 16:15:32 [main] INFO  com.zaxxer.hikari.HikariDataSource - metadata_catalogue - Shutdown initiated...
2026-08-17 16:15:32 [main] INFO  com.zaxxer.hikari.HikariDataSource - metadata_catalogue - Shutdown completed.
2026-08-17 16:15:32 [main] INFO  t.g.io/epos-eric/metadata-database/deploy:main - Creating container for image: ghcr.io/epos-eric/metadata-database/deploy:main
2026-08-17 16:15:32 [main] INFO  t.g.io/epos-eric/metadata-database/deploy:main - Container ghcr.io/epos-eric/metadata-database/deploy:main is starting: 0be8941b7d95b221e7df3f9b8388a60c1086ded6aac074c4a83a6be6d4637dfa
2026-08-17 16:15:36 [main] INFO  t.g.io/epos-eric/metadata-database/deploy:main - Container ghcr.io/epos-eric/metadata-database/deploy:main started in PT4.015940478S
2026-08-17 16:15:36 [main] INFO  t.g.io/epos-eric/metadata-database/deploy:main - Container is started (JDBC URL: jdbc:postgresql://localhost:32851/cerif?loggerLevel=OFF)
2026-08-17 16:15:36 [main] INFO  com.zaxxer.hikari.HikariDataSource - metadata_catalogue - Starting...
2026-08-17 16:15:36 [main] INFO  com.zaxxer.hikari.pool.HikariPool - metadata_catalogue - Added connection org.postgresql.jdbc.PgConnection@21e24efc
2026-08-17 16:15:36 [main] INFO  com.zaxxer.hikari.HikariDataSource - metadata_catalogue - Start completed.
2026-08-17 16:15:36 [main] INFO  com.zaxxer.hikari.HikariDataSource - metadata_catalogue - Shutdown initiated...
2026-08-17 16:15:36 [main] INFO  com.zaxxer.hikari.HikariDataSource - metadata_catalogue - Shutdown completed.
2026-08-17 16:15:37 [main] INFO  t.g.io/epos-eric/metadata-database/deploy:main - Creating container for image: ghcr.io/epos-eric/metadata-database/deploy:main
2026-08-17 16:15:37 [main] INFO  t.g.io/epos-eric/metadata-database/deploy:main - Container ghcr.io/epos-eric/metadata-database/deploy:main is starting: 82e3053b5f82a3ac0f3a71dd756dffd42d32a775069a0bab46652adbb7e42897
2026-08-17 16:15:41 [main] INFO  t.g.io/epos-eric/metadata-database/deploy:main - Container ghcr.io/epos-eric/metadata-database/deploy:main started in PT4.376096236S
2026-08-17 16:15:41 [main] INFO  t.g.io/epos-eric/metadata-database/deploy:main - Container is started (JDBC URL: jdbc:postgresql://localhost:32852/cerif?loggerLevel=OFF)
2026-08-17 16:15:41 [main] INFO  com.zaxxer.hikari.HikariDataSource - metadata_catalogue - Starting...
2026-08-17 16:15:41 [main] INFO  com.zaxxer.hikari.pool.HikariPool - metadata_catalogue - Added connection org.postgresql.jdbc.PgConnection@6a720fcf
2026-08-17 16:15:41 [main] INFO  com.zaxxer.hikari.HikariDataSource - metadata_catalogue - Start completed.
2026-08-17 16:15:41 [main] INFO  com.zaxxer.hikari.HikariDataSource - metadata_catalogue - Shutdown initiated...
2026-08-17 16:15:41 [main] INFO  com.zaxxer.hikari.HikariDataSource - metadata_catalogue - Shutdown completed.
2026-08-17 16:15:41 [main] INFO  t.g.io/epos-eric/metadata-database/deploy:main - Creating container for image: ghcr.io/epos-eric/metadata-database/deploy:main
2026-08-17 16:15:42 [main] INFO  t.g.io/epos-eric/metadata-database/deploy:main - Container ghcr.io/epos-eric/metadata-database/deploy:main is starting: 3568af8c63528ba68e69dbab61828ec00844d972e3a1a78163d3b1fb3e4f0208
2026-08-17 16:15:46 [main] INFO  t.g.io/epos-eric/metadata-database/deploy:main - Container ghcr.io/epos-eric/metadata-database/deploy:main started in PT4.434442912S
2026-08-17 16:15:46 [main] INFO  t.g.io/epos-eric/metadata-database/deploy:main - Container is started (JDBC URL: jdbc:postgresql://localhost:32853/cerif?loggerLevel=OFF)
2026-08-17 16:15:46 [main] INFO  com.zaxxer.hikari.HikariDataSource - metadata_catalogue - Starting...
2026-08-17 16:15:46 [main] INFO  com.zaxxer.hikari.pool.HikariPool - metadata_catalogue - Added connection org.postgresql.jdbc.PgConnection@1da44fcd
2026-08-17 16:15:46 [main] INFO  com.zaxxer.hikari.HikariDataSource - metadata_catalogue - Start completed.
2026-08-17 16:15:46 [main] INFO  com.zaxxer.hikari.HikariDataSource - metadata_catalogue - Shutdown initiated...
2026-08-17 16:15:46 [main] INFO  com.zaxxer.hikari.HikariDataSource - metadata_catalogue - Shutdown completed.
2026-08-17 16:15:47 [main] INFO  t.g.io/epos-eric/metadata-database/deploy:main - Creating container for image: ghcr.io/epos-eric/metadata-database/deploy:main
2026-08-17 16:15:47 [main] INFO  t.g.io/epos-eric/metadata-database/deploy:main - Container ghcr.io/epos-eric/metadata-database/deploy:main is starting: 88c9080b754d2a555ed5a1ced3e2a00c4e3b5e5cc9f1b8ada6299372724a8bdf
2026-08-17 16:15:51 [main] INFO  t.g.io/epos-eric/metadata-database/deploy:main - Container ghcr.io/epos-eric/metadata-database/deploy:main started in PT4.018350492S
2026-08-17 16:15:51 [main] INFO  t.g.io/epos-eric/metadata-database/deploy:main - Container is started (JDBC URL: jdbc:postgresql://localhost:32854/cerif?loggerLevel=OFF)
2026-08-17 16:15:51 [main] INFO  com.zaxxer.hikari.HikariDataSource - metadata_catalogue - Starting...
2026-08-17 16:15:51 [main] INFO  com.zaxxer.hikari.pool.HikariPool - metadata_catalogue - Added connection org.postgresql.jdbc.PgConnection@5b09e4b
2026-08-17 16:15:51 [main] INFO  com.zaxxer.hikari.HikariDataSource - metadata_catalogue - Start completed.
2026-08-17 16:15:51 [main] INFO  com.zaxxer.hikari.HikariDataSource - metadata_catalogue - Shutdown initiated...
2026-08-17 16:15:51 [main] INFO  com.zaxxer.hikari.HikariDataSource - metadata_catalogue - Shutdown completed.
2026-08-17 16:15:51 [main] INFO  t.g.io/epos-eric/metadata-database/deploy:main - Creating container for image: ghcr.io/epos-eric/metadata-database/deploy:main
2026-08-17 16:15:51 [main] INFO  t.g.io/epos-eric/metadata-database/deploy:main - Container ghcr.io/epos-eric/metadata-database/deploy:main is starting: 41b5ea83924fd3e642d4679624c531751c319c903b7bdfbc07e83744e92131d4
2026-08-17 16:15:55 [main] INFO  t.g.io/epos-eric/metadata-database/deploy:main - Container ghcr.io/epos-eric/metadata-database/deploy:main started in PT4.401315784S
2026-08-17 16:15:55 [main] INFO  t.g.io/epos-eric/metadata-database/deploy:main - Container is started (JDBC URL: jdbc:postgresql://localhost:32855/cerif?loggerLevel=OFF)
2026-08-17 16:15:55 [main] INFO  com.zaxxer.hikari.HikariDataSource - metadata_catalogue - Starting...
2026-08-17 16:15:55 [main] INFO  com.zaxxer.hikari.pool.HikariPool - metadata_catalogue - Added connection org.postgresql.jdbc.PgConnection@4a2b93c9
2026-08-17 16:15:55 [main] INFO  com.zaxxer.hikari.HikariDataSource - metadata_catalogue - Start completed.
2026-08-17 16:15:56 [main] INFO  com.zaxxer.hikari.HikariDataSource - metadata_catalogue - Shutdown initiated...
2026-08-17 16:15:56 [main] INFO  com.zaxxer.hikari.HikariDataSource - metadata_catalogue - Shutdown completed.
2026-08-17 16:15:56 [main] INFO  t.g.io/epos-eric/metadata-database/deploy:main - Creating container for image: ghcr.io/epos-eric/metadata-database/deploy:main
2026-08-17 16:15:56 [main] INFO  t.g.io/epos-eric/metadata-database/deploy:main - Container ghcr.io/epos-eric/metadata-database/deploy:main is starting: 494a666ab5eebfbcc4f151b9a633bb521cc206f9d7383c411aa575c3fede48e4
2026-08-17 16:16:00 [main] INFO  t.g.io/epos-eric/metadata-database/deploy:main - Container ghcr.io/epos-eric/metadata-database/deploy:main started in PT3.737869013S
2026-08-17 16:16:00 [main] INFO  t.g.io/epos-eric/metadata-database/deploy:main - Container is started (JDBC URL: jdbc:postgresql://localhost:32856/cerif?loggerLevel=OFF)
2026-08-17 16:16:00 [main] INFO  com.zaxxer.hikari.HikariDataSource - metadata_catalogue - Starting...
2026-08-17 16:16:00 [main] INFO  com.zaxxer.hikari.pool.HikariPool - metadata_catalogue - Added connection org.postgresql.jdbc.PgConnection@f390329
2026-08-17 16:16:00 [main] INFO  com.zaxxer.hikari.HikariDataSource - metadata_catalogue - Start completed.
2026-08-17 16:16:00 [main] INFO  com.zaxxer.hikari.HikariDataSource - metadata_catalogue - Shutdown initiated...
2026-08-17 16:16:00 [main] INFO  com.zaxxer.hikari.HikariDataSource - metadata_catalogue - Shutdown completed.
2026-08-17 16:16:00 [main] INFO  t.g.io/epos-eric/metadata-database/deploy:main - Creating container for image: ghcr.io/epos-eric/metadata-database/deploy:main
2026-08-17 16:16:01 [main] INFO  t.g.io/epos-eric/metadata-database/deploy:main - Container ghcr.io/epos-eric/metadata-database/deploy:main is starting: 07cf973c4e201ed1b003420ce9a8ba6e84d479025d229499d0dc1c0ac4defee0
2026-08-17 16:16:04 [main] INFO  t.g.io/epos-eric/metadata-database/deploy:main - Container ghcr.io/epos-eric/metadata-database/deploy:main started in PT3.861004154S
2026-08-17 16:16:04 [main] INFO  t.g.io/epos-eric/metadata-database/deploy:main - Container is started (JDBC URL: jdbc:postgresql://localhost:32857/cerif?loggerLevel=OFF)
2026-08-17 16:16:04 [main] INFO  com.zaxxer.hikari.HikariDataSource - metadata_catalogue - Starting...
2026-08-17 16:16:04 [main] INFO  com.zaxxer.hikari.pool.HikariPool - metadata_catalogue - Added connection org.postgresql.jdbc.PgConnection@5104e5de
2026-08-17 16:16:04 [main] INFO  com.zaxxer.hikari.HikariDataSource - metadata_catalogue - Start completed.
2026-08-17 16:16:05 [main] INFO  com.zaxxer.hikari.HikariDataSource - metadata_catalogue - Shutdown initiated...
2026-08-17 16:16:05 [main] INFO  com.zaxxer.hikari.HikariDataSource - metadata_catalogue - Shutdown completed.
2026-08-17 16:16:05 [main] INFO  t.g.io/epos-eric/metadata-database/deploy:main - Creating container for image: ghcr.io/epos-eric/metadata-database/deploy:main
2026-08-17 16:16:05 [main] INFO  t.g.io/epos-eric/metadata-database/deploy:main - Container ghcr.io/epos-eric/metadata-database/deploy:main is starting: a4bb6996d7fa7eb92667beec0ad2b021fc7adc1e1d4273a59f159eef866fd584
2026-08-17 16:16:09 [main] INFO  t.g.io/epos-eric/metadata-database/deploy:main - Container ghcr.io/epos-eric/metadata-database/deploy:main started in PT4.192382685S
2026-08-17 16:16:09 [main] INFO  t.g.io/epos-eric/metadata-database/deploy:main - Container is started (JDBC URL: jdbc:postgresql://localhost:32858/cerif?loggerLevel=OFF)
2026-08-17 16:16:09 [main] INFO  com.zaxxer.hikari.HikariDataSource - metadata_catalogue - Starting...
2026-08-17 16:16:09 [main] INFO  com.zaxxer.hikari.pool.HikariPool - metadata_catalogue - Added connection org.postgresql.jdbc.PgConnection@36f215dd
2026-08-17 16:16:09 [main] INFO  com.zaxxer.hikari.HikariDataSource - metadata_catalogue - Start completed.
2026-08-17 16:16:20 [main] INFO  com.zaxxer.hikari.HikariDataSource - metadata_catalogue - Shutdown initiated...
2026-08-17 16:16:20 [main] INFO  com.zaxxer.hikari.HikariDataSource - metadata_catalogue - Shutdown completed.
2026-08-17 16:16:21 [main] INFO  t.g.io/epos-eric/metadata-database/deploy:main - Creating container for image: ghcr.io/epos-eric/metadata-database/deploy:main
2026-08-17 16:16:21 [main] INFO  t.g.io/epos-eric/metadata-database/deploy:main - Container ghcr.io/epos-eric/metadata-database/deploy:main is starting: 91fdf2791dc52ab9c4f30cf2e3d82b3105abb4a6dcadc8f8aeda24ab1651354b
2026-08-17 16:16:25 [main] INFO  t.g.io/epos-eric/metadata-database/deploy:main - Container ghcr.io/epos-eric/metadata-database/deploy:main started in PT4.033024354S
2026-08-17 16:16:25 [main] INFO  t.g.io/epos-eric/metadata-database/deploy:main - Container is started (JDBC URL: jdbc:postgresql://localhost:32859/cerif?loggerLevel=OFF)
2026-08-17 16:16:25 [main] INFO  com.zaxxer.hikari.HikariDataSource - metadata_catalogue - Starting...
2026-08-17 16:16:25 [main] INFO  com.zaxxer.hikari.pool.HikariPool - metadata_catalogue - Added connection org.postgresql.jdbc.PgConnection@61c2b5ea
2026-08-17 16:16:25 [main] INFO  com.zaxxer.hikari.HikariDataSource - metadata_catalogue - Start completed.
2026-08-17 16:16:25 [main] INFO  com.zaxxer.hikari.HikariDataSource - metadata_catalogue - Shutdown initiated...
2026-08-17 16:16:25 [main] INFO  com.zaxxer.hikari.HikariDataSource - metadata_catalogue - Shutdown completed.
2026-08-17 16:16:25 [main] INFO  t.g.io/epos-eric/metadata-database/deploy:main - Creating container for image: ghcr.io/epos-eric/metadata-database/deploy:main
2026-08-17 16:16:26 [main] INFO  t.g.io/epos-eric/metadata-database/deploy:main - Container ghcr.io/epos-eric/metadata-database/deploy:main is starting: 6c598333cab5cb5e126bc2c3bdfb582289968901bb010da951b92e8d29b23724
2026-08-17 16:16:30 [main] INFO  t.g.io/epos-eric/metadata-database/deploy:main - Container ghcr.io/epos-eric/metadata-database/deploy:main started in PT4.635632201S
2026-08-17 16:16:30 [main] INFO  t.g.io/epos-eric/metadata-database/deploy:main - Container is started (JDBC URL: jdbc:postgresql://localhost:32860/cerif?loggerLevel=OFF)
2026-08-17 16:16:30 [main] INFO  com.zaxxer.hikari.HikariDataSource - metadata_catalogue - Starting...
2026-08-17 16:16:30 [main] INFO  com.zaxxer.hikari.pool.HikariPool - metadata_catalogue - Added connection org.postgresql.jdbc.PgConnection@b14db55
2026-08-17 16:16:30 [main] INFO  com.zaxxer.hikari.HikariDataSource - metadata_catalogue - Start completed.
2026-08-17 16:16:30 [main] INFO  com.zaxxer.hikari.HikariDataSource - metadata_catalogue - Shutdown initiated...
2026-08-17 16:16:30 [main] INFO  com.zaxxer.hikari.HikariDataSource - metadata_catalogue - Shutdown completed.
2026-08-17 16:16:31 [main] INFO  t.g.io/epos-eric/metadata-database/deploy:main - Creating container for image: ghcr.io/epos-eric/metadata-database/deploy:main
2026-08-17 16:16:31 [main] INFO  t.g.io/epos-eric/metadata-database/deploy:main - Container ghcr.io/epos-eric/metadata-database/deploy:main is starting: 4f2224acce225c7daedfb643705576a750aea41b3af235088db68e4d24105c24
2026-08-17 16:16:35 [main] INFO  t.g.io/epos-eric/metadata-database/deploy:main - Container ghcr.io/epos-eric/metadata-database/deploy:main started in PT4.504496553S
2026-08-17 16:16:35 [main] INFO  t.g.io/epos-eric/metadata-database/deploy:main - Container is started (JDBC URL: jdbc:postgresql://localhost:32861/cerif?loggerLevel=OFF)
2026-08-17 16:16:35 [main] INFO  com.zaxxer.hikari.HikariDataSource - metadata_catalogue - Starting...
2026-08-17 16:16:35 [main] INFO  com.zaxxer.hikari.pool.HikariPool - metadata_catalogue - Added connection org.postgresql.jdbc.PgConnection@7d06758c
2026-08-17 16:16:35 [main] INFO  com.zaxxer.hikari.HikariDataSource - metadata_catalogue - Start completed.
2026-08-17 16:16:35 [main] INFO  com.zaxxer.hikari.HikariDataSource - metadata_catalogue - Shutdown initiated...
2026-08-17 16:16:35 [main] INFO  com.zaxxer.hikari.HikariDataSource - metadata_catalogue - Shutdown completed.
2026-08-17 16:16:36 [main] INFO  t.g.io/epos-eric/metadata-database/deploy:main - Creating container for image: ghcr.io/epos-eric/metadata-database/deploy:main
2026-08-17 16:16:36 [main] INFO  t.g.io/epos-eric/metadata-database/deploy:main - Container ghcr.io/epos-eric/metadata-database/deploy:main is starting: 80503becfd82dde1f1e104776cb0685159e564a12d592d8cd113cc8f6cd67d57
2026-08-17 16:16:40 [main] INFO  t.g.io/epos-eric/metadata-database/deploy:main - Container ghcr.io/epos-eric/metadata-database/deploy:main started in PT4.028063055S
2026-08-17 16:16:40 [main] INFO  t.g.io/epos-eric/metadata-database/deploy:main - Container is started (JDBC URL: jdbc:postgresql://localhost:32862/cerif?loggerLevel=OFF)
2026-08-17 16:16:40 [main] INFO  com.zaxxer.hikari.HikariDataSource - metadata_catalogue - Starting...
2026-08-17 16:16:40 [main] INFO  com.zaxxer.hikari.pool.HikariPool - metadata_catalogue - Added connection org.postgresql.jdbc.PgConnection@709276da
2026-08-17 16:16:40 [main] INFO  com.zaxxer.hikari.HikariDataSource - metadata_catalogue - Start completed.
2026-08-17 16:16:41 [main] INFO  com.zaxxer.hikari.HikariDataSource - metadata_catalogue - Shutdown initiated...
2026-08-17 16:16:41 [main] INFO  com.zaxxer.hikari.HikariDataSource - metadata_catalogue - Shutdown completed.
2026-08-17 16:16:41 [main] INFO  t.g.io/epos-eric/metadata-database/deploy:main - Creating container for image: ghcr.io/epos-eric/metadata-database/deploy:main
2026-08-17 16:16:41 [main] INFO  t.g.io/epos-eric/metadata-database/deploy:main - Container ghcr.io/epos-eric/metadata-database/deploy:main is starting: 471d53ca867a79406cb8d4b324f3fb5db5ebd12941dd85321bc442fbf70e5587
2026-08-17 16:16:45 [main] INFO  t.g.io/epos-eric/metadata-database/deploy:main - Container ghcr.io/epos-eric/metadata-database/deploy:main started in PT3.932905077S
2026-08-17 16:16:45 [main] INFO  t.g.io/epos-eric/metadata-database/deploy:main - Container is started (JDBC URL: jdbc:postgresql://localhost:32863/cerif?loggerLevel=OFF)
2026-08-17 16:16:45 [main] INFO  com.zaxxer.hikari.HikariDataSource - metadata_catalogue - Starting...
2026-08-17 16:16:45 [main] INFO  com.zaxxer.hikari.pool.HikariPool - metadata_catalogue - Added connection org.postgresql.jdbc.PgConnection@5c1ca081
2026-08-17 16:16:45 [main] INFO  com.zaxxer.hikari.HikariDataSource - metadata_catalogue - Start completed.
2026-08-17 16:16:45 [main] INFO  com.zaxxer.hikari.HikariDataSource - metadata_catalogue - Shutdown initiated...
2026-08-17 16:16:45 [main] INFO  com.zaxxer.hikari.HikariDataSource - metadata_catalogue - Shutdown completed.
2026-08-17 16:16:45 [main] INFO  t.g.io/epos-eric/metadata-database/deploy:main - Creating container for image: ghcr.io/epos-eric/metadata-database/deploy:main
2026-08-17 16:16:46 [main] INFO  t.g.io/epos-eric/metadata-database/deploy:main - Container ghcr.io/epos-eric/metadata-database/deploy:main is starting: bf8c8fab5cd05e0ff02892950ab0f6891bba4609efacafc04440d37bf8c4bf87
2026-08-17 16:16:49 [main] INFO  t.g.io/epos-eric/metadata-database/deploy:main - Container ghcr.io/epos-eric/metadata-database/deploy:main started in PT3.973110313S
2026-08-17 16:16:49 [main] INFO  t.g.io/epos-eric/metadata-database/deploy:main - Container is started (JDBC URL: jdbc:postgresql://localhost:32864/cerif?loggerLevel=OFF)
2026-08-17 16:16:49 [main] INFO  com.zaxxer.hikari.HikariDataSource - metadata_catalogue - Starting...
2026-08-17 16:16:49 [main] INFO  com.zaxxer.hikari.pool.HikariPool - metadata_catalogue - Added connection org.postgresql.jdbc.PgConnection@3ccf7705
2026-08-17 16:16:49 [main] INFO  com.zaxxer.hikari.HikariDataSource - metadata_catalogue - Start completed.
2026-08-17 16:16:50 [main] INFO  com.zaxxer.hikari.HikariDataSource - metadata_catalogue - Shutdown initiated...
2026-08-17 16:16:50 [main] INFO  com.zaxxer.hikari.HikariDataSource - metadata_catalogue - Shutdown completed.
2026-08-17 16:16:50 [main] INFO  t.g.io/epos-eric/metadata-database/deploy:main - Creating container for image: ghcr.io/epos-eric/metadata-database/deploy:main
2026-08-17 16:16:50 [main] INFO  t.g.io/epos-eric/metadata-database/deploy:main - Container ghcr.io/epos-eric/metadata-database/deploy:main is starting: 428cb04a7add6d119cf28e1d501940cc6fc1414375f4f5103bd74a2df1581f55
2026-08-17 16:16:54 [main] INFO  t.g.io/epos-eric/metadata-database/deploy:main - Container ghcr.io/epos-eric/metadata-database/deploy:main started in PT3.846725418S
2026-08-17 16:16:54 [main] INFO  t.g.io/epos-eric/metadata-database/deploy:main - Container is started (JDBC URL: jdbc:postgresql://localhost:32865/cerif?loggerLevel=OFF)
2026-08-17 16:16:54 [main] INFO  com.zaxxer.hikari.HikariDataSource - metadata_catalogue - Starting...
2026-08-17 16:16:54 [main] INFO  com.zaxxer.hikari.pool.HikariPool - metadata_catalogue - Added connection org.postgresql.jdbc.PgConnection@4679355b
2026-08-17 16:16:54 [main] INFO  com.zaxxer.hikari.HikariDataSource - metadata_catalogue - Start completed.
2026-08-17 16:16:54 [main] INFO  com.zaxxer.hikari.HikariDataSource - metadata_catalogue - Shutdown initiated...
2026-08-17 16:16:54 [main] INFO  com.zaxxer.hikari.HikariDataSource - metadata_catalogue - Shutdown completed.
2026-08-17 16:16:54 [main] INFO  t.g.io/epos-eric/metadata-database/deploy:main - Creating container for image: ghcr.io/epos-eric/metadata-database/deploy:main
2026-08-17 16:16:54 [main] INFO  t.g.io/epos-eric/metadata-database/deploy:main - Container ghcr.io/epos-eric/metadata-database/deploy:main is starting: f10e7cebadcc166d33764906ae62130e0122e8a760ce64c5edfb6026a28eb7a4
2026-08-17 16:16:58 [main] INFO  t.g.io/epos-eric/metadata-database/deploy:main - Container ghcr.io/epos-eric/metadata-database/deploy:main started in PT4.088502499S
2026-08-17 16:16:58 [main] INFO  t.g.io/epos-eric/metadata-database/deploy:main - Container is started (JDBC URL: jdbc:postgresql://localhost:32866/cerif?loggerLevel=OFF)
2026-08-17 16:16:58 [main] INFO  com.zaxxer.hikari.HikariDataSource - metadata_catalogue - Starting...
2026-08-17 16:16:58 [main] INFO  com.zaxxer.hikari.pool.HikariPool - metadata_catalogue - Added connection org.postgresql.jdbc.PgConnection@74f570be
2026-08-17 16:16:58 [main] INFO  com.zaxxer.hikari.HikariDataSource - metadata_catalogue - Start completed.
2026-08-17 16:16:58 [main] INFO  com.zaxxer.hikari.HikariDataSource - metadata_catalogue - Shutdown initiated...
2026-08-17 16:16:58 [main] INFO  com.zaxxer.hikari.HikariDataSource - metadata_catalogue - Shutdown completed.
2026-08-17 16:16:59 [main] INFO  t.g.io/epos-eric/metadata-database/deploy:main - Creating container for image: ghcr.io/epos-eric/metadata-database/deploy:main
2026-08-17 16:16:59 [main] INFO  t.g.io/epos-eric/metadata-database/deploy:main - Container ghcr.io/epos-eric/metadata-database/deploy:main is starting: 21a65b7974be25e1874ad8766616dcb1fe3c395f063e66ba00f99cd0c32d37d3
2026-08-17 16:17:02 [main] INFO  t.g.io/epos-eric/metadata-database/deploy:main - Container ghcr.io/epos-eric/metadata-database/deploy:main started in PT3.763396841S
2026-08-17 16:17:02 [main] INFO  t.g.io/epos-eric/metadata-database/deploy:main - Container is started (JDBC URL: jdbc:postgresql://localhost:32867/cerif?loggerLevel=OFF)
2026-08-17 16:17:02 [main] INFO  com.zaxxer.hikari.HikariDataSource - metadata_catalogue - Starting...
2026-08-17 16:17:02 [main] INFO  com.zaxxer.hikari.pool.HikariPool - metadata_catalogue - Added connection org.postgresql.jdbc.PgConnection@29e104fb
2026-08-17 16:17:02 [main] INFO  com.zaxxer.hikari.HikariDataSource - metadata_catalogue - Start completed.
2026-08-17 16:17:03 [main] INFO  com.zaxxer.hikari.HikariDataSource - metadata_catalogue - Shutdown initiated...
2026-08-17 16:17:03 [main] INFO  com.zaxxer.hikari.HikariDataSource - metadata_catalogue - Shutdown completed.
2026-08-17 16:17:03 [main] INFO  t.g.io/epos-eric/metadata-database/deploy:main - Creating container for image: ghcr.io/epos-eric/metadata-database/deploy:main
2026-08-17 16:17:03 [main] INFO  t.g.io/epos-eric/metadata-database/deploy:main - Container ghcr.io/epos-eric/metadata-database/deploy:main is starting: 2bfbba525e2d389441eacfdc8b57def29a835cd7be4a333828473d2852babc39
2026-08-17 16:17:07 [main] INFO  t.g.io/epos-eric/metadata-database/deploy:main - Container ghcr.io/epos-eric/metadata-database/deploy:main started in PT3.920198092S
2026-08-17 16:17:07 [main] INFO  t.g.io/epos-eric/metadata-database/deploy:main - Container is started (JDBC URL: jdbc:postgresql://localhost:32868/cerif?loggerLevel=OFF)
2026-08-17 16:17:07 [main] INFO  com.zaxxer.hikari.HikariDataSource - metadata_catalogue - Starting...
2026-08-17 16:17:07 [main] INFO  com.zaxxer.hikari.pool.HikariPool - metadata_catalogue - Added connection org.postgresql.jdbc.PgConnection@59cb6491
2026-08-17 16:17:07 [main] INFO  com.zaxxer.hikari.HikariDataSource - metadata_catalogue - Start completed.
2026-08-17 16:17:07 [main] INFO  com.zaxxer.hikari.HikariDataSource - metadata_catalogue - Shutdown initiated...
2026-08-17 16:17:07 [main] INFO  com.zaxxer.hikari.HikariDataSource - metadata_catalogue - Shutdown completed.
2026-08-17 16:17:07 [main] INFO  t.g.io/epos-eric/metadata-database/deploy:main - Creating container for image: ghcr.io/epos-eric/metadata-database/deploy:main
2026-08-17 16:17:08 [main] INFO  t.g.io/epos-eric/metadata-database/deploy:main - Container ghcr.io/epos-eric/metadata-database/deploy:main is starting: b672634a13ff9afe2fbc309daef6e2fe1e44be94d3e86061b65cdcd8147e26f1
2026-08-17 16:17:11 [main] INFO  t.g.io/epos-eric/metadata-database/deploy:main - Container ghcr.io/epos-eric/metadata-database/deploy:main started in PT3.862642794S
2026-08-17 16:17:11 [main] INFO  t.g.io/epos-eric/metadata-database/deploy:main - Container is started (JDBC URL: jdbc:postgresql://localhost:32869/cerif?loggerLevel=OFF)
2026-08-17 16:17:11 [main] INFO  com.zaxxer.hikari.HikariDataSource - metadata_catalogue - Starting...
2026-08-17 16:17:11 [main] INFO  com.zaxxer.hikari.pool.HikariPool - metadata_catalogue - Added connection org.postgresql.jdbc.PgConnection@d2383c3
2026-08-17 16:17:11 [main] INFO  com.zaxxer.hikari.HikariDataSource - metadata_catalogue - Start completed.
2026-08-17 16:17:12 [main] INFO  com.zaxxer.hikari.HikariDataSource - metadata_catalogue - Shutdown initiated...
2026-08-17 16:17:12 [main] INFO  com.zaxxer.hikari.HikariDataSource - metadata_catalogue - Shutdown completed.
2026-08-17 16:17:12 [main] INFO  t.g.io/epos-eric/metadata-database/deploy:main - Creating container for image: ghcr.io/epos-eric/metadata-database/deploy:main
2026-08-17 16:17:12 [main] INFO  t.g.io/epos-eric/metadata-database/deploy:main - Container ghcr.io/epos-eric/metadata-database/deploy:main is starting: f1758f7a3c5bd5c56766fe33467b6376ae05f86824e2d84aa271aaf9bde1f5f9
2026-08-17 16:17:17 [main] INFO  t.g.io/epos-eric/metadata-database/deploy:main - Container ghcr.io/epos-eric/metadata-database/deploy:main started in PT4.617558248S
2026-08-17 16:17:17 [main] INFO  t.g.io/epos-eric/metadata-database/deploy:main - Container is started (JDBC URL: jdbc:postgresql://localhost:32870/cerif?loggerLevel=OFF)
2026-08-17 16:17:17 [main] INFO  com.zaxxer.hikari.HikariDataSource - metadata_catalogue - Starting...
2026-08-17 16:17:17 [main] INFO  com.zaxxer.hikari.pool.HikariPool - metadata_catalogue - Added connection org.postgresql.jdbc.PgConnection@14c84d44
2026-08-17 16:17:17 [main] INFO  com.zaxxer.hikari.HikariDataSource - metadata_catalogue - Start completed.
2026-08-17 16:17:17 [main] INFO  com.zaxxer.hikari.HikariDataSource - metadata_catalogue - Shutdown initiated...
2026-08-17 16:17:17 [main] INFO  com.zaxxer.hikari.HikariDataSource - metadata_catalogue - Shutdown completed.
2026-08-17 16:17:17 [main] INFO  t.g.io/epos-eric/metadata-database/deploy:main - Creating container for image: ghcr.io/epos-eric/metadata-database/deploy:main
2026-08-17 16:17:17 [main] INFO  t.g.io/epos-eric/metadata-database/deploy:main - Container ghcr.io/epos-eric/metadata-database/deploy:main is starting: 94d84c640191441b48bf4705e11d3e1d68126a73668a3df68c85d57af3e9b6c8
2026-08-17 16:17:21 [main] INFO  t.g.io/epos-eric/metadata-database/deploy:main - Container ghcr.io/epos-eric/metadata-database/deploy:main started in PT4.119879037S
2026-08-17 16:17:21 [main] INFO  t.g.io/epos-eric/metadata-database/deploy:main - Container is started (JDBC URL: jdbc:postgresql://localhost:32871/cerif?loggerLevel=OFF)
2026-08-17 16:17:21 [main] INFO  com.zaxxer.hikari.HikariDataSource - metadata_catalogue - Starting...
2026-08-17 16:17:21 [main] INFO  com.zaxxer.hikari.pool.HikariPool - metadata_catalogue - Added connection org.postgresql.jdbc.PgConnection@40fadbf9
2026-08-17 16:17:21 [main] INFO  com.zaxxer.hikari.HikariDataSource - metadata_catalogue - Start completed.
2026-08-17 16:17:23 [main] INFO  com.zaxxer.hikari.HikariDataSource - metadata_catalogue - Shutdown initiated...
2026-08-17 16:17:23 [main] INFO  com.zaxxer.hikari.HikariDataSource - metadata_catalogue - Shutdown completed.
2026-08-17 16:17:23 [main] INFO  t.g.io/epos-eric/metadata-database/deploy:main - Creating container for image: ghcr.io/epos-eric/metadata-database/deploy:main
2026-08-17 16:17:23 [main] INFO  t.g.io/epos-eric/metadata-database/deploy:main - Container ghcr.io/epos-eric/metadata-database/deploy:main is starting: 349a0049bd597e8df18dbf7437019e8eae1a4229e15dbc16f16eea1c2174137e
2026-08-17 16:17:27 [main] INFO  t.g.io/epos-eric/metadata-database/deploy:main - Container ghcr.io/epos-eric/metadata-database/deploy:main started in PT3.872705994S
2026-08-17 16:17:27 [main] INFO  t.g.io/epos-eric/metadata-database/deploy:main - Container is started (JDBC URL: jdbc:postgresql://localhost:32872/cerif?loggerLevel=OFF)
2026-08-17 16:17:27 [main] INFO  com.zaxxer.hikari.HikariDataSource - metadata_catalogue - Starting...
2026-08-17 16:17:27 [main] INFO  com.zaxxer.hikari.pool.HikariPool - metadata_catalogue - Added connection org.postgresql.jdbc.PgConnection@be40ce6
2026-08-17 16:17:27 [main] INFO  com.zaxxer.hikari.HikariDataSource - metadata_catalogue - Start completed.
2026-08-17 16:17:28 [main] INFO  com.zaxxer.hikari.HikariDataSource - metadata_catalogue - Shutdown initiated...
2026-08-17 16:17:28 [main] INFO  com.zaxxer.hikari.HikariDataSource - metadata_catalogue - Shutdown completed.
2026-08-17 16:17:28 [main] INFO  t.g.io/epos-eric/metadata-database/deploy:main - Creating container for image: ghcr.io/epos-eric/metadata-database/deploy:main
2026-08-17 16:17:29 [main] INFO  t.g.io/epos-eric/metadata-database/deploy:main - Container ghcr.io/epos-eric/metadata-database/deploy:main is starting: eab4e22d7a87aae21bec68f3a7763a3d930c64b3db4e091039b62c736f3fb072
2026-08-17 16:17:33 [main] INFO  t.g.io/epos-eric/metadata-database/deploy:main - Container ghcr.io/epos-eric/metadata-database/deploy:main started in PT4.539881675S
2026-08-17 16:17:33 [main] INFO  t.g.io/epos-eric/metadata-database/deploy:main - Container is started (JDBC URL: jdbc:postgresql://localhost:32873/cerif?loggerLevel=OFF)
2026-08-17 16:17:33 [main] INFO  com.zaxxer.hikari.HikariDataSource - metadata_catalogue - Starting...
2026-08-17 16:17:33 [main] INFO  com.zaxxer.hikari.pool.HikariPool - metadata_catalogue - Added connection org.postgresql.jdbc.PgConnection@3b03f14b
2026-08-17 16:17:33 [main] INFO  com.zaxxer.hikari.HikariDataSource - metadata_catalogue - Start completed.
2026-08-17 16:17:34 [main] INFO  com.zaxxer.hikari.HikariDataSource - metadata_catalogue - Shutdown initiated...
2026-08-17 16:17:34 [main] INFO  com.zaxxer.hikari.HikariDataSource - metadata_catalogue - Shutdown completed.
2026-08-17 16:17:34 [main] INFO  t.g.io/epos-eric/metadata-database/deploy:main - Creating container for image: ghcr.io/epos-eric/metadata-database/deploy:main
2026-08-17 16:17:35 [main] INFO  t.g.io/epos-eric/metadata-database/deploy:main - Container ghcr.io/epos-eric/metadata-database/deploy:main is starting: b99940050c0e05e4fdb88ee0f1a65211b58b5b6804aa85cfcddab760dcc5f3a8
2026-08-17 16:17:38 [main] INFO  t.g.io/epos-eric/metadata-database/deploy:main - Container ghcr.io/epos-eric/metadata-database/deploy:main started in PT3.901884617S
2026-08-17 16:17:38 [main] INFO  t.g.io/epos-eric/metadata-database/deploy:main - Container is started (JDBC URL: jdbc:postgresql://localhost:32874/cerif?loggerLevel=OFF)
2026-08-17 16:17:38 [main] INFO  com.zaxxer.hikari.HikariDataSource - metadata_catalogue - Starting...
2026-08-17 16:17:38 [main] INFO  com.zaxxer.hikari.pool.HikariPool - metadata_catalogue - Added connection org.postgresql.jdbc.PgConnection@42c5150d
2026-08-17 16:17:38 [main] INFO  com.zaxxer.hikari.HikariDataSource - metadata_catalogue - Start completed.
2026-08-17 16:17:39 [main] INFO  com.zaxxer.hikari.HikariDataSource - metadata_catalogue - Shutdown initiated...
2026-08-17 16:17:39 [main] INFO  com.zaxxer.hikari.HikariDataSource - metadata_catalogue - Shutdown completed.
2026-08-17 16:17:39 [main] INFO  t.g.io/epos-eric/metadata-database/deploy:main - Creating container for image: ghcr.io/epos-eric/metadata-database/deploy:main
2026-08-17 16:17:39 [main] INFO  t.g.io/epos-eric/metadata-database/deploy:main - Container ghcr.io/epos-eric/metadata-database/deploy:main is starting: 146bd831058980834cabcc6e12d7e9f26ec478147808c02917d008f5d5de36bc
2026-08-17 16:17:44 [main] INFO  t.g.io/epos-eric/metadata-database/deploy:main - Container ghcr.io/epos-eric/metadata-database/deploy:main started in PT4.453189023S
2026-08-17 16:17:44 [main] INFO  t.g.io/epos-eric/metadata-database/deploy:main - Container is started (JDBC URL: jdbc:postgresql://localhost:32875/cerif?loggerLevel=OFF)
2026-08-17 16:17:44 [main] INFO  com.zaxxer.hikari.HikariDataSource - metadata_catalogue - Starting...
2026-08-17 16:17:44 [main] INFO  com.zaxxer.hikari.pool.HikariPool - metadata_catalogue - Added connection org.postgresql.jdbc.PgConnection@8ae0a38
2026-08-17 16:17:44 [main] INFO  com.zaxxer.hikari.HikariDataSource - metadata_catalogue - Start completed.
2026-08-17 16:17:44 [main] INFO  com.zaxxer.hikari.HikariDataSource - metadata_catalogue - Shutdown initiated...
2026-08-17 16:17:44 [main] INFO  com.zaxxer.hikari.HikariDataSource - metadata_catalogue - Shutdown completed.
2026-08-17 16:17:44 [main] INFO  t.g.io/epos-eric/metadata-database/deploy:main - Creating container for image: ghcr.io/epos-eric/metadata-database/deploy:main
2026-08-17 16:17:44 [main] INFO  t.g.io/epos-eric/metadata-database/deploy:main - Container ghcr.io/epos-eric/metadata-database/deploy:main is starting: a5802b412a3545319d45072515e35b430fbf9b6b4a2d29a4c624fdb84574a14a
2026-08-17 16:17:49 [main] INFO  t.g.io/epos-eric/metadata-database/deploy:main - Container ghcr.io/epos-eric/metadata-database/deploy:main started in PT4.567639687S
2026-08-17 16:17:49 [main] INFO  t.g.io/epos-eric/metadata-database/deploy:main - Container is started (JDBC URL: jdbc:postgresql://localhost:32876/cerif?loggerLevel=OFF)
2026-08-17 16:17:49 [main] INFO  com.zaxxer.hikari.HikariDataSource - metadata_catalogue - Starting...
2026-08-17 16:17:49 [main] INFO  com.zaxxer.hikari.pool.HikariPool - metadata_catalogue - Added connection org.postgresql.jdbc.PgConnection@373d5713
2026-08-17 16:17:49 [main] INFO  com.zaxxer.hikari.HikariDataSource - metadata_catalogue - Start completed.
2026-08-17 16:17:49 [main] INFO  com.zaxxer.hikari.HikariDataSource - metadata_catalogue - Shutdown initiated...
2026-08-17 16:17:49 [main] INFO  com.zaxxer.hikari.HikariDataSource - metadata_catalogue - Shutdown completed.
2026-08-17 16:17:49 [main] INFO  t.g.io/epos-eric/metadata-database/deploy:main - Creating container for image: ghcr.io/epos-eric/metadata-database/deploy:main
2026-08-17 16:17:49 [main] INFO  t.g.io/epos-eric/metadata-database/deploy:main - Container ghcr.io/epos-eric/metadata-database/deploy:main is starting: 57a1e9a69ae53dfd5120063c00d148ea4224e2bee031e920722caf9db83b2eb3
2026-08-17 16:17:53 [main] INFO  t.g.io/epos-eric/metadata-database/deploy:main - Container ghcr.io/epos-eric/metadata-database/deploy:main started in PT4.08220972S
2026-08-17 16:17:53 [main] INFO  t.g.io/epos-eric/metadata-database/deploy:main - Container is started (JDBC URL: jdbc:postgresql://localhost:32877/cerif?loggerLevel=OFF)
2026-08-17 16:17:53 [main] INFO  com.zaxxer.hikari.HikariDataSource - metadata_catalogue - Starting...
2026-08-17 16:17:53 [main] INFO  com.zaxxer.hikari.pool.HikariPool - metadata_catalogue - Added connection org.postgresql.jdbc.PgConnection@34f09d18
2026-08-17 16:17:53 [main] INFO  com.zaxxer.hikari.HikariDataSource - metadata_catalogue - Start completed.
2026-08-17 16:17:54 [main] INFO  com.zaxxer.hikari.HikariDataSource - metadata_catalogue - Shutdown initiated...
2026-08-17 16:17:54 [main] INFO  com.zaxxer.hikari.HikariDataSource - metadata_catalogue - Shutdown completed.
2026-08-17 16:17:54 [main] INFO  t.g.io/epos-eric/metadata-database/deploy:main - Creating container for image: ghcr.io/epos-eric/metadata-database/deploy:main
2026-08-17 16:17:54 [main] INFO  t.g.io/epos-eric/metadata-database/deploy:main - Container ghcr.io/epos-eric/metadata-database/deploy:main is starting: cd49b5ef1eb398f1dc01f9435d6a9470295e46f2af4e12f33eff59e63980e803
2026-08-17 16:17:58 [main] INFO  t.g.io/epos-eric/metadata-database/deploy:main - Container ghcr.io/epos-eric/metadata-database/deploy:main started in PT4.393656845S
2026-08-17 16:17:58 [main] INFO  t.g.io/epos-eric/metadata-database/deploy:main - Container is started (JDBC URL: jdbc:postgresql://localhost:32878/cerif?loggerLevel=OFF)
2026-08-17 16:17:58 [main] INFO  com.zaxxer.hikari.HikariDataSource - metadata_catalogue - Starting...
2026-08-17 16:17:58 [main] INFO  com.zaxxer.hikari.pool.HikariPool - metadata_catalogue - Added connection org.postgresql.jdbc.PgConnection@65b6363b
2026-08-17 16:17:58 [main] INFO  com.zaxxer.hikari.HikariDataSource - metadata_catalogue - Start completed.
2026-08-17 16:17:59 [main] INFO  com.zaxxer.hikari.HikariDataSource - metadata_catalogue - Shutdown initiated...
2026-08-17 16:17:59 [main] INFO  com.zaxxer.hikari.HikariDataSource - metadata_catalogue - Shutdown completed.
2026-08-17 16:17:59 [main] INFO  t.g.io/epos-eric/metadata-database/deploy:main - Creating container for image: ghcr.io/epos-eric/metadata-database/deploy:main
2026-08-17 16:17:59 [main] INFO  t.g.io/epos-eric/metadata-database/deploy:main - Container ghcr.io/epos-eric/metadata-database/deploy:main is starting: 990b2c5aeea2bb788c53893a0d033a122eda8f026aa033ff83cb30062da0aa44
2026-08-17 16:18:03 [main] INFO  t.g.io/epos-eric/metadata-database/deploy:main - Container ghcr.io/epos-eric/metadata-database/deploy:main started in PT3.826891496S
2026-08-17 16:18:03 [main] INFO  t.g.io/epos-eric/metadata-database/deploy:main - Container is started (JDBC URL: jdbc:postgresql://localhost:32879/cerif?loggerLevel=OFF)
2026-08-17 16:18:03 [main] INFO  com.zaxxer.hikari.HikariDataSource - metadata_catalogue - Starting...
2026-08-17 16:18:03 [main] INFO  com.zaxxer.hikari.pool.HikariPool - metadata_catalogue - Added connection org.postgresql.jdbc.PgConnection@24ceb44e
2026-08-17 16:18:03 [main] INFO  com.zaxxer.hikari.HikariDataSource - metadata_catalogue - Start completed.
2026-08-17 16:18:03 [main] INFO  com.zaxxer.hikari.HikariDataSource - metadata_catalogue - Shutdown initiated...
2026-08-17 16:18:03 [main] INFO  com.zaxxer.hikari.HikariDataSource - metadata_catalogue - Shutdown completed.
2026-08-17 16:24:19 [main] INFO  o.testcontainers.images.PullPolicy - Image pull policy will be performed by: DefaultPullPolicy()
2026-08-17 16:24:19 [main] INFO  o.t.utility.ImageNameSubstitutor - Image name substitution will be performed by: DefaultImageNameSubstitutor (composite of 'ConfigurationFileImageNameSubstitutor' and 'PrefixingImageNameSubstitutor')
2026-08-17 16:24:19 [main] INFO  o.testcontainers.DockerClientFactory - Testcontainers version: 2.0.2
2026-08-17 16:24:19 [main] INFO  o.t.d.DockerClientProviderStrategy - Loaded org.testcontainers.dockerclient.UnixSocketClientProviderStrategy from ~/.testcontainers.properties, will try it first
2026-08-17 16:24:20 [main] INFO  o.t.d.DockerClientProviderStrategy - Found Docker environment with local Unix socket (unix:///var/run/docker.sock)
2026-08-17 16:24:20 [main] INFO  o.testcontainers.DockerClientFactory - Docker host IP address is localhost
2026-08-17 16:24:20 [main] INFO  o.testcontainers.DockerClientFactory - Connected to docker: 
  Server Version: 29.7.2
  API Version: 1.55
  Operating System: Arch Linux
  Total Memory: 63796 MB
2026-08-17 16:24:20 [main] INFO  tc.testcontainers/ryuk:0.13.0 - Creating container for image: testcontainers/ryuk:0.13.0
2026-08-17 16:24:20 [main] INFO  tc.testcontainers/ryuk:0.13.0 - Container testcontainers/ryuk:0.13.0 is starting: 9f1017240b9c4db0f8e8652f083385979fe00c3262e2db149ce407f2ebbe1e01
2026-08-17 16:24:20 [main] INFO  tc.testcontainers/ryuk:0.13.0 - Container testcontainers/ryuk:0.13.0 started in PT0.290824106S
2026-08-17 16:24:20 [main] INFO  o.t.utility.RyukResourceReaper - Ryuk started - will monitor and terminate Testcontainers containers on JVM exit
2026-08-17 16:24:20 [main] INFO  o.testcontainers.DockerClientFactory - Checking the system...
2026-08-17 16:24:20 [main] INFO  o.testcontainers.DockerClientFactory - ✔︎ Docker server version should be at least 1.6.0
2026-08-17 16:24:20 [main] INFO  t.g.io/epos-eric/metadata-database/deploy:main - Creating container for image: ghcr.io/epos-eric/metadata-database/deploy:main
2026-08-17 16:24:21 [main] INFO  t.g.io/epos-eric/metadata-database/deploy:main - Container ghcr.io/epos-eric/metadata-database/deploy:main is starting: 916d2197625b845c5a212c1f9ed21fbfbec24b5dff5bf021abdcafa567c67c87
2026-08-17 16:24:25 [main] INFO  t.g.io/epos-eric/metadata-database/deploy:main - Container ghcr.io/epos-eric/metadata-database/deploy:main started in PT4.06981647S
2026-08-17 16:24:25 [main] INFO  t.g.io/epos-eric/metadata-database/deploy:main - Container is started (JDBC URL: jdbc:postgresql://localhost:32881/cerif?loggerLevel=OFF)
2026-08-17 16:24:25 [main] INFO  com.zaxxer.hikari.HikariDataSource - metadata_catalogue - Starting...
2026-08-17 16:24:25 [main] INFO  com.zaxxer.hikari.pool.HikariPool - metadata_catalogue - Added connection org.postgresql.jdbc.PgConnection@4a2929a4
2026-08-17 16:24:25 [main] INFO  com.zaxxer.hikari.HikariDataSource - metadata_catalogue - Start completed.
2026-08-17 16:24:40 [main] INFO  com.zaxxer.hikari.HikariDataSource - metadata_catalogue - Shutdown initiated...
2026-08-17 16:24:40 [main] INFO  com.zaxxer.hikari.HikariDataSource - metadata_catalogue - Shutdown completed.
2026-08-17 16:30:43 [main] INFO  o.testcontainers.images.PullPolicy - Image pull policy will be performed by: DefaultPullPolicy()
2026-08-17 16:30:43 [main] INFO  o.t.utility.ImageNameSubstitutor - Image name substitution will be performed by: DefaultImageNameSubstitutor (composite of 'ConfigurationFileImageNameSubstitutor' and 'PrefixingImageNameSubstitutor')
2026-08-17 16:30:43 [main] INFO  o.testcontainers.DockerClientFactory - Testcontainers version: 2.0.2
2026-08-17 16:30:43 [main] INFO  o.t.d.DockerClientProviderStrategy - Loaded org.testcontainers.dockerclient.UnixSocketClientProviderStrategy from ~/.testcontainers.properties, will try it first
2026-08-17 16:30:43 [main] INFO  o.t.d.DockerClientProviderStrategy - Found Docker environment with local Unix socket (unix:///var/run/docker.sock)
2026-08-17 16:30:43 [main] INFO  o.testcontainers.DockerClientFactory - Docker host IP address is localhost
2026-08-17 16:30:43 [main] INFO  o.testcontainers.DockerClientFactory - Connected to docker: 
  Server Version: 29.7.2
  API Version: 1.55
  Operating System: Arch Linux
  Total Memory: 63796 MB
2026-08-17 16:30:43 [main] INFO  tc.testcontainers/ryuk:0.13.0 - Creating container for image: testcontainers/ryuk:0.13.0
2026-08-17 16:30:43 [main] INFO  tc.testcontainers/ryuk:0.13.0 - Container testcontainers/ryuk:0.13.0 is starting: 2d5358b41883a45e188bb0dcb17dd66ab92af6ce0aa77aa20d7750d47271e74d
2026-08-17 16:30:44 [main] INFO  tc.testcontainers/ryuk:0.13.0 - Container testcontainers/ryuk:0.13.0 started in PT0.275106554S
2026-08-17 16:30:44 [main] INFO  o.t.utility.RyukResourceReaper - Ryuk started - will monitor and terminate Testcontainers containers on JVM exit
2026-08-17 16:30:44 [main] INFO  o.testcontainers.DockerClientFactory - Checking the system...
2026-08-17 16:30:44 [main] INFO  o.testcontainers.DockerClientFactory - ✔︎ Docker server version should be at least 1.6.0
2026-08-17 16:30:44 [main] INFO  t.g.io/epos-eric/metadata-database/deploy:main - Creating container for image: ghcr.io/epos-eric/metadata-database/deploy:main
2026-08-17 16:30:44 [main] INFO  t.g.io/epos-eric/metadata-database/deploy:main - Container ghcr.io/epos-eric/metadata-database/deploy:main is starting: fe8fb573f7ca2422d1229c63d25ecf497fe111c6b1ea8bd8f3a375b689081bae
2026-08-17 16:30:48 [main] INFO  t.g.io/epos-eric/metadata-database/deploy:main - Container ghcr.io/epos-eric/metadata-database/deploy:main started in PT4.381302393S
2026-08-17 16:30:48 [main] INFO  t.g.io/epos-eric/metadata-database/deploy:main - Container is started (JDBC URL: jdbc:postgresql://localhost:32885/cerif?loggerLevel=OFF)
2026-08-17 16:30:48 [main] INFO  com.zaxxer.hikari.HikariDataSource - metadata_catalogue - Starting...
2026-08-17 16:30:48 [main] INFO  com.zaxxer.hikari.pool.HikariPool - metadata_catalogue - Added connection org.postgresql.jdbc.PgConnection@4a2929a4
2026-08-17 16:30:48 [main] INFO  com.zaxxer.hikari.HikariDataSource - metadata_catalogue - Start completed.
2026-08-17 16:31:04 [main] INFO  com.zaxxer.hikari.HikariDataSource - metadata_catalogue - Shutdown initiated...
2026-08-17 16:31:04 [main] INFO  com.zaxxer.hikari.HikariDataSource - metadata_catalogue - Shutdown completed.
2026-08-17 16:31:13 [main] INFO  o.testcontainers.images.PullPolicy - Image pull policy will be performed by: DefaultPullPolicy()
2026-08-17 16:31:13 [main] INFO  o.t.utility.ImageNameSubstitutor - Image name substitution will be performed by: DefaultImageNameSubstitutor (composite of 'ConfigurationFileImageNameSubstitutor' and 'PrefixingImageNameSubstitutor')
2026-08-17 16:31:13 [main] INFO  o.testcontainers.DockerClientFactory - Testcontainers version: 2.0.2
2026-08-17 16:31:13 [main] INFO  o.t.d.DockerClientProviderStrategy - Loaded org.testcontainers.dockerclient.UnixSocketClientProviderStrategy from ~/.testcontainers.properties, will try it first
2026-08-17 16:31:14 [main] INFO  o.t.d.DockerClientProviderStrategy - Found Docker environment with local Unix socket (unix:///var/run/docker.sock)
2026-08-17 16:31:14 [main] INFO  o.testcontainers.DockerClientFactory - Docker host IP address is localhost
2026-08-17 16:31:14 [main] INFO  o.testcontainers.DockerClientFactory - Connected to docker: 
  Server Version: 29.7.2
  API Version: 1.55
  Operating System: Arch Linux
  Total Memory: 63796 MB
2026-08-17 16:31:14 [main] INFO  tc.testcontainers/ryuk:0.13.0 - Creating container for image: testcontainers/ryuk:0.13.0
2026-08-17 16:31:14 [main] INFO  tc.testcontainers/ryuk:0.13.0 - Container testcontainers/ryuk:0.13.0 is starting: 3a9909dc91abebe4e9c9ab7dc2a38a7b116358c09288afca4b601bc5e587b4b4
2026-08-17 16:31:14 [main] INFO  tc.testcontainers/ryuk:0.13.0 - Container testcontainers/ryuk:0.13.0 started in PT0.299056629S
2026-08-17 16:31:14 [main] INFO  o.t.utility.RyukResourceReaper - Ryuk started - will monitor and terminate Testcontainers containers on JVM exit
2026-08-17 16:31:14 [main] INFO  o.testcontainers.DockerClientFactory - Checking the system...
2026-08-17 16:31:14 [main] INFO  o.testcontainers.DockerClientFactory - ✔︎ Docker server version should be at least 1.6.0
2026-08-17 16:31:14 [main] INFO  t.g.io/epos-eric/metadata-database/deploy:main - Creating container for image: ghcr.io/epos-eric/metadata-database/deploy:main
2026-08-17 16:31:15 [main] INFO  t.g.io/epos-eric/metadata-database/deploy:main - Container ghcr.io/epos-eric/metadata-database/deploy:main is starting: 4b66d5324b952fed67a9dbb554e5b4476cf119abc27effea81599a3458ff210d
2026-08-17 16:31:18 [main] INFO  t.g.io/epos-eric/metadata-database/deploy:main - Container ghcr.io/epos-eric/metadata-database/deploy:main started in PT4.122712257S
2026-08-17 16:31:18 [main] INFO  t.g.io/epos-eric/metadata-database/deploy:main - Container is started (JDBC URL: jdbc:postgresql://localhost:32887/cerif?loggerLevel=OFF)
2026-08-17 16:31:19 [main] INFO  com.zaxxer.hikari.HikariDataSource - metadata_catalogue - Starting...
2026-08-17 16:31:19 [main] INFO  com.zaxxer.hikari.pool.HikariPool - metadata_catalogue - Added connection org.postgresql.jdbc.PgConnection@104dc1a2
2026-08-17 16:31:19 [main] INFO  com.zaxxer.hikari.HikariDataSource - metadata_catalogue - Start completed.
2026-08-17 16:31:19 [main] INFO  com.zaxxer.hikari.HikariDataSource - metadata_catalogue - Shutdown initiated...
2026-08-17 16:31:19 [main] INFO  com.zaxxer.hikari.HikariDataSource - metadata_catalogue - Shutdown completed.
2026-08-17 16:31:19 [main] INFO  t.g.io/epos-eric/metadata-database/deploy:main - Creating container for image: ghcr.io/epos-eric/metadata-database/deploy:main
2026-08-17 16:31:20 [main] INFO  t.g.io/epos-eric/metadata-database/deploy:main - Container ghcr.io/epos-eric/metadata-database/deploy:main is starting: 911365073b0c45b4a27cd069c1903d4fab25968d2562ea84b20b49e34d7834d5
2026-08-17 16:31:23 [main] INFO  t.g.io/epos-eric/metadata-database/deploy:main - Container ghcr.io/epos-eric/metadata-database/deploy:main started in PT3.761601045S
2026-08-17 16:31:23 [main] INFO  t.g.io/epos-eric/metadata-database/deploy:main - Container is started (JDBC URL: jdbc:postgresql://localhost:32888/cerif?loggerLevel=OFF)
2026-08-17 16:31:23 [main] INFO  com.zaxxer.hikari.HikariDataSource - metadata_catalogue - Starting...
2026-08-17 16:31:23 [main] INFO  com.zaxxer.hikari.pool.HikariPool - metadata_catalogue - Added connection org.postgresql.jdbc.PgConnection@2a4e939a
2026-08-17 16:31:23 [main] INFO  com.zaxxer.hikari.HikariDataSource - metadata_catalogue - Start completed.
2026-08-17 16:31:24 [main] INFO  com.zaxxer.hikari.HikariDataSource - metadata_catalogue - Shutdown initiated...
2026-08-17 16:31:24 [main] INFO  com.zaxxer.hikari.HikariDataSource - metadata_catalogue - Shutdown completed.
2026-08-17 16:31:24 [main] INFO  t.g.io/epos-eric/metadata-database/deploy:main - Creating container for image: ghcr.io/epos-eric/metadata-database/deploy:main
2026-08-17 16:31:25 [main] INFO  t.g.io/epos-eric/metadata-database/deploy:main - Container ghcr.io/epos-eric/metadata-database/deploy:main is starting: cd9e7b8463a21881281fb7295669c8546b2785eb259206c32c46503b058e7060
2026-08-17 16:31:29 [main] INFO  t.g.io/epos-eric/metadata-database/deploy:main - Container ghcr.io/epos-eric/metadata-database/deploy:main started in PT4.117362826S
2026-08-17 16:31:29 [main] INFO  t.g.io/epos-eric/metadata-database/deploy:main - Container is started (JDBC URL: jdbc:postgresql://localhost:32889/cerif?loggerLevel=OFF)
2026-08-17 16:31:29 [main] INFO  com.zaxxer.hikari.HikariDataSource - metadata_catalogue - Starting...
2026-08-17 16:31:29 [main] INFO  com.zaxxer.hikari.pool.HikariPool - metadata_catalogue - Added connection org.postgresql.jdbc.PgConnection@5ea9373e
2026-08-17 16:31:29 [main] INFO  com.zaxxer.hikari.HikariDataSource - metadata_catalogue - Start completed.
2026-08-17 16:31:29 [main] INFO  com.zaxxer.hikari.HikariDataSource - metadata_catalogue - Shutdown initiated...
2026-08-17 16:31:29 [main] INFO  com.zaxxer.hikari.HikariDataSource - metadata_catalogue - Shutdown completed.
2026-08-17 16:31:30 [main] INFO  t.g.io/epos-eric/metadata-database/deploy:main - Creating container for image: ghcr.io/epos-eric/metadata-database/deploy:main
2026-08-17 16:31:30 [main] INFO  t.g.io/epos-eric/metadata-database/deploy:main - Container ghcr.io/epos-eric/metadata-database/deploy:main is starting: 04b124097cf0e4e797664a56972a6c55b77973f4e40fef8050518ab172c45c3a
2026-08-17 16:31:34 [main] INFO  t.g.io/epos-eric/metadata-database/deploy:main - Container ghcr.io/epos-eric/metadata-database/deploy:main started in PT3.960102615S
2026-08-17 16:31:34 [main] INFO  t.g.io/epos-eric/metadata-database/deploy:main - Container is started (JDBC URL: jdbc:postgresql://localhost:32890/cerif?loggerLevel=OFF)
2026-08-17 16:31:34 [main] INFO  com.zaxxer.hikari.HikariDataSource - metadata_catalogue - Starting...
2026-08-17 16:31:34 [main] INFO  com.zaxxer.hikari.pool.HikariPool - metadata_catalogue - Added connection org.postgresql.jdbc.PgConnection@5d202dc4
2026-08-17 16:31:34 [main] INFO  com.zaxxer.hikari.HikariDataSource - metadata_catalogue - Start completed.
2026-08-17 16:31:34 [main] INFO  com.zaxxer.hikari.HikariDataSource - metadata_catalogue - Shutdown initiated...
2026-08-17 16:31:34 [main] INFO  com.zaxxer.hikari.HikariDataSource - metadata_catalogue - Shutdown completed.
2026-08-17 16:31:34 [main] INFO  t.g.io/epos-eric/metadata-database/deploy:main - Creating container for image: ghcr.io/epos-eric/metadata-database/deploy:main
2026-08-17 16:31:34 [main] INFO  t.g.io/epos-eric/metadata-database/deploy:main - Container ghcr.io/epos-eric/metadata-database/deploy:main is starting: 535e50017786ccf7f2c79a945bc6a309c5d4567e63d7d8d04df35add4dba5695
2026-08-17 16:31:38 [main] INFO  t.g.io/epos-eric/metadata-database/deploy:main - Container ghcr.io/epos-eric/metadata-database/deploy:main started in PT4.001254361S
2026-08-17 16:31:38 [main] INFO  t.g.io/epos-eric/metadata-database/deploy:main - Container is started (JDBC URL: jdbc:postgresql://localhost:32891/cerif?loggerLevel=OFF)
2026-08-17 16:31:38 [main] INFO  com.zaxxer.hikari.HikariDataSource - metadata_catalogue - Starting...
2026-08-17 16:31:38 [main] INFO  com.zaxxer.hikari.pool.HikariPool - metadata_catalogue - Added connection org.postgresql.jdbc.PgConnection@72c175f1
2026-08-17 16:31:38 [main] INFO  com.zaxxer.hikari.HikariDataSource - metadata_catalogue - Start completed.
2026-08-17 16:31:38 [main] INFO  com.zaxxer.hikari.HikariDataSource - metadata_catalogue - Shutdown initiated...
2026-08-17 16:31:38 [main] INFO  com.zaxxer.hikari.HikariDataSource - metadata_catalogue - Shutdown completed.
2026-08-17 16:31:39 [main] INFO  t.g.io/epos-eric/metadata-database/deploy:main - Creating container for image: ghcr.io/epos-eric/metadata-database/deploy:main
2026-08-17 16:31:39 [main] INFO  t.g.io/epos-eric/metadata-database/deploy:main - Container ghcr.io/epos-eric/metadata-database/deploy:main is starting: fa8bfa39193fc8ac4beb5c442f3c34601ee3642a7006f8e52c6983e7fcd6468a
2026-08-17 16:31:43 [main] INFO  t.g.io/epos-eric/metadata-database/deploy:main - Container ghcr.io/epos-eric/metadata-database/deploy:main started in PT3.970630789S
2026-08-17 16:31:43 [main] INFO  t.g.io/epos-eric/metadata-database/deploy:main - Container is started (JDBC URL: jdbc:postgresql://localhost:32892/cerif?loggerLevel=OFF)
2026-08-17 16:31:43 [main] INFO  com.zaxxer.hikari.HikariDataSource - metadata_catalogue - Starting...
2026-08-17 16:31:43 [main] INFO  com.zaxxer.hikari.pool.HikariPool - metadata_catalogue - Added connection org.postgresql.jdbc.PgConnection@21dd91da
2026-08-17 16:31:43 [main] INFO  com.zaxxer.hikari.HikariDataSource - metadata_catalogue - Start completed.
2026-08-17 16:31:43 [main] INFO  com.zaxxer.hikari.HikariDataSource - metadata_catalogue - Shutdown initiated...
2026-08-17 16:31:43 [main] INFO  com.zaxxer.hikari.HikariDataSource - metadata_catalogue - Shutdown completed.
2026-08-17 16:31:43 [main] INFO  t.g.io/epos-eric/metadata-database/deploy:main - Creating container for image: ghcr.io/epos-eric/metadata-database/deploy:main
2026-08-17 16:31:43 [main] INFO  t.g.io/epos-eric/metadata-database/deploy:main - Container ghcr.io/epos-eric/metadata-database/deploy:main is starting: 1988d1cc272b53620a510d2a51affa9f5a0be62dfa470c4970112fb9852120ba
2026-08-17 16:31:47 [main] INFO  t.g.io/epos-eric/metadata-database/deploy:main - Container ghcr.io/epos-eric/metadata-database/deploy:main started in PT3.754472407S
2026-08-17 16:31:47 [main] INFO  t.g.io/epos-eric/metadata-database/deploy:main - Container is started (JDBC URL: jdbc:postgresql://localhost:32893/cerif?loggerLevel=OFF)
2026-08-17 16:31:47 [main] INFO  com.zaxxer.hikari.HikariDataSource - metadata_catalogue - Starting...
2026-08-17 16:31:47 [main] INFO  com.zaxxer.hikari.pool.HikariPool - metadata_catalogue - Added connection org.postgresql.jdbc.PgConnection@68303aad
2026-08-17 16:31:47 [main] INFO  com.zaxxer.hikari.HikariDataSource - metadata_catalogue - Start completed.
2026-08-17 16:31:47 [main] INFO  com.zaxxer.hikari.HikariDataSource - metadata_catalogue - Shutdown initiated...
2026-08-17 16:31:47 [main] INFO  com.zaxxer.hikari.HikariDataSource - metadata_catalogue - Shutdown completed.
2026-08-17 16:31:48 [main] INFO  t.g.io/epos-eric/metadata-database/deploy:main - Creating container for image: ghcr.io/epos-eric/metadata-database/deploy:main
2026-08-17 16:31:48 [main] INFO  t.g.io/epos-eric/metadata-database/deploy:main - Container ghcr.io/epos-eric/metadata-database/deploy:main is starting: 751a2cfbb60b4dd4d40a70abc0cfb096a8fa5f599dbcd73a085c0fd9affaf0a4
2026-08-17 16:31:51 [main] INFO  t.g.io/epos-eric/metadata-database/deploy:main - Container ghcr.io/epos-eric/metadata-database/deploy:main started in PT3.889645347S
2026-08-17 16:31:51 [main] INFO  t.g.io/epos-eric/metadata-database/deploy:main - Container is started (JDBC URL: jdbc:postgresql://localhost:32894/cerif?loggerLevel=OFF)
2026-08-17 16:31:51 [main] INFO  com.zaxxer.hikari.HikariDataSource - metadata_catalogue - Starting...
2026-08-17 16:31:51 [main] INFO  com.zaxxer.hikari.pool.HikariPool - metadata_catalogue - Added connection org.postgresql.jdbc.PgConnection@3b2114ce
2026-08-17 16:31:51 [main] INFO  com.zaxxer.hikari.HikariDataSource - metadata_catalogue - Start completed.
2026-08-17 16:31:52 [main] INFO  com.zaxxer.hikari.HikariDataSource - metadata_catalogue - Shutdown initiated...
2026-08-17 16:31:52 [main] INFO  com.zaxxer.hikari.HikariDataSource - metadata_catalogue - Shutdown completed.
2026-08-17 16:31:52 [main] INFO  t.g.io/epos-eric/metadata-database/deploy:main - Creating container for image: ghcr.io/epos-eric/metadata-database/deploy:main
2026-08-17 16:31:52 [main] INFO  t.g.io/epos-eric/metadata-database/deploy:main - Container ghcr.io/epos-eric/metadata-database/deploy:main is starting: cb55826f86fcfd1e0a597d3084ad2c66582773efad423066bd2445215dd9ead7
2026-08-17 16:31:56 [main] INFO  t.g.io/epos-eric/metadata-database/deploy:main - Container ghcr.io/epos-eric/metadata-database/deploy:main started in PT4.003598148S
2026-08-17 16:31:56 [main] INFO  t.g.io/epos-eric/metadata-database/deploy:main - Container is started (JDBC URL: jdbc:postgresql://localhost:32895/cerif?loggerLevel=OFF)
2026-08-17 16:31:56 [main] INFO  com.zaxxer.hikari.HikariDataSource - metadata_catalogue - Starting...
2026-08-17 16:31:56 [main] INFO  com.zaxxer.hikari.pool.HikariPool - metadata_catalogue - Added connection org.postgresql.jdbc.PgConnection@5834fd3f
2026-08-17 16:31:56 [main] INFO  com.zaxxer.hikari.HikariDataSource - metadata_catalogue - Start completed.
2026-08-17 16:31:56 [main] INFO  com.zaxxer.hikari.HikariDataSource - metadata_catalogue - Shutdown initiated...
2026-08-17 16:31:56 [main] INFO  com.zaxxer.hikari.HikariDataSource - metadata_catalogue - Shutdown completed.
2026-08-17 16:31:56 [main] INFO  t.g.io/epos-eric/metadata-database/deploy:main - Creating container for image: ghcr.io/epos-eric/metadata-database/deploy:main
2026-08-17 16:31:57 [main] INFO  t.g.io/epos-eric/metadata-database/deploy:main - Container ghcr.io/epos-eric/metadata-database/deploy:main is starting: 4355e11e9ea420d16765af8d43c0d76c9ef871a8f3fd15ed1ac3ad9905230598
2026-08-17 16:32:01 [main] INFO  t.g.io/epos-eric/metadata-database/deploy:main - Container ghcr.io/epos-eric/metadata-database/deploy:main started in PT4.036250312S
2026-08-17 16:32:01 [main] INFO  t.g.io/epos-eric/metadata-database/deploy:main - Container is started (JDBC URL: jdbc:postgresql://localhost:32896/cerif?loggerLevel=OFF)
2026-08-17 16:32:01 [main] INFO  com.zaxxer.hikari.HikariDataSource - metadata_catalogue - Starting...
2026-08-17 16:32:01 [main] INFO  com.zaxxer.hikari.pool.HikariPool - metadata_catalogue - Added connection org.postgresql.jdbc.PgConnection@2df79942
2026-08-17 16:32:01 [main] INFO  com.zaxxer.hikari.HikariDataSource - metadata_catalogue - Start completed.
2026-08-17 16:32:01 [main] INFO  com.zaxxer.hikari.HikariDataSource - metadata_catalogue - Shutdown initiated...
2026-08-17 16:32:01 [main] INFO  com.zaxxer.hikari.HikariDataSource - metadata_catalogue - Shutdown completed.
2026-08-17 16:32:01 [main] INFO  t.g.io/epos-eric/metadata-database/deploy:main - Creating container for image: ghcr.io/epos-eric/metadata-database/deploy:main
2026-08-17 16:32:01 [main] INFO  t.g.io/epos-eric/metadata-database/deploy:main - Container ghcr.io/epos-eric/metadata-database/deploy:main is starting: 5f75aba2f6c5fadb0768c7d53008301518acfdbe2aad697aaa20b594fa7f3cef
2026-08-17 16:32:05 [main] INFO  t.g.io/epos-eric/metadata-database/deploy:main - Container ghcr.io/epos-eric/metadata-database/deploy:main started in PT4.06616503S
2026-08-17 16:32:05 [main] INFO  t.g.io/epos-eric/metadata-database/deploy:main - Container is started (JDBC URL: jdbc:postgresql://localhost:32897/cerif?loggerLevel=OFF)
2026-08-17 16:32:05 [main] INFO  com.zaxxer.hikari.HikariDataSource - metadata_catalogue - Starting...
2026-08-17 16:32:05 [main] INFO  com.zaxxer.hikari.pool.HikariPool - metadata_catalogue - Added connection org.postgresql.jdbc.PgConnection@53141d3f
2026-08-17 16:32:05 [main] INFO  com.zaxxer.hikari.HikariDataSource - metadata_catalogue - Start completed.
2026-08-17 16:32:06 [main] INFO  com.zaxxer.hikari.HikariDataSource - metadata_catalogue - Shutdown initiated...
2026-08-17 16:32:06 [main] INFO  com.zaxxer.hikari.HikariDataSource - metadata_catalogue - Shutdown completed.
2026-08-17 16:32:06 [main] INFO  t.g.io/epos-eric/metadata-database/deploy:main - Creating container for image: ghcr.io/epos-eric/metadata-database/deploy:main
2026-08-17 16:32:06 [main] INFO  t.g.io/epos-eric/metadata-database/deploy:main - Container ghcr.io/epos-eric/metadata-database/deploy:main is starting: a9485987d5dde3a05d68fc75c1d56ba0759315e813ab5a97367397b4c5365fd8
2026-08-17 16:32:10 [main] INFO  t.g.io/epos-eric/metadata-database/deploy:main - Container ghcr.io/epos-eric/metadata-database/deploy:main started in PT4.15526815S
2026-08-17 16:32:10 [main] INFO  t.g.io/epos-eric/metadata-database/deploy:main - Container is started (JDBC URL: jdbc:postgresql://localhost:32898/cerif?loggerLevel=OFF)
2026-08-17 16:32:10 [main] INFO  com.zaxxer.hikari.HikariDataSource - metadata_catalogue - Starting...
2026-08-17 16:32:10 [main] INFO  com.zaxxer.hikari.pool.HikariPool - metadata_catalogue - Added connection org.postgresql.jdbc.PgConnection@4af32714
2026-08-17 16:32:10 [main] INFO  com.zaxxer.hikari.HikariDataSource - metadata_catalogue - Start completed.
2026-08-17 16:32:10 [main] INFO  com.zaxxer.hikari.HikariDataSource - metadata_catalogue - Shutdown initiated...
2026-08-17 16:32:10 [main] INFO  com.zaxxer.hikari.HikariDataSource - metadata_catalogue - Shutdown completed.
2026-08-17 16:32:11 [main] INFO  t.g.io/epos-eric/metadata-database/deploy:main - Creating container for image: ghcr.io/epos-eric/metadata-database/deploy:main
2026-08-17 16:32:11 [main] INFO  t.g.io/epos-eric/metadata-database/deploy:main - Container ghcr.io/epos-eric/metadata-database/deploy:main is starting: 01ea14c634f6b1e97763c4cde0128ff3b5792778e1d7d18b43f966fc723c0983
2026-08-17 16:32:15 [main] INFO  t.g.io/epos-eric/metadata-database/deploy:main - Container ghcr.io/epos-eric/metadata-database/deploy:main started in PT4.483026492S
2026-08-17 16:32:15 [main] INFO  t.g.io/epos-eric/metadata-database/deploy:main - Container is started (JDBC URL: jdbc:postgresql://localhost:32899/cerif?loggerLevel=OFF)
2026-08-17 16:32:15 [main] INFO  com.zaxxer.hikari.HikariDataSource - metadata_catalogue - Starting...
2026-08-17 16:32:15 [main] INFO  com.zaxxer.hikari.pool.HikariPool - metadata_catalogue - Added connection org.postgresql.jdbc.PgConnection@59e6fb8a
2026-08-17 16:32:15 [main] INFO  com.zaxxer.hikari.HikariDataSource - metadata_catalogue - Start completed.
2026-08-17 16:32:16 [main] INFO  com.zaxxer.hikari.HikariDataSource - metadata_catalogue - Shutdown initiated...
2026-08-17 16:32:16 [main] INFO  com.zaxxer.hikari.HikariDataSource - metadata_catalogue - Shutdown completed.
2026-08-17 16:32:16 [main] INFO  t.g.io/epos-eric/metadata-database/deploy:main - Creating container for image: ghcr.io/epos-eric/metadata-database/deploy:main
2026-08-17 16:32:16 [main] INFO  t.g.io/epos-eric/metadata-database/deploy:main - Container ghcr.io/epos-eric/metadata-database/deploy:main is starting: ead0dc46ca4efd22307f5a0c61a29ac5d31b0393f5625c7f2c76d1b2277eeb3a
2026-08-17 16:32:20 [main] INFO  t.g.io/epos-eric/metadata-database/deploy:main - Container ghcr.io/epos-eric/metadata-database/deploy:main started in PT4.0906418S
2026-08-17 16:32:20 [main] INFO  t.g.io/epos-eric/metadata-database/deploy:main - Container is started (JDBC URL: jdbc:postgresql://localhost:32900/cerif?loggerLevel=OFF)
2026-08-17 16:32:20 [main] INFO  com.zaxxer.hikari.HikariDataSource - metadata_catalogue - Starting...
2026-08-17 16:32:20 [main] INFO  com.zaxxer.hikari.pool.HikariPool - metadata_catalogue - Added connection org.postgresql.jdbc.PgConnection@42a3e521
2026-08-17 16:32:20 [main] INFO  com.zaxxer.hikari.HikariDataSource - metadata_catalogue - Start completed.
2026-08-17 16:32:20 [main] INFO  com.zaxxer.hikari.HikariDataSource - metadata_catalogue - Shutdown initiated...
2026-08-17 16:32:20 [main] INFO  com.zaxxer.hikari.HikariDataSource - metadata_catalogue - Shutdown completed.
2026-08-17 16:32:21 [main] INFO  t.g.io/epos-eric/metadata-database/deploy:main - Creating container for image: ghcr.io/epos-eric/metadata-database/deploy:main
2026-08-17 16:32:21 [main] INFO  t.g.io/epos-eric/metadata-database/deploy:main - Container ghcr.io/epos-eric/metadata-database/deploy:main is starting: 3bda3ddd99191b31fba9959675364ced49f320ec9b3514090724f6c1ab57ec77
2026-08-17 16:32:24 [main] INFO  t.g.io/epos-eric/metadata-database/deploy:main - Container ghcr.io/epos-eric/metadata-database/deploy:main started in PT3.889047037S
2026-08-17 16:32:24 [main] INFO  t.g.io/epos-eric/metadata-database/deploy:main - Container is started (JDBC URL: jdbc:postgresql://localhost:32901/cerif?loggerLevel=OFF)
2026-08-17 16:32:24 [main] INFO  com.zaxxer.hikari.HikariDataSource - metadata_catalogue - Starting...
2026-08-17 16:32:24 [main] INFO  com.zaxxer.hikari.pool.HikariPool - metadata_catalogue - Added connection org.postgresql.jdbc.PgConnection@41f5f4ba
2026-08-17 16:32:24 [main] INFO  com.zaxxer.hikari.HikariDataSource - metadata_catalogue - Start completed.
2026-08-17 16:32:25 [main] INFO  com.zaxxer.hikari.HikariDataSource - metadata_catalogue - Shutdown initiated...
2026-08-17 16:32:25 [main] INFO  com.zaxxer.hikari.HikariDataSource - metadata_catalogue - Shutdown completed.
2026-08-17 16:32:25 [main] INFO  t.g.io/epos-eric/metadata-database/deploy:main - Creating container for image: ghcr.io/epos-eric/metadata-database/deploy:main
2026-08-17 16:32:26 [main] INFO  t.g.io/epos-eric/metadata-database/deploy:main - Container ghcr.io/epos-eric/metadata-database/deploy:main is starting: 56b1b9adbcdfaac956b56613ebcfb0af6e080216411b8f6d34f40e599d7c4ea9
2026-08-17 16:32:30 [main] INFO  t.g.io/epos-eric/metadata-database/deploy:main - Container ghcr.io/epos-eric/metadata-database/deploy:main started in PT4.591581088S
2026-08-17 16:32:30 [main] INFO  t.g.io/epos-eric/metadata-database/deploy:main - Container is started (JDBC URL: jdbc:postgresql://localhost:32902/cerif?loggerLevel=OFF)
2026-08-17 16:32:30 [main] INFO  com.zaxxer.hikari.HikariDataSource - metadata_catalogue - Starting...
2026-08-17 16:32:30 [main] INFO  com.zaxxer.hikari.pool.HikariPool - metadata_catalogue - Added connection org.postgresql.jdbc.PgConnection@32002a21
2026-08-17 16:32:30 [main] INFO  com.zaxxer.hikari.HikariDataSource - metadata_catalogue - Start completed.
2026-08-17 16:32:30 [main] INFO  com.zaxxer.hikari.HikariDataSource - metadata_catalogue - Shutdown initiated...
2026-08-17 16:32:30 [main] INFO  com.zaxxer.hikari.HikariDataSource - metadata_catalogue - Shutdown completed.
2026-08-17 16:32:30 [main] INFO  t.g.io/epos-eric/metadata-database/deploy:main - Creating container for image: ghcr.io/epos-eric/metadata-database/deploy:main
2026-08-17 16:32:31 [main] INFO  t.g.io/epos-eric/metadata-database/deploy:main - Container ghcr.io/epos-eric/metadata-database/deploy:main is starting: 6a9661bf7b9855c6070c617b7ccdc3c328e76f1dc406e3346812faf3bef3f450
2026-08-17 16:32:35 [main] INFO  t.g.io/epos-eric/metadata-database/deploy:main - Container ghcr.io/epos-eric/metadata-database/deploy:main started in PT4.502166021S
2026-08-17 16:32:35 [main] INFO  t.g.io/epos-eric/metadata-database/deploy:main - Container is started (JDBC URL: jdbc:postgresql://localhost:32903/cerif?loggerLevel=OFF)
2026-08-17 16:32:35 [main] INFO  com.zaxxer.hikari.HikariDataSource - metadata_catalogue - Starting...
2026-08-17 16:32:35 [main] INFO  com.zaxxer.hikari.pool.HikariPool - metadata_catalogue - Added connection org.postgresql.jdbc.PgConnection@e655f9
2026-08-17 16:32:35 [main] INFO  com.zaxxer.hikari.HikariDataSource - metadata_catalogue - Start completed.
2026-08-17 16:32:36 [main] INFO  com.zaxxer.hikari.HikariDataSource - metadata_catalogue - Shutdown initiated...
2026-08-17 16:32:36 [main] INFO  com.zaxxer.hikari.HikariDataSource - metadata_catalogue - Shutdown completed.
2026-08-17 16:32:36 [main] INFO  t.g.io/epos-eric/metadata-database/deploy:main - Creating container for image: ghcr.io/epos-eric/metadata-database/deploy:main
2026-08-17 16:32:36 [main] INFO  t.g.io/epos-eric/metadata-database/deploy:main - Container ghcr.io/epos-eric/metadata-database/deploy:main is starting: 1e67261f0ee22ad72c78d7b366ae687cbd5e277a0f37af4c79a725aad7c8dc31
2026-08-17 16:32:41 [main] INFO  t.g.io/epos-eric/metadata-database/deploy:main - Container ghcr.io/epos-eric/metadata-database/deploy:main started in PT4.551629294S
2026-08-17 16:32:41 [main] INFO  t.g.io/epos-eric/metadata-database/deploy:main - Container is started (JDBC URL: jdbc:postgresql://localhost:32904/cerif?loggerLevel=OFF)
2026-08-17 16:32:41 [main] INFO  com.zaxxer.hikari.HikariDataSource - metadata_catalogue - Starting...
2026-08-17 16:32:41 [main] INFO  com.zaxxer.hikari.pool.HikariPool - metadata_catalogue - Added connection org.postgresql.jdbc.PgConnection@60d5c16
2026-08-17 16:32:41 [main] INFO  com.zaxxer.hikari.HikariDataSource - metadata_catalogue - Start completed.
2026-08-17 16:32:43 [main] INFO  com.zaxxer.hikari.HikariDataSource - metadata_catalogue - Shutdown initiated...
2026-08-17 16:32:43 [main] INFO  com.zaxxer.hikari.HikariDataSource - metadata_catalogue - Shutdown completed.
2026-08-17 16:32:43 [main] INFO  t.g.io/epos-eric/metadata-database/deploy:main - Creating container for image: ghcr.io/epos-eric/metadata-database/deploy:main
2026-08-17 16:32:43 [main] INFO  t.g.io/epos-eric/metadata-database/deploy:main - Container ghcr.io/epos-eric/metadata-database/deploy:main is starting: 7235486b1e87edfff66574d2299961e5bf367c8bef9cdb0ad6806b40b0c7b527
2026-08-17 16:32:47 [main] INFO  t.g.io/epos-eric/metadata-database/deploy:main - Container ghcr.io/epos-eric/metadata-database/deploy:main started in PT3.867653209S
2026-08-17 16:32:47 [main] INFO  t.g.io/epos-eric/metadata-database/deploy:main - Container is started (JDBC URL: jdbc:postgresql://localhost:32905/cerif?loggerLevel=OFF)
2026-08-17 16:32:47 [main] INFO  com.zaxxer.hikari.HikariDataSource - metadata_catalogue - Starting...
2026-08-17 16:32:47 [main] INFO  com.zaxxer.hikari.pool.HikariPool - metadata_catalogue - Added connection org.postgresql.jdbc.PgConnection@6e15cbbd
2026-08-17 16:32:47 [main] INFO  com.zaxxer.hikari.HikariDataSource - metadata_catalogue - Start completed.
2026-08-17 16:32:47 [main] INFO  com.zaxxer.hikari.HikariDataSource - metadata_catalogue - Shutdown initiated...
2026-08-17 16:32:47 [main] INFO  com.zaxxer.hikari.HikariDataSource - metadata_catalogue - Shutdown completed.
2026-08-17 16:32:47 [main] INFO  t.g.io/epos-eric/metadata-database/deploy:main - Creating container for image: ghcr.io/epos-eric/metadata-database/deploy:main
2026-08-17 16:32:47 [main] INFO  t.g.io/epos-eric/metadata-database/deploy:main - Container ghcr.io/epos-eric/metadata-database/deploy:main is starting: 49e2e1477a5c231f48fc59c531dc8b1b4316f1c238e952542d847293b88f7e66
2026-08-17 16:32:51 [main] INFO  t.g.io/epos-eric/metadata-database/deploy:main - Container ghcr.io/epos-eric/metadata-database/deploy:main started in PT3.812143571S
2026-08-17 16:32:51 [main] INFO  t.g.io/epos-eric/metadata-database/deploy:main - Container is started (JDBC URL: jdbc:postgresql://localhost:32906/cerif?loggerLevel=OFF)
2026-08-17 16:32:51 [main] INFO  com.zaxxer.hikari.HikariDataSource - metadata_catalogue - Starting...
2026-08-17 16:32:51 [main] INFO  com.zaxxer.hikari.pool.HikariPool - metadata_catalogue - Added connection org.postgresql.jdbc.PgConnection@9a97d02
2026-08-17 16:32:51 [main] INFO  com.zaxxer.hikari.HikariDataSource - metadata_catalogue - Start completed.
2026-08-17 16:32:51 [main] INFO  com.zaxxer.hikari.HikariDataSource - metadata_catalogue - Shutdown initiated...
2026-08-17 16:32:51 [main] INFO  com.zaxxer.hikari.HikariDataSource - metadata_catalogue - Shutdown completed.
2026-08-17 16:32:52 [main] INFO  t.g.io/epos-eric/metadata-database/deploy:main - Creating container for image: ghcr.io/epos-eric/metadata-database/deploy:main
2026-08-17 16:32:52 [main] INFO  t.g.io/epos-eric/metadata-database/deploy:main - Container ghcr.io/epos-eric/metadata-database/deploy:main is starting: 525193db23dd9cb55507420361a026f68976f4beafa4dc223314fc89f74ef76a
2026-08-17 16:32:56 [main] INFO  t.g.io/epos-eric/metadata-database/deploy:main - Container ghcr.io/epos-eric/metadata-database/deploy:main started in PT4.123068809S
2026-08-17 16:32:56 [main] INFO  t.g.io/epos-eric/metadata-database/deploy:main - Container is started (JDBC URL: jdbc:postgresql://localhost:32907/cerif?loggerLevel=OFF)
2026-08-17 16:32:56 [main] INFO  com.zaxxer.hikari.HikariDataSource - metadata_catalogue - Starting...
2026-08-17 16:32:56 [main] INFO  com.zaxxer.hikari.pool.HikariPool - metadata_catalogue - Added connection org.postgresql.jdbc.PgConnection@75345061
2026-08-17 16:32:56 [main] INFO  com.zaxxer.hikari.HikariDataSource - metadata_catalogue - Start completed.
2026-08-17 16:32:56 [main] INFO  com.zaxxer.hikari.HikariDataSource - metadata_catalogue - Shutdown initiated...
2026-08-17 16:32:56 [main] INFO  com.zaxxer.hikari.HikariDataSource - metadata_catalogue - Shutdown completed.
2026-08-17 16:32:56 [main] INFO  t.g.io/epos-eric/metadata-database/deploy:main - Creating container for image: ghcr.io/epos-eric/metadata-database/deploy:main
2026-08-17 16:32:56 [main] INFO  t.g.io/epos-eric/metadata-database/deploy:main - Container ghcr.io/epos-eric/metadata-database/deploy:main is starting: ab9314bfb555684523bf0a6d4d1c6355544064d4b088f4473eb928f9ba613ba1
2026-08-17 16:33:00 [main] INFO  t.g.io/epos-eric/metadata-database/deploy:main - Container ghcr.io/epos-eric/metadata-database/deploy:main started in PT4.251145384S
2026-08-17 16:33:00 [main] INFO  t.g.io/epos-eric/metadata-database/deploy:main - Container is started (JDBC URL: jdbc:postgresql://localhost:32908/cerif?loggerLevel=OFF)
2026-08-17 16:33:00 [main] INFO  com.zaxxer.hikari.HikariDataSource - metadata_catalogue - Starting...
2026-08-17 16:33:00 [main] INFO  com.zaxxer.hikari.pool.HikariPool - metadata_catalogue - Added connection org.postgresql.jdbc.PgConnection@67ea360f
2026-08-17 16:33:00 [main] INFO  com.zaxxer.hikari.HikariDataSource - metadata_catalogue - Start completed.
2026-08-17 16:33:01 [main] INFO  com.zaxxer.hikari.HikariDataSource - metadata_catalogue - Shutdown initiated...
2026-08-17 16:33:01 [main] INFO  com.zaxxer.hikari.HikariDataSource - metadata_catalogue - Shutdown completed.
2026-08-17 16:33:01 [main] INFO  t.g.io/epos-eric/metadata-database/deploy:main - Creating container for image: ghcr.io/epos-eric/metadata-database/deploy:main
2026-08-17 16:33:01 [main] INFO  t.g.io/epos-eric/metadata-database/deploy:main - Container ghcr.io/epos-eric/metadata-database/deploy:main is starting: c041b25c6bcd0ff0f338404030ff8baa1742a23640a37ac0012263227bcfb15f
2026-08-17 16:33:05 [main] INFO  t.g.io/epos-eric/metadata-database/deploy:main - Container ghcr.io/epos-eric/metadata-database/deploy:main started in PT4.116547642S
2026-08-17 16:33:05 [main] INFO  t.g.io/epos-eric/metadata-database/deploy:main - Container is started (JDBC URL: jdbc:postgresql://localhost:32909/cerif?loggerLevel=OFF)
2026-08-17 16:33:05 [main] INFO  com.zaxxer.hikari.HikariDataSource - metadata_catalogue - Starting...
2026-08-17 16:33:05 [main] INFO  com.zaxxer.hikari.pool.HikariPool - metadata_catalogue - Added connection org.postgresql.jdbc.PgConnection@6e8d2ccd
2026-08-17 16:33:05 [main] INFO  com.zaxxer.hikari.HikariDataSource - metadata_catalogue - Start completed.
2026-08-17 16:33:07 [main] INFO  com.zaxxer.hikari.HikariDataSource - metadata_catalogue - Shutdown initiated...
2026-08-17 16:33:07 [main] INFO  com.zaxxer.hikari.HikariDataSource - metadata_catalogue - Shutdown completed.
2026-08-17 16:33:07 [main] INFO  t.g.io/epos-eric/metadata-database/deploy:main - Creating container for image: ghcr.io/epos-eric/metadata-database/deploy:main
2026-08-17 16:33:07 [main] INFO  t.g.io/epos-eric/metadata-database/deploy:main - Container ghcr.io/epos-eric/metadata-database/deploy:main is starting: 4b4b596c60cb72027ad9f43e6ef49931bcd44d8f5a655849cc225f22a627b699
2026-08-17 16:33:11 [main] INFO  t.g.io/epos-eric/metadata-database/deploy:main - Container ghcr.io/epos-eric/metadata-database/deploy:main started in PT4.056032218S
2026-08-17 16:33:11 [main] INFO  t.g.io/epos-eric/metadata-database/deploy:main - Container is started (JDBC URL: jdbc:postgresql://localhost:32910/cerif?loggerLevel=OFF)
2026-08-17 16:33:11 [main] INFO  com.zaxxer.hikari.HikariDataSource - metadata_catalogue - Starting...
2026-08-17 16:33:11 [main] INFO  com.zaxxer.hikari.pool.HikariPool - metadata_catalogue - Added connection org.postgresql.jdbc.PgConnection@1d7630cb
2026-08-17 16:33:11 [main] INFO  com.zaxxer.hikari.HikariDataSource - metadata_catalogue - Start completed.
2026-08-17 16:33:12 [main] INFO  com.zaxxer.hikari.HikariDataSource - metadata_catalogue - Shutdown initiated...
2026-08-17 16:33:12 [main] INFO  com.zaxxer.hikari.HikariDataSource - metadata_catalogue - Shutdown completed.
2026-08-17 16:33:12 [main] INFO  t.g.io/epos-eric/metadata-database/deploy:main - Creating container for image: ghcr.io/epos-eric/metadata-database/deploy:main
2026-08-17 16:33:12 [main] INFO  t.g.io/epos-eric/metadata-database/deploy:main - Container ghcr.io/epos-eric/metadata-database/deploy:main is starting: 8cf3f5cf2e8d3adeb079f124ae8a043d56e9494d4fd0d4d7732c80054fc620d3
2026-08-17 16:33:17 [main] INFO  t.g.io/epos-eric/metadata-database/deploy:main - Container ghcr.io/epos-eric/metadata-database/deploy:main started in PT4.610098818S
2026-08-17 16:33:17 [main] INFO  t.g.io/epos-eric/metadata-database/deploy:main - Container is started (JDBC URL: jdbc:postgresql://localhost:32911/cerif?loggerLevel=OFF)
2026-08-17 16:33:17 [main] INFO  com.zaxxer.hikari.HikariDataSource - metadata_catalogue - Starting...
2026-08-17 16:33:17 [main] INFO  com.zaxxer.hikari.pool.HikariPool - metadata_catalogue - Added connection org.postgresql.jdbc.PgConnection@6dadcf34
2026-08-17 16:33:17 [main] INFO  com.zaxxer.hikari.HikariDataSource - metadata_catalogue - Start completed.
2026-08-17 16:33:17 [main] INFO  com.zaxxer.hikari.HikariDataSource - metadata_catalogue - Shutdown initiated...
2026-08-17 16:33:17 [main] INFO  com.zaxxer.hikari.HikariDataSource - metadata_catalogue - Shutdown completed.
2026-08-17 16:33:17 [main] INFO  t.g.io/epos-eric/metadata-database/deploy:main - Creating container for image: ghcr.io/epos-eric/metadata-database/deploy:main
2026-08-17 16:33:18 [main] INFO  t.g.io/epos-eric/metadata-database/deploy:main - Container ghcr.io/epos-eric/metadata-database/deploy:main is starting: 3194eddf0f260c9fb999238c27c2521df81205b7903eddb5ba5dd5c7488c2f1c
2026-08-17 16:33:22 [main] INFO  t.g.io/epos-eric/metadata-database/deploy:main - Container ghcr.io/epos-eric/metadata-database/deploy:main started in PT4.440090234S
2026-08-17 16:33:22 [main] INFO  t.g.io/epos-eric/metadata-database/deploy:main - Container is started (JDBC URL: jdbc:postgresql://localhost:32912/cerif?loggerLevel=OFF)
2026-08-17 16:33:22 [main] INFO  com.zaxxer.hikari.HikariDataSource - metadata_catalogue - Starting...
2026-08-17 16:33:22 [main] INFO  com.zaxxer.hikari.pool.HikariPool - metadata_catalogue - Added connection org.postgresql.jdbc.PgConnection@7c8fe8cd
2026-08-17 16:33:22 [main] INFO  com.zaxxer.hikari.HikariDataSource - metadata_catalogue - Start completed.
2026-08-17 16:33:22 [main] INFO  com.zaxxer.hikari.HikariDataSource - metadata_catalogue - Shutdown initiated...
2026-08-17 16:33:22 [main] INFO  com.zaxxer.hikari.HikariDataSource - metadata_catalogue - Shutdown completed.
2026-08-17 16:33:23 [main] INFO  t.g.io/epos-eric/metadata-database/deploy:main - Creating container for image: ghcr.io/epos-eric/metadata-database/deploy:main
2026-08-17 16:33:23 [main] INFO  t.g.io/epos-eric/metadata-database/deploy:main - Container ghcr.io/epos-eric/metadata-database/deploy:main is starting: 97459d496a685dbb3c6e06909504538d56b5f550a3dddfb3a2cf19df085d9256
2026-08-17 16:33:27 [main] INFO  t.g.io/epos-eric/metadata-database/deploy:main - Container ghcr.io/epos-eric/metadata-database/deploy:main started in PT4.406172716S
2026-08-17 16:33:27 [main] INFO  t.g.io/epos-eric/metadata-database/deploy:main - Container is started (JDBC URL: jdbc:postgresql://localhost:32913/cerif?loggerLevel=OFF)
2026-08-17 16:33:27 [main] INFO  com.zaxxer.hikari.HikariDataSource - metadata_catalogue - Starting...
2026-08-17 16:33:27 [main] INFO  com.zaxxer.hikari.pool.HikariPool - metadata_catalogue - Added connection org.postgresql.jdbc.PgConnection@7c9eb178
2026-08-17 16:33:27 [main] INFO  com.zaxxer.hikari.HikariDataSource - metadata_catalogue - Start completed.
2026-08-17 16:33:27 [main] INFO  com.zaxxer.hikari.HikariDataSource - metadata_catalogue - Shutdown initiated...
2026-08-17 16:33:27 [main] INFO  com.zaxxer.hikari.HikariDataSource - metadata_catalogue - Shutdown completed.
2026-08-17 16:33:28 [main] INFO  t.g.io/epos-eric/metadata-database/deploy:main - Creating container for image: ghcr.io/epos-eric/metadata-database/deploy:main
2026-08-17 16:33:28 [main] INFO  t.g.io/epos-eric/metadata-database/deploy:main - Container ghcr.io/epos-eric/metadata-database/deploy:main is starting: 51831b8654882d2c656634c5c264b33ae0c6eb42402ea840ca780866cc7263e3
2026-08-17 16:33:32 [main] INFO  t.g.io/epos-eric/metadata-database/deploy:main - Container ghcr.io/epos-eric/metadata-database/deploy:main started in PT4.17169831S
2026-08-17 16:33:32 [main] INFO  t.g.io/epos-eric/metadata-database/deploy:main - Container is started (JDBC URL: jdbc:postgresql://localhost:32914/cerif?loggerLevel=OFF)
2026-08-17 16:33:32 [main] INFO  com.zaxxer.hikari.HikariDataSource - metadata_catalogue - Starting...
2026-08-17 16:33:32 [main] INFO  com.zaxxer.hikari.pool.HikariPool - metadata_catalogue - Added connection org.postgresql.jdbc.PgConnection@261bfdd6
2026-08-17 16:33:32 [main] INFO  com.zaxxer.hikari.HikariDataSource - metadata_catalogue - Start completed.
2026-08-17 16:33:33 [main] INFO  com.zaxxer.hikari.HikariDataSource - metadata_catalogue - Shutdown initiated...
2026-08-17 16:33:33 [main] INFO  com.zaxxer.hikari.HikariDataSource - metadata_catalogue - Shutdown completed.
2026-08-17 16:33:33 [main] INFO  t.g.io/epos-eric/metadata-database/deploy:main - Creating container for image: ghcr.io/epos-eric/metadata-database/deploy:main
2026-08-17 16:33:33 [main] INFO  t.g.io/epos-eric/metadata-database/deploy:main - Container ghcr.io/epos-eric/metadata-database/deploy:main is starting: cd27c2a613265f3dc4cfe047f8d88ea673a7faa9ba9ba02e945c8ff27d23b280
2026-08-17 16:33:37 [main] INFO  t.g.io/epos-eric/metadata-database/deploy:main - Container ghcr.io/epos-eric/metadata-database/deploy:main started in PT3.924460398S
2026-08-17 16:33:37 [main] INFO  t.g.io/epos-eric/metadata-database/deploy:main - Container is started (JDBC URL: jdbc:postgresql://localhost:32915/cerif?loggerLevel=OFF)
2026-08-17 16:33:37 [main] INFO  com.zaxxer.hikari.HikariDataSource - metadata_catalogue - Starting...
2026-08-17 16:33:37 [main] INFO  com.zaxxer.hikari.pool.HikariPool - metadata_catalogue - Added connection org.postgresql.jdbc.PgConnection@4334e80a
2026-08-17 16:33:37 [main] INFO  com.zaxxer.hikari.HikariDataSource - metadata_catalogue - Start completed.
2026-08-17 16:33:37 [main] INFO  com.zaxxer.hikari.HikariDataSource - metadata_catalogue - Shutdown initiated...
2026-08-17 16:33:37 [main] INFO  com.zaxxer.hikari.HikariDataSource - metadata_catalogue - Shutdown completed.
2026-08-17 16:33:38 [main] INFO  t.g.io/epos-eric/metadata-database/deploy:main - Creating container for image: ghcr.io/epos-eric/metadata-database/deploy:main
2026-08-17 16:33:38 [main] INFO  t.g.io/epos-eric/metadata-database/deploy:main - Container ghcr.io/epos-eric/metadata-database/deploy:main is starting: 92b648558c5d3932eb3428298bed01058de981455a49ce16bcea0337ed0d9288
2026-08-17 16:33:42 [main] INFO  t.g.io/epos-eric/metadata-database/deploy:main - Container ghcr.io/epos-eric/metadata-database/deploy:main started in PT4.670664956S
2026-08-17 16:33:42 [main] INFO  t.g.io/epos-eric/metadata-database/deploy:main - Container is started (JDBC URL: jdbc:postgresql://localhost:32916/cerif?loggerLevel=OFF)
2026-08-17 16:33:42 [main] INFO  com.zaxxer.hikari.HikariDataSource - metadata_catalogue - Starting...
2026-08-17 16:33:42 [main] INFO  com.zaxxer.hikari.pool.HikariPool - metadata_catalogue - Added connection org.postgresql.jdbc.PgConnection@6d088a74
2026-08-17 16:33:42 [main] INFO  com.zaxxer.hikari.HikariDataSource - metadata_catalogue - Start completed.
2026-08-17 16:33:43 [main] INFO  com.zaxxer.hikari.HikariDataSource - metadata_catalogue - Shutdown initiated...
2026-08-17 16:33:43 [main] INFO  com.zaxxer.hikari.HikariDataSource - metadata_catalogue - Shutdown completed.
2026-08-17 16:33:43 [main] INFO  t.g.io/epos-eric/metadata-database/deploy:main - Creating container for image: ghcr.io/epos-eric/metadata-database/deploy:main
2026-08-17 16:33:43 [main] INFO  t.g.io/epos-eric/metadata-database/deploy:main - Container ghcr.io/epos-eric/metadata-database/deploy:main is starting: e7e2c4af31277c6e23c63fca3f53dbdc4de854ef802194caf3e7d9b69576ac11
2026-08-17 16:33:47 [main] INFO  t.g.io/epos-eric/metadata-database/deploy:main - Container ghcr.io/epos-eric/metadata-database/deploy:main started in PT4.430645566S
2026-08-17 16:33:47 [main] INFO  t.g.io/epos-eric/metadata-database/deploy:main - Container is started (JDBC URL: jdbc:postgresql://localhost:32917/cerif?loggerLevel=OFF)
2026-08-17 16:33:47 [main] INFO  com.zaxxer.hikari.HikariDataSource - metadata_catalogue - Starting...
2026-08-17 16:33:47 [main] INFO  com.zaxxer.hikari.pool.HikariPool - metadata_catalogue - Added connection org.postgresql.jdbc.PgConnection@2f079444
2026-08-17 16:33:47 [main] INFO  com.zaxxer.hikari.HikariDataSource - metadata_catalogue - Start completed.
2026-08-17 16:33:48 [main] INFO  com.zaxxer.hikari.HikariDataSource - metadata_catalogue - Shutdown initiated...
2026-08-17 16:33:48 [main] INFO  com.zaxxer.hikari.HikariDataSource - metadata_catalogue - Shutdown completed.
2026-08-17 16:33:48 [main] INFO  t.g.io/epos-eric/metadata-database/deploy:main - Creating container for image: ghcr.io/epos-eric/metadata-database/deploy:main
2026-08-17 16:33:48 [main] INFO  t.g.io/epos-eric/metadata-database/deploy:main - Container ghcr.io/epos-eric/metadata-database/deploy:main is starting: 0c102d59fedb94a9deb6a3eba9c3fc1af812e49ccbcb47ecb450109a1191201f
2026-08-17 16:33:52 [main] INFO  t.g.io/epos-eric/metadata-database/deploy:main - Container ghcr.io/epos-eric/metadata-database/deploy:main started in PT3.941364752S
2026-08-17 16:33:52 [main] INFO  t.g.io/epos-eric/metadata-database/deploy:main - Container is started (JDBC URL: jdbc:postgresql://localhost:32918/cerif?loggerLevel=OFF)
2026-08-17 16:33:52 [main] INFO  com.zaxxer.hikari.HikariDataSource - metadata_catalogue - Starting...
2026-08-17 16:33:52 [main] INFO  com.zaxxer.hikari.pool.HikariPool - metadata_catalogue - Added connection org.postgresql.jdbc.PgConnection@64fe398f
2026-08-17 16:33:52 [main] INFO  com.zaxxer.hikari.HikariDataSource - metadata_catalogue - Start completed.
2026-08-17 16:33:52 [main] INFO  com.zaxxer.hikari.HikariDataSource - metadata_catalogue - Shutdown initiated...
2026-08-17 16:33:52 [main] INFO  com.zaxxer.hikari.HikariDataSource - metadata_catalogue - Shutdown completed.
2026-08-17 16:33:52 [main] INFO  t.g.io/epos-eric/metadata-database/deploy:main - Creating container for image: ghcr.io/epos-eric/metadata-database/deploy:main
2026-08-17 16:33:53 [main] INFO  t.g.io/epos-eric/metadata-database/deploy:main - Container ghcr.io/epos-eric/metadata-database/deploy:main is starting: 10379ad43706d84b9ac5310508dfafe94a839fad0199b1ad1f706442d1f6863e
2026-08-17 16:33:57 [main] INFO  t.g.io/epos-eric/metadata-database/deploy:main - Container ghcr.io/epos-eric/metadata-database/deploy:main started in PT4.363455443S
2026-08-17 16:33:57 [main] INFO  t.g.io/epos-eric/metadata-database/deploy:main - Container is started (JDBC URL: jdbc:postgresql://localhost:32919/cerif?loggerLevel=OFF)
2026-08-17 16:33:57 [main] INFO  com.zaxxer.hikari.HikariDataSource - metadata_catalogue - Starting...
2026-08-17 16:33:57 [main] INFO  com.zaxxer.hikari.pool.HikariPool - metadata_catalogue - Added connection org.postgresql.jdbc.PgConnection@7d52e1f8
2026-08-17 16:33:57 [main] INFO  com.zaxxer.hikari.HikariDataSource - metadata_catalogue - Start completed.
2026-08-17 16:33:57 [main] INFO  com.zaxxer.hikari.HikariDataSource - metadata_catalogue - Shutdown initiated...
2026-08-17 16:33:57 [main] INFO  com.zaxxer.hikari.HikariDataSource - metadata_catalogue - Shutdown completed.
2026-08-17 16:33:57 [main] INFO  t.g.io/epos-eric/metadata-database/deploy:main - Creating container for image: ghcr.io/epos-eric/metadata-database/deploy:main
2026-08-17 16:33:57 [main] INFO  t.g.io/epos-eric/metadata-database/deploy:main - Container ghcr.io/epos-eric/metadata-database/deploy:main is starting: 9fb8efb893af5b79d2b3b83f142712d1213d9deb2089b5e4362dba4773e8e539
2026-08-17 16:34:01 [main] INFO  t.g.io/epos-eric/metadata-database/deploy:main - Container ghcr.io/epos-eric/metadata-database/deploy:main started in PT4.107345098S
2026-08-17 16:34:01 [main] INFO  t.g.io/epos-eric/metadata-database/deploy:main - Container is started (JDBC URL: jdbc:postgresql://localhost:32920/cerif?loggerLevel=OFF)
2026-08-17 16:34:01 [main] INFO  com.zaxxer.hikari.HikariDataSource - metadata_catalogue - Starting...
2026-08-17 16:34:01 [main] INFO  com.zaxxer.hikari.pool.HikariPool - metadata_catalogue - Added connection org.postgresql.jdbc.PgConnection@1e4e195b
2026-08-17 16:34:01 [main] INFO  com.zaxxer.hikari.HikariDataSource - metadata_catalogue - Start completed.
2026-08-17 16:34:02 [main] INFO  com.zaxxer.hikari.HikariDataSource - metadata_catalogue - Shutdown initiated...
2026-08-17 16:34:02 [main] INFO  com.zaxxer.hikari.HikariDataSource - metadata_catalogue - Shutdown completed.
2026-08-17 16:34:02 [main] INFO  t.g.io/epos-eric/metadata-database/deploy:main - Creating container for image: ghcr.io/epos-eric/metadata-database/deploy:main
2026-08-17 16:34:03 [main] INFO  t.g.io/epos-eric/metadata-database/deploy:main - Container ghcr.io/epos-eric/metadata-database/deploy:main is starting: 242c29f859253a40a6c97fdfa1a75d7aeebb8087fcfb52aa57e09a1a5c02848d
2026-08-17 16:34:07 [main] INFO  t.g.io/epos-eric/metadata-database/deploy:main - Container ghcr.io/epos-eric/metadata-database/deploy:main started in PT4.531628871S
2026-08-17 16:34:07 [main] INFO  t.g.io/epos-eric/metadata-database/deploy:main - Container is started (JDBC URL: jdbc:postgresql://localhost:32921/cerif?loggerLevel=OFF)
2026-08-17 16:34:07 [main] INFO  com.zaxxer.hikari.HikariDataSource - metadata_catalogue - Starting...
2026-08-17 16:34:07 [main] INFO  com.zaxxer.hikari.pool.HikariPool - metadata_catalogue - Added connection org.postgresql.jdbc.PgConnection@5c93b372
2026-08-17 16:34:07 [main] INFO  com.zaxxer.hikari.HikariDataSource - metadata_catalogue - Start completed.
2026-08-17 16:34:07 [main] INFO  com.zaxxer.hikari.HikariDataSource - metadata_catalogue - Shutdown initiated...
2026-08-17 16:34:07 [main] INFO  com.zaxxer.hikari.HikariDataSource - metadata_catalogue - Shutdown completed.
2026-08-17 16:34:08 [main] INFO  t.g.io/epos-eric/metadata-database/deploy:main - Creating container for image: ghcr.io/epos-eric/metadata-database/deploy:main
2026-08-17 16:34:08 [main] INFO  t.g.io/epos-eric/metadata-database/deploy:main - Container ghcr.io/epos-eric/metadata-database/deploy:main is starting: 6ff6a816656604558fb09520abf12b133836350742df08d8dfeef186d95f65ff
2026-08-17 16:34:13 [main] INFO  t.g.io/epos-eric/metadata-database/deploy:main - Container ghcr.io/epos-eric/metadata-database/deploy:main started in PT4.82372713S
2026-08-17 16:34:13 [main] INFO  t.g.io/epos-eric/metadata-database/deploy:main - Container is started (JDBC URL: jdbc:postgresql://localhost:32922/cerif?loggerLevel=OFF)
2026-08-17 16:34:13 [main] INFO  com.zaxxer.hikari.HikariDataSource - metadata_catalogue - Starting...
2026-08-17 16:34:13 [main] INFO  com.zaxxer.hikari.pool.HikariPool - metadata_catalogue - Added connection org.postgresql.jdbc.PgConnection@94eebe2
2026-08-17 16:34:13 [main] INFO  com.zaxxer.hikari.HikariDataSource - metadata_catalogue - Start completed.
2026-08-17 16:34:13 [main] INFO  com.zaxxer.hikari.HikariDataSource - metadata_catalogue - Shutdown initiated...
2026-08-17 16:34:13 [main] INFO  com.zaxxer.hikari.HikariDataSource - metadata_catalogue - Shutdown completed.
2026-08-17 16:34:13 [main] INFO  t.g.io/epos-eric/metadata-database/deploy:main - Creating container for image: ghcr.io/epos-eric/metadata-database/deploy:main
2026-08-17 16:34:13 [main] INFO  t.g.io/epos-eric/metadata-database/deploy:main - Container ghcr.io/epos-eric/metadata-database/deploy:main is starting: 73be91c63f2b0d075c23210089ce238be74d1ef3e18f282f549c39a39d3f914d
2026-08-17 16:34:18 [main] INFO  t.g.io/epos-eric/metadata-database/deploy:main - Container ghcr.io/epos-eric/metadata-database/deploy:main started in PT4.590153487S
2026-08-17 16:34:18 [main] INFO  t.g.io/epos-eric/metadata-database/deploy:main - Container is started (JDBC URL: jdbc:postgresql://localhost:32923/cerif?loggerLevel=OFF)
2026-08-17 16:34:18 [main] INFO  com.zaxxer.hikari.HikariDataSource - metadata_catalogue - Starting...
2026-08-17 16:34:18 [main] INFO  com.zaxxer.hikari.pool.HikariPool - metadata_catalogue - Added connection org.postgresql.jdbc.PgConnection@4e38f34
2026-08-17 16:34:18 [main] INFO  com.zaxxer.hikari.HikariDataSource - metadata_catalogue - Start completed.
2026-08-17 16:34:18 [main] INFO  com.zaxxer.hikari.HikariDataSource - metadata_catalogue - Shutdown initiated...
2026-08-17 16:34:18 [main] INFO  com.zaxxer.hikari.HikariDataSource - metadata_catalogue - Shutdown completed.
2026-08-17 16:34:18 [main] INFO  t.g.io/epos-eric/metadata-database/deploy:main - Creating container for image: ghcr.io/epos-eric/metadata-database/deploy:main
2026-08-17 16:34:19 [main] INFO  t.g.io/epos-eric/metadata-database/deploy:main - Container ghcr.io/epos-eric/metadata-database/deploy:main is starting: 2a9804849a9176e7173315bf283f905300786bee8cf8ec4f02d5ef364a3320b5
2026-08-17 16:34:22 [main] INFO  t.g.io/epos-eric/metadata-database/deploy:main - Container ghcr.io/epos-eric/metadata-database/deploy:main started in PT3.778634473S
2026-08-17 16:34:22 [main] INFO  t.g.io/epos-eric/metadata-database/deploy:main - Container is started (JDBC URL: jdbc:postgresql://localhost:32924/cerif?loggerLevel=OFF)
2026-08-17 16:34:22 [main] INFO  com.zaxxer.hikari.HikariDataSource - metadata_catalogue - Starting...
2026-08-17 16:34:22 [main] INFO  com.zaxxer.hikari.pool.HikariPool - metadata_catalogue - Added connection org.postgresql.jdbc.PgConnection@5f0107c8
2026-08-17 16:34:22 [main] INFO  com.zaxxer.hikari.HikariDataSource - metadata_catalogue - Start completed.
2026-08-17 16:34:23 [main] INFO  com.zaxxer.hikari.HikariDataSource - metadata_catalogue - Shutdown initiated...
2026-08-17 16:34:23 [main] INFO  com.zaxxer.hikari.HikariDataSource - metadata_catalogue - Shutdown completed.
2026-08-17 16:34:23 [main] INFO  t.g.io/epos-eric/metadata-database/deploy:main - Creating container for image: ghcr.io/epos-eric/metadata-database/deploy:main
2026-08-17 16:34:23 [main] INFO  t.g.io/epos-eric/metadata-database/deploy:main - Container ghcr.io/epos-eric/metadata-database/deploy:main is starting: 0c6c491263880ea9199d6515d62a4a6fe4032440c16e0c58b0d4e28cb8f58a82
2026-08-17 16:34:28 [main] INFO  t.g.io/epos-eric/metadata-database/deploy:main - Container ghcr.io/epos-eric/metadata-database/deploy:main started in PT4.980697488S
2026-08-17 16:34:28 [main] INFO  t.g.io/epos-eric/metadata-database/deploy:main - Container is started (JDBC URL: jdbc:postgresql://localhost:32925/cerif?loggerLevel=OFF)
2026-08-17 16:34:28 [main] INFO  com.zaxxer.hikari.HikariDataSource - metadata_catalogue - Starting...
2026-08-17 16:34:28 [main] INFO  com.zaxxer.hikari.pool.HikariPool - metadata_catalogue - Added connection org.postgresql.jdbc.PgConnection@1bae9b5b
2026-08-17 16:34:28 [main] INFO  com.zaxxer.hikari.HikariDataSource - metadata_catalogue - Start completed.
2026-08-17 16:34:28 [main] INFO  com.zaxxer.hikari.HikariDataSource - metadata_catalogue - Shutdown initiated...
2026-08-17 16:34:28 [main] INFO  com.zaxxer.hikari.HikariDataSource - metadata_catalogue - Shutdown completed.
2026-08-17 16:34:29 [main] INFO  t.g.io/epos-eric/metadata-database/deploy:main - Creating container for image: ghcr.io/epos-eric/metadata-database/deploy:main
2026-08-17 16:34:29 [main] INFO  t.g.io/epos-eric/metadata-database/deploy:main - Container ghcr.io/epos-eric/metadata-database/deploy:main is starting: e0b937b517a3f5af0b018b76cae53548205ee68aa830bf0fc80ac79bcaba4cf2
2026-08-17 16:34:33 [main] INFO  t.g.io/epos-eric/metadata-database/deploy:main - Container ghcr.io/epos-eric/metadata-database/deploy:main started in PT4.128456749S
2026-08-17 16:34:33 [main] INFO  t.g.io/epos-eric/metadata-database/deploy:main - Container is started (JDBC URL: jdbc:postgresql://localhost:32926/cerif?loggerLevel=OFF)
2026-08-17 16:34:33 [main] INFO  com.zaxxer.hikari.HikariDataSource - metadata_catalogue - Starting...
2026-08-17 16:34:33 [main] INFO  com.zaxxer.hikari.pool.HikariPool - metadata_catalogue - Added connection org.postgresql.jdbc.PgConnection@7dd3ed43
2026-08-17 16:34:33 [main] INFO  com.zaxxer.hikari.HikariDataSource - metadata_catalogue - Start completed.
2026-08-17 16:34:33 [main] INFO  com.zaxxer.hikari.HikariDataSource - metadata_catalogue - Shutdown initiated...
2026-08-17 16:34:33 [main] INFO  com.zaxxer.hikari.HikariDataSource - metadata_catalogue - Shutdown completed.
2026-08-17 16:34:33 [main] INFO  t.g.io/epos-eric/metadata-database/deploy:main - Creating container for image: ghcr.io/epos-eric/metadata-database/deploy:main
2026-08-17 16:34:33 [main] INFO  t.g.io/epos-eric/metadata-database/deploy:main - Container ghcr.io/epos-eric/metadata-database/deploy:main is starting: e91671d8a1cb0d99a659938d8bfd36cb092aed92205446c2cc283e2c25a7f3c8
2026-08-17 16:34:38 [main] INFO  t.g.io/epos-eric/metadata-database/deploy:main - Container ghcr.io/epos-eric/metadata-database/deploy:main started in PT4.891464509S
2026-08-17 16:34:38 [main] INFO  t.g.io/epos-eric/metadata-database/deploy:main - Container is started (JDBC URL: jdbc:postgresql://localhost:32927/cerif?loggerLevel=OFF)
2026-08-17 16:34:38 [main] INFO  com.zaxxer.hikari.HikariDataSource - metadata_catalogue - Starting...
2026-08-17 16:34:38 [main] INFO  com.zaxxer.hikari.pool.HikariPool - metadata_catalogue - Added connection org.postgresql.jdbc.PgConnection@464a5994
2026-08-17 16:34:38 [main] INFO  com.zaxxer.hikari.HikariDataSource - metadata_catalogue - Start completed.
2026-08-17 16:34:39 [main] INFO  com.zaxxer.hikari.HikariDataSource - metadata_catalogue - Shutdown initiated...
2026-08-17 16:34:39 [main] INFO  com.zaxxer.hikari.HikariDataSource - metadata_catalogue - Shutdown completed.
2026-08-17 16:34:39 [main] INFO  t.g.io/epos-eric/metadata-database/deploy:main - Creating container for image: ghcr.io/epos-eric/metadata-database/deploy:main
2026-08-17 16:34:39 [main] INFO  t.g.io/epos-eric/metadata-database/deploy:main - Container ghcr.io/epos-eric/metadata-database/deploy:main is starting: 0e46089b320f8744d931fdc67138027ea846c2f4129815860257586fc628c256
2026-08-17 16:34:43 [main] INFO  t.g.io/epos-eric/metadata-database/deploy:main - Container ghcr.io/epos-eric/metadata-database/deploy:main started in PT4.119721205S
2026-08-17 16:34:43 [main] INFO  t.g.io/epos-eric/metadata-database/deploy:main - Container is started (JDBC URL: jdbc:postgresql://localhost:32928/cerif?loggerLevel=OFF)
2026-08-17 16:34:43 [main] INFO  com.zaxxer.hikari.HikariDataSource - metadata_catalogue - Starting...
2026-08-17 16:34:43 [main] INFO  com.zaxxer.hikari.pool.HikariPool - metadata_catalogue - Added connection org.postgresql.jdbc.PgConnection@fabfb36
2026-08-17 16:34:43 [main] INFO  com.zaxxer.hikari.HikariDataSource - metadata_catalogue - Start completed.
2026-08-17 16:34:43 [main] INFO  com.zaxxer.hikari.HikariDataSource - metadata_catalogue - Shutdown initiated...
2026-08-17 16:34:43 [main] INFO  com.zaxxer.hikari.HikariDataSource - metadata_catalogue - Shutdown completed.
2026-08-17 16:34:43 [main] INFO  t.g.io/epos-eric/metadata-database/deploy:main - Creating container for image: ghcr.io/epos-eric/metadata-database/deploy:main
2026-08-17 16:34:44 [main] INFO  t.g.io/epos-eric/metadata-database/deploy:main - Container ghcr.io/epos-eric/metadata-database/deploy:main is starting: 570466c117759f60884a95c2aab82b2048fa27d98796dbab718f7cf2f193369d
2026-08-17 16:34:48 [main] INFO  t.g.io/epos-eric/metadata-database/deploy:main - Container ghcr.io/epos-eric/metadata-database/deploy:main started in PT4.159075011S
2026-08-17 16:34:48 [main] INFO  t.g.io/epos-eric/metadata-database/deploy:main - Container is started (JDBC URL: jdbc:postgresql://localhost:32929/cerif?loggerLevel=OFF)
2026-08-17 16:34:48 [main] INFO  com.zaxxer.hikari.HikariDataSource - metadata_catalogue - Starting...
2026-08-17 16:34:48 [main] INFO  com.zaxxer.hikari.pool.HikariPool - metadata_catalogue - Added connection org.postgresql.jdbc.PgConnection@2f6c5a76
2026-08-17 16:34:48 [main] INFO  com.zaxxer.hikari.HikariDataSource - metadata_catalogue - Start completed.
2026-08-17 16:34:48 [main] INFO  com.zaxxer.hikari.HikariDataSource - metadata_catalogue - Shutdown initiated...
2026-08-17 16:34:48 [main] INFO  com.zaxxer.hikari.HikariDataSource - metadata_catalogue - Shutdown completed.
2026-08-17 16:34:48 [main] INFO  t.g.io/epos-eric/metadata-database/deploy:main - Creating container for image: ghcr.io/epos-eric/metadata-database/deploy:main
2026-08-17 16:34:48 [main] INFO  t.g.io/epos-eric/metadata-database/deploy:main - Container ghcr.io/epos-eric/metadata-database/deploy:main is starting: 2deda40bc99a46ba2c5756b917035cf3255c6dea732a4c3ea61e88e1a256153d
2026-08-17 16:34:53 [main] INFO  t.g.io/epos-eric/metadata-database/deploy:main - Container ghcr.io/epos-eric/metadata-database/deploy:main started in PT4.665840748S
2026-08-17 16:34:53 [main] INFO  t.g.io/epos-eric/metadata-database/deploy:main - Container is started (JDBC URL: jdbc:postgresql://localhost:32930/cerif?loggerLevel=OFF)
2026-08-17 16:34:53 [main] INFO  com.zaxxer.hikari.HikariDataSource - metadata_catalogue - Starting...
2026-08-17 16:34:53 [main] INFO  com.zaxxer.hikari.pool.HikariPool - metadata_catalogue - Added connection org.postgresql.jdbc.PgConnection@4e202cff
2026-08-17 16:34:53 [main] INFO  com.zaxxer.hikari.HikariDataSource - metadata_catalogue - Start completed.
2026-08-17 16:34:53 [main] INFO  com.zaxxer.hikari.HikariDataSource - metadata_catalogue - Shutdown initiated...
2026-08-17 16:34:53 [main] INFO  com.zaxxer.hikari.HikariDataSource - metadata_catalogue - Shutdown completed.
2026-08-17 16:34:54 [main] INFO  t.g.io/epos-eric/metadata-database/deploy:main - Creating container for image: ghcr.io/epos-eric/metadata-database/deploy:main
2026-08-17 16:34:54 [main] INFO  t.g.io/epos-eric/metadata-database/deploy:main - Container ghcr.io/epos-eric/metadata-database/deploy:main is starting: f1d34960b0ff979f19f6f3a12975be4a93164de8ece66410f8c6efcdc01d4fde
2026-08-17 16:34:58 [main] INFO  t.g.io/epos-eric/metadata-database/deploy:main - Container ghcr.io/epos-eric/metadata-database/deploy:main started in PT4.247118031S
2026-08-17 16:34:58 [main] INFO  t.g.io/epos-eric/metadata-database/deploy:main - Container is started (JDBC URL: jdbc:postgresql://localhost:32931/cerif?loggerLevel=OFF)
2026-08-17 16:34:58 [main] INFO  com.zaxxer.hikari.HikariDataSource - metadata_catalogue - Starting...
2026-08-17 16:34:58 [main] INFO  com.zaxxer.hikari.pool.HikariPool - metadata_catalogue - Added connection org.postgresql.jdbc.PgConnection@7c7e1a15
2026-08-17 16:34:58 [main] INFO  com.zaxxer.hikari.HikariDataSource - metadata_catalogue - Start completed.
2026-08-17 16:34:58 [main] INFO  com.zaxxer.hikari.HikariDataSource - metadata_catalogue - Shutdown initiated...
2026-08-17 16:34:58 [main] INFO  com.zaxxer.hikari.HikariDataSource - metadata_catalogue - Shutdown completed.
2026-08-17 16:34:58 [main] INFO  t.g.io/epos-eric/metadata-database/deploy:main - Creating container for image: ghcr.io/epos-eric/metadata-database/deploy:main
2026-08-17 16:34:59 [main] INFO  t.g.io/epos-eric/metadata-database/deploy:main - Container ghcr.io/epos-eric/metadata-database/deploy:main is starting: 09fdf3050e20972e3391685c09976ff0164843d6c9811a127457b4d2d2198ac8
2026-08-17 16:35:02 [main] INFO  t.g.io/epos-eric/metadata-database/deploy:main - Container ghcr.io/epos-eric/metadata-database/deploy:main started in PT4.01883733S
2026-08-17 16:35:02 [main] INFO  t.g.io/epos-eric/metadata-database/deploy:main - Container is started (JDBC URL: jdbc:postgresql://localhost:32932/cerif?loggerLevel=OFF)
2026-08-17 16:35:02 [main] INFO  com.zaxxer.hikari.HikariDataSource - metadata_catalogue - Starting...
2026-08-17 16:35:02 [main] INFO  com.zaxxer.hikari.pool.HikariPool - metadata_catalogue - Added connection org.postgresql.jdbc.PgConnection@42820a1d
2026-08-17 16:35:02 [main] INFO  com.zaxxer.hikari.HikariDataSource - metadata_catalogue - Start completed.
2026-08-17 16:35:03 [main] INFO  com.zaxxer.hikari.HikariDataSource - metadata_catalogue - Shutdown initiated...
2026-08-17 16:35:03 [main] INFO  com.zaxxer.hikari.HikariDataSource - metadata_catalogue - Shutdown completed.
2026-08-17 16:35:03 [main] INFO  t.g.io/epos-eric/metadata-database/deploy:main - Creating container for image: ghcr.io/epos-eric/metadata-database/deploy:main
2026-08-17 16:35:04 [main] INFO  t.g.io/epos-eric/metadata-database/deploy:main - Container ghcr.io/epos-eric/metadata-database/deploy:main is starting: 7361deecff815030ad4ab679f9c22c84532f6d939b744dffe8233300c8fb8f26
2026-08-17 16:35:08 [main] INFO  t.g.io/epos-eric/metadata-database/deploy:main - Container ghcr.io/epos-eric/metadata-database/deploy:main started in PT4.832502046S
2026-08-17 16:35:08 [main] INFO  t.g.io/epos-eric/metadata-database/deploy:main - Container is started (JDBC URL: jdbc:postgresql://localhost:32933/cerif?loggerLevel=OFF)
2026-08-17 16:35:08 [main] INFO  com.zaxxer.hikari.HikariDataSource - metadata_catalogue - Starting...
2026-08-17 16:35:08 [main] INFO  com.zaxxer.hikari.pool.HikariPool - metadata_catalogue - Added connection org.postgresql.jdbc.PgConnection@53ad01cd
2026-08-17 16:35:08 [main] INFO  com.zaxxer.hikari.HikariDataSource - metadata_catalogue - Start completed.
2026-08-17 16:35:08 [main] INFO  com.zaxxer.hikari.HikariDataSource - metadata_catalogue - Shutdown initiated...
2026-08-17 16:35:08 [main] INFO  com.zaxxer.hikari.HikariDataSource - metadata_catalogue - Shutdown completed.
2026-08-17 16:35:09 [main] INFO  t.g.io/epos-eric/metadata-database/deploy:main - Creating container for image: ghcr.io/epos-eric/metadata-database/deploy:main
2026-08-17 16:35:09 [main] INFO  t.g.io/epos-eric/metadata-database/deploy:main - Container ghcr.io/epos-eric/metadata-database/deploy:main is starting: 637618762f5d62ba58b12817a840b043fbe261b3341c28071dc5dae3225cff58
2026-08-17 16:35:14 [main] INFO  t.g.io/epos-eric/metadata-database/deploy:main - Container ghcr.io/epos-eric/metadata-database/deploy:main started in PT4.940941185S
2026-08-17 16:35:14 [main] INFO  t.g.io/epos-eric/metadata-database/deploy:main - Container is started (JDBC URL: jdbc:postgresql://localhost:32934/cerif?loggerLevel=OFF)
2026-08-17 16:35:14 [main] INFO  com.zaxxer.hikari.HikariDataSource - metadata_catalogue - Starting...
2026-08-17 16:35:14 [main] INFO  com.zaxxer.hikari.pool.HikariPool - metadata_catalogue - Added connection org.postgresql.jdbc.PgConnection@215a1812
2026-08-17 16:35:14 [main] INFO  com.zaxxer.hikari.HikariDataSource - metadata_catalogue - Start completed.
2026-08-17 16:35:14 [main] INFO  com.zaxxer.hikari.HikariDataSource - metadata_catalogue - Shutdown initiated...
2026-08-17 16:35:14 [main] INFO  com.zaxxer.hikari.HikariDataSource - metadata_catalogue - Shutdown completed.
2026-08-17 16:35:15 [main] INFO  t.g.io/epos-eric/metadata-database/deploy:main - Creating container for image: ghcr.io/epos-eric/metadata-database/deploy:main
2026-08-17 16:35:15 [main] INFO  t.g.io/epos-eric/metadata-database/deploy:main - Container ghcr.io/epos-eric/metadata-database/deploy:main is starting: c24fc7ecd305860b3b985a1c401783156470098a6b2108049417960dd8208da6
2026-08-17 16:35:19 [main] INFO  t.g.io/epos-eric/metadata-database/deploy:main - Container ghcr.io/epos-eric/metadata-database/deploy:main started in PT4.163086657S
2026-08-17 16:35:19 [main] INFO  t.g.io/epos-eric/metadata-database/deploy:main - Container is started (JDBC URL: jdbc:postgresql://localhost:32935/cerif?loggerLevel=OFF)
2026-08-17 16:35:19 [main] INFO  com.zaxxer.hikari.HikariDataSource - metadata_catalogue - Starting...
2026-08-17 16:35:19 [main] INFO  com.zaxxer.hikari.pool.HikariPool - metadata_catalogue - Added connection org.postgresql.jdbc.PgConnection@6d743923
2026-08-17 16:35:19 [main] INFO  com.zaxxer.hikari.HikariDataSource - metadata_catalogue - Start completed.
2026-08-17 16:35:19 [main] INFO  com.zaxxer.hikari.HikariDataSource - metadata_catalogue - Shutdown initiated...
2026-08-17 16:35:19 [main] INFO  com.zaxxer.hikari.HikariDataSource - metadata_catalogue - Shutdown completed.
2026-08-17 16:35:19 [main] INFO  t.g.io/epos-eric/metadata-database/deploy:main - Creating container for image: ghcr.io/epos-eric/metadata-database/deploy:main
2026-08-17 16:35:19 [main] INFO  t.g.io/epos-eric/metadata-database/deploy:main - Container ghcr.io/epos-eric/metadata-database/deploy:main is starting: c9ac5a16fbb59c876617ff2c052e3e36f61866df8f7fff696f0deed0f9200340
2026-08-17 16:35:23 [main] INFO  t.g.io/epos-eric/metadata-database/deploy:main - Container ghcr.io/epos-eric/metadata-database/deploy:main started in PT4.077681795S
2026-08-17 16:35:23 [main] INFO  t.g.io/epos-eric/metadata-database/deploy:main - Container is started (JDBC URL: jdbc:postgresql://localhost:32936/cerif?loggerLevel=OFF)
2026-08-17 16:35:23 [main] INFO  com.zaxxer.hikari.HikariDataSource - metadata_catalogue - Starting...
2026-08-17 16:35:23 [main] INFO  com.zaxxer.hikari.pool.HikariPool - metadata_catalogue - Added connection org.postgresql.jdbc.PgConnection@7a15ab91
2026-08-17 16:35:23 [main] INFO  com.zaxxer.hikari.HikariDataSource - metadata_catalogue - Start completed.
2026-08-17 16:35:23 [main] INFO  com.zaxxer.hikari.HikariDataSource - metadata_catalogue - Shutdown initiated...
2026-08-17 16:35:23 [main] INFO  com.zaxxer.hikari.HikariDataSource - metadata_catalogue - Shutdown completed.
2026-08-17 16:35:24 [main] INFO  t.g.io/epos-eric/metadata-database/deploy:main - Creating container for image: ghcr.io/epos-eric/metadata-database/deploy:main
2026-08-17 16:35:24 [main] INFO  t.g.io/epos-eric/metadata-database/deploy:main - Container ghcr.io/epos-eric/metadata-database/deploy:main is starting: bb62467fa67f1d0add0956d187fc95988b967c9baa3e97218ee1c3eee6e38e33
2026-08-17 16:35:28 [main] INFO  t.g.io/epos-eric/metadata-database/deploy:main - Container ghcr.io/epos-eric/metadata-database/deploy:main started in PT4.510652661S
2026-08-17 16:35:28 [main] INFO  t.g.io/epos-eric/metadata-database/deploy:main - Container is started (JDBC URL: jdbc:postgresql://localhost:32937/cerif?loggerLevel=OFF)
2026-08-17 16:35:28 [main] INFO  com.zaxxer.hikari.HikariDataSource - metadata_catalogue - Starting...
2026-08-17 16:35:28 [main] INFO  com.zaxxer.hikari.pool.HikariPool - metadata_catalogue - Added connection org.postgresql.jdbc.PgConnection@68bc3559
2026-08-17 16:35:28 [main] INFO  com.zaxxer.hikari.HikariDataSource - metadata_catalogue - Start completed.
2026-08-17 16:35:29 [main] INFO  com.zaxxer.hikari.HikariDataSource - metadata_catalogue - Shutdown initiated...
2026-08-17 16:35:29 [main] INFO  com.zaxxer.hikari.HikariDataSource - metadata_catalogue - Shutdown completed.
2026-08-17 16:35:29 [main] INFO  t.g.io/epos-eric/metadata-database/deploy:main - Creating container for image: ghcr.io/epos-eric/metadata-database/deploy:main
2026-08-17 16:35:29 [main] INFO  t.g.io/epos-eric/metadata-database/deploy:main - Container ghcr.io/epos-eric/metadata-database/deploy:main is starting: 9d275945d6258719f59ff591adb00cd140ad9de35b6cd054bdeaba7b704ca237
2026-08-17 16:35:33 [main] INFO  t.g.io/epos-eric/metadata-database/deploy:main - Container ghcr.io/epos-eric/metadata-database/deploy:main started in PT3.778882269S
2026-08-17 16:35:33 [main] INFO  t.g.io/epos-eric/metadata-database/deploy:main - Container is started (JDBC URL: jdbc:postgresql://localhost:32938/cerif?loggerLevel=OFF)
2026-08-17 16:35:33 [main] INFO  com.zaxxer.hikari.HikariDataSource - metadata_catalogue - Starting...
2026-08-17 16:35:33 [main] INFO  com.zaxxer.hikari.pool.HikariPool - metadata_catalogue - Added connection org.postgresql.jdbc.PgConnection@41d8e631
2026-08-17 16:35:33 [main] INFO  com.zaxxer.hikari.HikariDataSource - metadata_catalogue - Start completed.
2026-08-17 16:35:35 [main] INFO  com.zaxxer.hikari.HikariDataSource - metadata_catalogue - Shutdown initiated...
2026-08-17 16:35:35 [main] INFO  com.zaxxer.hikari.HikariDataSource - metadata_catalogue - Shutdown completed.
2026-08-17 16:35:36 [main] INFO  t.g.io/epos-eric/metadata-database/deploy:main - Creating container for image: ghcr.io/epos-eric/metadata-database/deploy:main
2026-08-17 16:35:36 [main] INFO  t.g.io/epos-eric/metadata-database/deploy:main - Container ghcr.io/epos-eric/metadata-database/deploy:main is starting: f1c2995b7e39ee80a88f2f0c1fc240f9a59f99ee4da51e184d1506a29e2b8af2
2026-08-17 16:35:40 [main] INFO  t.g.io/epos-eric/metadata-database/deploy:main - Container ghcr.io/epos-eric/metadata-database/deploy:main started in PT3.770141605S
2026-08-17 16:35:40 [main] INFO  t.g.io/epos-eric/metadata-database/deploy:main - Container is started (JDBC URL: jdbc:postgresql://localhost:32939/cerif?loggerLevel=OFF)
2026-08-17 16:35:40 [main] INFO  com.zaxxer.hikari.HikariDataSource - metadata_catalogue - Starting...
2026-08-17 16:35:40 [main] INFO  com.zaxxer.hikari.pool.HikariPool - metadata_catalogue - Added connection org.postgresql.jdbc.PgConnection@76e1ad79
2026-08-17 16:35:40 [main] INFO  com.zaxxer.hikari.HikariDataSource - metadata_catalogue - Start completed.
2026-08-17 16:35:40 [main] INFO  com.zaxxer.hikari.HikariDataSource - metadata_catalogue - Shutdown initiated...
2026-08-17 16:35:40 [main] INFO  com.zaxxer.hikari.HikariDataSource - metadata_catalogue - Shutdown completed.
2026-08-17 16:35:41 [main] INFO  t.g.io/epos-eric/metadata-database/deploy:main - Creating container for image: ghcr.io/epos-eric/metadata-database/deploy:main
2026-08-17 16:35:41 [main] INFO  t.g.io/epos-eric/metadata-database/deploy:main - Container ghcr.io/epos-eric/metadata-database/deploy:main is starting: 179a8ccb6ad01fc4fb0a82707eba9e0ba991a22862f408b3fc75facd2dd927c3
2026-08-17 16:35:44 [main] INFO  t.g.io/epos-eric/metadata-database/deploy:main - Container ghcr.io/epos-eric/metadata-database/deploy:main started in PT3.411529513S
2026-08-17 16:35:44 [main] INFO  t.g.io/epos-eric/metadata-database/deploy:main - Container is started (JDBC URL: jdbc:postgresql://localhost:32940/cerif?loggerLevel=OFF)
2026-08-17 16:35:44 [main] INFO  com.zaxxer.hikari.HikariDataSource - metadata_catalogue - Starting...
2026-08-17 16:35:44 [main] INFO  com.zaxxer.hikari.pool.HikariPool - metadata_catalogue - Added connection org.postgresql.jdbc.PgConnection@576a71a2
2026-08-17 16:35:44 [main] INFO  com.zaxxer.hikari.HikariDataSource - metadata_catalogue - Start completed.
2026-08-17 16:35:44 [main] INFO  com.zaxxer.hikari.HikariDataSource - metadata_catalogue - Shutdown initiated...
2026-08-17 16:35:44 [main] INFO  com.zaxxer.hikari.HikariDataSource - metadata_catalogue - Shutdown completed.
2026-08-17 16:35:45 [main] INFO  t.g.io/epos-eric/metadata-database/deploy:main - Creating container for image: ghcr.io/epos-eric/metadata-database/deploy:main
2026-08-17 16:35:45 [main] INFO  t.g.io/epos-eric/metadata-database/deploy:main - Container ghcr.io/epos-eric/metadata-database/deploy:main is starting: f072d4f9a9d8041d4336f7e78a2269989264760a723e57ee00197fa4c5147e38
2026-08-17 16:35:49 [main] INFO  t.g.io/epos-eric/metadata-database/deploy:main - Container ghcr.io/epos-eric/metadata-database/deploy:main started in PT4.643510028S
2026-08-17 16:35:49 [main] INFO  t.g.io/epos-eric/metadata-database/deploy:main - Container is started (JDBC URL: jdbc:postgresql://localhost:32941/cerif?loggerLevel=OFF)
2026-08-17 16:35:49 [main] INFO  com.zaxxer.hikari.HikariDataSource - metadata_catalogue - Starting...
2026-08-17 16:35:49 [main] INFO  com.zaxxer.hikari.pool.HikariPool - metadata_catalogue - Added connection org.postgresql.jdbc.PgConnection@22c5f3e8
2026-08-17 16:35:49 [main] INFO  com.zaxxer.hikari.HikariDataSource - metadata_catalogue - Start completed.
2026-08-17 16:35:49 [main] INFO  com.zaxxer.hikari.HikariDataSource - metadata_catalogue - Shutdown initiated...
2026-08-17 16:35:50 [main] INFO  com.zaxxer.hikari.HikariDataSource - metadata_catalogue - Shutdown completed.
2026-08-17 16:35:50 [main] INFO  t.g.io/epos-eric/metadata-database/deploy:main - Creating container for image: ghcr.io/epos-eric/metadata-database/deploy:main
2026-08-17 16:35:50 [main] INFO  t.g.io/epos-eric/metadata-database/deploy:main - Container ghcr.io/epos-eric/metadata-database/deploy:main is starting: f680e517b69c75a1dbe375f40da7010ed206ca3f2bfb241492af347b5a2a4c19
2026-08-17 16:35:54 [main] INFO  t.g.io/epos-eric/metadata-database/deploy:main - Container ghcr.io/epos-eric/metadata-database/deploy:main started in PT3.93664037S
2026-08-17 16:35:54 [main] INFO  t.g.io/epos-eric/metadata-database/deploy:main - Container is started (JDBC URL: jdbc:postgresql://localhost:32942/cerif?loggerLevel=OFF)
2026-08-17 16:35:54 [main] INFO  com.zaxxer.hikari.HikariDataSource - metadata_catalogue - Starting...
2026-08-17 16:35:54 [main] INFO  com.zaxxer.hikari.pool.HikariPool - metadata_catalogue - Added connection org.postgresql.jdbc.PgConnection@419ae2fd
2026-08-17 16:35:54 [main] INFO  com.zaxxer.hikari.HikariDataSource - metadata_catalogue - Start completed.
2026-08-17 16:35:54 [main] INFO  com.zaxxer.hikari.HikariDataSource - metadata_catalogue - Shutdown initiated...
2026-08-17 16:35:54 [main] INFO  com.zaxxer.hikari.HikariDataSource - metadata_catalogue - Shutdown completed.
2026-08-17 16:35:54 [main] INFO  t.g.io/epos-eric/metadata-database/deploy:main - Creating container for image: ghcr.io/epos-eric/metadata-database/deploy:main
2026-08-17 16:35:55 [main] INFO  t.g.io/epos-eric/metadata-database/deploy:main - Container ghcr.io/epos-eric/metadata-database/deploy:main is starting: 5f51ddd18489764b9cbd0f6006d927d6186c1690a7299e5086ba1b502e3959ad
2026-08-17 16:35:59 [main] INFO  t.g.io/epos-eric/metadata-database/deploy:main - Container ghcr.io/epos-eric/metadata-database/deploy:main started in PT4.317378767S
2026-08-17 16:35:59 [main] INFO  t.g.io/epos-eric/metadata-database/deploy:main - Container is started (JDBC URL: jdbc:postgresql://localhost:32943/cerif?loggerLevel=OFF)
2026-08-17 16:35:59 [main] INFO  com.zaxxer.hikari.HikariDataSource - metadata_catalogue - Starting...
2026-08-17 16:35:59 [main] INFO  com.zaxxer.hikari.pool.HikariPool - metadata_catalogue - Added connection org.postgresql.jdbc.PgConnection@26eae24f
2026-08-17 16:35:59 [main] INFO  com.zaxxer.hikari.HikariDataSource - metadata_catalogue - Start completed.
2026-08-17 16:35:59 [main] INFO  com.zaxxer.hikari.HikariDataSource - metadata_catalogue - Shutdown initiated...
2026-08-17 16:35:59 [main] INFO  com.zaxxer.hikari.HikariDataSource - metadata_catalogue - Shutdown completed.
2026-08-17 16:35:59 [main] INFO  t.g.io/epos-eric/metadata-database/deploy:main - Creating container for image: ghcr.io/epos-eric/metadata-database/deploy:main
2026-08-17 16:35:59 [main] INFO  t.g.io/epos-eric/metadata-database/deploy:main - Container ghcr.io/epos-eric/metadata-database/deploy:main is starting: f3a173c13368bfd363a59276924597793752db3d737a398eac9b23926f68ab25
2026-08-17 16:36:04 [main] INFO  t.g.io/epos-eric/metadata-database/deploy:main - Container ghcr.io/epos-eric/metadata-database/deploy:main started in PT4.576037711S
2026-08-17 16:36:04 [main] INFO  t.g.io/epos-eric/metadata-database/deploy:main - Container is started (JDBC URL: jdbc:postgresql://localhost:32944/cerif?loggerLevel=OFF)
2026-08-17 16:36:04 [main] INFO  com.zaxxer.hikari.HikariDataSource - metadata_catalogue - Starting...
2026-08-17 16:36:04 [main] INFO  com.zaxxer.hikari.pool.HikariPool - metadata_catalogue - Added connection org.postgresql.jdbc.PgConnection@4f90dbd0
2026-08-17 16:36:04 [main] INFO  com.zaxxer.hikari.HikariDataSource - metadata_catalogue - Start completed.
2026-08-17 16:36:04 [main] INFO  com.zaxxer.hikari.HikariDataSource - metadata_catalogue - Shutdown initiated...
2026-08-17 16:36:04 [main] INFO  com.zaxxer.hikari.HikariDataSource - metadata_catalogue - Shutdown completed.
2026-08-17 16:36:05 [main] INFO  t.g.io/epos-eric/metadata-database/deploy:main - Creating container for image: ghcr.io/epos-eric/metadata-database/deploy:main
2026-08-17 16:36:05 [main] INFO  t.g.io/epos-eric/metadata-database/deploy:main - Container ghcr.io/epos-eric/metadata-database/deploy:main is starting: 2c623ef9231c56a20619436fcb09459a2997d3c3893c6ca9bc6821fb026c5744
2026-08-17 16:36:09 [main] INFO  t.g.io/epos-eric/metadata-database/deploy:main - Container ghcr.io/epos-eric/metadata-database/deploy:main started in PT3.981150016S
2026-08-17 16:36:09 [main] INFO  t.g.io/epos-eric/metadata-database/deploy:main - Container is started (JDBC URL: jdbc:postgresql://localhost:32945/cerif?loggerLevel=OFF)
2026-08-17 16:36:09 [main] INFO  com.zaxxer.hikari.HikariDataSource - metadata_catalogue - Starting...
2026-08-17 16:36:09 [main] INFO  com.zaxxer.hikari.pool.HikariPool - metadata_catalogue - Added connection org.postgresql.jdbc.PgConnection@6ca3ebbb
2026-08-17 16:36:09 [main] INFO  com.zaxxer.hikari.HikariDataSource - metadata_catalogue - Start completed.
2026-08-17 16:36:09 [main] INFO  com.zaxxer.hikari.HikariDataSource - metadata_catalogue - Shutdown initiated...
2026-08-17 16:36:09 [main] INFO  com.zaxxer.hikari.HikariDataSource - metadata_catalogue - Shutdown completed.
2026-08-17 16:36:10 [main] INFO  t.g.io/epos-eric/metadata-database/deploy:main - Creating container for image: ghcr.io/epos-eric/metadata-database/deploy:main
2026-08-17 16:36:10 [main] INFO  t.g.io/epos-eric/metadata-database/deploy:main - Container ghcr.io/epos-eric/metadata-database/deploy:main is starting: 66dba0a8f4a1caf7bd4faaaa5baac2c5226adaf7f49cf1650eb2b3dc50e93099
2026-08-17 16:36:14 [main] INFO  t.g.io/epos-eric/metadata-database/deploy:main - Container ghcr.io/epos-eric/metadata-database/deploy:main started in PT4.374498114S
2026-08-17 16:36:14 [main] INFO  t.g.io/epos-eric/metadata-database/deploy:main - Container is started (JDBC URL: jdbc:postgresql://localhost:32946/cerif?loggerLevel=OFF)
2026-08-17 16:36:14 [main] INFO  com.zaxxer.hikari.HikariDataSource - metadata_catalogue - Starting...
2026-08-17 16:36:14 [main] INFO  com.zaxxer.hikari.pool.HikariPool - metadata_catalogue - Added connection org.postgresql.jdbc.PgConnection@9451c13
2026-08-17 16:36:14 [main] INFO  com.zaxxer.hikari.HikariDataSource - metadata_catalogue - Start completed.
2026-08-17 16:36:14 [main] INFO  com.zaxxer.hikari.HikariDataSource - metadata_catalogue - Shutdown initiated...
2026-08-17 16:36:14 [main] INFO  com.zaxxer.hikari.HikariDataSource - metadata_catalogue - Shutdown completed.
2026-08-17 16:36:14 [main] INFO  t.g.io/epos-eric/metadata-database/deploy:main - Creating container for image: ghcr.io/epos-eric/metadata-database/deploy:main
2026-08-17 16:36:15 [main] INFO  t.g.io/epos-eric/metadata-database/deploy:main - Container ghcr.io/epos-eric/metadata-database/deploy:main is starting: aaa5ba67ea60d94b8c886175daf13dd981f926f8a77e920c5b319865f3e5a10b
2026-08-17 16:36:19 [main] INFO  t.g.io/epos-eric/metadata-database/deploy:main - Container ghcr.io/epos-eric/metadata-database/deploy:main started in PT4.765098292S
2026-08-17 16:36:19 [main] INFO  t.g.io/epos-eric/metadata-database/deploy:main - Container is started (JDBC URL: jdbc:postgresql://localhost:32947/cerif?loggerLevel=OFF)
2026-08-17 16:36:19 [main] INFO  com.zaxxer.hikari.HikariDataSource - metadata_catalogue - Starting...
2026-08-17 16:36:19 [main] INFO  com.zaxxer.hikari.pool.HikariPool - metadata_catalogue - Added connection org.postgresql.jdbc.PgConnection@649c8514
2026-08-17 16:36:19 [main] INFO  com.zaxxer.hikari.HikariDataSource - metadata_catalogue - Start completed.
2026-08-17 16:36:30 [main] INFO  com.zaxxer.hikari.HikariDataSource - metadata_catalogue - Shutdown initiated...
2026-08-17 16:36:30 [main] INFO  com.zaxxer.hikari.HikariDataSource - metadata_catalogue - Shutdown completed.
2026-08-17 16:36:30 [main] INFO  t.g.io/epos-eric/metadata-database/deploy:main - Creating container for image: ghcr.io/epos-eric/metadata-database/deploy:main
2026-08-17 16:36:31 [main] INFO  t.g.io/epos-eric/metadata-database/deploy:main - Container ghcr.io/epos-eric/metadata-database/deploy:main is starting: 4988da1092b52d189c2e851967e5febfeddae137192eab7228c738e0b0c69b51
2026-08-17 16:36:35 [main] INFO  t.g.io/epos-eric/metadata-database/deploy:main - Container ghcr.io/epos-eric/metadata-database/deploy:main started in PT4.150160081S
2026-08-17 16:36:35 [main] INFO  t.g.io/epos-eric/metadata-database/deploy:main - Container is started (JDBC URL: jdbc:postgresql://localhost:32948/cerif?loggerLevel=OFF)
2026-08-17 16:36:35 [main] INFO  com.zaxxer.hikari.HikariDataSource - metadata_catalogue - Starting...
2026-08-17 16:36:35 [main] INFO  com.zaxxer.hikari.pool.HikariPool - metadata_catalogue - Added connection org.postgresql.jdbc.PgConnection@6f1b1cc
2026-08-17 16:36:35 [main] INFO  com.zaxxer.hikari.HikariDataSource - metadata_catalogue - Start completed.
2026-08-17 16:36:35 [main] INFO  com.zaxxer.hikari.HikariDataSource - metadata_catalogue - Shutdown initiated...
2026-08-17 16:36:35 [main] INFO  com.zaxxer.hikari.HikariDataSource - metadata_catalogue - Shutdown completed.
2026-08-17 16:36:35 [main] INFO  t.g.io/epos-eric/metadata-database/deploy:main - Creating container for image: ghcr.io/epos-eric/metadata-database/deploy:main
2026-08-17 16:36:35 [main] INFO  t.g.io/epos-eric/metadata-database/deploy:main - Container ghcr.io/epos-eric/metadata-database/deploy:main is starting: 540046f4f3187f68955867d75704287b7d1f3f369f7bf9f735c595b90a5a7bd7
2026-08-17 16:36:39 [main] INFO  t.g.io/epos-eric/metadata-database/deploy:main - Container ghcr.io/epos-eric/metadata-database/deploy:main started in PT4.284818558S
2026-08-17 16:36:39 [main] INFO  t.g.io/epos-eric/metadata-database/deploy:main - Container is started (JDBC URL: jdbc:postgresql://localhost:32949/cerif?loggerLevel=OFF)
2026-08-17 16:36:39 [main] INFO  com.zaxxer.hikari.HikariDataSource - metadata_catalogue - Starting...
2026-08-17 16:36:39 [main] INFO  com.zaxxer.hikari.pool.HikariPool - metadata_catalogue - Added connection org.postgresql.jdbc.PgConnection@6655dd88
2026-08-17 16:36:39 [main] INFO  com.zaxxer.hikari.HikariDataSource - metadata_catalogue - Start completed.
2026-08-17 16:36:39 [main] INFO  com.zaxxer.hikari.HikariDataSource - metadata_catalogue - Shutdown initiated...
2026-08-17 16:36:39 [main] INFO  com.zaxxer.hikari.HikariDataSource - metadata_catalogue - Shutdown completed.
2026-08-17 16:36:40 [main] INFO  t.g.io/epos-eric/metadata-database/deploy:main - Creating container for image: ghcr.io/epos-eric/metadata-database/deploy:main
2026-08-17 16:36:40 [main] INFO  t.g.io/epos-eric/metadata-database/deploy:main - Container ghcr.io/epos-eric/metadata-database/deploy:main is starting: 01f87704d90f406c6b61ac2815386d3cba7ca2508ef3e22cd0bb0efa1e4d50d2
2026-08-17 16:36:44 [main] INFO  t.g.io/epos-eric/metadata-database/deploy:main - Container ghcr.io/epos-eric/metadata-database/deploy:main started in PT4.343901645S
2026-08-17 16:36:44 [main] INFO  t.g.io/epos-eric/metadata-database/deploy:main - Container is started (JDBC URL: jdbc:postgresql://localhost:32950/cerif?loggerLevel=OFF)
2026-08-17 16:36:44 [main] INFO  com.zaxxer.hikari.HikariDataSource - metadata_catalogue - Starting...
2026-08-17 16:36:44 [main] INFO  com.zaxxer.hikari.pool.HikariPool - metadata_catalogue - Added connection org.postgresql.jdbc.PgConnection@164f65da
2026-08-17 16:36:44 [main] INFO  com.zaxxer.hikari.HikariDataSource - metadata_catalogue - Start completed.
2026-08-17 16:36:44 [main] INFO  com.zaxxer.hikari.HikariDataSource - metadata_catalogue - Shutdown initiated...
2026-08-17 16:36:45 [main] INFO  com.zaxxer.hikari.HikariDataSource - metadata_catalogue - Shutdown completed.
2026-08-17 16:36:45 [main] INFO  t.g.io/epos-eric/metadata-database/deploy:main - Creating container for image: ghcr.io/epos-eric/metadata-database/deploy:main
2026-08-17 16:36:45 [main] INFO  t.g.io/epos-eric/metadata-database/deploy:main - Container ghcr.io/epos-eric/metadata-database/deploy:main is starting: 3400d611836d568b49be39e5723215c481a14deada2bc1e52f577c5e57c005b0
2026-08-17 16:36:49 [main] INFO  t.g.io/epos-eric/metadata-database/deploy:main - Container ghcr.io/epos-eric/metadata-database/deploy:main started in PT4.23677555S
2026-08-17 16:36:49 [main] INFO  t.g.io/epos-eric/metadata-database/deploy:main - Container is started (JDBC URL: jdbc:postgresql://localhost:32951/cerif?loggerLevel=OFF)
2026-08-17 16:36:49 [main] INFO  com.zaxxer.hikari.HikariDataSource - metadata_catalogue - Starting...
2026-08-17 16:36:49 [main] INFO  com.zaxxer.hikari.pool.HikariPool - metadata_catalogue - Added connection org.postgresql.jdbc.PgConnection@623317e2
2026-08-17 16:36:49 [main] INFO  com.zaxxer.hikari.HikariDataSource - metadata_catalogue - Start completed.
2026-08-17 16:36:50 [main] INFO  com.zaxxer.hikari.HikariDataSource - metadata_catalogue - Shutdown initiated...
2026-08-17 16:36:50 [main] INFO  com.zaxxer.hikari.HikariDataSource - metadata_catalogue - Shutdown completed.
2026-08-17 16:36:50 [main] INFO  t.g.io/epos-eric/metadata-database/deploy:main - Creating container for image: ghcr.io/epos-eric/metadata-database/deploy:main
2026-08-17 16:36:50 [main] INFO  t.g.io/epos-eric/metadata-database/deploy:main - Container ghcr.io/epos-eric/metadata-database/deploy:main is starting: 028d0acd34ae0737d9d580960d0e2786802ffd42d4ad130436f48e1d08713642
2026-08-17 16:36:55 [main] INFO  t.g.io/epos-eric/metadata-database/deploy:main - Container ghcr.io/epos-eric/metadata-database/deploy:main started in PT4.377795732S
2026-08-17 16:36:55 [main] INFO  t.g.io/epos-eric/metadata-database/deploy:main - Container is started (JDBC URL: jdbc:postgresql://localhost:32952/cerif?loggerLevel=OFF)
2026-08-17 16:36:55 [main] INFO  com.zaxxer.hikari.HikariDataSource - metadata_catalogue - Starting...
2026-08-17 16:36:55 [main] INFO  com.zaxxer.hikari.pool.HikariPool - metadata_catalogue - Added connection org.postgresql.jdbc.PgConnection@30b2d0a
2026-08-17 16:36:55 [main] INFO  com.zaxxer.hikari.HikariDataSource - metadata_catalogue - Start completed.
2026-08-17 16:36:55 [main] INFO  com.zaxxer.hikari.HikariDataSource - metadata_catalogue - Shutdown initiated...
2026-08-17 16:36:55 [main] INFO  com.zaxxer.hikari.HikariDataSource - metadata_catalogue - Shutdown completed.
2026-08-17 16:36:55 [main] INFO  t.g.io/epos-eric/metadata-database/deploy:main - Creating container for image: ghcr.io/epos-eric/metadata-database/deploy:main
2026-08-17 16:36:55 [main] INFO  t.g.io/epos-eric/metadata-database/deploy:main - Container ghcr.io/epos-eric/metadata-database/deploy:main is starting: 3392c018ea0bc6f20502b9580cea1ff59082e5b6836558381d2ef3718d4da18f
2026-08-17 16:36:59 [main] INFO  t.g.io/epos-eric/metadata-database/deploy:main - Container ghcr.io/epos-eric/metadata-database/deploy:main started in PT3.909842374S
2026-08-17 16:36:59 [main] INFO  t.g.io/epos-eric/metadata-database/deploy:main - Container is started (JDBC URL: jdbc:postgresql://localhost:32953/cerif?loggerLevel=OFF)
2026-08-17 16:36:59 [main] INFO  com.zaxxer.hikari.HikariDataSource - metadata_catalogue - Starting...
2026-08-17 16:36:59 [main] INFO  com.zaxxer.hikari.pool.HikariPool - metadata_catalogue - Added connection org.postgresql.jdbc.PgConnection@6df8179d
2026-08-17 16:36:59 [main] INFO  com.zaxxer.hikari.HikariDataSource - metadata_catalogue - Start completed.
2026-08-17 16:36:59 [main] INFO  com.zaxxer.hikari.HikariDataSource - metadata_catalogue - Shutdown initiated...
2026-08-17 16:36:59 [main] INFO  com.zaxxer.hikari.HikariDataSource - metadata_catalogue - Shutdown completed.
2026-08-17 16:36:59 [main] INFO  t.g.io/epos-eric/metadata-database/deploy:main - Creating container for image: ghcr.io/epos-eric/metadata-database/deploy:main
2026-08-17 16:37:00 [main] INFO  t.g.io/epos-eric/metadata-database/deploy:main - Container ghcr.io/epos-eric/metadata-database/deploy:main is starting: f6623dfbf39b6859557412f4e3a9ec227b1e34dec8ea9a88d89ac945f797a38b
2026-08-17 16:37:04 [main] INFO  t.g.io/epos-eric/metadata-database/deploy:main - Container ghcr.io/epos-eric/metadata-database/deploy:main started in PT4.189147452S
2026-08-17 16:37:04 [main] INFO  t.g.io/epos-eric/metadata-database/deploy:main - Container is started (JDBC URL: jdbc:postgresql://localhost:32954/cerif?loggerLevel=OFF)
2026-08-17 16:37:04 [main] INFO  com.zaxxer.hikari.HikariDataSource - metadata_catalogue - Starting...
2026-08-17 16:37:04 [main] INFO  com.zaxxer.hikari.pool.HikariPool - metadata_catalogue - Added connection org.postgresql.jdbc.PgConnection@444c59cd
2026-08-17 16:37:04 [main] INFO  com.zaxxer.hikari.HikariDataSource - metadata_catalogue - Start completed.
2026-08-17 16:37:04 [main] INFO  com.zaxxer.hikari.HikariDataSource - metadata_catalogue - Shutdown initiated...
2026-08-17 16:37:04 [main] INFO  com.zaxxer.hikari.HikariDataSource - metadata_catalogue - Shutdown completed.
2026-08-17 16:37:04 [main] INFO  t.g.io/epos-eric/metadata-database/deploy:main - Creating container for image: ghcr.io/epos-eric/metadata-database/deploy:main
2026-08-17 16:37:04 [main] INFO  t.g.io/epos-eric/metadata-database/deploy:main - Container ghcr.io/epos-eric/metadata-database/deploy:main is starting: 08fd52ad3682b5760bc6a2bf7d6025a0c0afce769e9f1689b18522dd4b1f599a
2026-08-17 16:37:08 [main] INFO  t.g.io/epos-eric/metadata-database/deploy:main - Container ghcr.io/epos-eric/metadata-database/deploy:main started in PT3.776996149S
2026-08-17 16:37:08 [main] INFO  t.g.io/epos-eric/metadata-database/deploy:main - Container is started (JDBC URL: jdbc:postgresql://localhost:32955/cerif?loggerLevel=OFF)
2026-08-17 16:37:08 [main] INFO  com.zaxxer.hikari.HikariDataSource - metadata_catalogue - Starting...
2026-08-17 16:37:08 [main] INFO  com.zaxxer.hikari.pool.HikariPool - metadata_catalogue - Added connection org.postgresql.jdbc.PgConnection@6215bdc1
2026-08-17 16:37:08 [main] INFO  com.zaxxer.hikari.HikariDataSource - metadata_catalogue - Start completed.
2026-08-17 16:37:08 [main] INFO  com.zaxxer.hikari.HikariDataSource - metadata_catalogue - Shutdown initiated...
2026-08-17 16:37:08 [main] INFO  com.zaxxer.hikari.HikariDataSource - metadata_catalogue - Shutdown completed.
2026-08-17 16:37:08 [main] INFO  t.g.io/epos-eric/metadata-database/deploy:main - Creating container for image: ghcr.io/epos-eric/metadata-database/deploy:main
2026-08-17 16:37:08 [main] INFO  t.g.io/epos-eric/metadata-database/deploy:main - Container ghcr.io/epos-eric/metadata-database/deploy:main is starting: 596f97e1510a550121a2004b3bdd5e2f359d09f6303a15596cea3ad4cb5ea4bf
2026-08-17 16:37:13 [main] INFO  t.g.io/epos-eric/metadata-database/deploy:main - Container ghcr.io/epos-eric/metadata-database/deploy:main started in PT4.816018777S
2026-08-17 16:37:13 [main] INFO  t.g.io/epos-eric/metadata-database/deploy:main - Container is started (JDBC URL: jdbc:postgresql://localhost:32956/cerif?loggerLevel=OFF)
2026-08-17 16:37:13 [main] INFO  com.zaxxer.hikari.HikariDataSource - metadata_catalogue - Starting...
2026-08-17 16:37:13 [main] INFO  com.zaxxer.hikari.pool.HikariPool - metadata_catalogue - Added connection org.postgresql.jdbc.PgConnection@38dee3ec
2026-08-17 16:37:13 [main] INFO  com.zaxxer.hikari.HikariDataSource - metadata_catalogue - Start completed.
2026-08-17 16:37:13 [main] INFO  com.zaxxer.hikari.HikariDataSource - metadata_catalogue - Shutdown initiated...
2026-08-17 16:37:13 [main] INFO  com.zaxxer.hikari.HikariDataSource - metadata_catalogue - Shutdown completed.
2026-08-17 16:37:13 [main] INFO  t.g.io/epos-eric/metadata-database/deploy:main - Creating container for image: ghcr.io/epos-eric/metadata-database/deploy:main
2026-08-17 16:37:14 [main] INFO  t.g.io/epos-eric/metadata-database/deploy:main - Container ghcr.io/epos-eric/metadata-database/deploy:main is starting: 1988b6468212dce8c2354c43cedb4a6297c6a62c12b50aa339cf07bc45dec3c1
2026-08-17 16:37:18 [main] INFO  t.g.io/epos-eric/metadata-database/deploy:main - Container ghcr.io/epos-eric/metadata-database/deploy:main started in PT4.363343735S
2026-08-17 16:37:18 [main] INFO  t.g.io/epos-eric/metadata-database/deploy:main - Container is started (JDBC URL: jdbc:postgresql://localhost:32957/cerif?loggerLevel=OFF)
2026-08-17 16:37:18 [main] INFO  com.zaxxer.hikari.HikariDataSource - metadata_catalogue - Starting...
2026-08-17 16:37:18 [main] INFO  com.zaxxer.hikari.pool.HikariPool - metadata_catalogue - Added connection org.postgresql.jdbc.PgConnection@4e894add
2026-08-17 16:37:18 [main] INFO  com.zaxxer.hikari.HikariDataSource - metadata_catalogue - Start completed.
2026-08-17 16:37:18 [main] INFO  com.zaxxer.hikari.HikariDataSource - metadata_catalogue - Shutdown initiated...
2026-08-17 16:37:18 [main] INFO  com.zaxxer.hikari.HikariDataSource - metadata_catalogue - Shutdown completed.
2026-08-17 16:37:18 [main] INFO  t.g.io/epos-eric/metadata-database/deploy:main - Creating container for image: ghcr.io/epos-eric/metadata-database/deploy:main
2026-08-17 16:37:18 [main] INFO  t.g.io/epos-eric/metadata-database/deploy:main - Container ghcr.io/epos-eric/metadata-database/deploy:main is starting: 3748f6e910d68defc34e7767e325c9def6f0e0a904cedaadfbd1f8ae7453590b
2026-08-17 16:37:23 [main] INFO  t.g.io/epos-eric/metadata-database/deploy:main - Container ghcr.io/epos-eric/metadata-database/deploy:main started in PT4.383768844S
2026-08-17 16:37:23 [main] INFO  t.g.io/epos-eric/metadata-database/deploy:main - Container is started (JDBC URL: jdbc:postgresql://localhost:32958/cerif?loggerLevel=OFF)
2026-08-17 16:37:23 [main] INFO  com.zaxxer.hikari.HikariDataSource - metadata_catalogue - Starting...
2026-08-17 16:37:23 [main] INFO  com.zaxxer.hikari.pool.HikariPool - metadata_catalogue - Added connection org.postgresql.jdbc.PgConnection@16dde7aa
2026-08-17 16:37:23 [main] INFO  com.zaxxer.hikari.HikariDataSource - metadata_catalogue - Start completed.
2026-08-17 16:37:23 [main] INFO  com.zaxxer.hikari.HikariDataSource - metadata_catalogue - Shutdown initiated...
2026-08-17 16:37:23 [main] INFO  com.zaxxer.hikari.HikariDataSource - metadata_catalogue - Shutdown completed.
2026-08-17 16:37:23 [main] INFO  t.g.io/epos-eric/metadata-database/deploy:main - Creating container for image: ghcr.io/epos-eric/metadata-database/deploy:main
2026-08-17 16:37:24 [main] INFO  t.g.io/epos-eric/metadata-database/deploy:main - Container ghcr.io/epos-eric/metadata-database/deploy:main is starting: ba6c792f07caa245f61b3c3670b9407247a7becc803bfb88c7b5ba1c2dec3f57
2026-08-17 16:37:28 [main] INFO  t.g.io/epos-eric/metadata-database/deploy:main - Container ghcr.io/epos-eric/metadata-database/deploy:main started in PT4.52294619S
2026-08-17 16:37:28 [main] INFO  t.g.io/epos-eric/metadata-database/deploy:main - Container is started (JDBC URL: jdbc:postgresql://localhost:32959/cerif?loggerLevel=OFF)
2026-08-17 16:37:28 [main] INFO  com.zaxxer.hikari.HikariDataSource - metadata_catalogue - Starting...
2026-08-17 16:37:28 [main] INFO  com.zaxxer.hikari.pool.HikariPool - metadata_catalogue - Added connection org.postgresql.jdbc.PgConnection@9e918ca
2026-08-17 16:37:28 [main] INFO  com.zaxxer.hikari.HikariDataSource - metadata_catalogue - Start completed.
2026-08-17 16:37:28 [main] INFO  com.zaxxer.hikari.HikariDataSource - metadata_catalogue - Shutdown initiated...
2026-08-17 16:37:28 [main] INFO  com.zaxxer.hikari.HikariDataSource - metadata_catalogue - Shutdown completed.
2026-08-17 16:37:29 [main] INFO  t.g.io/epos-eric/metadata-database/deploy:main - Creating container for image: ghcr.io/epos-eric/metadata-database/deploy:main
2026-08-17 16:37:29 [main] INFO  t.g.io/epos-eric/metadata-database/deploy:main - Container ghcr.io/epos-eric/metadata-database/deploy:main is starting: 0614bb6fee91d6ae47af6225a0a8cac1ee163b46db2bf8e2973262a37037b66b
2026-08-17 16:37:33 [main] INFO  t.g.io/epos-eric/metadata-database/deploy:main - Container ghcr.io/epos-eric/metadata-database/deploy:main started in PT4.612406337S
2026-08-17 16:37:33 [main] INFO  t.g.io/epos-eric/metadata-database/deploy:main - Container is started (JDBC URL: jdbc:postgresql://localhost:32960/cerif?loggerLevel=OFF)
2026-08-17 16:37:33 [main] INFO  com.zaxxer.hikari.HikariDataSource - metadata_catalogue - Starting...
2026-08-17 16:37:33 [main] INFO  com.zaxxer.hikari.pool.HikariPool - metadata_catalogue - Added connection org.postgresql.jdbc.PgConnection@2e6634b1
2026-08-17 16:37:33 [main] INFO  com.zaxxer.hikari.HikariDataSource - metadata_catalogue - Start completed.
2026-08-17 16:37:35 [main] INFO  com.zaxxer.hikari.HikariDataSource - metadata_catalogue - Shutdown initiated...
2026-08-17 16:37:35 [main] INFO  com.zaxxer.hikari.HikariDataSource - metadata_catalogue - Shutdown completed.
2026-08-17 16:37:35 [main] INFO  t.g.io/epos-eric/metadata-database/deploy:main - Creating container for image: ghcr.io/epos-eric/metadata-database/deploy:main
2026-08-17 16:37:36 [main] INFO  t.g.io/epos-eric/metadata-database/deploy:main - Container ghcr.io/epos-eric/metadata-database/deploy:main is starting: 4ea56e0d2b7fea06a857dbc771e921092d58911bbb32728796b82096ea51de70
2026-08-17 16:37:40 [main] INFO  t.g.io/epos-eric/metadata-database/deploy:main - Container ghcr.io/epos-eric/metadata-database/deploy:main started in PT4.147683132S
2026-08-17 16:37:40 [main] INFO  t.g.io/epos-eric/metadata-database/deploy:main - Container is started (JDBC URL: jdbc:postgresql://localhost:32961/cerif?loggerLevel=OFF)
2026-08-17 16:37:40 [main] INFO  com.zaxxer.hikari.HikariDataSource - metadata_catalogue - Starting...
2026-08-17 16:37:40 [main] INFO  com.zaxxer.hikari.pool.HikariPool - metadata_catalogue - Added connection org.postgresql.jdbc.PgConnection@7f2ad955
2026-08-17 16:37:40 [main] INFO  com.zaxxer.hikari.HikariDataSource - metadata_catalogue - Start completed.
2026-08-17 16:37:40 [main] INFO  com.zaxxer.hikari.HikariDataSource - metadata_catalogue - Shutdown initiated...
2026-08-17 16:37:40 [main] INFO  com.zaxxer.hikari.HikariDataSource - metadata_catalogue - Shutdown completed.
2026-08-17 16:37:40 [main] INFO  t.g.io/epos-eric/metadata-database/deploy:main - Creating container for image: ghcr.io/epos-eric/metadata-database/deploy:main
2026-08-17 16:37:41 [main] INFO  t.g.io/epos-eric/metadata-database/deploy:main - Container ghcr.io/epos-eric/metadata-database/deploy:main is starting: c4cca43de0914c2c26cecac428d1747150763dc7822cdbd7a79515341d0a2ccd
2026-08-17 16:37:45 [main] INFO  t.g.io/epos-eric/metadata-database/deploy:main - Container ghcr.io/epos-eric/metadata-database/deploy:main started in PT4.54659627S
2026-08-17 16:37:45 [main] INFO  t.g.io/epos-eric/metadata-database/deploy:main - Container is started (JDBC URL: jdbc:postgresql://localhost:32962/cerif?loggerLevel=OFF)
2026-08-17 16:37:45 [main] INFO  com.zaxxer.hikari.HikariDataSource - metadata_catalogue - Starting...
2026-08-17 16:37:45 [main] INFO  com.zaxxer.hikari.pool.HikariPool - metadata_catalogue - Added connection org.postgresql.jdbc.PgConnection@1683a599
2026-08-17 16:37:45 [main] INFO  com.zaxxer.hikari.HikariDataSource - metadata_catalogue - Start completed.
2026-08-17 16:37:46 [main] INFO  com.zaxxer.hikari.HikariDataSource - metadata_catalogue - Shutdown initiated...
2026-08-17 16:37:46 [main] INFO  com.zaxxer.hikari.HikariDataSource - metadata_catalogue - Shutdown completed.
2026-08-17 16:37:46 [main] INFO  t.g.io/epos-eric/metadata-database/deploy:main - Creating container for image: ghcr.io/epos-eric/metadata-database/deploy:main
2026-08-17 16:37:46 [main] INFO  t.g.io/epos-eric/metadata-database/deploy:main - Container ghcr.io/epos-eric/metadata-database/deploy:main is starting: 437f88f39a622b70e962a7deac9c585eb029c2cffdfeaeaee784a2cd8047c859
2026-08-17 16:37:50 [main] INFO  t.g.io/epos-eric/metadata-database/deploy:main - Container ghcr.io/epos-eric/metadata-database/deploy:main started in PT4.209018086S
2026-08-17 16:37:50 [main] INFO  t.g.io/epos-eric/metadata-database/deploy:main - Container is started (JDBC URL: jdbc:postgresql://localhost:32963/cerif?loggerLevel=OFF)
2026-08-17 16:37:50 [main] INFO  com.zaxxer.hikari.HikariDataSource - metadata_catalogue - Starting...
2026-08-17 16:37:50 [main] INFO  com.zaxxer.hikari.pool.HikariPool - metadata_catalogue - Added connection org.postgresql.jdbc.PgConnection@41b4a01c
2026-08-17 16:37:50 [main] INFO  com.zaxxer.hikari.HikariDataSource - metadata_catalogue - Start completed.
2026-08-17 16:37:50 [main] INFO  com.zaxxer.hikari.HikariDataSource - metadata_catalogue - Shutdown initiated...
2026-08-17 16:37:50 [main] INFO  com.zaxxer.hikari.HikariDataSource - metadata_catalogue - Shutdown completed.
2026-08-17 16:37:51 [main] INFO  t.g.io/epos-eric/metadata-database/deploy:main - Creating container for image: ghcr.io/epos-eric/metadata-database/deploy:main
2026-08-17 16:37:51 [main] INFO  t.g.io/epos-eric/metadata-database/deploy:main - Container ghcr.io/epos-eric/metadata-database/deploy:main is starting: f2d4606eb37fa236cd42824715d76fe2925d669f642bc81307eba224a1b60149
2026-08-17 16:37:55 [main] INFO  t.g.io/epos-eric/metadata-database/deploy:main - Container ghcr.io/epos-eric/metadata-database/deploy:main started in PT4.101664361S
2026-08-17 16:37:55 [main] INFO  t.g.io/epos-eric/metadata-database/deploy:main - Container is started (JDBC URL: jdbc:postgresql://localhost:32964/cerif?loggerLevel=OFF)
2026-08-17 16:37:55 [main] INFO  com.zaxxer.hikari.HikariDataSource - metadata_catalogue - Starting...
2026-08-17 16:37:55 [main] INFO  com.zaxxer.hikari.pool.HikariPool - metadata_catalogue - Added connection org.postgresql.jdbc.PgConnection@47f3c9c9
2026-08-17 16:37:55 [main] INFO  com.zaxxer.hikari.HikariDataSource - metadata_catalogue - Start completed.
2026-08-17 16:37:55 [main] INFO  com.zaxxer.hikari.HikariDataSource - metadata_catalogue - Shutdown initiated...
2026-08-17 16:37:55 [main] INFO  com.zaxxer.hikari.HikariDataSource - metadata_catalogue - Shutdown completed.
2026-08-17 16:37:55 [main] INFO  t.g.io/epos-eric/metadata-database/deploy:main - Creating container for image: ghcr.io/epos-eric/metadata-database/deploy:main
2026-08-17 16:37:55 [main] INFO  t.g.io/epos-eric/metadata-database/deploy:main - Container ghcr.io/epos-eric/metadata-database/deploy:main is starting: 748f72d67d506a70751e36c9956a6bcfd0df01269db2f347f682845826205f3a
2026-08-17 16:38:00 [main] INFO  t.g.io/epos-eric/metadata-database/deploy:main - Container ghcr.io/epos-eric/metadata-database/deploy:main started in PT4.804024293S
2026-08-17 16:38:00 [main] INFO  t.g.io/epos-eric/metadata-database/deploy:main - Container is started (JDBC URL: jdbc:postgresql://localhost:32965/cerif?loggerLevel=OFF)
2026-08-17 16:38:00 [main] INFO  com.zaxxer.hikari.HikariDataSource - metadata_catalogue - Starting...
2026-08-17 16:38:00 [main] INFO  com.zaxxer.hikari.pool.HikariPool - metadata_catalogue - Added connection org.postgresql.jdbc.PgConnection@5b7c7b05
2026-08-17 16:38:00 [main] INFO  com.zaxxer.hikari.HikariDataSource - metadata_catalogue - Start completed.
2026-08-17 16:38:00 [main] INFO  com.zaxxer.hikari.HikariDataSource - metadata_catalogue - Shutdown initiated...
2026-08-17 16:38:00 [main] INFO  com.zaxxer.hikari.HikariDataSource - metadata_catalogue - Shutdown completed.
2026-08-17 16:38:00 [main] INFO  t.g.io/epos-eric/metadata-database/deploy:main - Creating container for image: ghcr.io/epos-eric/metadata-database/deploy:main
2026-08-17 16:38:01 [main] INFO  t.g.io/epos-eric/metadata-database/deploy:main - Container ghcr.io/epos-eric/metadata-database/deploy:main is starting: e7f03345412c60c5825060b0d5b2d0d51f4ac3c2d8623e02f573a64d76659400
2026-08-17 16:38:05 [main] INFO  t.g.io/epos-eric/metadata-database/deploy:main - Container ghcr.io/epos-eric/metadata-database/deploy:main started in PT4.621619765S
2026-08-17 16:38:05 [main] INFO  t.g.io/epos-eric/metadata-database/deploy:main - Container is started (JDBC URL: jdbc:postgresql://localhost:32966/cerif?loggerLevel=OFF)
2026-08-17 16:38:05 [main] INFO  com.zaxxer.hikari.HikariDataSource - metadata_catalogue - Starting...
2026-08-17 16:38:05 [main] INFO  com.zaxxer.hikari.pool.HikariPool - metadata_catalogue - Added connection org.postgresql.jdbc.PgConnection@210488ba
2026-08-17 16:38:05 [main] INFO  com.zaxxer.hikari.HikariDataSource - metadata_catalogue - Start completed.
2026-08-17 16:38:05 [main] INFO  com.zaxxer.hikari.HikariDataSource - metadata_catalogue - Shutdown initiated...
2026-08-17 16:38:05 [main] INFO  com.zaxxer.hikari.HikariDataSource - metadata_catalogue - Shutdown completed.
2026-08-17 16:38:05 [main] INFO  t.g.io/epos-eric/metadata-database/deploy:main - Creating container for image: ghcr.io/epos-eric/metadata-database/deploy:main
2026-08-17 16:38:06 [main] INFO  t.g.io/epos-eric/metadata-database/deploy:main - Container ghcr.io/epos-eric/metadata-database/deploy:main is starting: 4f1d8571c3f3e725cbf00de95fccaca0e793cef94fba557bc0139cff42bd4f32
2026-08-17 16:38:09 [main] INFO  t.g.io/epos-eric/metadata-database/deploy:main - Container ghcr.io/epos-eric/metadata-database/deploy:main started in PT3.906245191S
2026-08-17 16:38:09 [main] INFO  t.g.io/epos-eric/metadata-database/deploy:main - Container is started (JDBC URL: jdbc:postgresql://localhost:32967/cerif?loggerLevel=OFF)
2026-08-17 16:38:09 [main] INFO  com.zaxxer.hikari.HikariDataSource - metadata_catalogue - Starting...
2026-08-17 16:38:09 [main] INFO  com.zaxxer.hikari.pool.HikariPool - metadata_catalogue - Added connection org.postgresql.jdbc.PgConnection@2e8fc0a1
2026-08-17 16:38:09 [main] INFO  com.zaxxer.hikari.HikariDataSource - metadata_catalogue - Start completed.
2026-08-17 16:38:10 [main] INFO  com.zaxxer.hikari.HikariDataSource - metadata_catalogue - Shutdown initiated...
2026-08-17 16:38:10 [main] INFO  com.zaxxer.hikari.HikariDataSource - metadata_catalogue - Shutdown completed.
2026-08-17 16:38:10 [main] INFO  t.g.io/epos-eric/metadata-database/deploy:main - Creating container for image: ghcr.io/epos-eric/metadata-database/deploy:main
2026-08-17 16:38:10 [main] INFO  t.g.io/epos-eric/metadata-database/deploy:main - Container ghcr.io/epos-eric/metadata-database/deploy:main is starting: 0f45511668c526619c9e10d1b2416bf964f3b3bf240524ebfd9ed64661173a1f
2026-08-17 16:38:15 [main] INFO  t.g.io/epos-eric/metadata-database/deploy:main - Container ghcr.io/epos-eric/metadata-database/deploy:main started in PT4.819504586S
2026-08-17 16:38:15 [main] INFO  t.g.io/epos-eric/metadata-database/deploy:main - Container is started (JDBC URL: jdbc:postgresql://localhost:32968/cerif?loggerLevel=OFF)
2026-08-17 16:38:15 [main] INFO  com.zaxxer.hikari.HikariDataSource - metadata_catalogue - Starting...
2026-08-17 16:38:15 [main] INFO  com.zaxxer.hikari.pool.HikariPool - metadata_catalogue - Added connection org.postgresql.jdbc.PgConnection@1ca19fb
2026-08-17 16:38:15 [main] INFO  com.zaxxer.hikari.HikariDataSource - metadata_catalogue - Start completed.
2026-08-17 16:38:15 [main] INFO  com.zaxxer.hikari.HikariDataSource - metadata_catalogue - Shutdown initiated...
2026-08-17 16:38:15 [main] INFO  com.zaxxer.hikari.HikariDataSource - metadata_catalogue - Shutdown completed.
2026-08-17 16:41:23 [main] INFO  o.testcontainers.images.PullPolicy - Image pull policy will be performed by: DefaultPullPolicy()
2026-08-17 16:41:23 [main] INFO  o.t.utility.ImageNameSubstitutor - Image name substitution will be performed by: DefaultImageNameSubstitutor (composite of 'ConfigurationFileImageNameSubstitutor' and 'PrefixingImageNameSubstitutor')
2026-08-17 16:41:23 [main] INFO  o.testcontainers.DockerClientFactory - Testcontainers version: 2.0.2
2026-08-17 16:41:23 [main] INFO  o.t.d.DockerClientProviderStrategy - Loaded org.testcontainers.dockerclient.UnixSocketClientProviderStrategy from ~/.testcontainers.properties, will try it first
2026-08-17 16:41:23 [main] INFO  o.t.d.DockerClientProviderStrategy - Found Docker environment with local Unix socket (unix:///var/run/docker.sock)
2026-08-17 16:41:23 [main] INFO  o.testcontainers.DockerClientFactory - Docker host IP address is localhost
2026-08-17 16:41:23 [main] INFO  o.testcontainers.DockerClientFactory - Connected to docker: 
  Server Version: 29.7.2
  API Version: 1.55
  Operating System: Arch Linux
  Total Memory: 63796 MB
2026-08-17 16:41:24 [main] INFO  tc.testcontainers/ryuk:0.13.0 - Creating container for image: testcontainers/ryuk:0.13.0
2026-08-17 16:41:24 [main] INFO  tc.testcontainers/ryuk:0.13.0 - Container testcontainers/ryuk:0.13.0 is starting: 87e80478d7e5f41fa6b75289f70e5687b2bb46db1aaf498011f73c9fa1053e40
2026-08-17 16:41:24 [main] INFO  tc.testcontainers/ryuk:0.13.0 - Container testcontainers/ryuk:0.13.0 started in PT0.400160926S
2026-08-17 16:41:24 [main] INFO  o.t.utility.RyukResourceReaper - Ryuk started - will monitor and terminate Testcontainers containers on JVM exit
2026-08-17 16:41:24 [main] INFO  o.testcontainers.DockerClientFactory - Checking the system...
2026-08-17 16:41:24 [main] INFO  o.testcontainers.DockerClientFactory - ✔︎ Docker server version should be at least 1.6.0
2026-08-17 16:41:24 [main] INFO  t.g.io/epos-eric/metadata-database/deploy:main - Creating container for image: ghcr.io/epos-eric/metadata-database/deploy:main
2026-08-17 16:41:24 [main] INFO  t.g.io/epos-eric/metadata-database/deploy:main - Container ghcr.io/epos-eric/metadata-database/deploy:main is starting: dd48e4eac26e1c4eb234542284bbc75b65669a7f7781eaa096b942b997d9d3f0
2026-08-17 16:41:28 [main] INFO  t.g.io/epos-eric/metadata-database/deploy:main - Container ghcr.io/epos-eric/metadata-database/deploy:main started in PT3.772765247S
2026-08-17 16:41:28 [main] INFO  t.g.io/epos-eric/metadata-database/deploy:main - Container is started (JDBC URL: jdbc:postgresql://localhost:32970/cerif?loggerLevel=OFF)
2026-08-17 16:41:28 [main] INFO  com.zaxxer.hikari.HikariDataSource - metadata_catalogue - Starting...
2026-08-17 16:41:28 [main] INFO  com.zaxxer.hikari.pool.HikariPool - metadata_catalogue - Added connection org.postgresql.jdbc.PgConnection@5d8ab698
2026-08-17 16:41:28 [main] INFO  com.zaxxer.hikari.HikariDataSource - metadata_catalogue - Start completed.
2026-08-17 16:41:29 [main] INFO  com.zaxxer.hikari.HikariDataSource - metadata_catalogue - Shutdown initiated...
2026-08-17 16:41:29 [main] INFO  com.zaxxer.hikari.HikariDataSource - metadata_catalogue - Shutdown completed.
2026-08-17 16:41:46 [main] INFO  o.testcontainers.images.PullPolicy - Image pull policy will be performed by: DefaultPullPolicy()
2026-08-17 16:41:46 [main] INFO  o.t.utility.ImageNameSubstitutor - Image name substitution will be performed by: DefaultImageNameSubstitutor (composite of 'ConfigurationFileImageNameSubstitutor' and 'PrefixingImageNameSubstitutor')
2026-08-17 16:41:46 [main] INFO  o.testcontainers.DockerClientFactory - Testcontainers version: 2.0.2
2026-08-17 16:41:46 [main] INFO  o.t.d.DockerClientProviderStrategy - Loaded org.testcontainers.dockerclient.UnixSocketClientProviderStrategy from ~/.testcontainers.properties, will try it first
2026-08-17 16:41:47 [main] INFO  o.t.d.DockerClientProviderStrategy - Found Docker environment with local Unix socket (unix:///var/run/docker.sock)
2026-08-17 16:41:47 [main] INFO  o.testcontainers.DockerClientFactory - Docker host IP address is localhost
2026-08-17 16:41:47 [main] INFO  o.testcontainers.DockerClientFactory - Connected to docker: 
  Server Version: 29.7.2
  API Version: 1.55
  Operating System: Arch Linux
  Total Memory: 63796 MB
2026-08-17 16:41:47 [main] INFO  tc.testcontainers/ryuk:0.13.0 - Creating container for image: testcontainers/ryuk:0.13.0
2026-08-17 16:41:47 [main] INFO  tc.testcontainers/ryuk:0.13.0 - Container testcontainers/ryuk:0.13.0 is starting: 17d5aec38e2551c10d01d58af1c8df083dc8bac0dc25036b28dec6dca5671f83
2026-08-17 16:41:47 [main] INFO  tc.testcontainers/ryuk:0.13.0 - Container testcontainers/ryuk:0.13.0 started in PT0.290670569S
2026-08-17 16:41:47 [main] INFO  o.t.utility.RyukResourceReaper - Ryuk started - will monitor and terminate Testcontainers containers on JVM exit
2026-08-17 16:41:47 [main] INFO  o.testcontainers.DockerClientFactory - Checking the system...
2026-08-17 16:41:47 [main] INFO  o.testcontainers.DockerClientFactory - ✔︎ Docker server version should be at least 1.6.0
2026-08-17 16:41:47 [main] INFO  t.g.io/epos-eric/metadata-database/deploy:main - Creating container for image: ghcr.io/epos-eric/metadata-database/deploy:main
2026-08-17 16:41:48 [main] INFO  t.g.io/epos-eric/metadata-database/deploy:main - Container ghcr.io/epos-eric/metadata-database/deploy:main is starting: 344218a5b78e21b8a1c9ba7225a953a326c0f7b45c2f42955bf106ce869be421
2026-08-17 16:41:51 [main] INFO  t.g.io/epos-eric/metadata-database/deploy:main - Container ghcr.io/epos-eric/metadata-database/deploy:main started in PT3.823150609S
2026-08-17 16:41:51 [main] INFO  t.g.io/epos-eric/metadata-database/deploy:main - Container is started (JDBC URL: jdbc:postgresql://localhost:32972/cerif?loggerLevel=OFF)
2026-08-17 16:41:51 [main] INFO  com.zaxxer.hikari.HikariDataSource - metadata_catalogue - Starting...
2026-08-17 16:41:52 [main] INFO  com.zaxxer.hikari.pool.HikariPool - metadata_catalogue - Added connection org.postgresql.jdbc.PgConnection@4a2929a4
2026-08-17 16:41:52 [main] INFO  com.zaxxer.hikari.HikariDataSource - metadata_catalogue - Start completed.
2026-08-17 16:42:09 [main] INFO  com.zaxxer.hikari.HikariDataSource - metadata_catalogue - Shutdown initiated...
2026-08-17 16:42:09 [main] INFO  com.zaxxer.hikari.HikariDataSource - metadata_catalogue - Shutdown completed.
2026-08-17 16:42:28 [main] INFO  o.testcontainers.images.PullPolicy - Image pull policy will be performed by: DefaultPullPolicy()
2026-08-17 16:42:28 [main] INFO  o.t.utility.ImageNameSubstitutor - Image name substitution will be performed by: DefaultImageNameSubstitutor (composite of 'ConfigurationFileImageNameSubstitutor' and 'PrefixingImageNameSubstitutor')
2026-08-17 16:42:28 [main] INFO  o.testcontainers.DockerClientFactory - Testcontainers version: 2.0.2
2026-08-17 16:42:28 [main] INFO  o.t.d.DockerClientProviderStrategy - Loaded org.testcontainers.dockerclient.UnixSocketClientProviderStrategy from ~/.testcontainers.properties, will try it first
2026-08-17 16:42:28 [main] INFO  o.t.d.DockerClientProviderStrategy - Found Docker environment with local Unix socket (unix:///var/run/docker.sock)
2026-08-17 16:42:28 [main] INFO  o.testcontainers.DockerClientFactory - Docker host IP address is localhost
2026-08-17 16:42:28 [main] INFO  o.testcontainers.DockerClientFactory - Connected to docker: 
  Server Version: 29.7.2
  API Version: 1.55
  Operating System: Arch Linux
  Total Memory: 63796 MB
2026-08-17 16:42:29 [main] INFO  tc.testcontainers/ryuk:0.13.0 - Creating container for image: testcontainers/ryuk:0.13.0
2026-08-17 16:42:29 [main] INFO  tc.testcontainers/ryuk:0.13.0 - Container testcontainers/ryuk:0.13.0 is starting: 5caadfa15ff36872a132c8d720d31766bb57a0414ad54590c01a88ba98c6141e
2026-08-17 16:42:29 [main] INFO  tc.testcontainers/ryuk:0.13.0 - Container testcontainers/ryuk:0.13.0 started in PT0.264727665S
2026-08-17 16:42:29 [main] INFO  o.t.utility.RyukResourceReaper - Ryuk started - will monitor and terminate Testcontainers containers on JVM exit
2026-08-17 16:42:29 [main] INFO  o.testcontainers.DockerClientFactory - Checking the system...
2026-08-17 16:42:29 [main] INFO  o.testcontainers.DockerClientFactory - ✔︎ Docker server version should be at least 1.6.0
2026-08-17 16:42:29 [main] INFO  t.g.io/epos-eric/metadata-database/deploy:main - Creating container for image: ghcr.io/epos-eric/metadata-database/deploy:main
2026-08-17 16:42:29 [main] INFO  t.g.io/epos-eric/metadata-database/deploy:main - Container ghcr.io/epos-eric/metadata-database/deploy:main is starting: 24b501cbf51f0b380f1ef2513f164d381400ee5b7bb488d73b4d4a46085e1e31
2026-08-17 16:42:33 [main] INFO  t.g.io/epos-eric/metadata-database/deploy:main - Container ghcr.io/epos-eric/metadata-database/deploy:main started in PT3.77218692S
2026-08-17 16:42:33 [main] INFO  t.g.io/epos-eric/metadata-database/deploy:main - Container is started (JDBC URL: jdbc:postgresql://localhost:32974/cerif?loggerLevel=OFF)
2026-08-17 16:42:33 [main] INFO  com.zaxxer.hikari.HikariDataSource - metadata_catalogue - Starting...
2026-08-17 16:42:33 [main] INFO  com.zaxxer.hikari.pool.HikariPool - metadata_catalogue - Added connection org.postgresql.jdbc.PgConnection@47c40b56
2026-08-17 16:42:33 [main] INFO  com.zaxxer.hikari.HikariDataSource - metadata_catalogue - Start completed.
2026-08-17 16:42:34 [main] INFO  com.zaxxer.hikari.HikariDataSource - metadata_catalogue - Shutdown initiated...
2026-08-17 16:42:34 [main] INFO  com.zaxxer.hikari.HikariDataSource - metadata_catalogue - Shutdown completed.
2026-08-17 16:42:34 [main] INFO  t.g.io/epos-eric/metadata-database/deploy:main - Creating container for image: ghcr.io/epos-eric/metadata-database/deploy:main
2026-08-17 16:42:34 [main] INFO  t.g.io/epos-eric/metadata-database/deploy:main - Container ghcr.io/epos-eric/metadata-database/deploy:main is starting: 2db843927c98b8bc3da86e4244614f1d5b57bc868f5dcc54618524dfe015c8a8
2026-08-17 16:42:38 [main] INFO  t.g.io/epos-eric/metadata-database/deploy:main - Container ghcr.io/epos-eric/metadata-database/deploy:main started in PT3.774007836S
2026-08-17 16:42:38 [main] INFO  t.g.io/epos-eric/metadata-database/deploy:main - Container is started (JDBC URL: jdbc:postgresql://localhost:32975/cerif?loggerLevel=OFF)
2026-08-17 16:42:38 [main] INFO  com.zaxxer.hikari.HikariDataSource - metadata_catalogue - Starting...
2026-08-17 16:42:38 [main] INFO  com.zaxxer.hikari.pool.HikariPool - metadata_catalogue - Added connection org.postgresql.jdbc.PgConnection@8f39224
2026-08-17 16:42:38 [main] INFO  com.zaxxer.hikari.HikariDataSource - metadata_catalogue - Start completed.
2026-08-17 16:42:53 [main] INFO  com.zaxxer.hikari.HikariDataSource - metadata_catalogue - Shutdown initiated...
2026-08-17 16:42:53 [main] INFO  com.zaxxer.hikari.HikariDataSource - metadata_catalogue - Shutdown completed.
2026-08-17 16:56:53 [main] INFO  o.testcontainers.images.PullPolicy - Image pull policy will be performed by: DefaultPullPolicy()
2026-08-17 16:56:53 [main] INFO  o.t.utility.ImageNameSubstitutor - Image name substitution will be performed by: DefaultImageNameSubstitutor (composite of 'ConfigurationFileImageNameSubstitutor' and 'PrefixingImageNameSubstitutor')
2026-08-17 16:56:53 [main] INFO  o.testcontainers.DockerClientFactory - Testcontainers version: 2.0.2
2026-08-17 16:56:53 [main] INFO  o.t.d.DockerClientProviderStrategy - Loaded org.testcontainers.dockerclient.UnixSocketClientProviderStrategy from ~/.testcontainers.properties, will try it first
2026-08-17 16:56:53 [main] INFO  o.t.d.DockerClientProviderStrategy - Found Docker environment with local Unix socket (unix:///var/run/docker.sock)
2026-08-17 16:56:53 [main] INFO  o.testcontainers.DockerClientFactory - Docker host IP address is localhost
2026-08-17 16:56:53 [main] INFO  o.testcontainers.DockerClientFactory - Connected to docker: 
  Server Version: 29.7.2
  API Version: 1.55
  Operating System: Arch Linux
  Total Memory: 63796 MB
2026-08-17 16:56:54 [main] INFO  tc.testcontainers/ryuk:0.13.0 - Creating container for image: testcontainers/ryuk:0.13.0
2026-08-17 16:56:54 [main] INFO  tc.testcontainers/ryuk:0.13.0 - Container testcontainers/ryuk:0.13.0 is starting: 3ccc23c4ed6b7e420ac09d9f60bd08590c4a201eee094830d7f8dc4a2de6ba28
2026-08-17 16:56:54 [main] INFO  tc.testcontainers/ryuk:0.13.0 - Container testcontainers/ryuk:0.13.0 started in PT0.4049367S
2026-08-17 16:56:54 [main] INFO  o.t.utility.RyukResourceReaper - Ryuk started - will monitor and terminate Testcontainers containers on JVM exit
2026-08-17 16:56:54 [main] INFO  o.testcontainers.DockerClientFactory - Checking the system...
2026-08-17 16:56:54 [main] INFO  o.testcontainers.DockerClientFactory - ✔︎ Docker server version should be at least 1.6.0
2026-08-17 16:56:54 [main] INFO  t.g.io/epos-eric/metadata-database/deploy:main - Creating container for image: ghcr.io/epos-eric/metadata-database/deploy:main
2026-08-17 16:56:54 [main] INFO  t.g.io/epos-eric/metadata-database/deploy:main - Container ghcr.io/epos-eric/metadata-database/deploy:main is starting: 67b017cb06f47879a2f3377778e40e9253bb061cc68602f3cc28241ad88dd628
2026-08-17 16:56:58 [main] INFO  t.g.io/epos-eric/metadata-database/deploy:main - Container ghcr.io/epos-eric/metadata-database/deploy:main started in PT3.991047613S
2026-08-17 16:56:58 [main] INFO  t.g.io/epos-eric/metadata-database/deploy:main - Container is started (JDBC URL: jdbc:postgresql://localhost:32977/cerif?loggerLevel=OFF)
2026-08-17 16:56:58 [main] INFO  com.zaxxer.hikari.HikariDataSource - metadata_catalogue - Starting...
2026-08-17 16:56:59 [main] INFO  com.zaxxer.hikari.pool.HikariPool - metadata_catalogue - Added connection org.postgresql.jdbc.PgConnection@5d8ab698
2026-08-17 16:56:59 [main] INFO  com.zaxxer.hikari.HikariDataSource - metadata_catalogue - Start completed.
2026-08-17 16:56:59 [main] INFO  com.zaxxer.hikari.HikariDataSource - metadata_catalogue - Shutdown initiated...
2026-08-17 16:56:59 [main] INFO  com.zaxxer.hikari.HikariDataSource - metadata_catalogue - Shutdown completed.
2026-08-17 16:57:08 [main] INFO  o.testcontainers.images.PullPolicy - Image pull policy will be performed by: DefaultPullPolicy()
2026-08-17 16:57:08 [main] INFO  o.t.utility.ImageNameSubstitutor - Image name substitution will be performed by: DefaultImageNameSubstitutor (composite of 'ConfigurationFileImageNameSubstitutor' and 'PrefixingImageNameSubstitutor')
2026-08-17 16:57:08 [main] INFO  o.testcontainers.DockerClientFactory - Testcontainers version: 2.0.2
2026-08-17 16:57:08 [main] INFO  o.t.d.DockerClientProviderStrategy - Loaded org.testcontainers.dockerclient.UnixSocketClientProviderStrategy from ~/.testcontainers.properties, will try it first
2026-08-17 16:57:08 [main] INFO  o.t.d.DockerClientProviderStrategy - Found Docker environment with local Unix socket (unix:///var/run/docker.sock)
2026-08-17 16:57:08 [main] INFO  o.testcontainers.DockerClientFactory - Docker host IP address is localhost
2026-08-17 16:57:08 [main] INFO  o.testcontainers.DockerClientFactory - Connected to docker: 
  Server Version: 29.7.2
  API Version: 1.55
  Operating System: Arch Linux
  Total Memory: 63796 MB
2026-08-17 16:57:08 [main] INFO  tc.testcontainers/ryuk:0.13.0 - Creating container for image: testcontainers/ryuk:0.13.0
2026-08-17 16:57:08 [main] INFO  tc.testcontainers/ryuk:0.13.0 - Container testcontainers/ryuk:0.13.0 is starting: ce8d24c04dc0b2341548c1720daaaad801a95d5ccd3f0ea6354c6372859f7ed1
2026-08-17 16:57:09 [main] INFO  tc.testcontainers/ryuk:0.13.0 - Container testcontainers/ryuk:0.13.0 started in PT0.268411204S
2026-08-17 16:57:09 [main] INFO  o.t.utility.RyukResourceReaper - Ryuk started - will monitor and terminate Testcontainers containers on JVM exit
2026-08-17 16:57:09 [main] INFO  o.testcontainers.DockerClientFactory - Checking the system...
2026-08-17 16:57:09 [main] INFO  o.testcontainers.DockerClientFactory - ✔︎ Docker server version should be at least 1.6.0
2026-08-17 16:57:09 [main] INFO  t.g.io/epos-eric/metadata-database/deploy:main - Creating container for image: ghcr.io/epos-eric/metadata-database/deploy:main
2026-08-17 16:57:09 [main] INFO  t.g.io/epos-eric/metadata-database/deploy:main - Container ghcr.io/epos-eric/metadata-database/deploy:main is starting: cc6aea2fb33c1d6993069f5e6e6dc2aa5adcfe18b5bf62eb57776bd3f4f795a1
2026-08-17 16:57:13 [main] INFO  t.g.io/epos-eric/metadata-database/deploy:main - Container ghcr.io/epos-eric/metadata-database/deploy:main started in PT3.961900396S
2026-08-17 16:57:13 [main] INFO  t.g.io/epos-eric/metadata-database/deploy:main - Container is started (JDBC URL: jdbc:postgresql://localhost:32979/cerif?loggerLevel=OFF)
2026-08-17 16:57:13 [main] INFO  com.zaxxer.hikari.HikariDataSource - metadata_catalogue - Starting...
2026-08-17 16:57:13 [main] INFO  com.zaxxer.hikari.pool.HikariPool - metadata_catalogue - Added connection org.postgresql.jdbc.PgConnection@3c87fdf2
2026-08-17 16:57:13 [main] INFO  com.zaxxer.hikari.HikariDataSource - metadata_catalogue - Start completed.
2026-08-17 16:57:37 [main] INFO  com.zaxxer.hikari.HikariDataSource - metadata_catalogue - Shutdown initiated...
2026-08-17 16:57:37 [main] INFO  com.zaxxer.hikari.HikariDataSource - metadata_catalogue - Shutdown completed.
2026-08-17 17:15:25 [main] INFO  o.testcontainers.images.PullPolicy - Image pull policy will be performed by: DefaultPullPolicy()
2026-08-17 17:15:25 [main] INFO  o.t.utility.ImageNameSubstitutor - Image name substitution will be performed by: DefaultImageNameSubstitutor (composite of 'ConfigurationFileImageNameSubstitutor' and 'PrefixingImageNameSubstitutor')
2026-08-17 17:15:25 [main] INFO  o.testcontainers.DockerClientFactory - Testcontainers version: 2.0.2
2026-08-17 17:15:25 [main] INFO  o.t.d.DockerClientProviderStrategy - Loaded org.testcontainers.dockerclient.UnixSocketClientProviderStrategy from ~/.testcontainers.properties, will try it first
2026-08-17 17:15:25 [main] INFO  o.t.d.DockerClientProviderStrategy - Found Docker environment with local Unix socket (unix:///var/run/docker.sock)
2026-08-17 17:15:25 [main] INFO  o.testcontainers.DockerClientFactory - Docker host IP address is localhost
2026-08-17 17:15:25 [main] INFO  o.testcontainers.DockerClientFactory - Connected to docker: 
  Server Version: 29.7.2
  API Version: 1.55
  Operating System: Arch Linux
  Total Memory: 63796 MB
2026-08-17 17:15:26 [main] INFO  tc.testcontainers/ryuk:0.13.0 - Creating container for image: testcontainers/ryuk:0.13.0
2026-08-17 17:15:26 [main] INFO  tc.testcontainers/ryuk:0.13.0 - Container testcontainers/ryuk:0.13.0 is starting: 79f417d80ba85beeff77a1d01bf928facc2ca58110947d4beb523588f70033b7
2026-08-17 17:15:26 [main] INFO  tc.testcontainers/ryuk:0.13.0 - Container testcontainers/ryuk:0.13.0 started in PT0.355846755S
2026-08-17 17:15:26 [main] INFO  o.t.utility.RyukResourceReaper - Ryuk started - will monitor and terminate Testcontainers containers on JVM exit
2026-08-17 17:15:26 [main] INFO  o.testcontainers.DockerClientFactory - Checking the system...
2026-08-17 17:15:26 [main] INFO  o.testcontainers.DockerClientFactory - ✔︎ Docker server version should be at least 1.6.0
2026-08-17 17:15:26 [main] INFO  t.g.io/epos-eric/metadata-database/deploy:main - Creating container for image: ghcr.io/epos-eric/metadata-database/deploy:main
2026-08-17 17:15:26 [main] INFO  t.g.io/epos-eric/metadata-database/deploy:main - Container ghcr.io/epos-eric/metadata-database/deploy:main is starting: e463350a10618ee2de2d64a5118546e2c784ce3ec9e1321a0ecf8ec70d8a0b4e
2026-08-17 17:15:31 [main] INFO  t.g.io/epos-eric/metadata-database/deploy:main - Container ghcr.io/epos-eric/metadata-database/deploy:main started in PT4.26178108S
2026-08-17 17:15:31 [main] INFO  t.g.io/epos-eric/metadata-database/deploy:main - Container is started (JDBC URL: jdbc:postgresql://localhost:32981/cerif?loggerLevel=OFF)
2026-08-17 17:15:31 [main] INFO  com.zaxxer.hikari.HikariDataSource - metadata_catalogue - Starting...
2026-08-17 17:15:31 [main] INFO  com.zaxxer.hikari.pool.HikariPool - metadata_catalogue - Added connection org.postgresql.jdbc.PgConnection@4f5b08d
2026-08-17 17:15:31 [main] INFO  com.zaxxer.hikari.HikariDataSource - metadata_catalogue - Start completed.
2026-08-17 17:15:31 [main] INFO  com.zaxxer.hikari.HikariDataSource - metadata_catalogue - Shutdown initiated...
2026-08-17 17:15:31 [main] INFO  com.zaxxer.hikari.HikariDataSource - metadata_catalogue - Shutdown completed.
2026-08-17 17:15:32 [main] INFO  t.g.io/epos-eric/metadata-database/deploy:main - Creating container for image: ghcr.io/epos-eric/metadata-database/deploy:main
2026-08-17 17:15:32 [main] INFO  t.g.io/epos-eric/metadata-database/deploy:main - Container ghcr.io/epos-eric/metadata-database/deploy:main is starting: 1547745514b9bfe408049e9d0f5813beb7c087b2f7ff534d57d897b8b10a5bcc
2026-08-17 17:15:35 [main] INFO  t.g.io/epos-eric/metadata-database/deploy:main - Container ghcr.io/epos-eric/metadata-database/deploy:main started in PT3.867843368S
2026-08-17 17:15:35 [main] INFO  t.g.io/epos-eric/metadata-database/deploy:main - Container is started (JDBC URL: jdbc:postgresql://localhost:32982/cerif?loggerLevel=OFF)
2026-08-17 17:15:35 [main] INFO  com.zaxxer.hikari.HikariDataSource - metadata_catalogue - Starting...
2026-08-17 17:15:35 [main] INFO  com.zaxxer.hikari.pool.HikariPool - metadata_catalogue - Added connection org.postgresql.jdbc.PgConnection@27bc1d44
2026-08-17 17:15:35 [main] INFO  com.zaxxer.hikari.HikariDataSource - metadata_catalogue - Start completed.
2026-08-17 17:15:36 [main] INFO  com.zaxxer.hikari.HikariDataSource - metadata_catalogue - Shutdown initiated...
2026-08-17 17:15:36 [main] INFO  com.zaxxer.hikari.HikariDataSource - metadata_catalogue - Shutdown completed.
2026-08-17 17:15:36 [main] INFO  t.g.io/epos-eric/metadata-database/deploy:main - Creating container for image: ghcr.io/epos-eric/metadata-database/deploy:main
2026-08-17 17:15:36 [main] INFO  t.g.io/epos-eric/metadata-database/deploy:main - Container ghcr.io/epos-eric/metadata-database/deploy:main is starting: 6f7b73b928f28e11925f16437c3b7d088133060bbbd321acdafe624178178ec9
2026-08-17 17:15:40 [main] INFO  t.g.io/epos-eric/metadata-database/deploy:main - Container ghcr.io/epos-eric/metadata-database/deploy:main started in PT3.715144658S
2026-08-17 17:15:40 [main] INFO  t.g.io/epos-eric/metadata-database/deploy:main - Container is started (JDBC URL: jdbc:postgresql://localhost:32983/cerif?loggerLevel=OFF)
2026-08-17 17:15:40 [main] INFO  com.zaxxer.hikari.HikariDataSource - metadata_catalogue - Starting...
2026-08-17 17:15:40 [main] INFO  com.zaxxer.hikari.pool.HikariPool - metadata_catalogue - Added connection org.postgresql.jdbc.PgConnection@241fc278
2026-08-17 17:15:40 [main] INFO  com.zaxxer.hikari.HikariDataSource - metadata_catalogue - Start completed.
2026-08-17 17:15:40 [main] INFO  com.zaxxer.hikari.HikariDataSource - metadata_catalogue - Shutdown initiated...
2026-08-17 17:15:40 [main] INFO  com.zaxxer.hikari.HikariDataSource - metadata_catalogue - Shutdown completed.
2026-08-17 17:18:14 [main] INFO  o.testcontainers.images.PullPolicy - Image pull policy will be performed by: DefaultPullPolicy()
2026-08-17 17:18:14 [main] INFO  o.t.utility.ImageNameSubstitutor - Image name substitution will be performed by: DefaultImageNameSubstitutor (composite of 'ConfigurationFileImageNameSubstitutor' and 'PrefixingImageNameSubstitutor')
2026-08-17 17:18:14 [main] INFO  o.testcontainers.DockerClientFactory - Testcontainers version: 2.0.2
2026-08-17 17:18:14 [main] INFO  o.t.d.DockerClientProviderStrategy - Loaded org.testcontainers.dockerclient.UnixSocketClientProviderStrategy from ~/.testcontainers.properties, will try it first
2026-08-17 17:18:14 [main] INFO  o.t.d.DockerClientProviderStrategy - Found Docker environment with local Unix socket (unix:///var/run/docker.sock)
2026-08-17 17:18:14 [main] INFO  o.testcontainers.DockerClientFactory - Docker host IP address is localhost
2026-08-17 17:18:14 [main] INFO  o.testcontainers.DockerClientFactory - Connected to docker: 
  Server Version: 29.7.2
  API Version: 1.55
  Operating System: Arch Linux
  Total Memory: 63796 MB
2026-08-17 17:18:15 [main] INFO  tc.testcontainers/ryuk:0.13.0 - Creating container for image: testcontainers/ryuk:0.13.0
2026-08-17 17:18:15 [main] INFO  tc.testcontainers/ryuk:0.13.0 - Container testcontainers/ryuk:0.13.0 is starting: 80ec5449b76a609f8d7f97a4fc8899e6600311ea57c880c2b6a26d214b96b4ab
2026-08-17 17:18:15 [main] INFO  tc.testcontainers/ryuk:0.13.0 - Container testcontainers/ryuk:0.13.0 started in PT0.378972756S
2026-08-17 17:18:15 [main] INFO  o.t.utility.RyukResourceReaper - Ryuk started - will monitor and terminate Testcontainers containers on JVM exit
2026-08-17 17:18:15 [main] INFO  o.testcontainers.DockerClientFactory - Checking the system...
2026-08-17 17:18:15 [main] INFO  o.testcontainers.DockerClientFactory - ✔︎ Docker server version should be at least 1.6.0
2026-08-17 17:18:15 [main] INFO  t.g.io/epos-eric/metadata-database/deploy:main - Creating container for image: ghcr.io/epos-eric/metadata-database/deploy:main
2026-08-17 17:18:15 [main] INFO  t.g.io/epos-eric/metadata-database/deploy:main - Container ghcr.io/epos-eric/metadata-database/deploy:main is starting: d8571ded279a196ff4444d85f6b1608b2fd07c62216626ddbc6251767884eebc
2026-08-17 17:18:19 [main] INFO  t.g.io/epos-eric/metadata-database/deploy:main - Container ghcr.io/epos-eric/metadata-database/deploy:main started in PT4.308232612S
2026-08-17 17:18:19 [main] INFO  t.g.io/epos-eric/metadata-database/deploy:main - Container is started (JDBC URL: jdbc:postgresql://localhost:32985/cerif?loggerLevel=OFF)
2026-08-17 17:18:19 [main] INFO  com.zaxxer.hikari.HikariDataSource - metadata_catalogue - Starting...
2026-08-17 17:18:20 [main] INFO  com.zaxxer.hikari.pool.HikariPool - metadata_catalogue - Added connection org.postgresql.jdbc.PgConnection@3f736a16
2026-08-17 17:18:20 [main] INFO  com.zaxxer.hikari.HikariDataSource - metadata_catalogue - Start completed.
2026-08-17 17:18:20 [main] INFO  com.zaxxer.hikari.HikariDataSource - metadata_catalogue - Shutdown initiated...
2026-08-17 17:18:20 [main] INFO  com.zaxxer.hikari.HikariDataSource - metadata_catalogue - Shutdown completed.
2026-08-17 17:18:20 [main] INFO  t.g.io/epos-eric/metadata-database/deploy:main - Creating container for image: ghcr.io/epos-eric/metadata-database/deploy:main
2026-08-17 17:18:20 [main] INFO  t.g.io/epos-eric/metadata-database/deploy:main - Container ghcr.io/epos-eric/metadata-database/deploy:main is starting: 4e864c552cd93a80452ae10f7ebef2ed3a4b5670263d2a4e868600a963f96f6f
2026-08-17 17:18:24 [main] INFO  t.g.io/epos-eric/metadata-database/deploy:main - Container ghcr.io/epos-eric/metadata-database/deploy:main started in PT3.905239278S
2026-08-17 17:18:24 [main] INFO  t.g.io/epos-eric/metadata-database/deploy:main - Container is started (JDBC URL: jdbc:postgresql://localhost:32986/cerif?loggerLevel=OFF)
2026-08-17 17:18:24 [main] INFO  com.zaxxer.hikari.HikariDataSource - metadata_catalogue - Starting...
2026-08-17 17:18:24 [main] INFO  com.zaxxer.hikari.pool.HikariPool - metadata_catalogue - Added connection org.postgresql.jdbc.PgConnection@3e52ed5d
2026-08-17 17:18:24 [main] INFO  com.zaxxer.hikari.HikariDataSource - metadata_catalogue - Start completed.
2026-08-17 17:18:25 [main] INFO  com.zaxxer.hikari.HikariDataSource - metadata_catalogue - Shutdown initiated...
2026-08-17 17:18:25 [main] INFO  com.zaxxer.hikari.HikariDataSource - metadata_catalogue - Shutdown completed.
2026-08-17 17:18:25 [main] INFO  t.g.io/epos-eric/metadata-database/deploy:main - Creating container for image: ghcr.io/epos-eric/metadata-database/deploy:main
2026-08-17 17:18:25 [main] INFO  t.g.io/epos-eric/metadata-database/deploy:main - Container ghcr.io/epos-eric/metadata-database/deploy:main is starting: abed5b2ad45b32663211b0390b21dd445c08cd00de2b6b7b2f8fa44c3736131e
2026-08-17 17:18:29 [main] INFO  t.g.io/epos-eric/metadata-database/deploy:main - Container ghcr.io/epos-eric/metadata-database/deploy:main started in PT4.482476915S
2026-08-17 17:18:29 [main] INFO  t.g.io/epos-eric/metadata-database/deploy:main - Container is started (JDBC URL: jdbc:postgresql://localhost:32987/cerif?loggerLevel=OFF)
2026-08-17 17:18:29 [main] INFO  com.zaxxer.hikari.HikariDataSource - metadata_catalogue - Starting...
2026-08-17 17:18:29 [main] INFO  com.zaxxer.hikari.pool.HikariPool - metadata_catalogue - Added connection org.postgresql.jdbc.PgConnection@602298b
2026-08-17 17:18:29 [main] INFO  com.zaxxer.hikari.HikariDataSource - metadata_catalogue - Start completed.
2026-08-17 17:18:30 [main] INFO  com.zaxxer.hikari.HikariDataSource - metadata_catalogue - Shutdown initiated...
2026-08-17 17:18:30 [main] INFO  com.zaxxer.hikari.HikariDataSource - metadata_catalogue - Shutdown completed.
2026-08-17 17:18:30 [main] INFO  t.g.io/epos-eric/metadata-database/deploy:main - Creating container for image: ghcr.io/epos-eric/metadata-database/deploy:main
2026-08-17 17:18:30 [main] INFO  t.g.io/epos-eric/metadata-database/deploy:main - Container ghcr.io/epos-eric/metadata-database/deploy:main is starting: f05b0d5221486d43a66614b9262b77028dc009e78272b50e3fa2e776ac57cda3
2026-08-17 17:18:34 [main] INFO  t.g.io/epos-eric/metadata-database/deploy:main - Container ghcr.io/epos-eric/metadata-database/deploy:main started in PT3.872878974S
2026-08-17 17:18:34 [main] INFO  t.g.io/epos-eric/metadata-database/deploy:main - Container is started (JDBC URL: jdbc:postgresql://localhost:32988/cerif?loggerLevel=OFF)
2026-08-17 17:18:34 [main] INFO  com.zaxxer.hikari.HikariDataSource - metadata_catalogue - Starting...
2026-08-17 17:18:34 [main] INFO  com.zaxxer.hikari.pool.HikariPool - metadata_catalogue - Added connection org.postgresql.jdbc.PgConnection@7db47323
2026-08-17 17:18:34 [main] INFO  com.zaxxer.hikari.HikariDataSource - metadata_catalogue - Start completed.
2026-08-17 17:18:34 [main] INFO  com.zaxxer.hikari.HikariDataSource - metadata_catalogue - Shutdown initiated...
2026-08-17 17:18:34 [main] INFO  com.zaxxer.hikari.HikariDataSource - metadata_catalogue - Shutdown completed.
2026-08-17 17:46:40 [main] INFO  o.testcontainers.images.PullPolicy - Image pull policy will be performed by: DefaultPullPolicy()
2026-08-17 17:46:40 [main] INFO  o.t.utility.ImageNameSubstitutor - Image name substitution will be performed by: DefaultImageNameSubstitutor (composite of 'ConfigurationFileImageNameSubstitutor' and 'PrefixingImageNameSubstitutor')
2026-08-17 17:46:40 [main] INFO  o.testcontainers.DockerClientFactory - Testcontainers version: 2.0.2
2026-08-17 17:46:40 [main] INFO  o.t.d.DockerClientProviderStrategy - Loaded org.testcontainers.dockerclient.UnixSocketClientProviderStrategy from ~/.testcontainers.properties, will try it first
2026-08-17 17:46:40 [main] INFO  o.t.d.DockerClientProviderStrategy - Found Docker environment with local Unix socket (unix:///var/run/docker.sock)
2026-08-17 17:46:40 [main] INFO  o.testcontainers.DockerClientFactory - Docker host IP address is localhost
2026-08-17 17:46:40 [main] INFO  o.testcontainers.DockerClientFactory - Connected to docker: 
  Server Version: 29.7.2
  API Version: 1.55
  Operating System: Arch Linux
  Total Memory: 63796 MB
2026-08-17 17:46:41 [main] INFO  tc.testcontainers/ryuk:0.13.0 - Creating container for image: testcontainers/ryuk:0.13.0
2026-08-17 17:46:41 [main] INFO  tc.testcontainers/ryuk:0.13.0 - Container testcontainers/ryuk:0.13.0 is starting: daf4fbdd3762cf0b64a7336409b968c7632ebf4257f27f102ba8b48ab26fc1e4
2026-08-17 17:46:41 [main] INFO  tc.testcontainers/ryuk:0.13.0 - Container testcontainers/ryuk:0.13.0 started in PT0.343602231S
2026-08-17 17:46:41 [main] INFO  o.t.utility.RyukResourceReaper - Ryuk started - will monitor and terminate Testcontainers containers on JVM exit
2026-08-17 17:46:41 [main] INFO  o.testcontainers.DockerClientFactory - Checking the system...
2026-08-17 17:46:41 [main] INFO  o.testcontainers.DockerClientFactory - ✔︎ Docker server version should be at least 1.6.0
2026-08-17 17:46:41 [main] INFO  t.g.io/epos-eric/metadata-database/deploy:main - Creating container for image: ghcr.io/epos-eric/metadata-database/deploy:main
2026-08-17 17:46:41 [main] INFO  t.g.io/epos-eric/metadata-database/deploy:main - Container ghcr.io/epos-eric/metadata-database/deploy:main is starting: b5984af2e8b3402a2e64bc7ae10831cdd8f3aa383997bca7fbc37aab556cddaf
2026-08-17 17:46:45 [main] INFO  t.g.io/epos-eric/metadata-database/deploy:main - Container ghcr.io/epos-eric/metadata-database/deploy:main started in PT3.908426916S
2026-08-17 17:46:45 [main] INFO  t.g.io/epos-eric/metadata-database/deploy:main - Container is started (JDBC URL: jdbc:postgresql://localhost:32991/cerif?loggerLevel=OFF)
2026-08-17 17:46:45 [main] INFO  com.zaxxer.hikari.HikariDataSource - metadata_catalogue - Starting...
2026-08-17 17:46:45 [main] INFO  com.zaxxer.hikari.pool.HikariPool - metadata_catalogue - Added connection org.postgresql.jdbc.PgConnection@5d8ab698
2026-08-17 17:46:45 [main] INFO  com.zaxxer.hikari.HikariDataSource - metadata_catalogue - Start completed.
2026-08-17 17:46:46 [main] INFO  com.zaxxer.hikari.HikariDataSource - metadata_catalogue - Shutdown initiated...
2026-08-17 17:46:46 [main] INFO  com.zaxxer.hikari.HikariDataSource - metadata_catalogue - Shutdown completed.
2026-08-17 17:48:59 [main] INFO  o.testcontainers.images.PullPolicy - Image pull policy will be performed by: DefaultPullPolicy()
2026-08-17 17:48:59 [main] INFO  o.t.utility.ImageNameSubstitutor - Image name substitution will be performed by: DefaultImageNameSubstitutor (composite of 'ConfigurationFileImageNameSubstitutor' and 'PrefixingImageNameSubstitutor')
2026-08-17 17:48:59 [main] INFO  o.testcontainers.DockerClientFactory - Testcontainers version: 2.0.2
2026-08-17 17:48:59 [main] INFO  o.t.d.DockerClientProviderStrategy - Loaded org.testcontainers.dockerclient.UnixSocketClientProviderStrategy from ~/.testcontainers.properties, will try it first
2026-08-17 17:49:00 [main] INFO  o.t.d.DockerClientProviderStrategy - Found Docker environment with local Unix socket (unix:///var/run/docker.sock)
2026-08-17 17:49:00 [main] INFO  o.testcontainers.DockerClientFactory - Docker host IP address is localhost
2026-08-17 17:49:00 [main] INFO  o.testcontainers.DockerClientFactory - Connected to docker: 
  Server Version: 29.7.2
  API Version: 1.55
  Operating System: Arch Linux
  Total Memory: 63796 MB
2026-08-17 17:49:00 [main] INFO  tc.testcontainers/ryuk:0.13.0 - Creating container for image: testcontainers/ryuk:0.13.0
2026-08-17 17:49:00 [main] INFO  tc.testcontainers/ryuk:0.13.0 - Container testcontainers/ryuk:0.13.0 is starting: 7a0766a55d508611b678d644b73ce906090c643446aebd83b521f88041946e87
2026-08-17 17:49:00 [main] INFO  tc.testcontainers/ryuk:0.13.0 - Container testcontainers/ryuk:0.13.0 started in PT0.36976165S
2026-08-17 17:49:00 [main] INFO  o.t.utility.RyukResourceReaper - Ryuk started - will monitor and terminate Testcontainers containers on JVM exit
2026-08-17 17:49:00 [main] INFO  o.testcontainers.DockerClientFactory - Checking the system...
2026-08-17 17:49:00 [main] INFO  o.testcontainers.DockerClientFactory - ✔︎ Docker server version should be at least 1.6.0
2026-08-17 17:49:00 [main] INFO  t.g.io/epos-eric/metadata-database/deploy:main - Creating container for image: ghcr.io/epos-eric/metadata-database/deploy:main
2026-08-17 17:49:01 [main] INFO  t.g.io/epos-eric/metadata-database/deploy:main - Container ghcr.io/epos-eric/metadata-database/deploy:main is starting: 12af5620cd216ab82271c3266f819a2d8cff0d3d42aaccea77645310c9683282
2026-08-17 17:49:05 [main] INFO  t.g.io/epos-eric/metadata-database/deploy:main - Container ghcr.io/epos-eric/metadata-database/deploy:main started in PT4.104280288S
2026-08-17 17:49:05 [main] INFO  t.g.io/epos-eric/metadata-database/deploy:main - Container is started (JDBC URL: jdbc:postgresql://localhost:32993/cerif?loggerLevel=OFF)
2026-08-17 17:49:05 [main] INFO  com.zaxxer.hikari.HikariDataSource - metadata_catalogue - Starting...
2026-08-17 17:49:05 [main] INFO  com.zaxxer.hikari.pool.HikariPool - metadata_catalogue - Added connection org.postgresql.jdbc.PgConnection@4f5b08d
2026-08-17 17:49:05 [main] INFO  com.zaxxer.hikari.HikariDataSource - metadata_catalogue - Start completed.
2026-08-17 17:49:05 [main] INFO  com.zaxxer.hikari.HikariDataSource - metadata_catalogue - Shutdown initiated...
2026-08-17 17:49:05 [main] INFO  com.zaxxer.hikari.HikariDataSource - metadata_catalogue - Shutdown completed.
2026-08-17 17:49:06 [main] INFO  t.g.io/epos-eric/metadata-database/deploy:main - Creating container for image: ghcr.io/epos-eric/metadata-database/deploy:main
2026-08-17 17:49:06 [main] INFO  t.g.io/epos-eric/metadata-database/deploy:main - Container ghcr.io/epos-eric/metadata-database/deploy:main is starting: 703283f1d58292ca26ce5fbc74e82e110c26b686d399f8b96b004361498251d1
2026-08-17 17:49:10 [main] INFO  t.g.io/epos-eric/metadata-database/deploy:main - Container ghcr.io/epos-eric/metadata-database/deploy:main started in PT4.061393074S
2026-08-17 17:49:10 [main] INFO  t.g.io/epos-eric/metadata-database/deploy:main - Container is started (JDBC URL: jdbc:postgresql://localhost:32994/cerif?loggerLevel=OFF)
2026-08-17 17:49:10 [main] INFO  com.zaxxer.hikari.HikariDataSource - metadata_catalogue - Starting...
2026-08-17 17:49:10 [main] INFO  com.zaxxer.hikari.pool.HikariPool - metadata_catalogue - Added connection org.postgresql.jdbc.PgConnection@59d6642a
2026-08-17 17:49:10 [main] INFO  com.zaxxer.hikari.HikariDataSource - metadata_catalogue - Start completed.
2026-08-17 17:49:10 [main] INFO  com.zaxxer.hikari.HikariDataSource - metadata_catalogue - Shutdown initiated...
2026-08-17 17:49:10 [main] INFO  com.zaxxer.hikari.HikariDataSource - metadata_catalogue - Shutdown completed.
2026-08-17 17:49:10 [main] INFO  t.g.io/epos-eric/metadata-database/deploy:main - Creating container for image: ghcr.io/epos-eric/metadata-database/deploy:main
2026-08-17 17:49:10 [main] INFO  t.g.io/epos-eric/metadata-database/deploy:main - Container ghcr.io/epos-eric/metadata-database/deploy:main is starting: 794ecd46815a9e9cffff388f76df765b37c8eb7eff5003d7056eeb79cfa4b655
2026-08-17 17:49:14 [main] INFO  t.g.io/epos-eric/metadata-database/deploy:main - Container ghcr.io/epos-eric/metadata-database/deploy:main started in PT3.751299934S
2026-08-17 17:49:14 [main] INFO  t.g.io/epos-eric/metadata-database/deploy:main - Container is started (JDBC URL: jdbc:postgresql://localhost:32995/cerif?loggerLevel=OFF)
2026-08-17 17:49:14 [main] INFO  com.zaxxer.hikari.HikariDataSource - metadata_catalogue - Starting...
2026-08-17 17:49:14 [main] INFO  com.zaxxer.hikari.pool.HikariPool - metadata_catalogue - Added connection org.postgresql.jdbc.PgConnection@3a5b7d7e
2026-08-17 17:49:14 [main] INFO  com.zaxxer.hikari.HikariDataSource - metadata_catalogue - Start completed.
2026-08-17 17:49:14 [main] INFO  com.zaxxer.hikari.HikariDataSource - metadata_catalogue - Shutdown initiated...
2026-08-17 17:49:14 [main] INFO  com.zaxxer.hikari.HikariDataSource - metadata_catalogue - Shutdown completed.
2026-08-17 17:49:29 [main] INFO  o.testcontainers.images.PullPolicy - Image pull policy will be performed by: DefaultPullPolicy()
2026-08-17 17:49:29 [main] INFO  o.t.utility.ImageNameSubstitutor - Image name substitution will be performed by: DefaultImageNameSubstitutor (composite of 'ConfigurationFileImageNameSubstitutor' and 'PrefixingImageNameSubstitutor')
2026-08-17 17:49:29 [main] INFO  o.testcontainers.DockerClientFactory - Testcontainers version: 2.0.2
2026-08-17 17:49:29 [main] INFO  o.t.d.DockerClientProviderStrategy - Loaded org.testcontainers.dockerclient.UnixSocketClientProviderStrategy from ~/.testcontainers.properties, will try it first
2026-08-17 17:49:29 [main] INFO  o.t.d.DockerClientProviderStrategy - Found Docker environment with local Unix socket (unix:///var/run/docker.sock)
2026-08-17 17:49:29 [main] INFO  o.testcontainers.DockerClientFactory - Docker host IP address is localhost
2026-08-17 17:49:29 [main] INFO  o.testcontainers.DockerClientFactory - Connected to docker: 
  Server Version: 29.7.2
  API Version: 1.55
  Operating System: Arch Linux
  Total Memory: 63796 MB
2026-08-17 17:49:29 [main] INFO  tc.testcontainers/ryuk:0.13.0 - Creating container for image: testcontainers/ryuk:0.13.0
2026-08-17 17:49:29 [main] INFO  tc.testcontainers/ryuk:0.13.0 - Container testcontainers/ryuk:0.13.0 is starting: 57f7cd9cd384a927111871e9589878db988f95a0d8a17225ff354130d9e13e24
2026-08-17 17:49:30 [main] INFO  tc.testcontainers/ryuk:0.13.0 - Container testcontainers/ryuk:0.13.0 started in PT0.275139776S
2026-08-17 17:49:30 [main] INFO  o.t.utility.RyukResourceReaper - Ryuk started - will monitor and terminate Testcontainers containers on JVM exit
2026-08-17 17:49:30 [main] INFO  o.testcontainers.DockerClientFactory - Checking the system...
2026-08-17 17:49:30 [main] INFO  o.testcontainers.DockerClientFactory - ✔︎ Docker server version should be at least 1.6.0
2026-08-17 17:49:30 [main] INFO  t.g.io/epos-eric/metadata-database/deploy:main - Creating container for image: ghcr.io/epos-eric/metadata-database/deploy:main
2026-08-17 17:49:30 [main] INFO  t.g.io/epos-eric/metadata-database/deploy:main - Container ghcr.io/epos-eric/metadata-database/deploy:main is starting: c646b922f429f5f93f2cb48b4a18295b92fcb412dc638f232457aeaf49e02447
2026-08-17 17:49:34 [main] INFO  t.g.io/epos-eric/metadata-database/deploy:main - Container ghcr.io/epos-eric/metadata-database/deploy:main started in PT4.008586116S
2026-08-17 17:49:34 [main] INFO  t.g.io/epos-eric/metadata-database/deploy:main - Container is started (JDBC URL: jdbc:postgresql://localhost:32997/cerif?loggerLevel=OFF)
2026-08-17 17:49:34 [main] INFO  com.zaxxer.hikari.HikariDataSource - metadata_catalogue - Starting...
2026-08-17 17:49:34 [main] INFO  com.zaxxer.hikari.pool.HikariPool - metadata_catalogue - Added connection org.postgresql.jdbc.PgConnection@2c8c16c0
2026-08-17 17:49:34 [main] INFO  com.zaxxer.hikari.HikariDataSource - metadata_catalogue - Start completed.
2026-08-17 17:49:34 [main] INFO  com.zaxxer.hikari.HikariDataSource - metadata_catalogue - Shutdown initiated...
2026-08-17 17:49:34 [main] INFO  com.zaxxer.hikari.HikariDataSource - metadata_catalogue - Shutdown completed.
2026-08-17 17:49:35 [main] INFO  t.g.io/epos-eric/metadata-database/deploy:main - Creating container for image: ghcr.io/epos-eric/metadata-database/deploy:main
2026-08-17 17:49:35 [main] INFO  t.g.io/epos-eric/metadata-database/deploy:main - Container ghcr.io/epos-eric/metadata-database/deploy:main is starting: d710c8c7305a14e3bb1ff502e62a9cda01e9c096c45901d4ce4ee3031f71bba9
2026-08-17 17:49:39 [main] INFO  t.g.io/epos-eric/metadata-database/deploy:main - Container ghcr.io/epos-eric/metadata-database/deploy:main started in PT3.849297878S
2026-08-17 17:49:39 [main] INFO  t.g.io/epos-eric/metadata-database/deploy:main - Container is started (JDBC URL: jdbc:postgresql://localhost:32998/cerif?loggerLevel=OFF)
2026-08-17 17:49:39 [main] INFO  com.zaxxer.hikari.HikariDataSource - metadata_catalogue - Starting...
2026-08-17 17:49:39 [main] INFO  com.zaxxer.hikari.pool.HikariPool - metadata_catalogue - Added connection org.postgresql.jdbc.PgConnection@b7d2d51
2026-08-17 17:49:39 [main] INFO  com.zaxxer.hikari.HikariDataSource - metadata_catalogue - Start completed.
2026-08-17 17:49:39 [main] INFO  com.zaxxer.hikari.HikariDataSource - metadata_catalogue - Shutdown initiated...
2026-08-17 17:49:39 [main] INFO  com.zaxxer.hikari.HikariDataSource - metadata_catalogue - Shutdown completed.
2026-08-17 17:49:39 [main] INFO  t.g.io/epos-eric/metadata-database/deploy:main - Creating container for image: ghcr.io/epos-eric/metadata-database/deploy:main
2026-08-17 17:49:39 [main] INFO  t.g.io/epos-eric/metadata-database/deploy:main - Container ghcr.io/epos-eric/metadata-database/deploy:main is starting: 2d591bad8f1737e7c482bf1f01f075b5f3326d02e466214a599d572b70ed58af
2026-08-17 17:49:43 [main] INFO  t.g.io/epos-eric/metadata-database/deploy:main - Container ghcr.io/epos-eric/metadata-database/deploy:main started in PT4.111475954S
2026-08-17 17:49:43 [main] INFO  t.g.io/epos-eric/metadata-database/deploy:main - Container is started (JDBC URL: jdbc:postgresql://localhost:32999/cerif?loggerLevel=OFF)
2026-08-17 17:49:43 [main] INFO  com.zaxxer.hikari.HikariDataSource - metadata_catalogue - Starting...
2026-08-17 17:49:43 [main] INFO  com.zaxxer.hikari.pool.HikariPool - metadata_catalogue - Added connection org.postgresql.jdbc.PgConnection@166ce247
2026-08-17 17:49:43 [main] INFO  com.zaxxer.hikari.HikariDataSource - metadata_catalogue - Start completed.
2026-08-17 17:49:44 [main] INFO  com.zaxxer.hikari.HikariDataSource - metadata_catalogue - Shutdown initiated...
2026-08-17 17:49:44 [main] INFO  com.zaxxer.hikari.HikariDataSource - metadata_catalogue - Shutdown completed.
2026-08-17 17:49:44 [main] INFO  t.g.io/epos-eric/metadata-database/deploy:main - Creating container for image: ghcr.io/epos-eric/metadata-database/deploy:main
2026-08-17 17:49:44 [main] INFO  t.g.io/epos-eric/metadata-database/deploy:main - Container ghcr.io/epos-eric/metadata-database/deploy:main is starting: 908830736afec064f7b5d157227df7f51661fc702491166d1e12c1877b954530
2026-08-17 17:49:48 [main] INFO  t.g.io/epos-eric/metadata-database/deploy:main - Container ghcr.io/epos-eric/metadata-database/deploy:main started in PT4.123608193S
2026-08-17 17:49:48 [main] INFO  t.g.io/epos-eric/metadata-database/deploy:main - Container is started (JDBC URL: jdbc:postgresql://localhost:33000/cerif?loggerLevel=OFF)
2026-08-17 17:49:48 [main] INFO  com.zaxxer.hikari.HikariDataSource - metadata_catalogue - Starting...
2026-08-17 17:49:48 [main] INFO  com.zaxxer.hikari.pool.HikariPool - metadata_catalogue - Added connection org.postgresql.jdbc.PgConnection@16a09809
2026-08-17 17:49:48 [main] INFO  com.zaxxer.hikari.HikariDataSource - metadata_catalogue - Start completed.
2026-08-17 17:49:48 [main] INFO  com.zaxxer.hikari.HikariDataSource - metadata_catalogue - Shutdown initiated...
2026-08-17 17:49:48 [main] INFO  com.zaxxer.hikari.HikariDataSource - metadata_catalogue - Shutdown completed.
2026-08-17 17:49:49 [main] INFO  t.g.io/epos-eric/metadata-database/deploy:main - Creating container for image: ghcr.io/epos-eric/metadata-database/deploy:main
2026-08-17 17:49:49 [main] INFO  t.g.io/epos-eric/metadata-database/deploy:main - Container ghcr.io/epos-eric/metadata-database/deploy:main is starting: 9f338a177ede962f1d74da61704370205e82e4733bbb0aee743b8af7b42bb219
2026-08-17 17:49:53 [main] INFO  t.g.io/epos-eric/metadata-database/deploy:main - Container ghcr.io/epos-eric/metadata-database/deploy:main started in PT4.283790833S
2026-08-17 17:49:53 [main] INFO  t.g.io/epos-eric/metadata-database/deploy:main - Container is started (JDBC URL: jdbc:postgresql://localhost:33001/cerif?loggerLevel=OFF)
2026-08-17 17:49:53 [main] INFO  com.zaxxer.hikari.HikariDataSource - metadata_catalogue - Starting...
2026-08-17 17:49:53 [main] INFO  com.zaxxer.hikari.pool.HikariPool - metadata_catalogue - Added connection org.postgresql.jdbc.PgConnection@71468613
2026-08-17 17:49:53 [main] INFO  com.zaxxer.hikari.HikariDataSource - metadata_catalogue - Start completed.
2026-08-17 17:49:53 [main] INFO  com.zaxxer.hikari.HikariDataSource - metadata_catalogue - Shutdown initiated...
2026-08-17 17:49:53 [main] INFO  com.zaxxer.hikari.HikariDataSource - metadata_catalogue - Shutdown completed.
2026-08-17 17:52:19 [main] INFO  o.testcontainers.images.PullPolicy - Image pull policy will be performed by: DefaultPullPolicy()
2026-08-17 17:52:19 [main] INFO  o.t.utility.ImageNameSubstitutor - Image name substitution will be performed by: DefaultImageNameSubstitutor (composite of 'ConfigurationFileImageNameSubstitutor' and 'PrefixingImageNameSubstitutor')
2026-08-17 17:52:19 [main] INFO  o.testcontainers.DockerClientFactory - Testcontainers version: 2.0.2
2026-08-17 17:52:19 [main] INFO  o.t.d.DockerClientProviderStrategy - Loaded org.testcontainers.dockerclient.UnixSocketClientProviderStrategy from ~/.testcontainers.properties, will try it first
2026-08-17 17:52:19 [main] INFO  o.t.d.DockerClientProviderStrategy - Found Docker environment with local Unix socket (unix:///var/run/docker.sock)
2026-08-17 17:52:19 [main] INFO  o.testcontainers.DockerClientFactory - Docker host IP address is localhost
2026-08-17 17:52:19 [main] INFO  o.testcontainers.DockerClientFactory - Connected to docker: 
  Server Version: 29.7.2
  API Version: 1.55
  Operating System: Arch Linux
  Total Memory: 63796 MB
2026-08-17 17:52:20 [main] INFO  tc.testcontainers/ryuk:0.13.0 - Creating container for image: testcontainers/ryuk:0.13.0
2026-08-17 17:52:20 [main] INFO  tc.testcontainers/ryuk:0.13.0 - Container testcontainers/ryuk:0.13.0 is starting: 2ae93dc0dc63b015ac36aeb70f8929476484d2365d2b970d9e36080dcb4e93ff
2026-08-17 17:52:20 [main] INFO  tc.testcontainers/ryuk:0.13.0 - Container testcontainers/ryuk:0.13.0 started in PT0.340232232S
2026-08-17 17:52:20 [main] INFO  o.t.utility.RyukResourceReaper - Ryuk started - will monitor and terminate Testcontainers containers on JVM exit
2026-08-17 17:52:20 [main] INFO  o.testcontainers.DockerClientFactory - Checking the system...
2026-08-17 17:52:20 [main] INFO  o.testcontainers.DockerClientFactory - ✔︎ Docker server version should be at least 1.6.0
2026-08-17 17:52:20 [main] INFO  t.g.io/epos-eric/metadata-database/deploy:main - Creating container for image: ghcr.io/epos-eric/metadata-database/deploy:main
2026-08-17 17:52:20 [main] INFO  t.g.io/epos-eric/metadata-database/deploy:main - Container ghcr.io/epos-eric/metadata-database/deploy:main is starting: 5ce58f86b5c6dcc8abd616fca93bb9a09652ac6905e0eb29d5a45e3af07a98cd
2026-08-17 17:52:24 [main] INFO  t.g.io/epos-eric/metadata-database/deploy:main - Container ghcr.io/epos-eric/metadata-database/deploy:main started in PT3.76985415S
2026-08-17 17:52:24 [main] INFO  t.g.io/epos-eric/metadata-database/deploy:main - Container is started (JDBC URL: jdbc:postgresql://localhost:33003/cerif?loggerLevel=OFF)
2026-08-17 17:52:24 [main] INFO  com.zaxxer.hikari.HikariDataSource - metadata_catalogue - Starting...
2026-08-17 17:52:24 [main] INFO  com.zaxxer.hikari.pool.HikariPool - metadata_catalogue - Added connection org.postgresql.jdbc.PgConnection@4f5b08d
2026-08-17 17:52:24 [main] INFO  com.zaxxer.hikari.HikariDataSource - metadata_catalogue - Start completed.
2026-08-17 17:52:24 [main] INFO  com.zaxxer.hikari.HikariDataSource - metadata_catalogue - Shutdown initiated...
2026-08-17 17:52:24 [main] INFO  com.zaxxer.hikari.HikariDataSource - metadata_catalogue - Shutdown completed.
2026-08-17 17:52:25 [main] INFO  t.g.io/epos-eric/metadata-database/deploy:main - Creating container for image: ghcr.io/epos-eric/metadata-database/deploy:main
2026-08-17 17:52:25 [main] INFO  t.g.io/epos-eric/metadata-database/deploy:main - Container ghcr.io/epos-eric/metadata-database/deploy:main is starting: f1eeb899bc4969aa5e3718109c7b97787eacef890030190d58b164181badc8b8
2026-08-17 17:52:29 [main] INFO  t.g.io/epos-eric/metadata-database/deploy:main - Container ghcr.io/epos-eric/metadata-database/deploy:main started in PT4.005607891S
2026-08-17 17:52:29 [main] INFO  t.g.io/epos-eric/metadata-database/deploy:main - Container is started (JDBC URL: jdbc:postgresql://localhost:33004/cerif?loggerLevel=OFF)
2026-08-17 17:52:29 [main] INFO  com.zaxxer.hikari.HikariDataSource - metadata_catalogue - Starting...
2026-08-17 17:52:29 [main] INFO  com.zaxxer.hikari.pool.HikariPool - metadata_catalogue - Added connection org.postgresql.jdbc.PgConnection@1d2d8846
2026-08-17 17:52:29 [main] INFO  com.zaxxer.hikari.HikariDataSource - metadata_catalogue - Start completed.
2026-08-17 17:52:29 [main] INFO  com.zaxxer.hikari.HikariDataSource - metadata_catalogue - Shutdown initiated...
2026-08-17 17:52:29 [main] INFO  com.zaxxer.hikari.HikariDataSource - metadata_catalogue - Shutdown completed.
2026-08-17 17:52:29 [main] INFO  t.g.io/epos-eric/metadata-database/deploy:main - Creating container for image: ghcr.io/epos-eric/metadata-database/deploy:main
2026-08-17 17:52:29 [main] INFO  t.g.io/epos-eric/metadata-database/deploy:main - Container ghcr.io/epos-eric/metadata-database/deploy:main is starting: a5838837f23887adee365ad2e39767abe86ab554caaa41d16b571c5402de655c
2026-08-17 17:52:33 [main] INFO  t.g.io/epos-eric/metadata-database/deploy:main - Container ghcr.io/epos-eric/metadata-database/deploy:main started in PT3.986424477S
2026-08-17 17:52:33 [main] INFO  t.g.io/epos-eric/metadata-database/deploy:main - Container is started (JDBC URL: jdbc:postgresql://localhost:33005/cerif?loggerLevel=OFF)
2026-08-17 17:52:33 [main] INFO  com.zaxxer.hikari.HikariDataSource - metadata_catalogue - Starting...
2026-08-17 17:52:33 [main] INFO  com.zaxxer.hikari.pool.HikariPool - metadata_catalogue - Added connection org.postgresql.jdbc.PgConnection@d66502
2026-08-17 17:52:33 [main] INFO  com.zaxxer.hikari.HikariDataSource - metadata_catalogue - Start completed.
2026-08-17 17:52:34 [main] INFO  com.zaxxer.hikari.HikariDataSource - metadata_catalogue - Shutdown initiated...
2026-08-17 17:52:34 [main] INFO  com.zaxxer.hikari.HikariDataSource - metadata_catalogue - Shutdown completed.
2026-08-17 17:53:09 [main] INFO  o.testcontainers.images.PullPolicy - Image pull policy will be performed by: DefaultPullPolicy()
2026-08-17 17:53:09 [main] INFO  o.t.utility.ImageNameSubstitutor - Image name substitution will be performed by: DefaultImageNameSubstitutor (composite of 'ConfigurationFileImageNameSubstitutor' and 'PrefixingImageNameSubstitutor')
2026-08-17 17:53:09 [main] INFO  o.testcontainers.DockerClientFactory - Testcontainers version: 2.0.2
2026-08-17 17:53:09 [main] INFO  o.t.d.DockerClientProviderStrategy - Loaded org.testcontainers.dockerclient.UnixSocketClientProviderStrategy from ~/.testcontainers.properties, will try it first
2026-08-17 17:53:09 [main] INFO  o.t.d.DockerClientProviderStrategy - Found Docker environment with local Unix socket (unix:///var/run/docker.sock)
2026-08-17 17:53:09 [main] INFO  o.testcontainers.DockerClientFactory - Docker host IP address is localhost
2026-08-17 17:53:09 [main] INFO  o.testcontainers.DockerClientFactory - Connected to docker: 
  Server Version: 29.7.2
  API Version: 1.55
  Operating System: Arch Linux
  Total Memory: 63796 MB
2026-08-17 17:53:10 [main] INFO  tc.testcontainers/ryuk:0.13.0 - Creating container for image: testcontainers/ryuk:0.13.0
2026-08-17 17:53:10 [main] INFO  tc.testcontainers/ryuk:0.13.0 - Container testcontainers/ryuk:0.13.0 is starting: be42826211e5e4d3af2c734a5533406c4d5c6f87c1ba0152ba666f4159077681
2026-08-17 17:53:10 [main] INFO  tc.testcontainers/ryuk:0.13.0 - Container testcontainers/ryuk:0.13.0 started in PT0.301312187S
2026-08-17 17:53:10 [main] INFO  o.t.utility.RyukResourceReaper - Ryuk started - will monitor and terminate Testcontainers containers on JVM exit
2026-08-17 17:53:10 [main] INFO  o.testcontainers.DockerClientFactory - Checking the system...
2026-08-17 17:53:10 [main] INFO  o.testcontainers.DockerClientFactory - ✔︎ Docker server version should be at least 1.6.0
2026-08-17 17:53:10 [main] INFO  t.g.io/epos-eric/metadata-database/deploy:main - Creating container for image: ghcr.io/epos-eric/metadata-database/deploy:main
2026-08-17 17:53:10 [main] INFO  t.g.io/epos-eric/metadata-database/deploy:main - Container ghcr.io/epos-eric/metadata-database/deploy:main is starting: 27b6936b7dcb1ff0c453a8ba0973ad4fa6b68fe08895a70f2543a648e7659b55
2026-08-17 17:53:14 [main] INFO  t.g.io/epos-eric/metadata-database/deploy:main - Container ghcr.io/epos-eric/metadata-database/deploy:main started in PT4.066932321S
2026-08-17 17:53:14 [main] INFO  t.g.io/epos-eric/metadata-database/deploy:main - Container is started (JDBC URL: jdbc:postgresql://localhost:33007/cerif?loggerLevel=OFF)
2026-08-17 17:53:14 [main] INFO  com.zaxxer.hikari.HikariDataSource - metadata_catalogue - Starting...
2026-08-17 17:53:14 [main] INFO  com.zaxxer.hikari.pool.HikariPool - metadata_catalogue - Added connection org.postgresql.jdbc.PgConnection@7f1ef916
2026-08-17 17:53:14 [main] INFO  com.zaxxer.hikari.HikariDataSource - metadata_catalogue - Start completed.
2026-08-17 17:53:15 [main] INFO  com.zaxxer.hikari.HikariDataSource - metadata_catalogue - Shutdown initiated...
2026-08-17 17:53:15 [main] INFO  com.zaxxer.hikari.HikariDataSource - metadata_catalogue - Shutdown completed.
2026-08-17 17:53:15 [main] INFO  t.g.io/epos-eric/metadata-database/deploy:main - Creating container for image: ghcr.io/epos-eric/metadata-database/deploy:main
2026-08-17 17:53:15 [main] INFO  t.g.io/epos-eric/metadata-database/deploy:main - Container ghcr.io/epos-eric/metadata-database/deploy:main is starting: 8cfa3f3b2349a5c88d2d48655ec03fa9bbcd68c528e18d668efaac77f79c336b
2026-08-17 17:53:19 [main] INFO  t.g.io/epos-eric/metadata-database/deploy:main - Container ghcr.io/epos-eric/metadata-database/deploy:main started in PT4.05290038S
2026-08-17 17:53:19 [main] INFO  t.g.io/epos-eric/metadata-database/deploy:main - Container is started (JDBC URL: jdbc:postgresql://localhost:33008/cerif?loggerLevel=OFF)
2026-08-17 17:53:19 [main] INFO  com.zaxxer.hikari.HikariDataSource - metadata_catalogue - Starting...
2026-08-17 17:53:19 [main] INFO  com.zaxxer.hikari.pool.HikariPool - metadata_catalogue - Added connection org.postgresql.jdbc.PgConnection@1e6bd263
2026-08-17 17:53:19 [main] INFO  com.zaxxer.hikari.HikariDataSource - metadata_catalogue - Start completed.
2026-08-17 17:53:19 [main] INFO  com.zaxxer.hikari.HikariDataSource - metadata_catalogue - Shutdown initiated...
2026-08-17 17:53:19 [main] INFO  com.zaxxer.hikari.HikariDataSource - metadata_catalogue - Shutdown completed.
2026-08-17 17:53:19 [main] INFO  t.g.io/epos-eric/metadata-database/deploy:main - Creating container for image: ghcr.io/epos-eric/metadata-database/deploy:main
2026-08-17 17:53:20 [main] INFO  t.g.io/epos-eric/metadata-database/deploy:main - Container ghcr.io/epos-eric/metadata-database/deploy:main is starting: 9c62fe56788e28c02dd48407225b654b1ee4acc33115ed494e57e65c3aa4d7fc
2026-08-17 17:53:24 [main] INFO  t.g.io/epos-eric/metadata-database/deploy:main - Container ghcr.io/epos-eric/metadata-database/deploy:main started in PT4.390747079S
2026-08-17 17:53:24 [main] INFO  t.g.io/epos-eric/metadata-database/deploy:main - Container is started (JDBC URL: jdbc:postgresql://localhost:33009/cerif?loggerLevel=OFF)
2026-08-17 17:53:24 [main] INFO  com.zaxxer.hikari.HikariDataSource - metadata_catalogue - Starting...
2026-08-17 17:53:24 [main] INFO  com.zaxxer.hikari.pool.HikariPool - metadata_catalogue - Added connection org.postgresql.jdbc.PgConnection@38d525aa
2026-08-17 17:53:24 [main] INFO  com.zaxxer.hikari.HikariDataSource - metadata_catalogue - Start completed.
2026-08-17 17:53:24 [main] INFO  com.zaxxer.hikari.HikariDataSource - metadata_catalogue - Shutdown initiated...
2026-08-17 17:53:24 [main] INFO  com.zaxxer.hikari.HikariDataSource - metadata_catalogue - Shutdown completed.
2026-08-17 17:53:24 [main] INFO  t.g.io/epos-eric/metadata-database/deploy:main - Creating container for image: ghcr.io/epos-eric/metadata-database/deploy:main
2026-08-17 17:53:25 [main] INFO  t.g.io/epos-eric/metadata-database/deploy:main - Container ghcr.io/epos-eric/metadata-database/deploy:main is starting: 74bc86fae7ceb10b5bcd0a91062e0e8ce07512b6aabb902ec3e36509b0b680d4
2026-08-17 17:53:29 [main] INFO  t.g.io/epos-eric/metadata-database/deploy:main - Container ghcr.io/epos-eric/metadata-database/deploy:main started in PT4.445707671S
2026-08-17 17:53:29 [main] INFO  t.g.io/epos-eric/metadata-database/deploy:main - Container is started (JDBC URL: jdbc:postgresql://localhost:33010/cerif?loggerLevel=OFF)
2026-08-17 17:53:29 [main] INFO  com.zaxxer.hikari.HikariDataSource - metadata_catalogue - Starting...
2026-08-17 17:53:29 [main] INFO  com.zaxxer.hikari.pool.HikariPool - metadata_catalogue - Added connection org.postgresql.jdbc.PgConnection@485c84d7
2026-08-17 17:53:29 [main] INFO  com.zaxxer.hikari.HikariDataSource - metadata_catalogue - Start completed.
2026-08-17 17:53:29 [main] INFO  com.zaxxer.hikari.HikariDataSource - metadata_catalogue - Shutdown initiated...
2026-08-17 17:53:29 [main] INFO  com.zaxxer.hikari.HikariDataSource - metadata_catalogue - Shutdown completed.
2026-08-17 17:53:29 [main] INFO  t.g.io/epos-eric/metadata-database/deploy:main - Creating container for image: ghcr.io/epos-eric/metadata-database/deploy:main
2026-08-17 17:53:29 [main] INFO  t.g.io/epos-eric/metadata-database/deploy:main - Container ghcr.io/epos-eric/metadata-database/deploy:main is starting: 86bf953ff1a90dc4367c60ae036aa7b62e5cd8125cd848455a8bd65543bcf11f
2026-08-17 17:53:33 [main] INFO  t.g.io/epos-eric/metadata-database/deploy:main - Container ghcr.io/epos-eric/metadata-database/deploy:main started in PT4.151787845S
2026-08-17 17:53:33 [main] INFO  t.g.io/epos-eric/metadata-database/deploy:main - Container is started (JDBC URL: jdbc:postgresql://localhost:33011/cerif?loggerLevel=OFF)
2026-08-17 17:53:33 [main] INFO  com.zaxxer.hikari.HikariDataSource - metadata_catalogue - Starting...
2026-08-17 17:53:34 [main] INFO  com.zaxxer.hikari.pool.HikariPool - metadata_catalogue - Added connection org.postgresql.jdbc.PgConnection@1a139347
2026-08-17 17:53:34 [main] INFO  com.zaxxer.hikari.HikariDataSource - metadata_catalogue - Start completed.
2026-08-17 17:53:34 [main] INFO  com.zaxxer.hikari.HikariDataSource - metadata_catalogue - Shutdown initiated...
2026-08-17 17:53:34 [main] INFO  com.zaxxer.hikari.HikariDataSource - metadata_catalogue - Shutdown completed.
2026-08-17 17:53:34 [main] INFO  t.g.io/epos-eric/metadata-database/deploy:main - Creating container for image: ghcr.io/epos-eric/metadata-database/deploy:main
2026-08-17 17:53:34 [main] INFO  t.g.io/epos-eric/metadata-database/deploy:main - Container ghcr.io/epos-eric/metadata-database/deploy:main is starting: bec65a71d8715e5f9f743caaad1484452e49659b0f738d15f32ae7bc6c40bc21
2026-08-17 17:53:38 [main] INFO  t.g.io/epos-eric/metadata-database/deploy:main - Container ghcr.io/epos-eric/metadata-database/deploy:main started in PT3.891425902S
2026-08-17 17:53:38 [main] INFO  t.g.io/epos-eric/metadata-database/deploy:main - Container is started (JDBC URL: jdbc:postgresql://localhost:33012/cerif?loggerLevel=OFF)
2026-08-17 17:53:38 [main] INFO  com.zaxxer.hikari.HikariDataSource - metadata_catalogue - Starting...
2026-08-17 17:53:38 [main] INFO  com.zaxxer.hikari.pool.HikariPool - metadata_catalogue - Added connection org.postgresql.jdbc.PgConnection@fbe8fd3
2026-08-17 17:53:38 [main] INFO  com.zaxxer.hikari.HikariDataSource - metadata_catalogue - Start completed.
2026-08-17 17:53:38 [main] INFO  com.zaxxer.hikari.HikariDataSource - metadata_catalogue - Shutdown initiated...
2026-08-17 17:53:38 [main] INFO  com.zaxxer.hikari.HikariDataSource - metadata_catalogue - Shutdown completed.
2026-08-17 17:53:38 [main] INFO  t.g.io/epos-eric/metadata-database/deploy:main - Creating container for image: ghcr.io/epos-eric/metadata-database/deploy:main
2026-08-17 17:53:39 [main] INFO  t.g.io/epos-eric/metadata-database/deploy:main - Container ghcr.io/epos-eric/metadata-database/deploy:main is starting: 36f50ab0cfa6b61adb9bf7869e13d7b38c0faf8e41d2b87ede2ff599a57f94bb
2026-08-17 17:53:43 [main] INFO  t.g.io/epos-eric/metadata-database/deploy:main - Container ghcr.io/epos-eric/metadata-database/deploy:main started in PT4.21060398S
2026-08-17 17:53:43 [main] INFO  t.g.io/epos-eric/metadata-database/deploy:main - Container is started (JDBC URL: jdbc:postgresql://localhost:33013/cerif?loggerLevel=OFF)
2026-08-17 17:53:43 [main] INFO  com.zaxxer.hikari.HikariDataSource - metadata_catalogue - Starting...
2026-08-17 17:53:43 [main] INFO  com.zaxxer.hikari.pool.HikariPool - metadata_catalogue - Added connection org.postgresql.jdbc.PgConnection@7aa63f50
2026-08-17 17:53:43 [main] INFO  com.zaxxer.hikari.HikariDataSource - metadata_catalogue - Start completed.
2026-08-17 17:53:43 [main] INFO  com.zaxxer.hikari.HikariDataSource - metadata_catalogue - Shutdown initiated...
2026-08-17 17:53:43 [main] INFO  com.zaxxer.hikari.HikariDataSource - metadata_catalogue - Shutdown completed.
2026-08-17 17:53:43 [main] INFO  t.g.io/epos-eric/metadata-database/deploy:main - Creating container for image: ghcr.io/epos-eric/metadata-database/deploy:main
2026-08-17 17:53:43 [main] INFO  t.g.io/epos-eric/metadata-database/deploy:main - Container ghcr.io/epos-eric/metadata-database/deploy:main is starting: 372959edbe3a35d3cc841457818912c8ecb9bf040a19020295d150af2c58cef1
2026-08-17 17:53:47 [main] INFO  t.g.io/epos-eric/metadata-database/deploy:main - Container ghcr.io/epos-eric/metadata-database/deploy:main started in PT4.302471186S
2026-08-17 17:53:47 [main] INFO  t.g.io/epos-eric/metadata-database/deploy:main - Container is started (JDBC URL: jdbc:postgresql://localhost:33014/cerif?loggerLevel=OFF)
2026-08-17 17:53:47 [main] INFO  com.zaxxer.hikari.HikariDataSource - metadata_catalogue - Starting...
2026-08-17 17:53:47 [main] INFO  com.zaxxer.hikari.pool.HikariPool - metadata_catalogue - Added connection org.postgresql.jdbc.PgConnection@65e92505
2026-08-17 17:53:47 [main] INFO  com.zaxxer.hikari.HikariDataSource - metadata_catalogue - Start completed.
2026-08-17 17:53:48 [main] INFO  com.zaxxer.hikari.HikariDataSource - metadata_catalogue - Shutdown initiated...
2026-08-17 17:53:48 [main] INFO  com.zaxxer.hikari.HikariDataSource - metadata_catalogue - Shutdown completed.
2026-08-17 17:53:48 [main] INFO  t.g.io/epos-eric/metadata-database/deploy:main - Creating container for image: ghcr.io/epos-eric/metadata-database/deploy:main
2026-08-17 17:53:48 [main] INFO  t.g.io/epos-eric/metadata-database/deploy:main - Container ghcr.io/epos-eric/metadata-database/deploy:main is starting: a45674ca6cd367ca6850d48dbc8942a8bd6d91eef39883b561a9156ce51f5ea3
2026-08-17 17:53:52 [main] INFO  t.g.io/epos-eric/metadata-database/deploy:main - Container ghcr.io/epos-eric/metadata-database/deploy:main started in PT3.840475153S
2026-08-17 17:53:52 [main] INFO  t.g.io/epos-eric/metadata-database/deploy:main - Container is started (JDBC URL: jdbc:postgresql://localhost:33015/cerif?loggerLevel=OFF)
2026-08-17 17:53:52 [main] INFO  com.zaxxer.hikari.HikariDataSource - metadata_catalogue - Starting...
2026-08-17 17:53:52 [main] INFO  com.zaxxer.hikari.pool.HikariPool - metadata_catalogue - Added connection org.postgresql.jdbc.PgConnection@299ea986
2026-08-17 17:53:52 [main] INFO  com.zaxxer.hikari.HikariDataSource - metadata_catalogue - Start completed.
2026-08-17 17:53:52 [main] INFO  com.zaxxer.hikari.HikariDataSource - metadata_catalogue - Shutdown initiated...
2026-08-17 17:53:52 [main] INFO  com.zaxxer.hikari.HikariDataSource - metadata_catalogue - Shutdown completed.
2026-08-17 17:53:52 [main] INFO  t.g.io/epos-eric/metadata-database/deploy:main - Creating container for image: ghcr.io/epos-eric/metadata-database/deploy:main
2026-08-17 17:53:52 [main] INFO  t.g.io/epos-eric/metadata-database/deploy:main - Container ghcr.io/epos-eric/metadata-database/deploy:main is starting: 8697d1b99ef08e40e4a7c46626392bcf048f16a646856fff5fbe7d4f56367306
2026-08-17 17:53:56 [main] INFO  t.g.io/epos-eric/metadata-database/deploy:main - Container ghcr.io/epos-eric/metadata-database/deploy:main started in PT4.291074876S
2026-08-17 17:53:56 [main] INFO  t.g.io/epos-eric/metadata-database/deploy:main - Container is started (JDBC URL: jdbc:postgresql://localhost:33016/cerif?loggerLevel=OFF)
2026-08-17 17:53:56 [main] INFO  com.zaxxer.hikari.HikariDataSource - metadata_catalogue - Starting...
2026-08-17 17:53:56 [main] INFO  com.zaxxer.hikari.pool.HikariPool - metadata_catalogue - Added connection org.postgresql.jdbc.PgConnection@2f2d8770
2026-08-17 17:53:56 [main] INFO  com.zaxxer.hikari.HikariDataSource - metadata_catalogue - Start completed.
2026-08-17 17:53:57 [main] INFO  com.zaxxer.hikari.HikariDataSource - metadata_catalogue - Shutdown initiated...
2026-08-17 17:53:57 [main] INFO  com.zaxxer.hikari.HikariDataSource - metadata_catalogue - Shutdown completed.
2026-08-17 17:53:57 [main] INFO  t.g.io/epos-eric/metadata-database/deploy:main - Creating container for image: ghcr.io/epos-eric/metadata-database/deploy:main
2026-08-17 17:53:57 [main] INFO  t.g.io/epos-eric/metadata-database/deploy:main - Container ghcr.io/epos-eric/metadata-database/deploy:main is starting: 0b885d8500e17b7c901d2b0bd9777154e601443987132462c153224801bd75a4
2026-08-17 17:54:02 [main] INFO  t.g.io/epos-eric/metadata-database/deploy:main - Container ghcr.io/epos-eric/metadata-database/deploy:main started in PT4.729176232S
2026-08-17 17:54:02 [main] INFO  t.g.io/epos-eric/metadata-database/deploy:main - Container is started (JDBC URL: jdbc:postgresql://localhost:33017/cerif?loggerLevel=OFF)
2026-08-17 17:54:02 [main] INFO  com.zaxxer.hikari.HikariDataSource - metadata_catalogue - Starting...
2026-08-17 17:54:02 [main] INFO  com.zaxxer.hikari.pool.HikariPool - metadata_catalogue - Added connection org.postgresql.jdbc.PgConnection@1a22c1ba
2026-08-17 17:54:02 [main] INFO  com.zaxxer.hikari.HikariDataSource - metadata_catalogue - Start completed.
2026-08-17 17:54:02 [main] INFO  com.zaxxer.hikari.HikariDataSource - metadata_catalogue - Shutdown initiated...
2026-08-17 17:54:02 [main] INFO  com.zaxxer.hikari.HikariDataSource - metadata_catalogue - Shutdown completed.
2026-08-17 17:54:02 [main] INFO  t.g.io/epos-eric/metadata-database/deploy:main - Creating container for image: ghcr.io/epos-eric/metadata-database/deploy:main
2026-08-17 17:54:02 [main] INFO  t.g.io/epos-eric/metadata-database/deploy:main - Container ghcr.io/epos-eric/metadata-database/deploy:main is starting: 68ac26105b6ff1e4710ddc0ebbdfa11d3c285b24251eb1cdb4159de6b14d9a96
2026-08-17 17:54:07 [main] INFO  t.g.io/epos-eric/metadata-database/deploy:main - Container ghcr.io/epos-eric/metadata-database/deploy:main started in PT4.446995529S
2026-08-17 17:54:07 [main] INFO  t.g.io/epos-eric/metadata-database/deploy:main - Container is started (JDBC URL: jdbc:postgresql://localhost:33018/cerif?loggerLevel=OFF)
2026-08-17 17:54:07 [main] INFO  com.zaxxer.hikari.HikariDataSource - metadata_catalogue - Starting...
2026-08-17 17:54:07 [main] INFO  com.zaxxer.hikari.pool.HikariPool - metadata_catalogue - Added connection org.postgresql.jdbc.PgConnection@2e667e95
2026-08-17 17:54:07 [main] INFO  com.zaxxer.hikari.HikariDataSource - metadata_catalogue - Start completed.
2026-08-17 17:54:07 [main] INFO  com.zaxxer.hikari.HikariDataSource - metadata_catalogue - Shutdown initiated...
2026-08-17 17:54:07 [main] INFO  com.zaxxer.hikari.HikariDataSource - metadata_catalogue - Shutdown completed.
2026-08-17 17:54:07 [main] INFO  t.g.io/epos-eric/metadata-database/deploy:main - Creating container for image: ghcr.io/epos-eric/metadata-database/deploy:main
2026-08-17 17:54:07 [main] INFO  t.g.io/epos-eric/metadata-database/deploy:main - Container ghcr.io/epos-eric/metadata-database/deploy:main is starting: 11557cd047850a3be2c641537eefa0f532f08956226cd68d1f77bddc1b27d09d
2026-08-17 17:54:11 [main] INFO  t.g.io/epos-eric/metadata-database/deploy:main - Container ghcr.io/epos-eric/metadata-database/deploy:main started in PT4.16664832S
2026-08-17 17:54:11 [main] INFO  t.g.io/epos-eric/metadata-database/deploy:main - Container is started (JDBC URL: jdbc:postgresql://localhost:33019/cerif?loggerLevel=OFF)
2026-08-17 17:54:11 [main] INFO  com.zaxxer.hikari.HikariDataSource - metadata_catalogue - Starting...
2026-08-17 17:54:11 [main] INFO  com.zaxxer.hikari.pool.HikariPool - metadata_catalogue - Added connection org.postgresql.jdbc.PgConnection@22cce199
2026-08-17 17:54:11 [main] INFO  com.zaxxer.hikari.HikariDataSource - metadata_catalogue - Start completed.
2026-08-17 17:54:11 [main] INFO  com.zaxxer.hikari.HikariDataSource - metadata_catalogue - Shutdown initiated...
2026-08-17 17:54:11 [main] INFO  com.zaxxer.hikari.HikariDataSource - metadata_catalogue - Shutdown completed.
2026-08-17 17:54:12 [main] INFO  t.g.io/epos-eric/metadata-database/deploy:main - Creating container for image: ghcr.io/epos-eric/metadata-database/deploy:main
2026-08-17 17:54:12 [main] INFO  t.g.io/epos-eric/metadata-database/deploy:main - Container ghcr.io/epos-eric/metadata-database/deploy:main is starting: 4d566ecae5493399d864247a6e3def47f62d81162f1800938fafec0de62644af
2026-08-17 17:54:16 [main] INFO  t.g.io/epos-eric/metadata-database/deploy:main - Container ghcr.io/epos-eric/metadata-database/deploy:main started in PT4.007428895S
2026-08-17 17:54:16 [main] INFO  t.g.io/epos-eric/metadata-database/deploy:main - Container is started (JDBC URL: jdbc:postgresql://localhost:33020/cerif?loggerLevel=OFF)
2026-08-17 17:54:16 [main] INFO  com.zaxxer.hikari.HikariDataSource - metadata_catalogue - Starting...
2026-08-17 17:54:16 [main] INFO  com.zaxxer.hikari.pool.HikariPool - metadata_catalogue - Added connection org.postgresql.jdbc.PgConnection@19b4dd60
2026-08-17 17:54:16 [main] INFO  com.zaxxer.hikari.HikariDataSource - metadata_catalogue - Start completed.
2026-08-17 17:54:16 [main] INFO  com.zaxxer.hikari.HikariDataSource - metadata_catalogue - Shutdown initiated...
2026-08-17 17:54:16 [main] INFO  com.zaxxer.hikari.HikariDataSource - metadata_catalogue - Shutdown completed.
2026-08-17 17:54:16 [main] INFO  t.g.io/epos-eric/metadata-database/deploy:main - Creating container for image: ghcr.io/epos-eric/metadata-database/deploy:main
2026-08-17 17:54:16 [main] INFO  t.g.io/epos-eric/metadata-database/deploy:main - Container ghcr.io/epos-eric/metadata-database/deploy:main is starting: 177e8bafedf580b3b7acd5061cb7a3326cea8b3104fe720e2605ed7ccf9ae6d2
2026-08-17 17:54:20 [main] INFO  t.g.io/epos-eric/metadata-database/deploy:main - Container ghcr.io/epos-eric/metadata-database/deploy:main started in PT4.116663401S
2026-08-17 17:54:20 [main] INFO  t.g.io/epos-eric/metadata-database/deploy:main - Container is started (JDBC URL: jdbc:postgresql://localhost:33021/cerif?loggerLevel=OFF)
2026-08-17 17:54:20 [main] INFO  com.zaxxer.hikari.HikariDataSource - metadata_catalogue - Starting...
2026-08-17 17:54:20 [main] INFO  com.zaxxer.hikari.pool.HikariPool - metadata_catalogue - Added connection org.postgresql.jdbc.PgConnection@7a3ab73a
2026-08-17 17:54:20 [main] INFO  com.zaxxer.hikari.HikariDataSource - metadata_catalogue - Start completed.
2026-08-17 17:54:20 [main] INFO  com.zaxxer.hikari.HikariDataSource - metadata_catalogue - Shutdown initiated...
2026-08-17 17:54:20 [main] INFO  com.zaxxer.hikari.HikariDataSource - metadata_catalogue - Shutdown completed.
2026-08-17 17:54:21 [main] INFO  t.g.io/epos-eric/metadata-database/deploy:main - Creating container for image: ghcr.io/epos-eric/metadata-database/deploy:main
2026-08-17 17:54:21 [main] INFO  t.g.io/epos-eric/metadata-database/deploy:main - Container ghcr.io/epos-eric/metadata-database/deploy:main is starting: 0837ebb0104db26c5deacee0ce23128ba44f8cd06c52f7bcca0c7c7121c8c3b7
2026-08-17 17:54:25 [main] INFO  t.g.io/epos-eric/metadata-database/deploy:main - Container ghcr.io/epos-eric/metadata-database/deploy:main started in PT4.38560901S
2026-08-17 17:54:25 [main] INFO  t.g.io/epos-eric/metadata-database/deploy:main - Container is started (JDBC URL: jdbc:postgresql://localhost:33022/cerif?loggerLevel=OFF)
2026-08-17 17:54:25 [main] INFO  com.zaxxer.hikari.HikariDataSource - metadata_catalogue - Starting...
2026-08-17 17:54:25 [main] INFO  com.zaxxer.hikari.pool.HikariPool - metadata_catalogue - Added connection org.postgresql.jdbc.PgConnection@53c0424a
2026-08-17 17:54:25 [main] INFO  com.zaxxer.hikari.HikariDataSource - metadata_catalogue - Start completed.
2026-08-17 17:54:25 [main] INFO  com.zaxxer.hikari.HikariDataSource - metadata_catalogue - Shutdown initiated...
2026-08-17 17:54:25 [main] INFO  com.zaxxer.hikari.HikariDataSource - metadata_catalogue - Shutdown completed.
2026-08-17 18:22:56 [main] INFO  o.testcontainers.images.PullPolicy - Image pull policy will be performed by: DefaultPullPolicy()
2026-08-17 18:22:56 [main] INFO  o.t.utility.ImageNameSubstitutor - Image name substitution will be performed by: DefaultImageNameSubstitutor (composite of 'ConfigurationFileImageNameSubstitutor' and 'PrefixingImageNameSubstitutor')
2026-08-17 18:22:56 [main] INFO  o.testcontainers.DockerClientFactory - Testcontainers version: 2.0.2
2026-08-17 18:22:56 [main] INFO  o.t.d.DockerClientProviderStrategy - Loaded org.testcontainers.dockerclient.UnixSocketClientProviderStrategy from ~/.testcontainers.properties, will try it first
2026-08-17 18:22:56 [main] INFO  o.t.d.DockerClientProviderStrategy - Found Docker environment with local Unix socket (unix:///var/run/docker.sock)
2026-08-17 18:22:56 [main] INFO  o.testcontainers.DockerClientFactory - Docker host IP address is localhost
2026-08-17 18:22:56 [main] INFO  o.testcontainers.DockerClientFactory - Connected to docker: 
  Server Version: 29.7.2
  API Version: 1.55
  Operating System: Arch Linux
  Total Memory: 63796 MB
2026-08-17 18:22:57 [main] INFO  tc.testcontainers/ryuk:0.13.0 - Creating container for image: testcontainers/ryuk:0.13.0
2026-08-17 18:22:57 [main] INFO  tc.testcontainers/ryuk:0.13.0 - Container testcontainers/ryuk:0.13.0 is starting: 374b724bd0adb77be34db0fb5ef62ef25b27c032e8d05fbf5338f5b002f9c26d
2026-08-17 18:22:57 [main] INFO  tc.testcontainers/ryuk:0.13.0 - Container testcontainers/ryuk:0.13.0 started in PT0.344869581S
2026-08-17 18:22:57 [main] INFO  o.t.utility.RyukResourceReaper - Ryuk started - will monitor and terminate Testcontainers containers on JVM exit
2026-08-17 18:22:57 [main] INFO  o.testcontainers.DockerClientFactory - Checking the system...
2026-08-17 18:22:57 [main] INFO  o.testcontainers.DockerClientFactory - ✔︎ Docker server version should be at least 1.6.0
2026-08-17 18:22:57 [main] INFO  t.g.io/epos-eric/metadata-database/deploy:main - Creating container for image: ghcr.io/epos-eric/metadata-database/deploy:main
2026-08-17 18:22:57 [main] INFO  t.g.io/epos-eric/metadata-database/deploy:main - Container ghcr.io/epos-eric/metadata-database/deploy:main is starting: e60f8ed58065f0f43b5ffd761fcef46fe96e4f71598c0deb366c3d217b0c4006
2026-08-17 18:23:01 [main] INFO  t.g.io/epos-eric/metadata-database/deploy:main - Container ghcr.io/epos-eric/metadata-database/deploy:main started in PT3.906122949S
2026-08-17 18:23:01 [main] INFO  t.g.io/epos-eric/metadata-database/deploy:main - Container is started (JDBC URL: jdbc:postgresql://localhost:33024/cerif?loggerLevel=OFF)
2026-08-17 18:23:01 [main] INFO  com.zaxxer.hikari.HikariDataSource - metadata_catalogue - Starting...
2026-08-17 18:23:01 [main] INFO  com.zaxxer.hikari.pool.HikariPool - metadata_catalogue - Added connection org.postgresql.jdbc.PgConnection@4f5b08d
2026-08-17 18:23:01 [main] INFO  com.zaxxer.hikari.HikariDataSource - metadata_catalogue - Start completed.
2026-08-17 18:23:02 [main] INFO  com.zaxxer.hikari.HikariDataSource - metadata_catalogue - Shutdown initiated...
2026-08-17 18:23:02 [main] INFO  com.zaxxer.hikari.HikariDataSource - metadata_catalogue - Shutdown completed.
2026-08-17 18:23:02 [main] INFO  t.g.io/epos-eric/metadata-database/deploy:main - Creating container for image: ghcr.io/epos-eric/metadata-database/deploy:main
2026-08-17 18:23:02 [main] INFO  t.g.io/epos-eric/metadata-database/deploy:main - Container ghcr.io/epos-eric/metadata-database/deploy:main is starting: 2a52f9d07ed02c702cb836e8fef372138a14876bfb4425fcc81d6656119a209c
2026-08-17 18:23:06 [main] INFO  t.g.io/epos-eric/metadata-database/deploy:main - Container ghcr.io/epos-eric/metadata-database/deploy:main started in PT3.899052495S
2026-08-17 18:23:06 [main] INFO  t.g.io/epos-eric/metadata-database/deploy:main - Container is started (JDBC URL: jdbc:postgresql://localhost:33025/cerif?loggerLevel=OFF)
2026-08-17 18:23:06 [main] INFO  com.zaxxer.hikari.HikariDataSource - metadata_catalogue - Starting...
2026-08-17 18:23:06 [main] INFO  com.zaxxer.hikari.pool.HikariPool - metadata_catalogue - Added connection org.postgresql.jdbc.PgConnection@5d601832
2026-08-17 18:23:06 [main] INFO  com.zaxxer.hikari.HikariDataSource - metadata_catalogue - Start completed.
2026-08-17 18:23:06 [main] INFO  com.zaxxer.hikari.HikariDataSource - metadata_catalogue - Shutdown initiated...
2026-08-17 18:23:06 [main] INFO  com.zaxxer.hikari.HikariDataSource - metadata_catalogue - Shutdown completed.
2026-08-17 18:23:06 [main] INFO  t.g.io/epos-eric/metadata-database/deploy:main - Creating container for image: ghcr.io/epos-eric/metadata-database/deploy:main
2026-08-17 18:23:06 [main] INFO  t.g.io/epos-eric/metadata-database/deploy:main - Container ghcr.io/epos-eric/metadata-database/deploy:main is starting: d7b4c51192c0b57a3c0f2428f321fa891c4dac0022306153bd1c4fe5a654bd6d
2026-08-17 18:23:10 [main] INFO  t.g.io/epos-eric/metadata-database/deploy:main - Container ghcr.io/epos-eric/metadata-database/deploy:main started in PT3.987643314S
2026-08-17 18:23:10 [main] INFO  t.g.io/epos-eric/metadata-database/deploy:main - Container is started (JDBC URL: jdbc:postgresql://localhost:33026/cerif?loggerLevel=OFF)
2026-08-17 18:23:10 [main] INFO  com.zaxxer.hikari.HikariDataSource - metadata_catalogue - Starting...
2026-08-17 18:23:10 [main] INFO  com.zaxxer.hikari.pool.HikariPool - metadata_catalogue - Added connection org.postgresql.jdbc.PgConnection@2d6a0766
2026-08-17 18:23:10 [main] INFO  com.zaxxer.hikari.HikariDataSource - metadata_catalogue - Start completed.
2026-08-17 18:23:11 [main] INFO  com.zaxxer.hikari.HikariDataSource - metadata_catalogue - Shutdown initiated...
2026-08-17 18:23:11 [main] INFO  com.zaxxer.hikari.HikariDataSource - metadata_catalogue - Shutdown completed.
2026-08-17 18:25:07 [main] INFO  o.testcontainers.images.PullPolicy - Image pull policy will be performed by: DefaultPullPolicy()
2026-08-17 18:25:07 [main] INFO  o.t.utility.ImageNameSubstitutor - Image name substitution will be performed by: DefaultImageNameSubstitutor (composite of 'ConfigurationFileImageNameSubstitutor' and 'PrefixingImageNameSubstitutor')
2026-08-17 18:25:07 [main] INFO  o.testcontainers.DockerClientFactory - Testcontainers version: 2.0.2
2026-08-17 18:25:07 [main] INFO  o.t.d.DockerClientProviderStrategy - Loaded org.testcontainers.dockerclient.UnixSocketClientProviderStrategy from ~/.testcontainers.properties, will try it first
2026-08-17 18:25:07 [main] INFO  o.t.d.DockerClientProviderStrategy - Found Docker environment with local Unix socket (unix:///var/run/docker.sock)
2026-08-17 18:25:07 [main] INFO  o.testcontainers.DockerClientFactory - Docker host IP address is localhost
2026-08-17 18:25:07 [main] INFO  o.testcontainers.DockerClientFactory - Connected to docker: 
  Server Version: 29.7.2
  API Version: 1.55
  Operating System: Arch Linux
  Total Memory: 63796 MB
2026-08-17 18:25:08 [main] INFO  tc.testcontainers/ryuk:0.13.0 - Creating container for image: testcontainers/ryuk:0.13.0
2026-08-17 18:25:08 [main] INFO  tc.testcontainers/ryuk:0.13.0 - Container testcontainers/ryuk:0.13.0 is starting: cf44083f0c61e922bb2ff8de34e44d3d8675ce3584b7eba9565aca4e880d04af
2026-08-17 18:25:08 [main] INFO  tc.testcontainers/ryuk:0.13.0 - Container testcontainers/ryuk:0.13.0 started in PT0.292505498S
2026-08-17 18:25:08 [main] INFO  o.t.utility.RyukResourceReaper - Ryuk started - will monitor and terminate Testcontainers containers on JVM exit
2026-08-17 18:25:08 [main] INFO  o.testcontainers.DockerClientFactory - Checking the system...
2026-08-17 18:25:08 [main] INFO  o.testcontainers.DockerClientFactory - ✔︎ Docker server version should be at least 1.6.0
2026-08-17 18:25:08 [main] INFO  t.g.io/epos-eric/metadata-database/deploy:main - Creating container for image: ghcr.io/epos-eric/metadata-database/deploy:main
2026-08-17 18:25:08 [main] INFO  t.g.io/epos-eric/metadata-database/deploy:main - Container ghcr.io/epos-eric/metadata-database/deploy:main is starting: 3319712cbb770fc26d8c47c0d8f499dcafb3d39b525b3b7ae5c5b4ff915560ec
2026-08-17 18:25:12 [main] INFO  t.g.io/epos-eric/metadata-database/deploy:main - Container ghcr.io/epos-eric/metadata-database/deploy:main started in PT4.038361533S
2026-08-17 18:25:12 [main] INFO  t.g.io/epos-eric/metadata-database/deploy:main - Container is started (JDBC URL: jdbc:postgresql://localhost:33028/cerif?loggerLevel=OFF)
2026-08-17 18:25:12 [main] INFO  com.zaxxer.hikari.HikariDataSource - metadata_catalogue - Starting...
2026-08-17 18:25:13 [main] INFO  com.zaxxer.hikari.pool.HikariPool - metadata_catalogue - Added connection org.postgresql.jdbc.PgConnection@68ac9ec5
2026-08-17 18:25:13 [main] INFO  com.zaxxer.hikari.HikariDataSource - metadata_catalogue - Start completed.
2026-08-17 18:25:13 [main] INFO  com.zaxxer.hikari.HikariDataSource - metadata_catalogue - Shutdown initiated...
2026-08-17 18:25:13 [main] INFO  com.zaxxer.hikari.HikariDataSource - metadata_catalogue - Shutdown completed.
2026-08-17 18:25:13 [main] INFO  t.g.io/epos-eric/metadata-database/deploy:main - Creating container for image: ghcr.io/epos-eric/metadata-database/deploy:main
2026-08-17 18:25:14 [main] INFO  t.g.io/epos-eric/metadata-database/deploy:main - Container ghcr.io/epos-eric/metadata-database/deploy:main is starting: 70a9e11a0f8e18347e631c3c11f2d9c189c971b260bbfae15ebc0dc7569e792a
2026-08-17 18:25:17 [main] INFO  t.g.io/epos-eric/metadata-database/deploy:main - Container ghcr.io/epos-eric/metadata-database/deploy:main started in PT4.023233061S
2026-08-17 18:25:17 [main] INFO  t.g.io/epos-eric/metadata-database/deploy:main - Container is started (JDBC URL: jdbc:postgresql://localhost:33029/cerif?loggerLevel=OFF)
2026-08-17 18:25:17 [main] INFO  com.zaxxer.hikari.HikariDataSource - metadata_catalogue - Starting...
2026-08-17 18:25:17 [main] INFO  com.zaxxer.hikari.pool.HikariPool - metadata_catalogue - Added connection org.postgresql.jdbc.PgConnection@71b26880
2026-08-17 18:25:17 [main] INFO  com.zaxxer.hikari.HikariDataSource - metadata_catalogue - Start completed.
2026-08-17 18:25:19 [main] INFO  com.zaxxer.hikari.HikariDataSource - metadata_catalogue - Shutdown initiated...
2026-08-17 18:25:19 [main] INFO  com.zaxxer.hikari.HikariDataSource - metadata_catalogue - Shutdown completed.
2026-08-17 18:25:19 [main] INFO  t.g.io/epos-eric/metadata-database/deploy:main - Creating container for image: ghcr.io/epos-eric/metadata-database/deploy:main
2026-08-17 18:25:19 [main] INFO  t.g.io/epos-eric/metadata-database/deploy:main - Container ghcr.io/epos-eric/metadata-database/deploy:main is starting: 486cad7bfeb09b075004ab954fd7dc41cf3954cfa0912a11ad48fc1cf7d1977b
2026-08-17 18:25:23 [main] INFO  t.g.io/epos-eric/metadata-database/deploy:main - Container ghcr.io/epos-eric/metadata-database/deploy:main started in PT4.140368398S
2026-08-17 18:25:23 [main] INFO  t.g.io/epos-eric/metadata-database/deploy:main - Container is started (JDBC URL: jdbc:postgresql://localhost:33030/cerif?loggerLevel=OFF)
2026-08-17 18:25:23 [main] INFO  com.zaxxer.hikari.HikariDataSource - metadata_catalogue - Starting...
2026-08-17 18:25:23 [main] INFO  com.zaxxer.hikari.pool.HikariPool - metadata_catalogue - Added connection org.postgresql.jdbc.PgConnection@5d68954d
2026-08-17 18:25:23 [main] INFO  com.zaxxer.hikari.HikariDataSource - metadata_catalogue - Start completed.
2026-08-17 18:25:23 [main] INFO  com.zaxxer.hikari.HikariDataSource - metadata_catalogue - Shutdown initiated...
2026-08-17 18:25:23 [main] INFO  com.zaxxer.hikari.HikariDataSource - metadata_catalogue - Shutdown completed.
2026-08-17 19:16:25 [main] INFO  o.testcontainers.images.PullPolicy - Image pull policy will be performed by: DefaultPullPolicy()
2026-08-17 19:16:25 [main] INFO  o.t.utility.ImageNameSubstitutor - Image name substitution will be performed by: DefaultImageNameSubstitutor (composite of 'ConfigurationFileImageNameSubstitutor' and 'PrefixingImageNameSubstitutor')
2026-08-17 19:16:25 [main] INFO  o.testcontainers.DockerClientFactory - Testcontainers version: 2.0.2
2026-08-17 19:16:25 [main] INFO  o.t.d.DockerClientProviderStrategy - Loaded org.testcontainers.dockerclient.UnixSocketClientProviderStrategy from ~/.testcontainers.properties, will try it first
2026-08-17 19:16:26 [main] INFO  o.t.d.DockerClientProviderStrategy - Found Docker environment with local Unix socket (unix:///var/run/docker.sock)
2026-08-17 19:16:26 [main] INFO  o.testcontainers.DockerClientFactory - Docker host IP address is localhost
2026-08-17 19:16:26 [main] INFO  o.testcontainers.DockerClientFactory - Connected to docker: 
  Server Version: 29.7.2
  API Version: 1.55
  Operating System: Arch Linux
  Total Memory: 63796 MB
2026-08-17 19:16:26 [main] INFO  tc.testcontainers/ryuk:0.13.0 - Creating container for image: testcontainers/ryuk:0.13.0
2026-08-17 19:16:26 [main] INFO  tc.testcontainers/ryuk:0.13.0 - Container testcontainers/ryuk:0.13.0 is starting: 45deb185b6893da2c4d73ed354bc808d24f5d5efa2e98d25c124255ed74566e9
2026-08-17 19:16:26 [main] INFO  tc.testcontainers/ryuk:0.13.0 - Container testcontainers/ryuk:0.13.0 started in PT0.307298437S
2026-08-17 19:16:26 [main] INFO  o.t.utility.RyukResourceReaper - Ryuk started - will monitor and terminate Testcontainers containers on JVM exit
2026-08-17 19:16:26 [main] INFO  o.testcontainers.DockerClientFactory - Checking the system...
2026-08-17 19:16:26 [main] INFO  o.testcontainers.DockerClientFactory - ✔︎ Docker server version should be at least 1.6.0
2026-08-17 19:16:26 [main] INFO  t.g.io/epos-eric/metadata-database/deploy:main - Creating container for image: ghcr.io/epos-eric/metadata-database/deploy:main
2026-08-17 19:16:27 [main] INFO  t.g.io/epos-eric/metadata-database/deploy:main - Container ghcr.io/epos-eric/metadata-database/deploy:main is starting: d2c9f002e6be255c7903b6040e15d2e6a92452a281dcb2bae678d10c9598d9b9
2026-08-17 19:16:30 [main] INFO  t.g.io/epos-eric/metadata-database/deploy:main - Container ghcr.io/epos-eric/metadata-database/deploy:main started in PT3.877331567S
2026-08-17 19:16:30 [main] INFO  t.g.io/epos-eric/metadata-database/deploy:main - Container is started (JDBC URL: jdbc:postgresql://localhost:33032/cerif?loggerLevel=OFF)
2026-08-17 19:16:30 [main] INFO  com.zaxxer.hikari.HikariDataSource - metadata_catalogue - Starting...
2026-08-17 19:16:31 [main] INFO  com.zaxxer.hikari.pool.HikariPool - metadata_catalogue - Added connection org.postgresql.jdbc.PgConnection@3c87fdf2
2026-08-17 19:16:31 [main] INFO  com.zaxxer.hikari.HikariDataSource - metadata_catalogue - Start completed.
2026-08-17 19:17:09 [main] INFO  com.zaxxer.hikari.HikariDataSource - metadata_catalogue - Shutdown initiated...
2026-08-17 19:17:09 [main] INFO  com.zaxxer.hikari.HikariDataSource - metadata_catalogue - Shutdown completed.
2026-08-17 19:18:40 [main] INFO  o.testcontainers.images.PullPolicy - Image pull policy will be performed by: DefaultPullPolicy()
2026-08-17 19:18:40 [main] INFO  o.t.utility.ImageNameSubstitutor - Image name substitution will be performed by: DefaultImageNameSubstitutor (composite of 'ConfigurationFileImageNameSubstitutor' and 'PrefixingImageNameSubstitutor')
2026-08-17 19:18:40 [main] INFO  o.testcontainers.DockerClientFactory - Testcontainers version: 2.0.2
2026-08-17 19:18:40 [main] INFO  o.t.d.DockerClientProviderStrategy - Loaded org.testcontainers.dockerclient.UnixSocketClientProviderStrategy from ~/.testcontainers.properties, will try it first
2026-08-17 19:18:40 [main] INFO  o.t.d.DockerClientProviderStrategy - Found Docker environment with local Unix socket (unix:///var/run/docker.sock)
2026-08-17 19:18:40 [main] INFO  o.testcontainers.DockerClientFactory - Docker host IP address is localhost
2026-08-17 19:18:40 [main] INFO  o.testcontainers.DockerClientFactory - Connected to docker: 
  Server Version: 29.7.2
  API Version: 1.55
  Operating System: Arch Linux
  Total Memory: 63796 MB
2026-08-17 19:18:41 [main] INFO  tc.testcontainers/ryuk:0.13.0 - Creating container for image: testcontainers/ryuk:0.13.0
2026-08-17 19:18:41 [main] INFO  tc.testcontainers/ryuk:0.13.0 - Container testcontainers/ryuk:0.13.0 is starting: a2fa5e738f7a52ee9bd93c7e06a7821d589ac3ec7788839f79e0f802e7711d98
2026-08-17 19:18:41 [main] INFO  tc.testcontainers/ryuk:0.13.0 - Container testcontainers/ryuk:0.13.0 started in PT0.290275997S
2026-08-17 19:18:41 [main] INFO  o.t.utility.RyukResourceReaper - Ryuk started - will monitor and terminate Testcontainers containers on JVM exit
2026-08-17 19:18:41 [main] INFO  o.testcontainers.DockerClientFactory - Checking the system...
2026-08-17 19:18:41 [main] INFO  o.testcontainers.DockerClientFactory - ✔︎ Docker server version should be at least 1.6.0
2026-08-17 19:18:41 [main] INFO  t.g.io/epos-eric/metadata-database/deploy:main - Creating container for image: ghcr.io/epos-eric/metadata-database/deploy:main
2026-08-17 19:18:41 [main] INFO  t.g.io/epos-eric/metadata-database/deploy:main - Container ghcr.io/epos-eric/metadata-database/deploy:main is starting: 8e6a357d693934902a13b872b8dd49038f2f5a49a4d146bd20f03e1beb94f306
2026-08-17 19:18:45 [main] INFO  t.g.io/epos-eric/metadata-database/deploy:main - Container ghcr.io/epos-eric/metadata-database/deploy:main started in PT3.87386499S
2026-08-17 19:18:45 [main] INFO  t.g.io/epos-eric/metadata-database/deploy:main - Container is started (JDBC URL: jdbc:postgresql://localhost:33034/cerif?loggerLevel=OFF)
2026-08-17 19:18:45 [main] INFO  com.zaxxer.hikari.HikariDataSource - metadata_catalogue - Starting...
2026-08-17 19:18:45 [main] INFO  com.zaxxer.hikari.pool.HikariPool - metadata_catalogue - Added connection org.postgresql.jdbc.PgConnection@3c87fdf2
2026-08-17 19:18:45 [main] INFO  com.zaxxer.hikari.HikariDataSource - metadata_catalogue - Start completed.
2026-08-17 19:19:25 [main] INFO  com.zaxxer.hikari.HikariDataSource - metadata_catalogue - Shutdown initiated...
2026-08-17 19:19:25 [main] INFO  com.zaxxer.hikari.HikariDataSource - metadata_catalogue - Shutdown completed.
2026-08-17 20:22:11 [main] INFO  o.testcontainers.images.PullPolicy - Image pull policy will be performed by: DefaultPullPolicy()
2026-08-17 20:22:11 [main] INFO  o.t.utility.ImageNameSubstitutor - Image name substitution will be performed by: DefaultImageNameSubstitutor (composite of 'ConfigurationFileImageNameSubstitutor' and 'PrefixingImageNameSubstitutor')
2026-08-17 20:22:11 [main] INFO  o.testcontainers.DockerClientFactory - Testcontainers version: 2.0.2
2026-08-17 20:22:11 [main] INFO  o.t.d.DockerClientProviderStrategy - Loaded org.testcontainers.dockerclient.UnixSocketClientProviderStrategy from ~/.testcontainers.properties, will try it first
2026-08-17 20:22:11 [main] INFO  o.t.d.DockerClientProviderStrategy - Found Docker environment with local Unix socket (unix:///var/run/docker.sock)
2026-08-17 20:22:11 [main] INFO  o.testcontainers.DockerClientFactory - Docker host IP address is localhost
2026-08-17 20:22:11 [main] INFO  o.testcontainers.DockerClientFactory - Connected to docker: 
  Server Version: 29.7.2
  API Version: 1.55
  Operating System: Arch Linux
  Total Memory: 63796 MB
2026-08-17 20:22:12 [main] INFO  tc.testcontainers/ryuk:0.13.0 - Creating container for image: testcontainers/ryuk:0.13.0
2026-08-17 20:22:12 [main] INFO  tc.testcontainers/ryuk:0.13.0 - Container testcontainers/ryuk:0.13.0 is starting: b0d0dd24a18478c83a84c1e29c57135348f8223e2046d4d883129694b3736113
2026-08-17 20:22:12 [main] INFO  tc.testcontainers/ryuk:0.13.0 - Container testcontainers/ryuk:0.13.0 started in PT0.308499029S
2026-08-17 20:22:12 [main] INFO  o.t.utility.RyukResourceReaper - Ryuk started - will monitor and terminate Testcontainers containers on JVM exit
2026-08-17 20:22:12 [main] INFO  o.testcontainers.DockerClientFactory - Checking the system...
2026-08-17 20:22:12 [main] INFO  o.testcontainers.DockerClientFactory - ✔︎ Docker server version should be at least 1.6.0
2026-08-17 20:22:12 [main] INFO  t.g.io/epos-eric/metadata-database/deploy:main - Creating container for image: ghcr.io/epos-eric/metadata-database/deploy:main
2026-08-17 20:22:12 [main] INFO  t.g.io/epos-eric/metadata-database/deploy:main - Container ghcr.io/epos-eric/metadata-database/deploy:main is starting: 7aeb0c07049ee50b3eecf5d8bd5fc3207cdc3c85ed1811404f51221a3b5671c0
2026-08-17 20:22:16 [main] INFO  t.g.io/epos-eric/metadata-database/deploy:main - Container ghcr.io/epos-eric/metadata-database/deploy:main started in PT3.757638916S
2026-08-17 20:22:16 [main] INFO  t.g.io/epos-eric/metadata-database/deploy:main - Container is started (JDBC URL: jdbc:postgresql://localhost:33036/cerif?loggerLevel=OFF)
2026-08-17 20:22:16 [main] INFO  com.zaxxer.hikari.HikariDataSource - metadata_catalogue - Starting...
2026-08-17 20:22:16 [main] INFO  com.zaxxer.hikari.pool.HikariPool - metadata_catalogue - Added connection org.postgresql.jdbc.PgConnection@634ff56
2026-08-17 20:22:16 [main] INFO  com.zaxxer.hikari.HikariDataSource - metadata_catalogue - Start completed.
2026-08-17 20:22:16 [main] INFO  com.zaxxer.hikari.HikariDataSource - metadata_catalogue - Shutdown initiated...
2026-08-17 20:22:16 [main] INFO  com.zaxxer.hikari.HikariDataSource - metadata_catalogue - Shutdown completed.
2026-08-17 20:22:17 [main] INFO  t.g.io/epos-eric/metadata-database/deploy:main - Creating container for image: ghcr.io/epos-eric/metadata-database/deploy:main
2026-08-17 20:22:17 [main] INFO  t.g.io/epos-eric/metadata-database/deploy:main - Container ghcr.io/epos-eric/metadata-database/deploy:main is starting: d67e29a86fd955b75f5aee533ba97345930c5a40343e801fd01192de515779bc
2026-08-17 20:22:20 [main] INFO  t.g.io/epos-eric/metadata-database/deploy:main - Container ghcr.io/epos-eric/metadata-database/deploy:main started in PT3.783651244S
2026-08-17 20:22:20 [main] INFO  t.g.io/epos-eric/metadata-database/deploy:main - Container is started (JDBC URL: jdbc:postgresql://localhost:33037/cerif?loggerLevel=OFF)
2026-08-17 20:22:20 [main] INFO  com.zaxxer.hikari.HikariDataSource - metadata_catalogue - Starting...
2026-08-17 20:22:20 [main] INFO  com.zaxxer.hikari.pool.HikariPool - metadata_catalogue - Added connection org.postgresql.jdbc.PgConnection@166e5a6d
2026-08-17 20:22:20 [main] INFO  com.zaxxer.hikari.HikariDataSource - metadata_catalogue - Start completed.
2026-08-17 20:22:21 [main] INFO  com.zaxxer.hikari.HikariDataSource - metadata_catalogue - Shutdown initiated...
2026-08-17 20:22:21 [main] INFO  com.zaxxer.hikari.HikariDataSource - metadata_catalogue - Shutdown completed.
2026-08-17 20:22:21 [main] INFO  t.g.io/epos-eric/metadata-database/deploy:main - Creating container for image: ghcr.io/epos-eric/metadata-database/deploy:main
2026-08-17 20:22:21 [main] INFO  t.g.io/epos-eric/metadata-database/deploy:main - Container ghcr.io/epos-eric/metadata-database/deploy:main is starting: f79c3f6502bdfd1b89e20e960eb65c79b901b1bb7a0552857361a4abfad74ca2
2026-08-17 20:22:25 [main] INFO  t.g.io/epos-eric/metadata-database/deploy:main - Container ghcr.io/epos-eric/metadata-database/deploy:main started in PT3.690983594S
2026-08-17 20:22:25 [main] INFO  t.g.io/epos-eric/metadata-database/deploy:main - Container is started (JDBC URL: jdbc:postgresql://localhost:33038/cerif?loggerLevel=OFF)
2026-08-17 20:22:25 [main] INFO  com.zaxxer.hikari.HikariDataSource - metadata_catalogue - Starting...
2026-08-17 20:22:25 [main] INFO  com.zaxxer.hikari.pool.HikariPool - metadata_catalogue - Added connection org.postgresql.jdbc.PgConnection@380fdcf2
2026-08-17 20:22:25 [main] INFO  com.zaxxer.hikari.HikariDataSource - metadata_catalogue - Start completed.
2026-08-17 20:22:26 [main] INFO  com.zaxxer.hikari.HikariDataSource - metadata_catalogue - Shutdown initiated...
2026-08-17 20:22:26 [main] INFO  com.zaxxer.hikari.HikariDataSource - metadata_catalogue - Shutdown completed.
2026-08-17 20:22:26 [main] INFO  t.g.io/epos-eric/metadata-database/deploy:main - Creating container for image: ghcr.io/epos-eric/metadata-database/deploy:main
2026-08-17 20:22:26 [main] INFO  t.g.io/epos-eric/metadata-database/deploy:main - Container ghcr.io/epos-eric/metadata-database/deploy:main is starting: 5f6c1a2bd02c7a264afd43f89d5d929cb9fb19fb40456bf6595d39157f25005b
2026-08-17 20:22:30 [main] INFO  t.g.io/epos-eric/metadata-database/deploy:main - Container ghcr.io/epos-eric/metadata-database/deploy:main started in PT3.805330206S
2026-08-17 20:22:30 [main] INFO  t.g.io/epos-eric/metadata-database/deploy:main - Container is started (JDBC URL: jdbc:postgresql://localhost:33039/cerif?loggerLevel=OFF)
2026-08-17 20:22:30 [main] INFO  com.zaxxer.hikari.HikariDataSource - metadata_catalogue - Starting...
2026-08-17 20:22:30 [main] INFO  com.zaxxer.hikari.pool.HikariPool - metadata_catalogue - Added connection org.postgresql.jdbc.PgConnection@7c02b3cb
2026-08-17 20:22:30 [main] INFO  com.zaxxer.hikari.HikariDataSource - metadata_catalogue - Start completed.
2026-08-17 20:22:30 [main] INFO  com.zaxxer.hikari.HikariDataSource - metadata_catalogue - Shutdown initiated...
2026-08-17 20:22:30 [main] INFO  com.zaxxer.hikari.HikariDataSource - metadata_catalogue - Shutdown completed.
2026-08-17 20:22:31 [main] INFO  t.g.io/epos-eric/metadata-database/deploy:main - Creating container for image: ghcr.io/epos-eric/metadata-database/deploy:main
2026-08-17 20:22:31 [main] INFO  t.g.io/epos-eric/metadata-database/deploy:main - Container ghcr.io/epos-eric/metadata-database/deploy:main is starting: a95871956f7c0eabab545e3928f4ad98688e078ac8a56df17a54e3be806c5e33
2026-08-17 20:22:35 [main] INFO  t.g.io/epos-eric/metadata-database/deploy:main - Container ghcr.io/epos-eric/metadata-database/deploy:main started in PT3.945822573S
2026-08-17 20:22:35 [main] INFO  t.g.io/epos-eric/metadata-database/deploy:main - Container is started (JDBC URL: jdbc:postgresql://localhost:33040/cerif?loggerLevel=OFF)
2026-08-17 20:22:35 [main] INFO  com.zaxxer.hikari.HikariDataSource - metadata_catalogue - Starting...
2026-08-17 20:22:35 [main] INFO  com.zaxxer.hikari.pool.HikariPool - metadata_catalogue - Added connection org.postgresql.jdbc.PgConnection@4d9bccfe
2026-08-17 20:22:35 [main] INFO  com.zaxxer.hikari.HikariDataSource - metadata_catalogue - Start completed.
2026-08-17 20:22:35 [main] INFO  com.zaxxer.hikari.HikariDataSource - metadata_catalogue - Shutdown initiated...
2026-08-17 20:22:35 [main] INFO  com.zaxxer.hikari.HikariDataSource - metadata_catalogue - Shutdown completed.
2026-08-17 20:22:35 [main] INFO  t.g.io/epos-eric/metadata-database/deploy:main - Creating container for image: ghcr.io/epos-eric/metadata-database/deploy:main
2026-08-17 20:22:35 [main] INFO  t.g.io/epos-eric/metadata-database/deploy:main - Container ghcr.io/epos-eric/metadata-database/deploy:main is starting: 852e296e471b3dab56f808f233cedc625102672d65cf8cc32d748883a3d9c97a
2026-08-17 20:22:39 [main] INFO  t.g.io/epos-eric/metadata-database/deploy:main - Container ghcr.io/epos-eric/metadata-database/deploy:main started in PT3.968244902S
2026-08-17 20:22:39 [main] INFO  t.g.io/epos-eric/metadata-database/deploy:main - Container is started (JDBC URL: jdbc:postgresql://localhost:33041/cerif?loggerLevel=OFF)
2026-08-17 20:22:39 [main] INFO  com.zaxxer.hikari.HikariDataSource - metadata_catalogue - Starting...
2026-08-17 20:22:39 [main] INFO  com.zaxxer.hikari.pool.HikariPool - metadata_catalogue - Added connection org.postgresql.jdbc.PgConnection@4df5f119
2026-08-17 20:22:39 [main] INFO  com.zaxxer.hikari.HikariDataSource - metadata_catalogue - Start completed.
2026-08-17 20:22:40 [main] INFO  com.zaxxer.hikari.HikariDataSource - metadata_catalogue - Shutdown initiated...
2026-08-17 20:22:40 [main] INFO  com.zaxxer.hikari.HikariDataSource - metadata_catalogue - Shutdown completed.
2026-08-17 20:22:40 [main] INFO  t.g.io/epos-eric/metadata-database/deploy:main - Creating container for image: ghcr.io/epos-eric/metadata-database/deploy:main
2026-08-17 20:22:40 [main] INFO  t.g.io/epos-eric/metadata-database/deploy:main - Container ghcr.io/epos-eric/metadata-database/deploy:main is starting: a63f170b460c2ddfea544b5ad12b30ab25f53b7c3ca4b219e5f0d8969ed1f637
2026-08-17 20:22:44 [main] INFO  t.g.io/epos-eric/metadata-database/deploy:main - Container ghcr.io/epos-eric/metadata-database/deploy:main started in PT4.398885156S
2026-08-17 20:22:44 [main] INFO  t.g.io/epos-eric/metadata-database/deploy:main - Container is started (JDBC URL: jdbc:postgresql://localhost:33042/cerif?loggerLevel=OFF)
2026-08-17 20:22:44 [main] INFO  com.zaxxer.hikari.HikariDataSource - metadata_catalogue - Starting...
2026-08-17 20:22:44 [main] INFO  com.zaxxer.hikari.pool.HikariPool - metadata_catalogue - Added connection org.postgresql.jdbc.PgConnection@446fb72e
2026-08-17 20:22:44 [main] INFO  com.zaxxer.hikari.HikariDataSource - metadata_catalogue - Start completed.
2026-08-17 20:22:44 [main] INFO  com.zaxxer.hikari.HikariDataSource - metadata_catalogue - Shutdown initiated...
2026-08-17 20:22:44 [main] INFO  com.zaxxer.hikari.HikariDataSource - metadata_catalogue - Shutdown completed.
2026-08-17 20:22:45 [main] INFO  t.g.io/epos-eric/metadata-database/deploy:main - Creating container for image: ghcr.io/epos-eric/metadata-database/deploy:main
2026-08-17 20:22:45 [main] INFO  t.g.io/epos-eric/metadata-database/deploy:main - Container ghcr.io/epos-eric/metadata-database/deploy:main is starting: 0b683c81164f2090cc3df9d75643617e126fcdf35f06056cd3c76f95da7da8e4
2026-08-17 20:22:49 [main] INFO  t.g.io/epos-eric/metadata-database/deploy:main - Container ghcr.io/epos-eric/metadata-database/deploy:main started in PT4.160892247S
2026-08-17 20:22:49 [main] INFO  t.g.io/epos-eric/metadata-database/deploy:main - Container is started (JDBC URL: jdbc:postgresql://localhost:33043/cerif?loggerLevel=OFF)
2026-08-17 20:22:49 [main] INFO  com.zaxxer.hikari.HikariDataSource - metadata_catalogue - Starting...
2026-08-17 20:22:49 [main] INFO  com.zaxxer.hikari.pool.HikariPool - metadata_catalogue - Added connection org.postgresql.jdbc.PgConnection@40304938
2026-08-17 20:22:49 [main] INFO  com.zaxxer.hikari.HikariDataSource - metadata_catalogue - Start completed.
2026-08-17 20:22:49 [main] INFO  com.zaxxer.hikari.HikariDataSource - metadata_catalogue - Shutdown initiated...
2026-08-17 20:22:49 [main] INFO  com.zaxxer.hikari.HikariDataSource - metadata_catalogue - Shutdown completed.
2026-08-17 20:22:49 [main] INFO  t.g.io/epos-eric/metadata-database/deploy:main - Creating container for image: ghcr.io/epos-eric/metadata-database/deploy:main
2026-08-17 20:22:49 [main] INFO  t.g.io/epos-eric/metadata-database/deploy:main - Container ghcr.io/epos-eric/metadata-database/deploy:main is starting: 3c1090f4897049e6fd367fec22ab8dc102c3d2733ec5e476f20de12b064a618d
2026-08-17 20:22:53 [main] INFO  t.g.io/epos-eric/metadata-database/deploy:main - Container ghcr.io/epos-eric/metadata-database/deploy:main started in PT4.050382429S
2026-08-17 20:22:53 [main] INFO  t.g.io/epos-eric/metadata-database/deploy:main - Container is started (JDBC URL: jdbc:postgresql://localhost:33044/cerif?loggerLevel=OFF)
2026-08-17 20:22:53 [main] INFO  com.zaxxer.hikari.HikariDataSource - metadata_catalogue - Starting...
2026-08-17 20:22:53 [main] INFO  com.zaxxer.hikari.pool.HikariPool - metadata_catalogue - Added connection org.postgresql.jdbc.PgConnection@3f7aa4f8
2026-08-17 20:22:53 [main] INFO  com.zaxxer.hikari.HikariDataSource - metadata_catalogue - Start completed.
2026-08-17 20:22:54 [main] INFO  com.zaxxer.hikari.HikariDataSource - metadata_catalogue - Shutdown initiated...
2026-08-17 20:22:54 [main] INFO  com.zaxxer.hikari.HikariDataSource - metadata_catalogue - Shutdown completed.
2026-08-17 20:22:54 [main] INFO  t.g.io/epos-eric/metadata-database/deploy:main - Creating container for image: ghcr.io/epos-eric/metadata-database/deploy:main
2026-08-17 20:22:54 [main] INFO  t.g.io/epos-eric/metadata-database/deploy:main - Container ghcr.io/epos-eric/metadata-database/deploy:main is starting: 234904e2dc8f9556a5084e879f8d838b7f891c175b00722be4fc3385e8932290
2026-08-17 20:22:58 [main] INFO  t.g.io/epos-eric/metadata-database/deploy:main - Container ghcr.io/epos-eric/metadata-database/deploy:main started in PT4.128809451S
2026-08-17 20:22:58 [main] INFO  t.g.io/epos-eric/metadata-database/deploy:main - Container is started (JDBC URL: jdbc:postgresql://localhost:33045/cerif?loggerLevel=OFF)
2026-08-17 20:22:58 [main] INFO  com.zaxxer.hikari.HikariDataSource - metadata_catalogue - Starting...
2026-08-17 20:22:58 [main] INFO  com.zaxxer.hikari.pool.HikariPool - metadata_catalogue - Added connection org.postgresql.jdbc.PgConnection@5a503cf0
2026-08-17 20:22:58 [main] INFO  com.zaxxer.hikari.HikariDataSource - metadata_catalogue - Start completed.
2026-08-17 20:22:58 [main] INFO  com.zaxxer.hikari.HikariDataSource - metadata_catalogue - Shutdown initiated...
2026-08-17 20:22:58 [main] INFO  com.zaxxer.hikari.HikariDataSource - metadata_catalogue - Shutdown completed.
2026-08-17 20:22:59 [main] INFO  t.g.io/epos-eric/metadata-database/deploy:main - Creating container for image: ghcr.io/epos-eric/metadata-database/deploy:main
2026-08-17 20:22:59 [main] INFO  t.g.io/epos-eric/metadata-database/deploy:main - Container ghcr.io/epos-eric/metadata-database/deploy:main is starting: 9d63599ab7537da9384be29cb135aa47c83447f241b08bfdb121594dd4bcd770
2026-08-17 20:23:03 [main] INFO  t.g.io/epos-eric/metadata-database/deploy:main - Container ghcr.io/epos-eric/metadata-database/deploy:main started in PT4.162688497S
2026-08-17 20:23:03 [main] INFO  t.g.io/epos-eric/metadata-database/deploy:main - Container is started (JDBC URL: jdbc:postgresql://localhost:33046/cerif?loggerLevel=OFF)
2026-08-17 20:23:03 [main] INFO  com.zaxxer.hikari.HikariDataSource - metadata_catalogue - Starting...
2026-08-17 20:23:03 [main] INFO  com.zaxxer.hikari.pool.HikariPool - metadata_catalogue - Added connection org.postgresql.jdbc.PgConnection@424461ad
2026-08-17 20:23:03 [main] INFO  com.zaxxer.hikari.HikariDataSource - metadata_catalogue - Start completed.
2026-08-17 20:23:03 [main] INFO  com.zaxxer.hikari.HikariDataSource - metadata_catalogue - Shutdown initiated...
2026-08-17 20:23:03 [main] INFO  com.zaxxer.hikari.HikariDataSource - metadata_catalogue - Shutdown completed.
2026-08-17 20:23:03 [main] INFO  t.g.io/epos-eric/metadata-database/deploy:main - Creating container for image: ghcr.io/epos-eric/metadata-database/deploy:main
2026-08-17 20:23:03 [main] INFO  t.g.io/epos-eric/metadata-database/deploy:main - Container ghcr.io/epos-eric/metadata-database/deploy:main is starting: acc29d496f42f762eb9f49c7a0d7d7a76885ce4d97628406eeb70129d21ef24d
2026-08-17 20:23:07 [main] INFO  t.g.io/epos-eric/metadata-database/deploy:main - Container ghcr.io/epos-eric/metadata-database/deploy:main started in PT4.130856211S
2026-08-17 20:23:07 [main] INFO  t.g.io/epos-eric/metadata-database/deploy:main - Container is started (JDBC URL: jdbc:postgresql://localhost:33047/cerif?loggerLevel=OFF)
2026-08-17 20:23:07 [main] INFO  com.zaxxer.hikari.HikariDataSource - metadata_catalogue - Starting...
2026-08-17 20:23:07 [main] INFO  com.zaxxer.hikari.pool.HikariPool - metadata_catalogue - Added connection org.postgresql.jdbc.PgConnection@372153eb
2026-08-17 20:23:07 [main] INFO  com.zaxxer.hikari.HikariDataSource - metadata_catalogue - Start completed.
2026-08-17 20:23:08 [main] INFO  com.zaxxer.hikari.HikariDataSource - metadata_catalogue - Shutdown initiated...
2026-08-17 20:23:08 [main] INFO  com.zaxxer.hikari.HikariDataSource - metadata_catalogue - Shutdown completed.
2026-08-17 20:23:08 [main] INFO  t.g.io/epos-eric/metadata-database/deploy:main - Creating container for image: ghcr.io/epos-eric/metadata-database/deploy:main
2026-08-17 20:23:08 [main] INFO  t.g.io/epos-eric/metadata-database/deploy:main - Container ghcr.io/epos-eric/metadata-database/deploy:main is starting: 4093ab2d6d7de1a3436ba0f889a3e3a697f35296b09526dcc0a1f322e83fd036
2026-08-17 20:23:12 [main] INFO  t.g.io/epos-eric/metadata-database/deploy:main - Container ghcr.io/epos-eric/metadata-database/deploy:main started in PT4.116166653S
2026-08-17 20:23:12 [main] INFO  t.g.io/epos-eric/metadata-database/deploy:main - Container is started (JDBC URL: jdbc:postgresql://localhost:33048/cerif?loggerLevel=OFF)
2026-08-17 20:23:12 [main] INFO  com.zaxxer.hikari.HikariDataSource - metadata_catalogue - Starting...
2026-08-17 20:23:12 [main] INFO  com.zaxxer.hikari.pool.HikariPool - metadata_catalogue - Added connection org.postgresql.jdbc.PgConnection@5068a2b1
2026-08-17 20:23:12 [main] INFO  com.zaxxer.hikari.HikariDataSource - metadata_catalogue - Start completed.
2026-08-17 20:23:13 [main] INFO  com.zaxxer.hikari.HikariDataSource - metadata_catalogue - Shutdown initiated...
2026-08-17 20:23:13 [main] INFO  com.zaxxer.hikari.HikariDataSource - metadata_catalogue - Shutdown completed.
2026-08-17 20:23:13 [main] INFO  t.g.io/epos-eric/metadata-database/deploy:main - Creating container for image: ghcr.io/epos-eric/metadata-database/deploy:main
2026-08-17 20:23:13 [main] INFO  t.g.io/epos-eric/metadata-database/deploy:main - Container ghcr.io/epos-eric/metadata-database/deploy:main is starting: d5e3b9db6a853c28bf54d8772a0f78214a3d4c2bd25b0e4499940b4f2fb40100
2026-08-17 20:23:17 [main] INFO  t.g.io/epos-eric/metadata-database/deploy:main - Container ghcr.io/epos-eric/metadata-database/deploy:main started in PT4.181938645S
2026-08-17 20:23:17 [main] INFO  t.g.io/epos-eric/metadata-database/deploy:main - Container is started (JDBC URL: jdbc:postgresql://localhost:33049/cerif?loggerLevel=OFF)
2026-08-17 20:23:17 [main] INFO  com.zaxxer.hikari.HikariDataSource - metadata_catalogue - Starting...
2026-08-17 20:23:17 [main] INFO  com.zaxxer.hikari.pool.HikariPool - metadata_catalogue - Added connection org.postgresql.jdbc.PgConnection@d4a4ba
2026-08-17 20:23:17 [main] INFO  com.zaxxer.hikari.HikariDataSource - metadata_catalogue - Start completed.
2026-08-17 20:23:18 [main] INFO  com.zaxxer.hikari.HikariDataSource - metadata_catalogue - Shutdown initiated...
2026-08-17 20:23:18 [main] INFO  com.zaxxer.hikari.HikariDataSource - metadata_catalogue - Shutdown completed.
2026-08-17 20:23:18 [main] INFO  t.g.io/epos-eric/metadata-database/deploy:main - Creating container for image: ghcr.io/epos-eric/metadata-database/deploy:main
2026-08-17 20:23:18 [main] INFO  t.g.io/epos-eric/metadata-database/deploy:main - Container ghcr.io/epos-eric/metadata-database/deploy:main is starting: 2970b1a46ef0d97f49f73545b68938e940f4c05c55624d3af1c7acfb07ed962e
2026-08-17 20:23:22 [main] INFO  t.g.io/epos-eric/metadata-database/deploy:main - Container ghcr.io/epos-eric/metadata-database/deploy:main started in PT4.162069267S
2026-08-17 20:23:22 [main] INFO  t.g.io/epos-eric/metadata-database/deploy:main - Container is started (JDBC URL: jdbc:postgresql://localhost:33050/cerif?loggerLevel=OFF)
2026-08-17 20:23:22 [main] INFO  com.zaxxer.hikari.HikariDataSource - metadata_catalogue - Starting...
2026-08-17 20:23:22 [main] INFO  com.zaxxer.hikari.pool.HikariPool - metadata_catalogue - Added connection org.postgresql.jdbc.PgConnection@720d5d1b
2026-08-17 20:23:22 [main] INFO  com.zaxxer.hikari.HikariDataSource - metadata_catalogue - Start completed.
2026-08-17 20:23:23 [main] INFO  com.zaxxer.hikari.HikariDataSource - metadata_catalogue - Shutdown initiated...
2026-08-17 20:23:23 [main] INFO  com.zaxxer.hikari.HikariDataSource - metadata_catalogue - Shutdown completed.
2026-08-17 20:23:23 [main] INFO  t.g.io/epos-eric/metadata-database/deploy:main - Creating container for image: ghcr.io/epos-eric/metadata-database/deploy:main
2026-08-17 20:23:23 [main] INFO  t.g.io/epos-eric/metadata-database/deploy:main - Container ghcr.io/epos-eric/metadata-database/deploy:main is starting: c4062cdc50ad92f70f5bdb25cda4ed1072b49d6659c2784c9af74dde92e70ca2
2026-08-17 20:23:27 [main] INFO  t.g.io/epos-eric/metadata-database/deploy:main - Container ghcr.io/epos-eric/metadata-database/deploy:main started in PT4.428892644S
2026-08-17 20:23:27 [main] INFO  t.g.io/epos-eric/metadata-database/deploy:main - Container is started (JDBC URL: jdbc:postgresql://localhost:33051/cerif?loggerLevel=OFF)
2026-08-17 20:23:27 [main] INFO  com.zaxxer.hikari.HikariDataSource - metadata_catalogue - Starting...
2026-08-17 20:23:27 [main] INFO  com.zaxxer.hikari.pool.HikariPool - metadata_catalogue - Added connection org.postgresql.jdbc.PgConnection@7bf75275
2026-08-17 20:23:27 [main] INFO  com.zaxxer.hikari.HikariDataSource - metadata_catalogue - Start completed.
2026-08-17 20:23:28 [main] INFO  com.zaxxer.hikari.HikariDataSource - metadata_catalogue - Shutdown initiated...
2026-08-17 20:23:28 [main] INFO  com.zaxxer.hikari.HikariDataSource - metadata_catalogue - Shutdown completed.
2026-08-17 20:23:28 [main] INFO  t.g.io/epos-eric/metadata-database/deploy:main - Creating container for image: ghcr.io/epos-eric/metadata-database/deploy:main
2026-08-17 20:23:28 [main] INFO  t.g.io/epos-eric/metadata-database/deploy:main - Container ghcr.io/epos-eric/metadata-database/deploy:main is starting: 5bb0d53a3a2422199b996599cb26e843e2d94f5dee466cbb19707331af0ebea3
2026-08-17 20:23:33 [main] INFO  t.g.io/epos-eric/metadata-database/deploy:main - Container ghcr.io/epos-eric/metadata-database/deploy:main started in PT4.403116794S
2026-08-17 20:23:33 [main] INFO  t.g.io/epos-eric/metadata-database/deploy:main - Container is started (JDBC URL: jdbc:postgresql://localhost:33052/cerif?loggerLevel=OFF)
2026-08-17 20:23:33 [main] INFO  com.zaxxer.hikari.HikariDataSource - metadata_catalogue - Starting...
2026-08-17 20:23:33 [main] INFO  com.zaxxer.hikari.pool.HikariPool - metadata_catalogue - Added connection org.postgresql.jdbc.PgConnection@308617d3
2026-08-17 20:23:33 [main] INFO  com.zaxxer.hikari.HikariDataSource - metadata_catalogue - Start completed.
2026-08-17 20:23:33 [main] INFO  com.zaxxer.hikari.HikariDataSource - metadata_catalogue - Shutdown initiated...
2026-08-17 20:23:33 [main] INFO  com.zaxxer.hikari.HikariDataSource - metadata_catalogue - Shutdown completed.
2026-08-17 20:23:34 [main] INFO  t.g.io/epos-eric/metadata-database/deploy:main - Creating container for image: ghcr.io/epos-eric/metadata-database/deploy:main
2026-08-17 20:23:34 [main] INFO  t.g.io/epos-eric/metadata-database/deploy:main - Container ghcr.io/epos-eric/metadata-database/deploy:main is starting: edbbe9523dab1f100d89e9b0e3a537053bfdb161cd629377c53ff0fa657000c7
2026-08-17 20:23:38 [main] INFO  t.g.io/epos-eric/metadata-database/deploy:main - Container ghcr.io/epos-eric/metadata-database/deploy:main started in PT4.47813524S
2026-08-17 20:23:38 [main] INFO  t.g.io/epos-eric/metadata-database/deploy:main - Container is started (JDBC URL: jdbc:postgresql://localhost:33053/cerif?loggerLevel=OFF)
2026-08-17 20:23:38 [main] INFO  com.zaxxer.hikari.HikariDataSource - metadata_catalogue - Starting...
2026-08-17 20:23:38 [main] INFO  com.zaxxer.hikari.pool.HikariPool - metadata_catalogue - Added connection org.postgresql.jdbc.PgConnection@21826d78
2026-08-17 20:23:38 [main] INFO  com.zaxxer.hikari.HikariDataSource - metadata_catalogue - Start completed.
2026-08-17 20:23:39 [main] INFO  com.zaxxer.hikari.HikariDataSource - metadata_catalogue - Shutdown initiated...
2026-08-17 20:23:39 [main] INFO  com.zaxxer.hikari.HikariDataSource - metadata_catalogue - Shutdown completed.
2026-08-17 20:23:40 [main] INFO  t.g.io/epos-eric/metadata-database/deploy:main - Creating container for image: ghcr.io/epos-eric/metadata-database/deploy:main
2026-08-17 20:23:40 [main] INFO  t.g.io/epos-eric/metadata-database/deploy:main - Container ghcr.io/epos-eric/metadata-database/deploy:main is starting: 8ef2d0a82478dd9f1c83ee892bcd90297f9b1199c548b35c8561292abab77726
2026-08-17 20:23:44 [main] INFO  t.g.io/epos-eric/metadata-database/deploy:main - Container ghcr.io/epos-eric/metadata-database/deploy:main started in PT4.195434651S
2026-08-17 20:23:44 [main] INFO  t.g.io/epos-eric/metadata-database/deploy:main - Container is started (JDBC URL: jdbc:postgresql://localhost:33054/cerif?loggerLevel=OFF)
2026-08-17 20:23:44 [main] INFO  com.zaxxer.hikari.HikariDataSource - metadata_catalogue - Starting...
2026-08-17 20:23:44 [main] INFO  com.zaxxer.hikari.pool.HikariPool - metadata_catalogue - Added connection org.postgresql.jdbc.PgConnection@45399fae
2026-08-17 20:23:44 [main] INFO  com.zaxxer.hikari.HikariDataSource - metadata_catalogue - Start completed.
2026-08-17 20:23:45 [main] INFO  com.zaxxer.hikari.HikariDataSource - metadata_catalogue - Shutdown initiated...
2026-08-17 20:23:45 [main] INFO  com.zaxxer.hikari.HikariDataSource - metadata_catalogue - Shutdown completed.
2026-08-17 20:23:46 [main] INFO  t.g.io/epos-eric/metadata-database/deploy:main - Creating container for image: ghcr.io/epos-eric/metadata-database/deploy:main
2026-08-17 20:23:46 [main] INFO  t.g.io/epos-eric/metadata-database/deploy:main - Container ghcr.io/epos-eric/metadata-database/deploy:main is starting: ea570f6812ff7c5567405272d2211ee306364d3fd1827afe240faeb0a616a7da
2026-08-17 20:23:50 [main] INFO  t.g.io/epos-eric/metadata-database/deploy:main - Container ghcr.io/epos-eric/metadata-database/deploy:main started in PT4.574812346S
2026-08-17 20:23:50 [main] INFO  t.g.io/epos-eric/metadata-database/deploy:main - Container is started (JDBC URL: jdbc:postgresql://localhost:33055/cerif?loggerLevel=OFF)
2026-08-17 20:23:50 [main] INFO  com.zaxxer.hikari.HikariDataSource - metadata_catalogue - Starting...
2026-08-17 20:23:50 [main] INFO  com.zaxxer.hikari.pool.HikariPool - metadata_catalogue - Added connection org.postgresql.jdbc.PgConnection@47afb11c
2026-08-17 20:23:50 [main] INFO  com.zaxxer.hikari.HikariDataSource - metadata_catalogue - Start completed.
2026-08-17 20:23:51 [main] INFO  com.zaxxer.hikari.HikariDataSource - metadata_catalogue - Shutdown initiated...
2026-08-17 20:23:51 [main] INFO  com.zaxxer.hikari.HikariDataSource - metadata_catalogue - Shutdown completed.
2026-08-17 20:23:51 [main] INFO  t.g.io/epos-eric/metadata-database/deploy:main - Creating container for image: ghcr.io/epos-eric/metadata-database/deploy:main
2026-08-17 20:23:51 [main] INFO  t.g.io/epos-eric/metadata-database/deploy:main - Container ghcr.io/epos-eric/metadata-database/deploy:main is starting: d8488d289f7b8719245b419e5bcf897f5cb01dd901fc8f555e84102af1d23d3b
2026-08-17 20:23:55 [main] INFO  t.g.io/epos-eric/metadata-database/deploy:main - Container ghcr.io/epos-eric/metadata-database/deploy:main started in PT3.982249681S
2026-08-17 20:23:55 [main] INFO  t.g.io/epos-eric/metadata-database/deploy:main - Container is started (JDBC URL: jdbc:postgresql://localhost:33056/cerif?loggerLevel=OFF)
2026-08-17 20:23:55 [main] INFO  com.zaxxer.hikari.HikariDataSource - metadata_catalogue - Starting...
2026-08-17 20:23:55 [main] INFO  com.zaxxer.hikari.pool.HikariPool - metadata_catalogue - Added connection org.postgresql.jdbc.PgConnection@69e06a38
2026-08-17 20:23:55 [main] INFO  com.zaxxer.hikari.HikariDataSource - metadata_catalogue - Start completed.
2026-08-17 20:23:55 [main] INFO  com.zaxxer.hikari.HikariDataSource - metadata_catalogue - Shutdown initiated...
2026-08-17 20:23:55 [main] INFO  com.zaxxer.hikari.HikariDataSource - metadata_catalogue - Shutdown completed.
2026-08-17 20:23:56 [main] INFO  t.g.io/epos-eric/metadata-database/deploy:main - Creating container for image: ghcr.io/epos-eric/metadata-database/deploy:main
2026-08-17 20:23:56 [main] INFO  t.g.io/epos-eric/metadata-database/deploy:main - Container ghcr.io/epos-eric/metadata-database/deploy:main is starting: 91d176b1dcaddf30c0fc3703c1ad0b06ac52061277d4af2f9ffdeb9065be51e9
2026-08-17 20:24:00 [main] INFO  t.g.io/epos-eric/metadata-database/deploy:main - Container ghcr.io/epos-eric/metadata-database/deploy:main started in PT4.512766926S
2026-08-17 20:24:00 [main] INFO  t.g.io/epos-eric/metadata-database/deploy:main - Container is started (JDBC URL: jdbc:postgresql://localhost:33057/cerif?loggerLevel=OFF)
2026-08-17 20:24:00 [main] INFO  com.zaxxer.hikari.HikariDataSource - metadata_catalogue - Starting...
2026-08-17 20:24:00 [main] INFO  com.zaxxer.hikari.pool.HikariPool - metadata_catalogue - Added connection org.postgresql.jdbc.PgConnection@5f049fa
2026-08-17 20:24:00 [main] INFO  com.zaxxer.hikari.HikariDataSource - metadata_catalogue - Start completed.
2026-08-17 20:24:00 [main] INFO  com.zaxxer.hikari.HikariDataSource - metadata_catalogue - Shutdown initiated...
2026-08-17 20:24:00 [main] INFO  com.zaxxer.hikari.HikariDataSource - metadata_catalogue - Shutdown completed.
2026-08-17 20:24:01 [main] INFO  t.g.io/epos-eric/metadata-database/deploy:main - Creating container for image: ghcr.io/epos-eric/metadata-database/deploy:main
2026-08-17 20:24:01 [main] INFO  t.g.io/epos-eric/metadata-database/deploy:main - Container ghcr.io/epos-eric/metadata-database/deploy:main is starting: 8bcebbd6210e6ff03343a7084dc17143a8e5c091759b45799831b6896d3beb2d
2026-08-17 20:24:05 [main] INFO  t.g.io/epos-eric/metadata-database/deploy:main - Container ghcr.io/epos-eric/metadata-database/deploy:main started in PT4.143607619S
2026-08-17 20:24:05 [main] INFO  t.g.io/epos-eric/metadata-database/deploy:main - Container is started (JDBC URL: jdbc:postgresql://localhost:33058/cerif?loggerLevel=OFF)
2026-08-17 20:24:05 [main] INFO  com.zaxxer.hikari.HikariDataSource - metadata_catalogue - Starting...
2026-08-17 20:24:05 [main] INFO  com.zaxxer.hikari.pool.HikariPool - metadata_catalogue - Added connection org.postgresql.jdbc.PgConnection@2c861fc2
2026-08-17 20:24:05 [main] INFO  com.zaxxer.hikari.HikariDataSource - metadata_catalogue - Start completed.
2026-08-17 20:24:05 [main] INFO  com.zaxxer.hikari.HikariDataSource - metadata_catalogue - Shutdown initiated...
2026-08-17 20:24:05 [main] INFO  com.zaxxer.hikari.HikariDataSource - metadata_catalogue - Shutdown completed.
2026-08-17 20:24:05 [main] INFO  t.g.io/epos-eric/metadata-database/deploy:main - Creating container for image: ghcr.io/epos-eric/metadata-database/deploy:main
2026-08-17 20:24:05 [main] INFO  t.g.io/epos-eric/metadata-database/deploy:main - Container ghcr.io/epos-eric/metadata-database/deploy:main is starting: 314eb8eff8d0f960e03dc09dcbb1c2cf8dacb86441de8b4d563e90ad2772c131
2026-08-17 20:24:10 [main] INFO  t.g.io/epos-eric/metadata-database/deploy:main - Container ghcr.io/epos-eric/metadata-database/deploy:main started in PT4.267736343S
2026-08-17 20:24:10 [main] INFO  t.g.io/epos-eric/metadata-database/deploy:main - Container is started (JDBC URL: jdbc:postgresql://localhost:33059/cerif?loggerLevel=OFF)
2026-08-17 20:24:10 [main] INFO  com.zaxxer.hikari.HikariDataSource - metadata_catalogue - Starting...
2026-08-17 20:24:10 [main] INFO  com.zaxxer.hikari.pool.HikariPool - metadata_catalogue - Added connection org.postgresql.jdbc.PgConnection@53b4aa
2026-08-17 20:24:10 [main] INFO  com.zaxxer.hikari.HikariDataSource - metadata_catalogue - Start completed.
2026-08-17 20:24:11 [main] INFO  com.zaxxer.hikari.HikariDataSource - metadata_catalogue - Shutdown initiated...
2026-08-17 20:24:11 [main] INFO  com.zaxxer.hikari.HikariDataSource - metadata_catalogue - Shutdown completed.
2026-08-17 20:24:11 [main] INFO  t.g.io/epos-eric/metadata-database/deploy:main - Creating container for image: ghcr.io/epos-eric/metadata-database/deploy:main
2026-08-17 20:24:12 [main] INFO  t.g.io/epos-eric/metadata-database/deploy:main - Container ghcr.io/epos-eric/metadata-database/deploy:main is starting: a293411c8c3ac5c7444c2cbfa3f54c2c22b6a9eb8f2f3964835ba3fc4839b29e
2026-08-17 20:24:16 [main] INFO  t.g.io/epos-eric/metadata-database/deploy:main - Container ghcr.io/epos-eric/metadata-database/deploy:main started in PT4.169772489S
2026-08-17 20:24:16 [main] INFO  t.g.io/epos-eric/metadata-database/deploy:main - Container is started (JDBC URL: jdbc:postgresql://localhost:33060/cerif?loggerLevel=OFF)
2026-08-17 20:24:16 [main] INFO  com.zaxxer.hikari.HikariDataSource - metadata_catalogue - Starting...
2026-08-17 20:24:16 [main] INFO  com.zaxxer.hikari.pool.HikariPool - metadata_catalogue - Added connection org.postgresql.jdbc.PgConnection@5f506203
2026-08-17 20:24:16 [main] INFO  com.zaxxer.hikari.HikariDataSource - metadata_catalogue - Start completed.
2026-08-17 20:24:16 [main] INFO  com.zaxxer.hikari.HikariDataSource - metadata_catalogue - Shutdown initiated...
2026-08-17 20:24:16 [main] INFO  com.zaxxer.hikari.HikariDataSource - metadata_catalogue - Shutdown completed.
2026-08-17 20:24:16 [main] INFO  t.g.io/epos-eric/metadata-database/deploy:main - Creating container for image: ghcr.io/epos-eric/metadata-database/deploy:main
2026-08-17 20:24:16 [main] INFO  t.g.io/epos-eric/metadata-database/deploy:main - Container ghcr.io/epos-eric/metadata-database/deploy:main is starting: 633bb807eba62015b82765bfbbb1c67187bfc13c39f17c75f3924835d10bcaa1
2026-08-17 20:24:20 [main] INFO  t.g.io/epos-eric/metadata-database/deploy:main - Container ghcr.io/epos-eric/metadata-database/deploy:main started in PT4.271409009S
2026-08-17 20:24:20 [main] INFO  t.g.io/epos-eric/metadata-database/deploy:main - Container is started (JDBC URL: jdbc:postgresql://localhost:33061/cerif?loggerLevel=OFF)
2026-08-17 20:24:20 [main] INFO  com.zaxxer.hikari.HikariDataSource - metadata_catalogue - Starting...
2026-08-17 20:24:20 [main] INFO  com.zaxxer.hikari.pool.HikariPool - metadata_catalogue - Added connection org.postgresql.jdbc.PgConnection@53131125
2026-08-17 20:24:20 [main] INFO  com.zaxxer.hikari.HikariDataSource - metadata_catalogue - Start completed.
2026-08-17 20:24:21 [main] INFO  com.zaxxer.hikari.HikariDataSource - metadata_catalogue - Shutdown initiated...
2026-08-17 20:24:21 [main] INFO  com.zaxxer.hikari.HikariDataSource - metadata_catalogue - Shutdown completed.
2026-08-17 20:24:21 [main] INFO  t.g.io/epos-eric/metadata-database/deploy:main - Creating container for image: ghcr.io/epos-eric/metadata-database/deploy:main
2026-08-17 20:24:21 [main] INFO  t.g.io/epos-eric/metadata-database/deploy:main - Container ghcr.io/epos-eric/metadata-database/deploy:main is starting: 6112507deecbc4dc0517ac3d6c46d930457bc82fa4c05181a88066c1186f6bb0
2026-08-17 20:24:25 [main] INFO  t.g.io/epos-eric/metadata-database/deploy:main - Container ghcr.io/epos-eric/metadata-database/deploy:main started in PT3.998103942S
2026-08-17 20:24:25 [main] INFO  t.g.io/epos-eric/metadata-database/deploy:main - Container is started (JDBC URL: jdbc:postgresql://localhost:33062/cerif?loggerLevel=OFF)
2026-08-17 20:24:25 [main] INFO  com.zaxxer.hikari.HikariDataSource - metadata_catalogue - Starting...
2026-08-17 20:24:25 [main] INFO  com.zaxxer.hikari.pool.HikariPool - metadata_catalogue - Added connection org.postgresql.jdbc.PgConnection@4c39d732
2026-08-17 20:24:25 [main] INFO  com.zaxxer.hikari.HikariDataSource - metadata_catalogue - Start completed.
2026-08-17 20:24:25 [main] INFO  com.zaxxer.hikari.HikariDataSource - metadata_catalogue - Shutdown initiated...
2026-08-17 20:24:25 [main] INFO  com.zaxxer.hikari.HikariDataSource - metadata_catalogue - Shutdown completed.
2026-08-17 20:24:25 [main] INFO  t.g.io/epos-eric/metadata-database/deploy:main - Creating container for image: ghcr.io/epos-eric/metadata-database/deploy:main
2026-08-17 20:24:26 [main] INFO  t.g.io/epos-eric/metadata-database/deploy:main - Container ghcr.io/epos-eric/metadata-database/deploy:main is starting: f5f1ebb16bdff0854488ad6112aaebf374660bb7275b3a812ff6f2f133c4e5a3
2026-08-17 20:24:30 [main] INFO  t.g.io/epos-eric/metadata-database/deploy:main - Container ghcr.io/epos-eric/metadata-database/deploy:main started in PT4.136171463S
2026-08-17 20:24:30 [main] INFO  t.g.io/epos-eric/metadata-database/deploy:main - Container is started (JDBC URL: jdbc:postgresql://localhost:33063/cerif?loggerLevel=OFF)
2026-08-17 20:24:30 [main] INFO  com.zaxxer.hikari.HikariDataSource - metadata_catalogue - Starting...
2026-08-17 20:24:30 [main] INFO  com.zaxxer.hikari.pool.HikariPool - metadata_catalogue - Added connection org.postgresql.jdbc.PgConnection@403ef439
2026-08-17 20:24:30 [main] INFO  com.zaxxer.hikari.HikariDataSource - metadata_catalogue - Start completed.
2026-08-17 20:24:30 [main] INFO  com.zaxxer.hikari.HikariDataSource - metadata_catalogue - Shutdown initiated...
2026-08-17 20:24:30 [main] INFO  com.zaxxer.hikari.HikariDataSource - metadata_catalogue - Shutdown completed.
2026-08-17 20:24:30 [main] INFO  t.g.io/epos-eric/metadata-database/deploy:main - Creating container for image: ghcr.io/epos-eric/metadata-database/deploy:main
2026-08-17 20:24:30 [main] INFO  t.g.io/epos-eric/metadata-database/deploy:main - Container ghcr.io/epos-eric/metadata-database/deploy:main is starting: d11f020224f02a50c25c1404ba13740c420af400a347e93eabd53df4760d3f19
2026-08-17 20:24:34 [main] INFO  t.g.io/epos-eric/metadata-database/deploy:main - Container ghcr.io/epos-eric/metadata-database/deploy:main started in PT3.873637733S
2026-08-17 20:24:34 [main] INFO  t.g.io/epos-eric/metadata-database/deploy:main - Container is started (JDBC URL: jdbc:postgresql://localhost:33064/cerif?loggerLevel=OFF)
2026-08-17 20:24:34 [main] INFO  com.zaxxer.hikari.HikariDataSource - metadata_catalogue - Starting...
2026-08-17 20:24:34 [main] INFO  com.zaxxer.hikari.pool.HikariPool - metadata_catalogue - Added connection org.postgresql.jdbc.PgConnection@3673807e
2026-08-17 20:24:34 [main] INFO  com.zaxxer.hikari.HikariDataSource - metadata_catalogue - Start completed.
2026-08-17 20:24:34 [main] INFO  com.zaxxer.hikari.HikariDataSource - metadata_catalogue - Shutdown initiated...
2026-08-17 20:24:34 [main] INFO  com.zaxxer.hikari.HikariDataSource - metadata_catalogue - Shutdown completed.
2026-08-17 20:24:35 [main] INFO  t.g.io/epos-eric/metadata-database/deploy:main - Creating container for image: ghcr.io/epos-eric/metadata-database/deploy:main
2026-08-17 20:24:35 [main] INFO  t.g.io/epos-eric/metadata-database/deploy:main - Container ghcr.io/epos-eric/metadata-database/deploy:main is starting: a5600b195cc6e26dab057b34a42fe5114032ee2208ceef09ddbdb3937c5122dd
2026-08-17 20:24:39 [main] INFO  t.g.io/epos-eric/metadata-database/deploy:main - Container ghcr.io/epos-eric/metadata-database/deploy:main started in PT4.479713996S
2026-08-17 20:24:39 [main] INFO  t.g.io/epos-eric/metadata-database/deploy:main - Container is started (JDBC URL: jdbc:postgresql://localhost:33065/cerif?loggerLevel=OFF)
2026-08-17 20:24:39 [main] INFO  com.zaxxer.hikari.HikariDataSource - metadata_catalogue - Starting...
2026-08-17 20:24:39 [main] INFO  com.zaxxer.hikari.pool.HikariPool - metadata_catalogue - Added connection org.postgresql.jdbc.PgConnection@56534bb3
2026-08-17 20:24:39 [main] INFO  com.zaxxer.hikari.HikariDataSource - metadata_catalogue - Start completed.
2026-08-17 20:24:41 [main] INFO  com.zaxxer.hikari.HikariDataSource - metadata_catalogue - Shutdown initiated...
2026-08-17 20:24:41 [main] INFO  com.zaxxer.hikari.HikariDataSource - metadata_catalogue - Shutdown completed.
2026-08-17 20:24:41 [main] INFO  t.g.io/epos-eric/metadata-database/deploy:main - Creating container for image: ghcr.io/epos-eric/metadata-database/deploy:main
2026-08-17 20:24:41 [main] INFO  t.g.io/epos-eric/metadata-database/deploy:main - Container ghcr.io/epos-eric/metadata-database/deploy:main is starting: 879b26021cf1ecee9413c36fc3ac7299c7c693c689ec88e9aea5cebace89529c
2026-08-17 20:24:46 [main] INFO  t.g.io/epos-eric/metadata-database/deploy:main - Container ghcr.io/epos-eric/metadata-database/deploy:main started in PT4.194186915S
2026-08-17 20:24:46 [main] INFO  t.g.io/epos-eric/metadata-database/deploy:main - Container is started (JDBC URL: jdbc:postgresql://localhost:33066/cerif?loggerLevel=OFF)
2026-08-17 20:24:46 [main] INFO  com.zaxxer.hikari.HikariDataSource - metadata_catalogue - Starting...
2026-08-17 20:24:46 [main] INFO  com.zaxxer.hikari.pool.HikariPool - metadata_catalogue - Added connection org.postgresql.jdbc.PgConnection@8b4bb6d
2026-08-17 20:24:46 [main] INFO  com.zaxxer.hikari.HikariDataSource - metadata_catalogue - Start completed.
2026-08-17 20:24:46 [main] INFO  com.zaxxer.hikari.HikariDataSource - metadata_catalogue - Shutdown initiated...
2026-08-17 20:24:46 [main] INFO  com.zaxxer.hikari.HikariDataSource - metadata_catalogue - Shutdown completed.
2026-08-17 20:24:46 [main] INFO  t.g.io/epos-eric/metadata-database/deploy:main - Creating container for image: ghcr.io/epos-eric/metadata-database/deploy:main
2026-08-17 20:24:46 [main] INFO  t.g.io/epos-eric/metadata-database/deploy:main - Container ghcr.io/epos-eric/metadata-database/deploy:main is starting: 4741d9768bb5b1d16220a1d98d4ec0b8f289e45a4f4f9ff1deb71fdd4b6e5dc0
2026-08-17 20:24:50 [main] INFO  t.g.io/epos-eric/metadata-database/deploy:main - Container ghcr.io/epos-eric/metadata-database/deploy:main started in PT4.298637889S
2026-08-17 20:24:50 [main] INFO  t.g.io/epos-eric/metadata-database/deploy:main - Container is started (JDBC URL: jdbc:postgresql://localhost:33067/cerif?loggerLevel=OFF)
2026-08-17 20:24:50 [main] INFO  com.zaxxer.hikari.HikariDataSource - metadata_catalogue - Starting...
2026-08-17 20:24:51 [main] INFO  com.zaxxer.hikari.pool.HikariPool - metadata_catalogue - Added connection org.postgresql.jdbc.PgConnection@779f4ee6
2026-08-17 20:24:51 [main] INFO  com.zaxxer.hikari.HikariDataSource - metadata_catalogue - Start completed.
2026-08-17 20:24:51 [main] INFO  com.zaxxer.hikari.HikariDataSource - metadata_catalogue - Shutdown initiated...
2026-08-17 20:24:51 [main] INFO  com.zaxxer.hikari.HikariDataSource - metadata_catalogue - Shutdown completed.
2026-08-17 20:24:51 [main] INFO  t.g.io/epos-eric/metadata-database/deploy:main - Creating container for image: ghcr.io/epos-eric/metadata-database/deploy:main
2026-08-17 20:24:51 [main] INFO  t.g.io/epos-eric/metadata-database/deploy:main - Container ghcr.io/epos-eric/metadata-database/deploy:main is starting: 78491437744dc55c4ea555df782062ad805068f8d71ad0b9efda7ea1fa73e99f
2026-08-17 20:24:55 [main] INFO  t.g.io/epos-eric/metadata-database/deploy:main - Container ghcr.io/epos-eric/metadata-database/deploy:main started in PT4.232122012S
2026-08-17 20:24:55 [main] INFO  t.g.io/epos-eric/metadata-database/deploy:main - Container is started (JDBC URL: jdbc:postgresql://localhost:33068/cerif?loggerLevel=OFF)
2026-08-17 20:24:55 [main] INFO  com.zaxxer.hikari.HikariDataSource - metadata_catalogue - Starting...
2026-08-17 20:24:55 [main] INFO  com.zaxxer.hikari.pool.HikariPool - metadata_catalogue - Added connection org.postgresql.jdbc.PgConnection@33a35f7e
2026-08-17 20:24:55 [main] INFO  com.zaxxer.hikari.HikariDataSource - metadata_catalogue - Start completed.
2026-08-17 20:24:56 [main] INFO  com.zaxxer.hikari.HikariDataSource - metadata_catalogue - Shutdown initiated...
2026-08-17 20:24:56 [main] INFO  com.zaxxer.hikari.HikariDataSource - metadata_catalogue - Shutdown completed.
2026-08-17 20:24:56 [main] INFO  t.g.io/epos-eric/metadata-database/deploy:main - Creating container for image: ghcr.io/epos-eric/metadata-database/deploy:main
2026-08-17 20:24:56 [main] INFO  t.g.io/epos-eric/metadata-database/deploy:main - Container ghcr.io/epos-eric/metadata-database/deploy:main is starting: 921ed882bd6e50f95a9cb46ef73a78752d79271fdca085e80f23ad84b3e244e0
2026-08-17 20:25:00 [main] INFO  t.g.io/epos-eric/metadata-database/deploy:main - Container ghcr.io/epos-eric/metadata-database/deploy:main started in PT3.853478057S
2026-08-17 20:25:00 [main] INFO  t.g.io/epos-eric/metadata-database/deploy:main - Container is started (JDBC URL: jdbc:postgresql://localhost:33069/cerif?loggerLevel=OFF)
2026-08-17 20:25:00 [main] INFO  com.zaxxer.hikari.HikariDataSource - metadata_catalogue - Starting...
2026-08-17 20:25:00 [main] INFO  com.zaxxer.hikari.pool.HikariPool - metadata_catalogue - Added connection org.postgresql.jdbc.PgConnection@306cd9b6
2026-08-17 20:25:00 [main] INFO  com.zaxxer.hikari.HikariDataSource - metadata_catalogue - Start completed.
2026-08-17 20:25:00 [main] INFO  com.zaxxer.hikari.HikariDataSource - metadata_catalogue - Shutdown initiated...
2026-08-17 20:25:00 [main] INFO  com.zaxxer.hikari.HikariDataSource - metadata_catalogue - Shutdown completed.
2026-08-17 20:25:00 [main] INFO  t.g.io/epos-eric/metadata-database/deploy:main - Creating container for image: ghcr.io/epos-eric/metadata-database/deploy:main
2026-08-17 20:25:00 [main] INFO  t.g.io/epos-eric/metadata-database/deploy:main - Container ghcr.io/epos-eric/metadata-database/deploy:main is starting: 2db0961867c336275de47ca0d27ff69930f365c726273cd4caae833eb99228bc
2026-08-17 20:25:05 [main] INFO  t.g.io/epos-eric/metadata-database/deploy:main - Container ghcr.io/epos-eric/metadata-database/deploy:main started in PT4.428888897S
2026-08-17 20:25:05 [main] INFO  t.g.io/epos-eric/metadata-database/deploy:main - Container is started (JDBC URL: jdbc:postgresql://localhost:33070/cerif?loggerLevel=OFF)
2026-08-17 20:25:05 [main] INFO  com.zaxxer.hikari.HikariDataSource - metadata_catalogue - Starting...
2026-08-17 20:25:05 [main] INFO  com.zaxxer.hikari.pool.HikariPool - metadata_catalogue - Added connection org.postgresql.jdbc.PgConnection@26c4549c
2026-08-17 20:25:05 [main] INFO  com.zaxxer.hikari.HikariDataSource - metadata_catalogue - Start completed.
2026-08-17 20:25:05 [main] INFO  com.zaxxer.hikari.HikariDataSource - metadata_catalogue - Shutdown initiated...
2026-08-17 20:25:05 [main] INFO  com.zaxxer.hikari.HikariDataSource - metadata_catalogue - Shutdown completed.
2026-08-17 20:25:05 [main] INFO  t.g.io/epos-eric/metadata-database/deploy:main - Creating container for image: ghcr.io/epos-eric/metadata-database/deploy:main
2026-08-17 20:25:05 [main] INFO  t.g.io/epos-eric/metadata-database/deploy:main - Container ghcr.io/epos-eric/metadata-database/deploy:main is starting: 08d02839085aab75d4469c3f4d695533d4bda1155b07b0426ef84599a48484a2
2026-08-17 20:25:09 [main] INFO  t.g.io/epos-eric/metadata-database/deploy:main - Container ghcr.io/epos-eric/metadata-database/deploy:main started in PT4.153478509S
2026-08-17 20:25:09 [main] INFO  t.g.io/epos-eric/metadata-database/deploy:main - Container is started (JDBC URL: jdbc:postgresql://localhost:33071/cerif?loggerLevel=OFF)
2026-08-17 20:25:09 [main] INFO  com.zaxxer.hikari.HikariDataSource - metadata_catalogue - Starting...
2026-08-17 20:25:09 [main] INFO  com.zaxxer.hikari.pool.HikariPool - metadata_catalogue - Added connection org.postgresql.jdbc.PgConnection@5d2bc5c3
2026-08-17 20:25:09 [main] INFO  com.zaxxer.hikari.HikariDataSource - metadata_catalogue - Start completed.
2026-08-17 20:25:10 [main] INFO  com.zaxxer.hikari.HikariDataSource - metadata_catalogue - Shutdown initiated...
2026-08-17 20:25:10 [main] INFO  com.zaxxer.hikari.HikariDataSource - metadata_catalogue - Shutdown completed.
2026-08-17 20:25:10 [main] INFO  t.g.io/epos-eric/metadata-database/deploy:main - Creating container for image: ghcr.io/epos-eric/metadata-database/deploy:main
2026-08-17 20:25:11 [main] INFO  t.g.io/epos-eric/metadata-database/deploy:main - Container ghcr.io/epos-eric/metadata-database/deploy:main is starting: 3327446c058d4b0ff9f4960a31fe3b4db629436319909573072092ec0788a651
2026-08-17 20:25:15 [main] INFO  t.g.io/epos-eric/metadata-database/deploy:main - Container ghcr.io/epos-eric/metadata-database/deploy:main started in PT4.473075466S
2026-08-17 20:25:15 [main] INFO  t.g.io/epos-eric/metadata-database/deploy:main - Container is started (JDBC URL: jdbc:postgresql://localhost:33072/cerif?loggerLevel=OFF)
2026-08-17 20:25:15 [main] INFO  com.zaxxer.hikari.HikariDataSource - metadata_catalogue - Starting...
2026-08-17 20:25:15 [main] INFO  com.zaxxer.hikari.pool.HikariPool - metadata_catalogue - Added connection org.postgresql.jdbc.PgConnection@43655b73
2026-08-17 20:25:15 [main] INFO  com.zaxxer.hikari.HikariDataSource - metadata_catalogue - Start completed.
2026-08-17 20:25:15 [main] INFO  com.zaxxer.hikari.HikariDataSource - metadata_catalogue - Shutdown initiated...
2026-08-17 20:25:15 [main] INFO  com.zaxxer.hikari.HikariDataSource - metadata_catalogue - Shutdown completed.
2026-08-17 20:25:15 [main] INFO  t.g.io/epos-eric/metadata-database/deploy:main - Creating container for image: ghcr.io/epos-eric/metadata-database/deploy:main
2026-08-17 20:25:16 [main] INFO  t.g.io/epos-eric/metadata-database/deploy:main - Container ghcr.io/epos-eric/metadata-database/deploy:main is starting: b4ac3c80ef28911c05ea1fc738c92ece2ce6f241a262f06a35459087de023be0
2026-08-17 20:25:19 [main] INFO  t.g.io/epos-eric/metadata-database/deploy:main - Container ghcr.io/epos-eric/metadata-database/deploy:main started in PT4.059904141S
2026-08-17 20:25:19 [main] INFO  t.g.io/epos-eric/metadata-database/deploy:main - Container is started (JDBC URL: jdbc:postgresql://localhost:33073/cerif?loggerLevel=OFF)
2026-08-17 20:25:19 [main] INFO  com.zaxxer.hikari.HikariDataSource - metadata_catalogue - Starting...
2026-08-17 20:25:20 [main] INFO  com.zaxxer.hikari.pool.HikariPool - metadata_catalogue - Added connection org.postgresql.jdbc.PgConnection@16fcf330
2026-08-17 20:25:20 [main] INFO  com.zaxxer.hikari.HikariDataSource - metadata_catalogue - Start completed.
2026-08-17 20:25:20 [main] INFO  com.zaxxer.hikari.HikariDataSource - metadata_catalogue - Shutdown initiated...
2026-08-17 20:25:20 [main] INFO  com.zaxxer.hikari.HikariDataSource - metadata_catalogue - Shutdown completed.
2026-08-17 20:25:20 [main] INFO  t.g.io/epos-eric/metadata-database/deploy:main - Creating container for image: ghcr.io/epos-eric/metadata-database/deploy:main
2026-08-17 20:25:20 [main] INFO  t.g.io/epos-eric/metadata-database/deploy:main - Container ghcr.io/epos-eric/metadata-database/deploy:main is starting: 31d159fb056068959c09ca4ce4d323039a00f69b0f29a46889df9b0d387d0f87
2026-08-17 20:25:24 [main] INFO  t.g.io/epos-eric/metadata-database/deploy:main - Container ghcr.io/epos-eric/metadata-database/deploy:main started in PT4.221408873S
2026-08-17 20:25:24 [main] INFO  t.g.io/epos-eric/metadata-database/deploy:main - Container is started (JDBC URL: jdbc:postgresql://localhost:33074/cerif?loggerLevel=OFF)
2026-08-17 20:25:24 [main] INFO  com.zaxxer.hikari.HikariDataSource - metadata_catalogue - Starting...
2026-08-17 20:25:24 [main] INFO  com.zaxxer.hikari.pool.HikariPool - metadata_catalogue - Added connection org.postgresql.jdbc.PgConnection@2dad3cad
2026-08-17 20:25:24 [main] INFO  com.zaxxer.hikari.HikariDataSource - metadata_catalogue - Start completed.
2026-08-17 20:25:24 [main] INFO  com.zaxxer.hikari.HikariDataSource - metadata_catalogue - Shutdown initiated...
2026-08-17 20:25:24 [main] INFO  com.zaxxer.hikari.HikariDataSource - metadata_catalogue - Shutdown completed.
2026-08-17 20:25:25 [main] INFO  t.g.io/epos-eric/metadata-database/deploy:main - Creating container for image: ghcr.io/epos-eric/metadata-database/deploy:main
2026-08-17 20:25:25 [main] INFO  t.g.io/epos-eric/metadata-database/deploy:main - Container ghcr.io/epos-eric/metadata-database/deploy:main is starting: cd21ebf9fac918ddc756c3366482b473119ce1cca3b64d1d55e6e9061cea87a1
2026-08-17 20:25:28 [main] INFO  t.g.io/epos-eric/metadata-database/deploy:main - Container ghcr.io/epos-eric/metadata-database/deploy:main started in PT3.816298995S
2026-08-17 20:25:28 [main] INFO  t.g.io/epos-eric/metadata-database/deploy:main - Container is started (JDBC URL: jdbc:postgresql://localhost:33075/cerif?loggerLevel=OFF)
2026-08-17 20:25:28 [main] INFO  com.zaxxer.hikari.HikariDataSource - metadata_catalogue - Starting...
2026-08-17 20:25:29 [main] INFO  com.zaxxer.hikari.pool.HikariPool - metadata_catalogue - Added connection org.postgresql.jdbc.PgConnection@1180bcfe
2026-08-17 20:25:29 [main] INFO  com.zaxxer.hikari.HikariDataSource - metadata_catalogue - Start completed.
2026-08-17 20:25:29 [main] INFO  com.zaxxer.hikari.HikariDataSource - metadata_catalogue - Shutdown initiated...
2026-08-17 20:25:29 [main] INFO  com.zaxxer.hikari.HikariDataSource - metadata_catalogue - Shutdown completed.
2026-08-17 20:25:29 [main] INFO  t.g.io/epos-eric/metadata-database/deploy:main - Creating container for image: ghcr.io/epos-eric/metadata-database/deploy:main
2026-08-17 20:25:29 [main] INFO  t.g.io/epos-eric/metadata-database/deploy:main - Container ghcr.io/epos-eric/metadata-database/deploy:main is starting: 9f2768f8ff04e652a5b9cc4098daf5482a8690d950e7c52e03f413e3b39d6d7b
2026-08-17 20:25:34 [main] INFO  t.g.io/epos-eric/metadata-database/deploy:main - Container ghcr.io/epos-eric/metadata-database/deploy:main started in PT4.536082289S
2026-08-17 20:25:34 [main] INFO  t.g.io/epos-eric/metadata-database/deploy:main - Container is started (JDBC URL: jdbc:postgresql://localhost:33076/cerif?loggerLevel=OFF)
2026-08-17 20:25:34 [main] INFO  com.zaxxer.hikari.HikariDataSource - metadata_catalogue - Starting...
2026-08-17 20:25:34 [main] INFO  com.zaxxer.hikari.pool.HikariPool - metadata_catalogue - Added connection org.postgresql.jdbc.PgConnection@7c081c64
2026-08-17 20:25:34 [main] INFO  com.zaxxer.hikari.HikariDataSource - metadata_catalogue - Start completed.
2026-08-17 20:25:34 [main] INFO  com.zaxxer.hikari.HikariDataSource - metadata_catalogue - Shutdown initiated...
2026-08-17 20:25:34 [main] INFO  com.zaxxer.hikari.HikariDataSource - metadata_catalogue - Shutdown completed.
2026-08-17 20:25:35 [main] INFO  t.g.io/epos-eric/metadata-database/deploy:main - Creating container for image: ghcr.io/epos-eric/metadata-database/deploy:main
2026-08-17 20:25:35 [main] INFO  t.g.io/epos-eric/metadata-database/deploy:main - Container ghcr.io/epos-eric/metadata-database/deploy:main is starting: 575dc31d1d88acc947a5e9e537f9902714f71b5c2dd849115efb52714b1a9220
2026-08-17 20:25:39 [main] INFO  t.g.io/epos-eric/metadata-database/deploy:main - Container ghcr.io/epos-eric/metadata-database/deploy:main started in PT3.930176123S
2026-08-17 20:25:39 [main] INFO  t.g.io/epos-eric/metadata-database/deploy:main - Container is started (JDBC URL: jdbc:postgresql://localhost:33077/cerif?loggerLevel=OFF)
2026-08-17 20:25:39 [main] INFO  com.zaxxer.hikari.HikariDataSource - metadata_catalogue - Starting...
2026-08-17 20:25:39 [main] INFO  com.zaxxer.hikari.pool.HikariPool - metadata_catalogue - Added connection org.postgresql.jdbc.PgConnection@3a52800e
2026-08-17 20:25:39 [main] INFO  com.zaxxer.hikari.HikariDataSource - metadata_catalogue - Start completed.
2026-08-17 20:25:39 [main] INFO  com.zaxxer.hikari.HikariDataSource - metadata_catalogue - Shutdown initiated...
2026-08-17 20:25:39 [main] INFO  com.zaxxer.hikari.HikariDataSource - metadata_catalogue - Shutdown completed.
2026-08-17 20:25:39 [main] INFO  t.g.io/epos-eric/metadata-database/deploy:main - Creating container for image: ghcr.io/epos-eric/metadata-database/deploy:main
2026-08-17 20:25:39 [main] INFO  t.g.io/epos-eric/metadata-database/deploy:main - Container ghcr.io/epos-eric/metadata-database/deploy:main is starting: 13b3e5ebfabddfecdfae31194706e7c6bfcd81f81a93f7032498c590a2a7ec9a
2026-08-17 20:25:44 [main] INFO  t.g.io/epos-eric/metadata-database/deploy:main - Container ghcr.io/epos-eric/metadata-database/deploy:main started in PT4.769690559S
2026-08-17 20:25:44 [main] INFO  t.g.io/epos-eric/metadata-database/deploy:main - Container is started (JDBC URL: jdbc:postgresql://localhost:33078/cerif?loggerLevel=OFF)
2026-08-17 20:25:44 [main] INFO  com.zaxxer.hikari.HikariDataSource - metadata_catalogue - Starting...
2026-08-17 20:25:44 [main] INFO  com.zaxxer.hikari.pool.HikariPool - metadata_catalogue - Added connection org.postgresql.jdbc.PgConnection@6fc3a2a4
2026-08-17 20:25:44 [main] INFO  com.zaxxer.hikari.HikariDataSource - metadata_catalogue - Start completed.
2026-08-17 20:25:44 [main] INFO  com.zaxxer.hikari.HikariDataSource - metadata_catalogue - Shutdown initiated...
2026-08-17 20:25:44 [main] INFO  com.zaxxer.hikari.HikariDataSource - metadata_catalogue - Shutdown completed.
2026-08-17 20:25:45 [main] INFO  t.g.io/epos-eric/metadata-database/deploy:main - Creating container for image: ghcr.io/epos-eric/metadata-database/deploy:main
2026-08-17 20:25:45 [main] INFO  t.g.io/epos-eric/metadata-database/deploy:main - Container ghcr.io/epos-eric/metadata-database/deploy:main is starting: f898e6088544bc4ddb975170c81047b8ff9dafafd4838a8b626f4e87803c6d6a
2026-08-17 20:25:49 [main] INFO  t.g.io/epos-eric/metadata-database/deploy:main - Container ghcr.io/epos-eric/metadata-database/deploy:main started in PT4.620753274S
2026-08-17 20:25:49 [main] INFO  t.g.io/epos-eric/metadata-database/deploy:main - Container is started (JDBC URL: jdbc:postgresql://localhost:33079/cerif?loggerLevel=OFF)
2026-08-17 20:25:49 [main] INFO  com.zaxxer.hikari.HikariDataSource - metadata_catalogue - Starting...
2026-08-17 20:25:49 [main] INFO  com.zaxxer.hikari.pool.HikariPool - metadata_catalogue - Added connection org.postgresql.jdbc.PgConnection@595aed34
2026-08-17 20:25:49 [main] INFO  com.zaxxer.hikari.HikariDataSource - metadata_catalogue - Start completed.
2026-08-17 20:25:49 [main] INFO  com.zaxxer.hikari.HikariDataSource - metadata_catalogue - Shutdown initiated...
2026-08-17 20:25:49 [main] INFO  com.zaxxer.hikari.HikariDataSource - metadata_catalogue - Shutdown completed.
2026-08-17 20:25:50 [main] INFO  t.g.io/epos-eric/metadata-database/deploy:main - Creating container for image: ghcr.io/epos-eric/metadata-database/deploy:main
2026-08-17 20:25:50 [main] INFO  t.g.io/epos-eric/metadata-database/deploy:main - Container ghcr.io/epos-eric/metadata-database/deploy:main is starting: ff1dad390ab99623e9d50acfeebcf6ea1af8e457e2d504cb3077ffd34e437270
2026-08-17 20:25:54 [main] INFO  t.g.io/epos-eric/metadata-database/deploy:main - Container ghcr.io/epos-eric/metadata-database/deploy:main started in PT3.869196615S
2026-08-17 20:25:54 [main] INFO  t.g.io/epos-eric/metadata-database/deploy:main - Container is started (JDBC URL: jdbc:postgresql://localhost:33080/cerif?loggerLevel=OFF)
2026-08-17 20:25:54 [main] INFO  com.zaxxer.hikari.HikariDataSource - metadata_catalogue - Starting...
2026-08-17 20:25:54 [main] INFO  com.zaxxer.hikari.pool.HikariPool - metadata_catalogue - Added connection org.postgresql.jdbc.PgConnection@37a9a21b
2026-08-17 20:25:54 [main] INFO  com.zaxxer.hikari.HikariDataSource - metadata_catalogue - Start completed.
2026-08-17 20:25:54 [main] INFO  com.zaxxer.hikari.HikariDataSource - metadata_catalogue - Shutdown initiated...
2026-08-17 20:25:54 [main] INFO  com.zaxxer.hikari.HikariDataSource - metadata_catalogue - Shutdown completed.
2026-08-17 20:25:54 [main] INFO  t.g.io/epos-eric/metadata-database/deploy:main - Creating container for image: ghcr.io/epos-eric/metadata-database/deploy:main
2026-08-17 20:25:54 [main] INFO  t.g.io/epos-eric/metadata-database/deploy:main - Container ghcr.io/epos-eric/metadata-database/deploy:main is starting: 72866ca2d3e5ad60c9adcf2e12d97c30e0eaa7971fc5d3f07d963010442a36b5
2026-08-17 20:25:58 [main] INFO  t.g.io/epos-eric/metadata-database/deploy:main - Container ghcr.io/epos-eric/metadata-database/deploy:main started in PT4.429551834S
2026-08-17 20:25:58 [main] INFO  t.g.io/epos-eric/metadata-database/deploy:main - Container is started (JDBC URL: jdbc:postgresql://localhost:33081/cerif?loggerLevel=OFF)
2026-08-17 20:25:58 [main] INFO  com.zaxxer.hikari.HikariDataSource - metadata_catalogue - Starting...
2026-08-17 20:25:58 [main] INFO  com.zaxxer.hikari.pool.HikariPool - metadata_catalogue - Added connection org.postgresql.jdbc.PgConnection@2040505e
2026-08-17 20:25:58 [main] INFO  com.zaxxer.hikari.HikariDataSource - metadata_catalogue - Start completed.
2026-08-17 20:25:59 [main] INFO  com.zaxxer.hikari.HikariDataSource - metadata_catalogue - Shutdown initiated...
2026-08-17 20:25:59 [main] INFO  com.zaxxer.hikari.HikariDataSource - metadata_catalogue - Shutdown completed.
2026-08-17 20:25:59 [main] INFO  t.g.io/epos-eric/metadata-database/deploy:main - Creating container for image: ghcr.io/epos-eric/metadata-database/deploy:main
2026-08-17 20:25:59 [main] INFO  t.g.io/epos-eric/metadata-database/deploy:main - Container ghcr.io/epos-eric/metadata-database/deploy:main is starting: cd7d10e4d3da626cb6bcfd0bb2316c794bf78d3b53cd1ebd4e8823e02f01c1fa
2026-08-17 20:26:04 [main] INFO  t.g.io/epos-eric/metadata-database/deploy:main - Container ghcr.io/epos-eric/metadata-database/deploy:main started in PT4.572396042S
2026-08-17 20:26:04 [main] INFO  t.g.io/epos-eric/metadata-database/deploy:main - Container is started (JDBC URL: jdbc:postgresql://localhost:33082/cerif?loggerLevel=OFF)
2026-08-17 20:26:04 [main] INFO  com.zaxxer.hikari.HikariDataSource - metadata_catalogue - Starting...
2026-08-17 20:26:04 [main] INFO  com.zaxxer.hikari.pool.HikariPool - metadata_catalogue - Added connection org.postgresql.jdbc.PgConnection@455ea56d
2026-08-17 20:26:04 [main] INFO  com.zaxxer.hikari.HikariDataSource - metadata_catalogue - Start completed.
2026-08-17 20:26:04 [main] INFO  com.zaxxer.hikari.HikariDataSource - metadata_catalogue - Shutdown initiated...
2026-08-17 20:26:04 [main] INFO  com.zaxxer.hikari.HikariDataSource - metadata_catalogue - Shutdown completed.
2026-08-17 20:26:04 [main] INFO  t.g.io/epos-eric/metadata-database/deploy:main - Creating container for image: ghcr.io/epos-eric/metadata-database/deploy:main
2026-08-17 20:26:05 [main] INFO  t.g.io/epos-eric/metadata-database/deploy:main - Container ghcr.io/epos-eric/metadata-database/deploy:main is starting: 4486c819a318e8e8b81908c4f365d78c87846951dbc7dc139b070f95210026fe
2026-08-17 20:26:09 [main] INFO  t.g.io/epos-eric/metadata-database/deploy:main - Container ghcr.io/epos-eric/metadata-database/deploy:main started in PT4.367474148S
2026-08-17 20:26:09 [main] INFO  t.g.io/epos-eric/metadata-database/deploy:main - Container is started (JDBC URL: jdbc:postgresql://localhost:33083/cerif?loggerLevel=OFF)
2026-08-17 20:26:09 [main] INFO  com.zaxxer.hikari.HikariDataSource - metadata_catalogue - Starting...
2026-08-17 20:26:09 [main] INFO  com.zaxxer.hikari.pool.HikariPool - metadata_catalogue - Added connection org.postgresql.jdbc.PgConnection@a42102
2026-08-17 20:26:09 [main] INFO  com.zaxxer.hikari.HikariDataSource - metadata_catalogue - Start completed.
2026-08-17 20:26:09 [main] INFO  com.zaxxer.hikari.HikariDataSource - metadata_catalogue - Shutdown initiated...
2026-08-17 20:26:09 [main] INFO  com.zaxxer.hikari.HikariDataSource - metadata_catalogue - Shutdown completed.
2026-08-17 20:26:10 [main] INFO  t.g.io/epos-eric/metadata-database/deploy:main - Creating container for image: ghcr.io/epos-eric/metadata-database/deploy:main
2026-08-17 20:26:10 [main] INFO  t.g.io/epos-eric/metadata-database/deploy:main - Container ghcr.io/epos-eric/metadata-database/deploy:main is starting: 3c62dea0f984b1fa6b0cbb2084721c1dad5445fd5f1b005851955ff706ea184c
2026-08-17 20:26:14 [main] INFO  t.g.io/epos-eric/metadata-database/deploy:main - Container ghcr.io/epos-eric/metadata-database/deploy:main started in PT4.338409338S
2026-08-17 20:26:14 [main] INFO  t.g.io/epos-eric/metadata-database/deploy:main - Container is started (JDBC URL: jdbc:postgresql://localhost:33084/cerif?loggerLevel=OFF)
2026-08-17 20:26:14 [main] INFO  com.zaxxer.hikari.HikariDataSource - metadata_catalogue - Starting...
2026-08-17 20:26:14 [main] INFO  com.zaxxer.hikari.pool.HikariPool - metadata_catalogue - Added connection org.postgresql.jdbc.PgConnection@623bca9
2026-08-17 20:26:14 [main] INFO  com.zaxxer.hikari.HikariDataSource - metadata_catalogue - Start completed.
2026-08-17 20:26:15 [main] INFO  com.zaxxer.hikari.HikariDataSource - metadata_catalogue - Shutdown initiated...
2026-08-17 20:26:15 [main] INFO  com.zaxxer.hikari.HikariDataSource - metadata_catalogue - Shutdown completed.
2026-08-17 20:26:15 [main] INFO  t.g.io/epos-eric/metadata-database/deploy:main - Creating container for image: ghcr.io/epos-eric/metadata-database/deploy:main
2026-08-17 20:26:15 [main] INFO  t.g.io/epos-eric/metadata-database/deploy:main - Container ghcr.io/epos-eric/metadata-database/deploy:main is starting: 500b7ffd00d969154c89774a58c4beef2391345e7aa8867114bcad04d5e5e06b
2026-08-17 20:26:19 [main] INFO  t.g.io/epos-eric/metadata-database/deploy:main - Container ghcr.io/epos-eric/metadata-database/deploy:main started in PT4.075012537S
2026-08-17 20:26:19 [main] INFO  t.g.io/epos-eric/metadata-database/deploy:main - Container is started (JDBC URL: jdbc:postgresql://localhost:33085/cerif?loggerLevel=OFF)
2026-08-17 20:26:19 [main] INFO  com.zaxxer.hikari.HikariDataSource - metadata_catalogue - Starting...
2026-08-17 20:26:19 [main] INFO  com.zaxxer.hikari.pool.HikariPool - metadata_catalogue - Added connection org.postgresql.jdbc.PgConnection@75a884ef
2026-08-17 20:26:19 [main] INFO  com.zaxxer.hikari.HikariDataSource - metadata_catalogue - Start completed.
2026-08-17 20:26:19 [main] INFO  com.zaxxer.hikari.HikariDataSource - metadata_catalogue - Shutdown initiated...
2026-08-17 20:26:19 [main] INFO  com.zaxxer.hikari.HikariDataSource - metadata_catalogue - Shutdown completed.
2026-08-17 20:26:20 [main] INFO  t.g.io/epos-eric/metadata-database/deploy:main - Creating container for image: ghcr.io/epos-eric/metadata-database/deploy:main
2026-08-17 20:26:20 [main] INFO  t.g.io/epos-eric/metadata-database/deploy:main - Container ghcr.io/epos-eric/metadata-database/deploy:main is starting: b472d83d99e5110b1dfe964723d6915ba123e7600efde4486d935a4d917550ea
2026-08-17 20:26:24 [main] INFO  t.g.io/epos-eric/metadata-database/deploy:main - Container ghcr.io/epos-eric/metadata-database/deploy:main started in PT4.412623179S
2026-08-17 20:26:24 [main] INFO  t.g.io/epos-eric/metadata-database/deploy:main - Container is started (JDBC URL: jdbc:postgresql://localhost:33086/cerif?loggerLevel=OFF)
2026-08-17 20:26:24 [main] INFO  com.zaxxer.hikari.HikariDataSource - metadata_catalogue - Starting...
2026-08-17 20:26:24 [main] INFO  com.zaxxer.hikari.pool.HikariPool - metadata_catalogue - Added connection org.postgresql.jdbc.PgConnection@12db058f
2026-08-17 20:26:24 [main] INFO  com.zaxxer.hikari.HikariDataSource - metadata_catalogue - Start completed.
2026-08-17 20:26:25 [main] INFO  com.zaxxer.hikari.HikariDataSource - metadata_catalogue - Shutdown initiated...
2026-08-17 20:26:25 [main] INFO  com.zaxxer.hikari.HikariDataSource - metadata_catalogue - Shutdown completed.
2026-08-17 20:26:25 [main] INFO  t.g.io/epos-eric/metadata-database/deploy:main - Creating container for image: ghcr.io/epos-eric/metadata-database/deploy:main
2026-08-17 20:26:25 [main] INFO  t.g.io/epos-eric/metadata-database/deploy:main - Container ghcr.io/epos-eric/metadata-database/deploy:main is starting: d7dc0a9bdb7cff28fdadbc296a9e2453b3713f8103cf634f4c0c6d15d93aff5a
2026-08-17 20:26:29 [main] INFO  t.g.io/epos-eric/metadata-database/deploy:main - Container ghcr.io/epos-eric/metadata-database/deploy:main started in PT4.661030753S
2026-08-17 20:26:29 [main] INFO  t.g.io/epos-eric/metadata-database/deploy:main - Container is started (JDBC URL: jdbc:postgresql://localhost:33087/cerif?loggerLevel=OFF)
2026-08-17 20:26:29 [main] INFO  com.zaxxer.hikari.HikariDataSource - metadata_catalogue - Starting...
2026-08-17 20:26:29 [main] INFO  com.zaxxer.hikari.pool.HikariPool - metadata_catalogue - Added connection org.postgresql.jdbc.PgConnection@49b2855d
2026-08-17 20:26:29 [main] INFO  com.zaxxer.hikari.HikariDataSource - metadata_catalogue - Start completed.
2026-08-17 20:26:30 [main] INFO  com.zaxxer.hikari.HikariDataSource - metadata_catalogue - Shutdown initiated...
2026-08-17 20:26:30 [main] INFO  com.zaxxer.hikari.HikariDataSource - metadata_catalogue - Shutdown completed.
2026-08-17 20:26:30 [main] INFO  t.g.io/epos-eric/metadata-database/deploy:main - Creating container for image: ghcr.io/epos-eric/metadata-database/deploy:main
2026-08-17 20:26:30 [main] INFO  t.g.io/epos-eric/metadata-database/deploy:main - Container ghcr.io/epos-eric/metadata-database/deploy:main is starting: 76bb515f30017848fec97b54de54531400af5d4fd11879c9a8f56f3f4c3478bc
2026-08-17 20:26:35 [main] INFO  t.g.io/epos-eric/metadata-database/deploy:main - Container ghcr.io/epos-eric/metadata-database/deploy:main started in PT4.70149273S
2026-08-17 20:26:35 [main] INFO  t.g.io/epos-eric/metadata-database/deploy:main - Container is started (JDBC URL: jdbc:postgresql://localhost:33088/cerif?loggerLevel=OFF)
2026-08-17 20:26:35 [main] INFO  com.zaxxer.hikari.HikariDataSource - metadata_catalogue - Starting...
2026-08-17 20:26:35 [main] INFO  com.zaxxer.hikari.pool.HikariPool - metadata_catalogue - Added connection org.postgresql.jdbc.PgConnection@c7bce0
2026-08-17 20:26:35 [main] INFO  com.zaxxer.hikari.HikariDataSource - metadata_catalogue - Start completed.
2026-08-17 20:26:35 [main] INFO  com.zaxxer.hikari.HikariDataSource - metadata_catalogue - Shutdown initiated...
2026-08-17 20:26:35 [main] INFO  com.zaxxer.hikari.HikariDataSource - metadata_catalogue - Shutdown completed.
2026-08-17 20:26:35 [main] INFO  t.g.io/epos-eric/metadata-database/deploy:main - Creating container for image: ghcr.io/epos-eric/metadata-database/deploy:main
2026-08-17 20:26:35 [main] INFO  t.g.io/epos-eric/metadata-database/deploy:main - Container ghcr.io/epos-eric/metadata-database/deploy:main is starting: 34e947aed358af127d945b09a505c6eb008d677f7aeb541a13ccff6c831d4940
2026-08-17 20:26:40 [main] INFO  t.g.io/epos-eric/metadata-database/deploy:main - Container ghcr.io/epos-eric/metadata-database/deploy:main started in PT4.670487784S
2026-08-17 20:26:40 [main] INFO  t.g.io/epos-eric/metadata-database/deploy:main - Container is started (JDBC URL: jdbc:postgresql://localhost:33089/cerif?loggerLevel=OFF)
2026-08-17 20:26:40 [main] INFO  com.zaxxer.hikari.HikariDataSource - metadata_catalogue - Starting...
2026-08-17 20:26:40 [main] INFO  com.zaxxer.hikari.pool.HikariPool - metadata_catalogue - Added connection org.postgresql.jdbc.PgConnection@23ad20c0
2026-08-17 20:26:40 [main] INFO  com.zaxxer.hikari.HikariDataSource - metadata_catalogue - Start completed.
2026-08-17 20:26:40 [main] INFO  com.zaxxer.hikari.HikariDataSource - metadata_catalogue - Shutdown initiated...
2026-08-17 20:26:40 [main] INFO  com.zaxxer.hikari.HikariDataSource - metadata_catalogue - Shutdown completed.
2026-08-17 20:26:41 [main] INFO  t.g.io/epos-eric/metadata-database/deploy:main - Creating container for image: ghcr.io/epos-eric/metadata-database/deploy:main
2026-08-17 20:26:41 [main] INFO  t.g.io/epos-eric/metadata-database/deploy:main - Container ghcr.io/epos-eric/metadata-database/deploy:main is starting: ad3dbaeae4cff9b2037321862fc0d0b6d75f9551b383609aa8708a710ad6af4f
2026-08-17 20:26:46 [main] INFO  t.g.io/epos-eric/metadata-database/deploy:main - Container ghcr.io/epos-eric/metadata-database/deploy:main started in PT5.027806727S
2026-08-17 20:26:46 [main] INFO  t.g.io/epos-eric/metadata-database/deploy:main - Container is started (JDBC URL: jdbc:postgresql://localhost:33090/cerif?loggerLevel=OFF)
2026-08-17 20:26:46 [main] INFO  com.zaxxer.hikari.HikariDataSource - metadata_catalogue - Starting...
2026-08-17 20:26:46 [main] INFO  com.zaxxer.hikari.pool.HikariPool - metadata_catalogue - Added connection org.postgresql.jdbc.PgConnection@7770e431
2026-08-17 20:26:46 [main] INFO  com.zaxxer.hikari.HikariDataSource - metadata_catalogue - Start completed.
2026-08-17 20:26:46 [main] INFO  com.zaxxer.hikari.HikariDataSource - metadata_catalogue - Shutdown initiated...
2026-08-17 20:26:46 [main] INFO  com.zaxxer.hikari.HikariDataSource - metadata_catalogue - Shutdown completed.
2026-08-17 20:26:46 [main] INFO  t.g.io/epos-eric/metadata-database/deploy:main - Creating container for image: ghcr.io/epos-eric/metadata-database/deploy:main
2026-08-17 20:26:46 [main] INFO  t.g.io/epos-eric/metadata-database/deploy:main - Container ghcr.io/epos-eric/metadata-database/deploy:main is starting: 640d749eb7f75ae55354baf411d8bc736cbba617e5f61cf14b22d3ca814eb666
2026-08-17 20:26:51 [main] INFO  t.g.io/epos-eric/metadata-database/deploy:main - Container ghcr.io/epos-eric/metadata-database/deploy:main started in PT4.511480816S
2026-08-17 20:26:51 [main] INFO  t.g.io/epos-eric/metadata-database/deploy:main - Container is started (JDBC URL: jdbc:postgresql://localhost:33091/cerif?loggerLevel=OFF)
2026-08-17 20:26:51 [main] INFO  com.zaxxer.hikari.HikariDataSource - metadata_catalogue - Starting...
2026-08-17 20:26:51 [main] INFO  com.zaxxer.hikari.pool.HikariPool - metadata_catalogue - Added connection org.postgresql.jdbc.PgConnection@11b406c0
2026-08-17 20:26:51 [main] INFO  com.zaxxer.hikari.HikariDataSource - metadata_catalogue - Start completed.
2026-08-17 20:26:51 [main] INFO  com.zaxxer.hikari.HikariDataSource - metadata_catalogue - Shutdown initiated...
2026-08-17 20:26:51 [main] INFO  com.zaxxer.hikari.HikariDataSource - metadata_catalogue - Shutdown completed.
2026-08-17 20:26:52 [main] INFO  t.g.io/epos-eric/metadata-database/deploy:main - Creating container for image: ghcr.io/epos-eric/metadata-database/deploy:main
2026-08-17 20:26:52 [main] INFO  t.g.io/epos-eric/metadata-database/deploy:main - Container ghcr.io/epos-eric/metadata-database/deploy:main is starting: fef42b08c25f3c000258cce6276797c961b6dbef574d255cd94bb4d1cce87a7f
2026-08-17 20:26:56 [main] INFO  t.g.io/epos-eric/metadata-database/deploy:main - Container ghcr.io/epos-eric/metadata-database/deploy:main started in PT4.592145998S
2026-08-17 20:26:56 [main] INFO  t.g.io/epos-eric/metadata-database/deploy:main - Container is started (JDBC URL: jdbc:postgresql://localhost:33092/cerif?loggerLevel=OFF)
2026-08-17 20:26:56 [main] INFO  com.zaxxer.hikari.HikariDataSource - metadata_catalogue - Starting...
2026-08-17 20:26:56 [main] INFO  com.zaxxer.hikari.pool.HikariPool - metadata_catalogue - Added connection org.postgresql.jdbc.PgConnection@2e37373b
2026-08-17 20:26:56 [main] INFO  com.zaxxer.hikari.HikariDataSource - metadata_catalogue - Start completed.
2026-08-17 20:26:57 [main] INFO  com.zaxxer.hikari.HikariDataSource - metadata_catalogue - Shutdown initiated...
2026-08-17 20:26:57 [main] INFO  com.zaxxer.hikari.HikariDataSource - metadata_catalogue - Shutdown completed.
2026-08-17 20:26:57 [main] INFO  t.g.io/epos-eric/metadata-database/deploy:main - Creating container for image: ghcr.io/epos-eric/metadata-database/deploy:main
2026-08-17 20:26:57 [main] INFO  t.g.io/epos-eric/metadata-database/deploy:main - Container ghcr.io/epos-eric/metadata-database/deploy:main is starting: 4a279059a9819e0a41a8419a9885b1cb95c6c9214feb97efb6c134f68c8a1aa0
2026-08-17 20:27:01 [main] INFO  t.g.io/epos-eric/metadata-database/deploy:main - Container ghcr.io/epos-eric/metadata-database/deploy:main started in PT4.246232287S
2026-08-17 20:27:01 [main] INFO  t.g.io/epos-eric/metadata-database/deploy:main - Container is started (JDBC URL: jdbc:postgresql://localhost:33093/cerif?loggerLevel=OFF)
2026-08-17 20:27:01 [main] INFO  com.zaxxer.hikari.HikariDataSource - metadata_catalogue - Starting...
2026-08-17 20:27:01 [main] INFO  com.zaxxer.hikari.pool.HikariPool - metadata_catalogue - Added connection org.postgresql.jdbc.PgConnection@54775f19
2026-08-17 20:27:01 [main] INFO  com.zaxxer.hikari.HikariDataSource - metadata_catalogue - Start completed.
2026-08-17 20:27:01 [main] INFO  com.zaxxer.hikari.HikariDataSource - metadata_catalogue - Shutdown initiated...
2026-08-17 20:27:01 [main] INFO  com.zaxxer.hikari.HikariDataSource - metadata_catalogue - Shutdown completed.
2026-08-17 20:27:02 [main] INFO  t.g.io/epos-eric/metadata-database/deploy:main - Creating container for image: ghcr.io/epos-eric/metadata-database/deploy:main
2026-08-17 20:27:02 [main] INFO  t.g.io/epos-eric/metadata-database/deploy:main - Container ghcr.io/epos-eric/metadata-database/deploy:main is starting: 0120040930bbcbae587ef81e5e4b82b05cd3bd049dea2b226e6094aa7f5d6c57
2026-08-17 20:27:06 [main] INFO  t.g.io/epos-eric/metadata-database/deploy:main - Container ghcr.io/epos-eric/metadata-database/deploy:main started in PT4.659955486S
2026-08-17 20:27:06 [main] INFO  t.g.io/epos-eric/metadata-database/deploy:main - Container is started (JDBC URL: jdbc:postgresql://localhost:33094/cerif?loggerLevel=OFF)
2026-08-17 20:27:06 [main] INFO  com.zaxxer.hikari.HikariDataSource - metadata_catalogue - Starting...
2026-08-17 20:27:06 [main] INFO  com.zaxxer.hikari.pool.HikariPool - metadata_catalogue - Added connection org.postgresql.jdbc.PgConnection@4937e5d1
2026-08-17 20:27:06 [main] INFO  com.zaxxer.hikari.HikariDataSource - metadata_catalogue - Start completed.
2026-08-17 20:27:10 [main] INFO  com.zaxxer.hikari.HikariDataSource - metadata_catalogue - Shutdown initiated...
2026-08-17 20:27:10 [main] INFO  com.zaxxer.hikari.HikariDataSource - metadata_catalogue - Shutdown completed.
2026-08-17 20:27:10 [main] INFO  t.g.io/epos-eric/metadata-database/deploy:main - Creating container for image: ghcr.io/epos-eric/metadata-database/deploy:main
2026-08-17 20:27:10 [main] INFO  t.g.io/epos-eric/metadata-database/deploy:main - Container ghcr.io/epos-eric/metadata-database/deploy:main is starting: af055410ecda9338f751106f0528af9145abff134d5e4dc76496372800018a24
2026-08-17 20:27:14 [main] INFO  t.g.io/epos-eric/metadata-database/deploy:main - Container ghcr.io/epos-eric/metadata-database/deploy:main started in PT3.925999103S
2026-08-17 20:27:14 [main] INFO  t.g.io/epos-eric/metadata-database/deploy:main - Container is started (JDBC URL: jdbc:postgresql://localhost:33095/cerif?loggerLevel=OFF)
2026-08-17 20:27:14 [main] INFO  com.zaxxer.hikari.HikariDataSource - metadata_catalogue - Starting...
2026-08-17 20:27:14 [main] INFO  com.zaxxer.hikari.pool.HikariPool - metadata_catalogue - Added connection org.postgresql.jdbc.PgConnection@6425df78
2026-08-17 20:27:14 [main] INFO  com.zaxxer.hikari.HikariDataSource - metadata_catalogue - Start completed.
2026-08-17 20:27:15 [main] INFO  com.zaxxer.hikari.HikariDataSource - metadata_catalogue - Shutdown initiated...
2026-08-17 20:27:15 [main] INFO  com.zaxxer.hikari.HikariDataSource - metadata_catalogue - Shutdown completed.
2026-08-17 20:27:15 [main] INFO  t.g.io/epos-eric/metadata-database/deploy:main - Creating container for image: ghcr.io/epos-eric/metadata-database/deploy:main
2026-08-17 20:27:15 [main] INFO  t.g.io/epos-eric/metadata-database/deploy:main - Container ghcr.io/epos-eric/metadata-database/deploy:main is starting: f8629d191b7c6e2c8d21f67b7dd13648b6af5c3fe993b9c7d5323372d9b44751
2026-08-17 20:27:19 [main] INFO  t.g.io/epos-eric/metadata-database/deploy:main - Container ghcr.io/epos-eric/metadata-database/deploy:main started in PT4.419659155S
2026-08-17 20:27:19 [main] INFO  t.g.io/epos-eric/metadata-database/deploy:main - Container is started (JDBC URL: jdbc:postgresql://localhost:33096/cerif?loggerLevel=OFF)
2026-08-17 20:27:19 [main] INFO  com.zaxxer.hikari.HikariDataSource - metadata_catalogue - Starting...
2026-08-17 20:27:19 [main] INFO  com.zaxxer.hikari.pool.HikariPool - metadata_catalogue - Added connection org.postgresql.jdbc.PgConnection@3d41c893
2026-08-17 20:27:19 [main] INFO  com.zaxxer.hikari.HikariDataSource - metadata_catalogue - Start completed.
2026-08-17 20:27:20 [main] INFO  com.zaxxer.hikari.HikariDataSource - metadata_catalogue - Shutdown initiated...
2026-08-17 20:27:20 [main] INFO  com.zaxxer.hikari.HikariDataSource - metadata_catalogue - Shutdown completed.
2026-08-17 20:27:20 [main] INFO  t.g.io/epos-eric/metadata-database/deploy:main - Creating container for image: ghcr.io/epos-eric/metadata-database/deploy:main
2026-08-17 20:27:20 [main] INFO  t.g.io/epos-eric/metadata-database/deploy:main - Container ghcr.io/epos-eric/metadata-database/deploy:main is starting: b2dd8caafaf6c9513aaf8442abdebcae0487591890863f10a0d1019b1db2f871
2026-08-17 20:27:24 [main] INFO  t.g.io/epos-eric/metadata-database/deploy:main - Container ghcr.io/epos-eric/metadata-database/deploy:main started in PT4.516051798S
2026-08-17 20:27:24 [main] INFO  t.g.io/epos-eric/metadata-database/deploy:main - Container is started (JDBC URL: jdbc:postgresql://localhost:33097/cerif?loggerLevel=OFF)
2026-08-17 20:27:24 [main] INFO  com.zaxxer.hikari.HikariDataSource - metadata_catalogue - Starting...
2026-08-17 20:27:25 [main] INFO  com.zaxxer.hikari.pool.HikariPool - metadata_catalogue - Added connection org.postgresql.jdbc.PgConnection@64d1096b
2026-08-17 20:27:25 [main] INFO  com.zaxxer.hikari.HikariDataSource - metadata_catalogue - Start completed.
2026-08-17 20:27:25 [main] INFO  com.zaxxer.hikari.HikariDataSource - metadata_catalogue - Shutdown initiated...
2026-08-17 20:27:25 [main] INFO  com.zaxxer.hikari.HikariDataSource - metadata_catalogue - Shutdown completed.
2026-08-17 20:27:25 [main] INFO  t.g.io/epos-eric/metadata-database/deploy:main - Creating container for image: ghcr.io/epos-eric/metadata-database/deploy:main
2026-08-17 20:27:25 [main] INFO  t.g.io/epos-eric/metadata-database/deploy:main - Container ghcr.io/epos-eric/metadata-database/deploy:main is starting: e6b2887c84b28fd1901e84e75576be0b1d9d3abd45adfce56fedf7ff3a8c1f00
2026-08-17 20:27:30 [main] INFO  t.g.io/epos-eric/metadata-database/deploy:main - Container ghcr.io/epos-eric/metadata-database/deploy:main started in PT4.479076676S
2026-08-17 20:27:30 [main] INFO  t.g.io/epos-eric/metadata-database/deploy:main - Container is started (JDBC URL: jdbc:postgresql://localhost:33098/cerif?loggerLevel=OFF)
2026-08-17 20:27:30 [main] INFO  com.zaxxer.hikari.HikariDataSource - metadata_catalogue - Starting...
2026-08-17 20:27:30 [main] INFO  com.zaxxer.hikari.pool.HikariPool - metadata_catalogue - Added connection org.postgresql.jdbc.PgConnection@469bac8d
2026-08-17 20:27:30 [main] INFO  com.zaxxer.hikari.HikariDataSource - metadata_catalogue - Start completed.
2026-08-17 20:27:30 [main] INFO  com.zaxxer.hikari.HikariDataSource - metadata_catalogue - Shutdown initiated...
2026-08-17 20:27:30 [main] INFO  com.zaxxer.hikari.HikariDataSource - metadata_catalogue - Shutdown completed.
2026-08-17 20:27:30 [main] INFO  t.g.io/epos-eric/metadata-database/deploy:main - Creating container for image: ghcr.io/epos-eric/metadata-database/deploy:main
2026-08-17 20:27:30 [main] INFO  t.g.io/epos-eric/metadata-database/deploy:main - Container ghcr.io/epos-eric/metadata-database/deploy:main is starting: a7823328a6e3bc217c4343b24876cdcd883d3a97292c747dbf64b40cc5d11e24
2026-08-17 20:27:35 [main] INFO  t.g.io/epos-eric/metadata-database/deploy:main - Container ghcr.io/epos-eric/metadata-database/deploy:main started in PT4.528328971S
2026-08-17 20:27:35 [main] INFO  t.g.io/epos-eric/metadata-database/deploy:main - Container is started (JDBC URL: jdbc:postgresql://localhost:33099/cerif?loggerLevel=OFF)
2026-08-17 20:27:35 [main] INFO  com.zaxxer.hikari.HikariDataSource - metadata_catalogue - Starting...
2026-08-17 20:27:35 [main] INFO  com.zaxxer.hikari.pool.HikariPool - metadata_catalogue - Added connection org.postgresql.jdbc.PgConnection@2b00bf68
2026-08-17 20:27:35 [main] INFO  com.zaxxer.hikari.HikariDataSource - metadata_catalogue - Start completed.
2026-08-17 20:27:35 [main] INFO  com.zaxxer.hikari.HikariDataSource - metadata_catalogue - Shutdown initiated...
2026-08-17 20:27:35 [main] INFO  com.zaxxer.hikari.HikariDataSource - metadata_catalogue - Shutdown completed.
2026-08-17 20:27:35 [main] INFO  t.g.io/epos-eric/metadata-database/deploy:main - Creating container for image: ghcr.io/epos-eric/metadata-database/deploy:main
2026-08-17 20:27:36 [main] INFO  t.g.io/epos-eric/metadata-database/deploy:main - Container ghcr.io/epos-eric/metadata-database/deploy:main is starting: c410f2f01859651861ab91a896bb270a98a54a8f7a96e8bca4a1c422642f9f17
2026-08-17 20:27:40 [main] INFO  t.g.io/epos-eric/metadata-database/deploy:main - Container ghcr.io/epos-eric/metadata-database/deploy:main started in PT4.271228042S
2026-08-17 20:27:40 [main] INFO  t.g.io/epos-eric/metadata-database/deploy:main - Container is started (JDBC URL: jdbc:postgresql://localhost:33100/cerif?loggerLevel=OFF)
2026-08-17 20:27:40 [main] INFO  com.zaxxer.hikari.HikariDataSource - metadata_catalogue - Starting...
2026-08-17 20:27:40 [main] INFO  com.zaxxer.hikari.pool.HikariPool - metadata_catalogue - Added connection org.postgresql.jdbc.PgConnection@1bce0b0e
2026-08-17 20:27:40 [main] INFO  com.zaxxer.hikari.HikariDataSource - metadata_catalogue - Start completed.
2026-08-17 20:27:40 [main] INFO  com.zaxxer.hikari.HikariDataSource - metadata_catalogue - Shutdown initiated...
2026-08-17 20:27:40 [main] INFO  com.zaxxer.hikari.HikariDataSource - metadata_catalogue - Shutdown completed.
2026-08-17 20:27:40 [main] INFO  t.g.io/epos-eric/metadata-database/deploy:main - Creating container for image: ghcr.io/epos-eric/metadata-database/deploy:main
2026-08-17 20:27:40 [main] INFO  t.g.io/epos-eric/metadata-database/deploy:main - Container ghcr.io/epos-eric/metadata-database/deploy:main is starting: 1126b77358c27d5f7f0190ec8e21e1d54961799de00749fbd8caeaeec619842b
2026-08-17 20:27:44 [main] INFO  t.g.io/epos-eric/metadata-database/deploy:main - Container ghcr.io/epos-eric/metadata-database/deploy:main started in PT4.123855058S
2026-08-17 20:27:44 [main] INFO  t.g.io/epos-eric/metadata-database/deploy:main - Container is started (JDBC URL: jdbc:postgresql://localhost:33101/cerif?loggerLevel=OFF)
2026-08-17 20:27:44 [main] INFO  com.zaxxer.hikari.HikariDataSource - metadata_catalogue - Starting...
2026-08-17 20:27:44 [main] INFO  com.zaxxer.hikari.pool.HikariPool - metadata_catalogue - Added connection org.postgresql.jdbc.PgConnection@62c923e1
2026-08-17 20:27:44 [main] INFO  com.zaxxer.hikari.HikariDataSource - metadata_catalogue - Start completed.
2026-08-17 20:27:45 [main] INFO  com.zaxxer.hikari.HikariDataSource - metadata_catalogue - Shutdown initiated...
2026-08-17 20:27:45 [main] INFO  com.zaxxer.hikari.HikariDataSource - metadata_catalogue - Shutdown completed.
2026-08-17 20:27:45 [main] INFO  t.g.io/epos-eric/metadata-database/deploy:main - Creating container for image: ghcr.io/epos-eric/metadata-database/deploy:main
2026-08-17 20:27:45 [main] INFO  t.g.io/epos-eric/metadata-database/deploy:main - Container ghcr.io/epos-eric/metadata-database/deploy:main is starting: 42ebf4cb8eec480cded2e57494880fc321acfe0d2465ab32293b9bf67d656f45
2026-08-17 20:27:49 [main] INFO  t.g.io/epos-eric/metadata-database/deploy:main - Container ghcr.io/epos-eric/metadata-database/deploy:main started in PT4.413497796S
2026-08-17 20:27:49 [main] INFO  t.g.io/epos-eric/metadata-database/deploy:main - Container is started (JDBC URL: jdbc:postgresql://localhost:33102/cerif?loggerLevel=OFF)
2026-08-17 20:27:49 [main] INFO  com.zaxxer.hikari.HikariDataSource - metadata_catalogue - Starting...
2026-08-17 20:27:49 [main] INFO  com.zaxxer.hikari.pool.HikariPool - metadata_catalogue - Added connection org.postgresql.jdbc.PgConnection@73505b8e
2026-08-17 20:27:49 [main] INFO  com.zaxxer.hikari.HikariDataSource - metadata_catalogue - Start completed.
2026-08-17 20:27:50 [main] INFO  com.zaxxer.hikari.HikariDataSource - metadata_catalogue - Shutdown initiated...
2026-08-17 20:27:50 [main] INFO  com.zaxxer.hikari.HikariDataSource - metadata_catalogue - Shutdown completed.
2026-08-17 20:27:50 [main] INFO  t.g.io/epos-eric/metadata-database/deploy:main - Creating container for image: ghcr.io/epos-eric/metadata-database/deploy:main
2026-08-17 20:27:50 [main] INFO  t.g.io/epos-eric/metadata-database/deploy:main - Container ghcr.io/epos-eric/metadata-database/deploy:main is starting: d8e50adb79e5d689174c2e1b70deaad1a7bf5b669ea92d1666983e326760a08b
2026-08-17 20:27:54 [main] INFO  t.g.io/epos-eric/metadata-database/deploy:main - Container ghcr.io/epos-eric/metadata-database/deploy:main started in PT3.835667972S
2026-08-17 20:27:54 [main] INFO  t.g.io/epos-eric/metadata-database/deploy:main - Container is started (JDBC URL: jdbc:postgresql://localhost:33103/cerif?loggerLevel=OFF)
2026-08-17 20:27:54 [main] INFO  com.zaxxer.hikari.HikariDataSource - metadata_catalogue - Starting...
2026-08-17 20:27:54 [main] INFO  com.zaxxer.hikari.pool.HikariPool - metadata_catalogue - Added connection org.postgresql.jdbc.PgConnection@3711ff00
2026-08-17 20:27:54 [main] INFO  com.zaxxer.hikari.HikariDataSource - metadata_catalogue - Start completed.
2026-08-17 20:27:54 [main] INFO  com.zaxxer.hikari.HikariDataSource - metadata_catalogue - Shutdown initiated...
2026-08-17 20:27:54 [main] INFO  com.zaxxer.hikari.HikariDataSource - metadata_catalogue - Shutdown completed.
2026-08-17 20:27:54 [main] INFO  t.g.io/epos-eric/metadata-database/deploy:main - Creating container for image: ghcr.io/epos-eric/metadata-database/deploy:main
2026-08-17 20:27:55 [main] INFO  t.g.io/epos-eric/metadata-database/deploy:main - Container ghcr.io/epos-eric/metadata-database/deploy:main is starting: 5a98bcd42129e1f0ca409166cdb156d33e5e8cff64f6a1a3c269272e0a3a129a
2026-08-17 20:27:59 [main] INFO  t.g.io/epos-eric/metadata-database/deploy:main - Container ghcr.io/epos-eric/metadata-database/deploy:main started in PT4.267084608S
2026-08-17 20:27:59 [main] INFO  t.g.io/epos-eric/metadata-database/deploy:main - Container is started (JDBC URL: jdbc:postgresql://localhost:33104/cerif?loggerLevel=OFF)
2026-08-17 20:27:59 [main] INFO  com.zaxxer.hikari.HikariDataSource - metadata_catalogue - Starting...
2026-08-17 20:27:59 [main] INFO  com.zaxxer.hikari.pool.HikariPool - metadata_catalogue - Added connection org.postgresql.jdbc.PgConnection@7a72c8ec
2026-08-17 20:27:59 [main] INFO  com.zaxxer.hikari.HikariDataSource - metadata_catalogue - Start completed.
2026-08-17 20:28:10 [main] INFO  com.zaxxer.hikari.HikariDataSource - metadata_catalogue - Shutdown initiated...
2026-08-17 20:28:10 [main] INFO  com.zaxxer.hikari.HikariDataSource - metadata_catalogue - Shutdown completed.
2026-08-17 20:28:10 [main] INFO  t.g.io/epos-eric/metadata-database/deploy:main - Creating container for image: ghcr.io/epos-eric/metadata-database/deploy:main
2026-08-17 20:28:10 [main] INFO  t.g.io/epos-eric/metadata-database/deploy:main - Container ghcr.io/epos-eric/metadata-database/deploy:main is starting: c3c86045bd4fcafc995291f66ee9b574c4022bf6213ad656629d40fa35365faf
2026-08-17 20:28:15 [main] INFO  t.g.io/epos-eric/metadata-database/deploy:main - Container ghcr.io/epos-eric/metadata-database/deploy:main started in PT4.136286434S
2026-08-17 20:28:15 [main] INFO  t.g.io/epos-eric/metadata-database/deploy:main - Container is started (JDBC URL: jdbc:postgresql://localhost:33105/cerif?loggerLevel=OFF)
2026-08-17 20:28:15 [main] INFO  com.zaxxer.hikari.HikariDataSource - metadata_catalogue - Starting...
2026-08-17 20:28:15 [main] INFO  com.zaxxer.hikari.pool.HikariPool - metadata_catalogue - Added connection org.postgresql.jdbc.PgConnection@9ae12a0
2026-08-17 20:28:15 [main] INFO  com.zaxxer.hikari.HikariDataSource - metadata_catalogue - Start completed.
2026-08-17 20:28:15 [main] INFO  com.zaxxer.hikari.HikariDataSource - metadata_catalogue - Shutdown initiated...
2026-08-17 20:28:15 [main] INFO  com.zaxxer.hikari.HikariDataSource - metadata_catalogue - Shutdown completed.
2026-08-17 20:28:15 [main] INFO  t.g.io/epos-eric/metadata-database/deploy:main - Creating container for image: ghcr.io/epos-eric/metadata-database/deploy:main
2026-08-17 20:28:15 [main] INFO  t.g.io/epos-eric/metadata-database/deploy:main - Container ghcr.io/epos-eric/metadata-database/deploy:main is starting: c77a860c011604ca4ee338c743d4940ae97f56a5e3cb34eb30081cb2a26398fd
2026-08-17 20:28:20 [main] INFO  t.g.io/epos-eric/metadata-database/deploy:main - Container ghcr.io/epos-eric/metadata-database/deploy:main started in PT4.740807007S
2026-08-17 20:28:20 [main] INFO  t.g.io/epos-eric/metadata-database/deploy:main - Container is started (JDBC URL: jdbc:postgresql://localhost:33106/cerif?loggerLevel=OFF)
2026-08-17 20:28:20 [main] INFO  com.zaxxer.hikari.HikariDataSource - metadata_catalogue - Starting...
2026-08-17 20:28:20 [main] INFO  com.zaxxer.hikari.pool.HikariPool - metadata_catalogue - Added connection org.postgresql.jdbc.PgConnection@2ed73bd5
2026-08-17 20:28:20 [main] INFO  com.zaxxer.hikari.HikariDataSource - metadata_catalogue - Start completed.
2026-08-17 20:28:20 [main] INFO  com.zaxxer.hikari.HikariDataSource - metadata_catalogue - Shutdown initiated...
2026-08-17 20:28:20 [main] INFO  com.zaxxer.hikari.HikariDataSource - metadata_catalogue - Shutdown completed.
2026-08-17 20:28:20 [main] INFO  t.g.io/epos-eric/metadata-database/deploy:main - Creating container for image: ghcr.io/epos-eric/metadata-database/deploy:main
2026-08-17 20:28:20 [main] INFO  t.g.io/epos-eric/metadata-database/deploy:main - Container ghcr.io/epos-eric/metadata-database/deploy:main is starting: fcf6508c921e9e6c79c767a3d8caaf1e65ffe5908d6fcc774fd3379eda1af438
2026-08-17 20:28:25 [main] INFO  t.g.io/epos-eric/metadata-database/deploy:main - Container ghcr.io/epos-eric/metadata-database/deploy:main started in PT4.214994328S
2026-08-17 20:28:25 [main] INFO  t.g.io/epos-eric/metadata-database/deploy:main - Container is started (JDBC URL: jdbc:postgresql://localhost:33107/cerif?loggerLevel=OFF)
2026-08-17 20:28:25 [main] INFO  com.zaxxer.hikari.HikariDataSource - metadata_catalogue - Starting...
2026-08-17 20:28:25 [main] INFO  com.zaxxer.hikari.pool.HikariPool - metadata_catalogue - Added connection org.postgresql.jdbc.PgConnection@2756eab0
2026-08-17 20:28:25 [main] INFO  com.zaxxer.hikari.HikariDataSource - metadata_catalogue - Start completed.
2026-08-17 20:28:25 [main] INFO  com.zaxxer.hikari.HikariDataSource - metadata_catalogue - Shutdown initiated...
2026-08-17 20:28:25 [main] INFO  com.zaxxer.hikari.HikariDataSource - metadata_catalogue - Shutdown completed.
2026-08-17 20:28:25 [main] INFO  t.g.io/epos-eric/metadata-database/deploy:main - Creating container for image: ghcr.io/epos-eric/metadata-database/deploy:main
2026-08-17 20:28:25 [main] INFO  t.g.io/epos-eric/metadata-database/deploy:main - Container ghcr.io/epos-eric/metadata-database/deploy:main is starting: 81e3673534398a1663569645f6a3b65847fec3d007dc9bbc383a3cf82c2bb231
2026-08-17 20:28:29 [main] INFO  t.g.io/epos-eric/metadata-database/deploy:main - Container ghcr.io/epos-eric/metadata-database/deploy:main started in PT4.212189792S
2026-08-17 20:28:29 [main] INFO  t.g.io/epos-eric/metadata-database/deploy:main - Container is started (JDBC URL: jdbc:postgresql://localhost:33108/cerif?loggerLevel=OFF)
2026-08-17 20:28:29 [main] INFO  com.zaxxer.hikari.HikariDataSource - metadata_catalogue - Starting...
2026-08-17 20:28:29 [main] INFO  com.zaxxer.hikari.pool.HikariPool - metadata_catalogue - Added connection org.postgresql.jdbc.PgConnection@255b58a2
2026-08-17 20:28:29 [main] INFO  com.zaxxer.hikari.HikariDataSource - metadata_catalogue - Start completed.
2026-08-17 20:28:30 [main] INFO  com.zaxxer.hikari.HikariDataSource - metadata_catalogue - Shutdown initiated...
2026-08-17 20:28:30 [main] INFO  com.zaxxer.hikari.HikariDataSource - metadata_catalogue - Shutdown completed.
2026-08-17 20:28:30 [main] INFO  t.g.io/epos-eric/metadata-database/deploy:main - Creating container for image: ghcr.io/epos-eric/metadata-database/deploy:main
2026-08-17 20:28:30 [main] INFO  t.g.io/epos-eric/metadata-database/deploy:main - Container ghcr.io/epos-eric/metadata-database/deploy:main is starting: 44513a545b22d9edf2330704fbaff174f3b56efd6a9bdf1ef44ca8c2a16a6f2c
2026-08-17 20:28:35 [main] INFO  t.g.io/epos-eric/metadata-database/deploy:main - Container ghcr.io/epos-eric/metadata-database/deploy:main started in PT4.734310522S
2026-08-17 20:28:35 [main] INFO  t.g.io/epos-eric/metadata-database/deploy:main - Container is started (JDBC URL: jdbc:postgresql://localhost:33109/cerif?loggerLevel=OFF)
2026-08-17 20:28:35 [main] INFO  com.zaxxer.hikari.HikariDataSource - metadata_catalogue - Starting...
2026-08-17 20:28:35 [main] INFO  com.zaxxer.hikari.pool.HikariPool - metadata_catalogue - Added connection org.postgresql.jdbc.PgConnection@3beae30d
2026-08-17 20:28:35 [main] INFO  com.zaxxer.hikari.HikariDataSource - metadata_catalogue - Start completed.
2026-08-17 20:28:35 [main] INFO  com.zaxxer.hikari.HikariDataSource - metadata_catalogue - Shutdown initiated...
2026-08-17 20:28:35 [main] INFO  com.zaxxer.hikari.HikariDataSource - metadata_catalogue - Shutdown completed.
2026-08-17 20:28:35 [main] INFO  t.g.io/epos-eric/metadata-database/deploy:main - Creating container for image: ghcr.io/epos-eric/metadata-database/deploy:main
2026-08-17 20:28:36 [main] INFO  t.g.io/epos-eric/metadata-database/deploy:main - Container ghcr.io/epos-eric/metadata-database/deploy:main is starting: 7dd837acde935e771dfb47fb9e47b28c2f26f9eb239382b74f3379d5ba2c26d3
2026-08-17 20:28:39 [main] INFO  t.g.io/epos-eric/metadata-database/deploy:main - Container ghcr.io/epos-eric/metadata-database/deploy:main started in PT4.110400082S
2026-08-17 20:28:39 [main] INFO  t.g.io/epos-eric/metadata-database/deploy:main - Container is started (JDBC URL: jdbc:postgresql://localhost:33110/cerif?loggerLevel=OFF)
2026-08-17 20:28:39 [main] INFO  com.zaxxer.hikari.HikariDataSource - metadata_catalogue - Starting...
2026-08-17 20:28:40 [main] INFO  com.zaxxer.hikari.pool.HikariPool - metadata_catalogue - Added connection org.postgresql.jdbc.PgConnection@344b54ad
2026-08-17 20:28:40 [main] INFO  com.zaxxer.hikari.HikariDataSource - metadata_catalogue - Start completed.
2026-08-17 20:28:40 [main] INFO  com.zaxxer.hikari.HikariDataSource - metadata_catalogue - Shutdown initiated...
2026-08-17 20:28:40 [main] INFO  com.zaxxer.hikari.HikariDataSource - metadata_catalogue - Shutdown completed.
2026-08-17 20:28:40 [main] INFO  t.g.io/epos-eric/metadata-database/deploy:main - Creating container for image: ghcr.io/epos-eric/metadata-database/deploy:main
2026-08-17 20:28:41 [main] INFO  t.g.io/epos-eric/metadata-database/deploy:main - Container ghcr.io/epos-eric/metadata-database/deploy:main is starting: 2421fad23a53ac1c043260336b323d8310c411293fe4efa753142fee110b4e8a
2026-08-17 20:28:45 [main] INFO  t.g.io/epos-eric/metadata-database/deploy:main - Container ghcr.io/epos-eric/metadata-database/deploy:main started in PT4.639362025S
2026-08-17 20:28:45 [main] INFO  t.g.io/epos-eric/metadata-database/deploy:main - Container is started (JDBC URL: jdbc:postgresql://localhost:33111/cerif?loggerLevel=OFF)
2026-08-17 20:28:45 [main] INFO  com.zaxxer.hikari.HikariDataSource - metadata_catalogue - Starting...
2026-08-17 20:28:45 [main] INFO  com.zaxxer.hikari.pool.HikariPool - metadata_catalogue - Added connection org.postgresql.jdbc.PgConnection@4a8feac1
2026-08-17 20:28:45 [main] INFO  com.zaxxer.hikari.HikariDataSource - metadata_catalogue - Start completed.
2026-08-17 20:28:45 [main] INFO  com.zaxxer.hikari.HikariDataSource - metadata_catalogue - Shutdown initiated...
2026-08-17 20:28:45 [main] INFO  com.zaxxer.hikari.HikariDataSource - metadata_catalogue - Shutdown completed.
2026-08-17 20:28:46 [main] INFO  t.g.io/epos-eric/metadata-database/deploy:main - Creating container for image: ghcr.io/epos-eric/metadata-database/deploy:main
2026-08-17 20:28:46 [main] INFO  t.g.io/epos-eric/metadata-database/deploy:main - Container ghcr.io/epos-eric/metadata-database/deploy:main is starting: ff272423b7ed7af0d0c9192301d1f4394418f65d59dc686f5017d3c66be640ae
2026-08-17 20:28:50 [main] INFO  t.g.io/epos-eric/metadata-database/deploy:main - Container ghcr.io/epos-eric/metadata-database/deploy:main started in PT4.787055655S
2026-08-17 20:28:50 [main] INFO  t.g.io/epos-eric/metadata-database/deploy:main - Container is started (JDBC URL: jdbc:postgresql://localhost:33112/cerif?loggerLevel=OFF)
2026-08-17 20:28:50 [main] INFO  com.zaxxer.hikari.HikariDataSource - metadata_catalogue - Starting...
2026-08-17 20:28:50 [main] INFO  com.zaxxer.hikari.pool.HikariPool - metadata_catalogue - Added connection org.postgresql.jdbc.PgConnection@639cf6f5
2026-08-17 20:28:50 [main] INFO  com.zaxxer.hikari.HikariDataSource - metadata_catalogue - Start completed.
2026-08-17 20:28:51 [main] INFO  com.zaxxer.hikari.HikariDataSource - metadata_catalogue - Shutdown initiated...
2026-08-17 20:28:51 [main] INFO  com.zaxxer.hikari.HikariDataSource - metadata_catalogue - Shutdown completed.
2026-08-17 20:28:51 [main] INFO  t.g.io/epos-eric/metadata-database/deploy:main - Creating container for image: ghcr.io/epos-eric/metadata-database/deploy:main
2026-08-17 20:28:51 [main] INFO  t.g.io/epos-eric/metadata-database/deploy:main - Container ghcr.io/epos-eric/metadata-database/deploy:main is starting: 01ca68eaeb2a1167643f543b6ab01f290ae18c2f6cbe1e9821db384c66d43f9b
2026-08-17 20:28:56 [main] INFO  t.g.io/epos-eric/metadata-database/deploy:main - Container ghcr.io/epos-eric/metadata-database/deploy:main started in PT5.080569597S
2026-08-17 20:28:56 [main] INFO  t.g.io/epos-eric/metadata-database/deploy:main - Container is started (JDBC URL: jdbc:postgresql://localhost:33113/cerif?loggerLevel=OFF)
2026-08-17 20:28:56 [main] INFO  com.zaxxer.hikari.HikariDataSource - metadata_catalogue - Starting...
2026-08-17 20:28:56 [main] INFO  com.zaxxer.hikari.pool.HikariPool - metadata_catalogue - Added connection org.postgresql.jdbc.PgConnection@4b12e5c9
2026-08-17 20:28:56 [main] INFO  com.zaxxer.hikari.HikariDataSource - metadata_catalogue - Start completed.
2026-08-17 20:28:57 [main] INFO  com.zaxxer.hikari.HikariDataSource - metadata_catalogue - Shutdown initiated...
2026-08-17 20:28:57 [main] INFO  com.zaxxer.hikari.HikariDataSource - metadata_catalogue - Shutdown completed.
2026-08-17 20:28:57 [main] INFO  t.g.io/epos-eric/metadata-database/deploy:main - Creating container for image: ghcr.io/epos-eric/metadata-database/deploy:main
2026-08-17 20:28:57 [main] INFO  t.g.io/epos-eric/metadata-database/deploy:main - Container ghcr.io/epos-eric/metadata-database/deploy:main is starting: 5339d93fe0950c930f11c2bdf39826eaf34503d8a132621e8f088f358f093539
2026-08-17 20:29:01 [main] INFO  t.g.io/epos-eric/metadata-database/deploy:main - Container ghcr.io/epos-eric/metadata-database/deploy:main started in PT4.194240239S
2026-08-17 20:29:01 [main] INFO  t.g.io/epos-eric/metadata-database/deploy:main - Container is started (JDBC URL: jdbc:postgresql://localhost:33114/cerif?loggerLevel=OFF)
2026-08-17 20:29:01 [main] INFO  com.zaxxer.hikari.HikariDataSource - metadata_catalogue - Starting...
2026-08-17 20:29:01 [main] INFO  com.zaxxer.hikari.pool.HikariPool - metadata_catalogue - Added connection org.postgresql.jdbc.PgConnection@660abca
2026-08-17 20:29:01 [main] INFO  com.zaxxer.hikari.HikariDataSource - metadata_catalogue - Start completed.
2026-08-17 20:29:01 [main] INFO  com.zaxxer.hikari.HikariDataSource - metadata_catalogue - Shutdown initiated...
2026-08-17 20:29:01 [main] INFO  com.zaxxer.hikari.HikariDataSource - metadata_catalogue - Shutdown completed.
2026-08-17 20:29:01 [main] INFO  t.g.io/epos-eric/metadata-database/deploy:main - Creating container for image: ghcr.io/epos-eric/metadata-database/deploy:main
2026-08-17 20:29:02 [main] INFO  t.g.io/epos-eric/metadata-database/deploy:main - Container ghcr.io/epos-eric/metadata-database/deploy:main is starting: 7407e39d60c4521f4fb9bb9fc6fce49c16e124da66871aac9a6e95f00b9f7ab9
2026-08-17 20:29:06 [main] INFO  t.g.io/epos-eric/metadata-database/deploy:main - Container ghcr.io/epos-eric/metadata-database/deploy:main started in PT4.278463163S
2026-08-17 20:29:06 [main] INFO  t.g.io/epos-eric/metadata-database/deploy:main - Container is started (JDBC URL: jdbc:postgresql://localhost:33115/cerif?loggerLevel=OFF)
2026-08-17 20:29:06 [main] INFO  com.zaxxer.hikari.HikariDataSource - metadata_catalogue - Starting...
2026-08-17 20:29:06 [main] INFO  com.zaxxer.hikari.pool.HikariPool - metadata_catalogue - Added connection org.postgresql.jdbc.PgConnection@4b85ec07
2026-08-17 20:29:06 [main] INFO  com.zaxxer.hikari.HikariDataSource - metadata_catalogue - Start completed.
2026-08-17 20:29:06 [main] INFO  com.zaxxer.hikari.HikariDataSource - metadata_catalogue - Shutdown initiated...
2026-08-17 20:29:06 [main] INFO  com.zaxxer.hikari.HikariDataSource - metadata_catalogue - Shutdown completed.
2026-08-17 20:29:06 [main] INFO  t.g.io/epos-eric/metadata-database/deploy:main - Creating container for image: ghcr.io/epos-eric/metadata-database/deploy:main
2026-08-17 20:29:06 [main] INFO  t.g.io/epos-eric/metadata-database/deploy:main - Container ghcr.io/epos-eric/metadata-database/deploy:main is starting: bf5554fc4ada8363203ff9ab8503c456186bd2c66eb2763a3a0b188fab343268
2026-08-17 20:29:10 [main] INFO  t.g.io/epos-eric/metadata-database/deploy:main - Container ghcr.io/epos-eric/metadata-database/deploy:main started in PT3.787548072S
2026-08-17 20:29:10 [main] INFO  t.g.io/epos-eric/metadata-database/deploy:main - Container is started (JDBC URL: jdbc:postgresql://localhost:33116/cerif?loggerLevel=OFF)
2026-08-17 20:29:10 [main] INFO  com.zaxxer.hikari.HikariDataSource - metadata_catalogue - Starting...
2026-08-17 20:29:10 [main] INFO  com.zaxxer.hikari.pool.HikariPool - metadata_catalogue - Added connection org.postgresql.jdbc.PgConnection@3ff8a6a6
2026-08-17 20:29:10 [main] INFO  com.zaxxer.hikari.HikariDataSource - metadata_catalogue - Start completed.
2026-08-17 20:29:10 [main] INFO  com.zaxxer.hikari.HikariDataSource - metadata_catalogue - Shutdown initiated...
2026-08-17 20:29:10 [main] INFO  com.zaxxer.hikari.HikariDataSource - metadata_catalogue - Shutdown completed.
2026-08-17 20:29:10 [main] INFO  t.g.io/epos-eric/metadata-database/deploy:main - Creating container for image: ghcr.io/epos-eric/metadata-database/deploy:main
2026-08-17 20:29:11 [main] INFO  t.g.io/epos-eric/metadata-database/deploy:main - Container ghcr.io/epos-eric/metadata-database/deploy:main is starting: 7afd7164b0f0e067f94f70d2b6b2209945ad5f97b6359e39c875a27b72614d62
2026-08-17 20:29:15 [main] INFO  t.g.io/epos-eric/metadata-database/deploy:main - Container ghcr.io/epos-eric/metadata-database/deploy:main started in PT4.522756697S
2026-08-17 20:29:15 [main] INFO  t.g.io/epos-eric/metadata-database/deploy:main - Container is started (JDBC URL: jdbc:postgresql://localhost:33117/cerif?loggerLevel=OFF)
2026-08-17 20:29:15 [main] INFO  com.zaxxer.hikari.HikariDataSource - metadata_catalogue - Starting...
2026-08-17 20:29:15 [main] INFO  com.zaxxer.hikari.pool.HikariPool - metadata_catalogue - Added connection org.postgresql.jdbc.PgConnection@584b19cb
2026-08-17 20:29:15 [main] INFO  com.zaxxer.hikari.HikariDataSource - metadata_catalogue - Start completed.
2026-08-17 20:29:15 [main] INFO  com.zaxxer.hikari.HikariDataSource - metadata_catalogue - Shutdown initiated...
2026-08-17 20:29:15 [main] INFO  com.zaxxer.hikari.HikariDataSource - metadata_catalogue - Shutdown completed.
2026-08-17 20:29:15 [main] INFO  t.g.io/epos-eric/metadata-database/deploy:main - Creating container for image: ghcr.io/epos-eric/metadata-database/deploy:main
2026-08-17 20:29:16 [main] INFO  t.g.io/epos-eric/metadata-database/deploy:main - Container ghcr.io/epos-eric/metadata-database/deploy:main is starting: 7232c3c2a33306934b56ac09dae0f8fcd55e7ff2b956d97f2399026e229969b2
2026-08-17 20:29:19 [main] INFO  t.g.io/epos-eric/metadata-database/deploy:main - Container ghcr.io/epos-eric/metadata-database/deploy:main started in PT4.049595797S
2026-08-17 20:29:19 [main] INFO  t.g.io/epos-eric/metadata-database/deploy:main - Container is started (JDBC URL: jdbc:postgresql://localhost:33118/cerif?loggerLevel=OFF)
2026-08-17 20:29:19 [main] INFO  com.zaxxer.hikari.HikariDataSource - metadata_catalogue - Starting...
2026-08-17 20:29:19 [main] INFO  com.zaxxer.hikari.pool.HikariPool - metadata_catalogue - Added connection org.postgresql.jdbc.PgConnection@4a049dff
2026-08-17 20:29:19 [main] INFO  com.zaxxer.hikari.HikariDataSource - metadata_catalogue - Start completed.
2026-08-17 20:29:20 [main] INFO  com.zaxxer.hikari.HikariDataSource - metadata_catalogue - Shutdown initiated...
2026-08-17 20:29:20 [main] INFO  com.zaxxer.hikari.HikariDataSource - metadata_catalogue - Shutdown completed.
2026-08-17 20:29:20 [main] INFO  t.g.io/epos-eric/metadata-database/deploy:main - Creating container for image: ghcr.io/epos-eric/metadata-database/deploy:main
2026-08-17 20:29:20 [main] INFO  t.g.io/epos-eric/metadata-database/deploy:main - Container ghcr.io/epos-eric/metadata-database/deploy:main is starting: 65bf67b6b80c88f1d99b05178907ee54c42445e55300dede6f54fb05f7aef1c6
2026-08-17 20:29:25 [main] INFO  t.g.io/epos-eric/metadata-database/deploy:main - Container ghcr.io/epos-eric/metadata-database/deploy:main started in PT4.413385972S
2026-08-17 20:29:25 [main] INFO  t.g.io/epos-eric/metadata-database/deploy:main - Container is started (JDBC URL: jdbc:postgresql://localhost:33119/cerif?loggerLevel=OFF)
2026-08-17 20:29:25 [main] INFO  com.zaxxer.hikari.HikariDataSource - metadata_catalogue - Starting...
2026-08-17 20:29:25 [main] INFO  com.zaxxer.hikari.pool.HikariPool - metadata_catalogue - Added connection org.postgresql.jdbc.PgConnection@2f08cd67
2026-08-17 20:29:25 [main] INFO  com.zaxxer.hikari.HikariDataSource - metadata_catalogue - Start completed.
2026-08-17 20:29:25 [main] INFO  com.zaxxer.hikari.HikariDataSource - metadata_catalogue - Shutdown initiated...
2026-08-17 20:29:25 [main] INFO  com.zaxxer.hikari.HikariDataSource - metadata_catalogue - Shutdown completed.
2026-08-17 20:29:25 [main] INFO  t.g.io/epos-eric/metadata-database/deploy:main - Creating container for image: ghcr.io/epos-eric/metadata-database/deploy:main
2026-08-17 20:29:25 [main] INFO  t.g.io/epos-eric/metadata-database/deploy:main - Container ghcr.io/epos-eric/metadata-database/deploy:main is starting: 56d91beb085e88168122e569430a4e58a1e586bb27e510e135df71424174b6fe
2026-08-17 20:29:30 [main] INFO  t.g.io/epos-eric/metadata-database/deploy:main - Container ghcr.io/epos-eric/metadata-database/deploy:main started in PT4.828446718S
2026-08-17 20:29:30 [main] INFO  t.g.io/epos-eric/metadata-database/deploy:main - Container is started (JDBC URL: jdbc:postgresql://localhost:33120/cerif?loggerLevel=OFF)
2026-08-17 20:29:30 [main] INFO  com.zaxxer.hikari.HikariDataSource - metadata_catalogue - Starting...
2026-08-17 20:29:30 [main] INFO  com.zaxxer.hikari.pool.HikariPool - metadata_catalogue - Added connection org.postgresql.jdbc.PgConnection@1529cb1b
2026-08-17 20:29:30 [main] INFO  com.zaxxer.hikari.HikariDataSource - metadata_catalogue - Start completed.
2026-08-17 20:29:31 [main] INFO  com.zaxxer.hikari.HikariDataSource - metadata_catalogue - Shutdown initiated...
2026-08-17 20:29:31 [main] INFO  com.zaxxer.hikari.HikariDataSource - metadata_catalogue - Shutdown completed.
2026-08-17 20:29:32 [main] INFO  t.g.io/epos-eric/metadata-database/deploy:main - Creating container for image: ghcr.io/epos-eric/metadata-database/deploy:main
2026-08-17 20:29:32 [main] INFO  t.g.io/epos-eric/metadata-database/deploy:main - Container ghcr.io/epos-eric/metadata-database/deploy:main is starting: 180b342f797dd95c40c83431338ca228660bbaf558009b7019631f4ea22b4f9a
2026-08-17 20:29:36 [main] INFO  t.g.io/epos-eric/metadata-database/deploy:main - Container ghcr.io/epos-eric/metadata-database/deploy:main started in PT4.756336944S
2026-08-17 20:29:36 [main] INFO  t.g.io/epos-eric/metadata-database/deploy:main - Container is started (JDBC URL: jdbc:postgresql://localhost:33121/cerif?loggerLevel=OFF)
2026-08-17 20:29:36 [main] INFO  com.zaxxer.hikari.HikariDataSource - metadata_catalogue - Starting...
2026-08-17 20:29:36 [main] INFO  com.zaxxer.hikari.pool.HikariPool - metadata_catalogue - Added connection org.postgresql.jdbc.PgConnection@2690bd92
2026-08-17 20:29:36 [main] INFO  com.zaxxer.hikari.HikariDataSource - metadata_catalogue - Start completed.
2026-08-17 20:29:37 [main] INFO  com.zaxxer.hikari.HikariDataSource - metadata_catalogue - Shutdown initiated...
2026-08-17 20:29:37 [main] INFO  com.zaxxer.hikari.HikariDataSource - metadata_catalogue - Shutdown completed.
2026-08-17 20:29:37 [main] INFO  t.g.io/epos-eric/metadata-database/deploy:main - Creating container for image: ghcr.io/epos-eric/metadata-database/deploy:main
2026-08-17 20:29:37 [main] INFO  t.g.io/epos-eric/metadata-database/deploy:main - Container ghcr.io/epos-eric/metadata-database/deploy:main is starting: 0d5c3ef955f23a68a09d823a95089fec9e89fc6e1fef307ed97d825a52423b60
2026-08-17 20:29:41 [main] INFO  t.g.io/epos-eric/metadata-database/deploy:main - Container ghcr.io/epos-eric/metadata-database/deploy:main started in PT3.909119242S
2026-08-17 20:29:41 [main] INFO  t.g.io/epos-eric/metadata-database/deploy:main - Container is started (JDBC URL: jdbc:postgresql://localhost:33122/cerif?loggerLevel=OFF)
2026-08-17 20:29:41 [main] INFO  com.zaxxer.hikari.HikariDataSource - metadata_catalogue - Starting...
2026-08-17 20:29:41 [main] INFO  com.zaxxer.hikari.pool.HikariPool - metadata_catalogue - Added connection org.postgresql.jdbc.PgConnection@1cb53dfe
2026-08-17 20:29:41 [main] INFO  com.zaxxer.hikari.HikariDataSource - metadata_catalogue - Start completed.
2026-08-17 20:29:41 [main] INFO  com.zaxxer.hikari.HikariDataSource - metadata_catalogue - Shutdown initiated...
2026-08-17 20:29:41 [main] INFO  com.zaxxer.hikari.HikariDataSource - metadata_catalogue - Shutdown completed.
2026-08-17 20:29:42 [main] INFO  t.g.io/epos-eric/metadata-database/deploy:main - Creating container for image: ghcr.io/epos-eric/metadata-database/deploy:main
2026-08-17 20:29:42 [main] INFO  t.g.io/epos-eric/metadata-database/deploy:main - Container ghcr.io/epos-eric/metadata-database/deploy:main is starting: 55b733e908e661258e2540ba04f5e26002601e8259f5286c9ddca473fd663459
2026-08-17 20:29:46 [main] INFO  t.g.io/epos-eric/metadata-database/deploy:main - Container ghcr.io/epos-eric/metadata-database/deploy:main started in PT4.772918115S
2026-08-17 20:29:46 [main] INFO  t.g.io/epos-eric/metadata-database/deploy:main - Container is started (JDBC URL: jdbc:postgresql://localhost:33123/cerif?loggerLevel=OFF)
2026-08-17 20:29:46 [main] INFO  com.zaxxer.hikari.HikariDataSource - metadata_catalogue - Starting...
2026-08-17 20:29:46 [main] INFO  com.zaxxer.hikari.pool.HikariPool - metadata_catalogue - Added connection org.postgresql.jdbc.PgConnection@74ca71cb
2026-08-17 20:29:46 [main] INFO  com.zaxxer.hikari.HikariDataSource - metadata_catalogue - Start completed.
2026-08-17 20:29:47 [main] INFO  com.zaxxer.hikari.HikariDataSource - metadata_catalogue - Shutdown initiated...
2026-08-17 20:29:47 [main] INFO  com.zaxxer.hikari.HikariDataSource - metadata_catalogue - Shutdown completed.
2026-08-17 20:29:47 [main] INFO  t.g.io/epos-eric/metadata-database/deploy:main - Creating container for image: ghcr.io/epos-eric/metadata-database/deploy:main
2026-08-17 20:29:48 [main] INFO  t.g.io/epos-eric/metadata-database/deploy:main - Container ghcr.io/epos-eric/metadata-database/deploy:main is starting: 51edb0697d7e85b9b3998bb6a5b1f4c3e35e55b4ee2273f1494e5a7704280731
2026-08-17 20:29:51 [main] INFO  t.g.io/epos-eric/metadata-database/deploy:main - Container ghcr.io/epos-eric/metadata-database/deploy:main started in PT4.021168779S
2026-08-17 20:29:51 [main] INFO  t.g.io/epos-eric/metadata-database/deploy:main - Container is started (JDBC URL: jdbc:postgresql://localhost:33124/cerif?loggerLevel=OFF)
2026-08-17 20:29:51 [main] INFO  com.zaxxer.hikari.HikariDataSource - metadata_catalogue - Starting...
2026-08-17 20:29:52 [main] INFO  com.zaxxer.hikari.pool.HikariPool - metadata_catalogue - Added connection org.postgresql.jdbc.PgConnection@6e6aa9e5
2026-08-17 20:29:52 [main] INFO  com.zaxxer.hikari.HikariDataSource - metadata_catalogue - Start completed.
2026-08-17 20:29:53 [main] INFO  com.zaxxer.hikari.HikariDataSource - metadata_catalogue - Shutdown initiated...
2026-08-17 20:29:53 [main] INFO  com.zaxxer.hikari.HikariDataSource - metadata_catalogue - Shutdown completed.
2026-08-17 20:29:53 [main] INFO  t.g.io/epos-eric/metadata-database/deploy:main - Creating container for image: ghcr.io/epos-eric/metadata-database/deploy:main
2026-08-17 20:29:53 [main] INFO  t.g.io/epos-eric/metadata-database/deploy:main - Container ghcr.io/epos-eric/metadata-database/deploy:main is starting: 42082ced69f19f5d56828c6986827f8ae0c2005897773bf4f7c2473f2d2f2850
2026-08-17 20:29:57 [main] INFO  t.g.io/epos-eric/metadata-database/deploy:main - Container ghcr.io/epos-eric/metadata-database/deploy:main started in PT4.29849215S
2026-08-17 20:29:57 [main] INFO  t.g.io/epos-eric/metadata-database/deploy:main - Container is started (JDBC URL: jdbc:postgresql://localhost:33125/cerif?loggerLevel=OFF)
2026-08-17 20:29:57 [main] INFO  com.zaxxer.hikari.HikariDataSource - metadata_catalogue - Starting...
2026-08-17 20:29:57 [main] INFO  com.zaxxer.hikari.pool.HikariPool - metadata_catalogue - Added connection org.postgresql.jdbc.PgConnection@1f8bae9c
2026-08-17 20:29:57 [main] INFO  com.zaxxer.hikari.HikariDataSource - metadata_catalogue - Start completed.
2026-08-17 20:29:57 [main] INFO  com.zaxxer.hikari.HikariDataSource - metadata_catalogue - Shutdown initiated...
2026-08-17 20:29:57 [main] INFO  com.zaxxer.hikari.HikariDataSource - metadata_catalogue - Shutdown completed.
2026-08-17 20:29:58 [main] INFO  t.g.io/epos-eric/metadata-database/deploy:main - Creating container for image: ghcr.io/epos-eric/metadata-database/deploy:main
2026-08-17 20:29:58 [main] INFO  t.g.io/epos-eric/metadata-database/deploy:main - Container ghcr.io/epos-eric/metadata-database/deploy:main is starting: 1cffee3928c2552aa9c9e3be7e9f073d04654a0bc2c7680c5bbaf767dfe07f8c
2026-08-17 20:30:02 [main] INFO  t.g.io/epos-eric/metadata-database/deploy:main - Container ghcr.io/epos-eric/metadata-database/deploy:main started in PT4.297458796S
2026-08-17 20:30:02 [main] INFO  t.g.io/epos-eric/metadata-database/deploy:main - Container is started (JDBC URL: jdbc:postgresql://localhost:33126/cerif?loggerLevel=OFF)
2026-08-17 20:30:02 [main] INFO  com.zaxxer.hikari.HikariDataSource - metadata_catalogue - Starting...
2026-08-17 20:30:02 [main] INFO  com.zaxxer.hikari.pool.HikariPool - metadata_catalogue - Added connection org.postgresql.jdbc.PgConnection@7d681728
2026-08-17 20:30:02 [main] INFO  com.zaxxer.hikari.HikariDataSource - metadata_catalogue - Start completed.
2026-08-17 20:30:02 [main] INFO  com.zaxxer.hikari.HikariDataSource - metadata_catalogue - Shutdown initiated...
2026-08-17 20:30:02 [main] INFO  com.zaxxer.hikari.HikariDataSource - metadata_catalogue - Shutdown completed.
2026-08-17 20:30:03 [main] INFO  t.g.io/epos-eric/metadata-database/deploy:main - Creating container for image: ghcr.io/epos-eric/metadata-database/deploy:main
2026-08-17 20:30:03 [main] INFO  t.g.io/epos-eric/metadata-database/deploy:main - Container ghcr.io/epos-eric/metadata-database/deploy:main is starting: 688efe5125bc2443dd9e90d15ace1b9cad4ef10f3edb4737d9c3518f74071f4b
2026-08-17 20:30:07 [main] INFO  t.g.io/epos-eric/metadata-database/deploy:main - Container ghcr.io/epos-eric/metadata-database/deploy:main started in PT4.618019558S
2026-08-17 20:30:07 [main] INFO  t.g.io/epos-eric/metadata-database/deploy:main - Container is started (JDBC URL: jdbc:postgresql://localhost:33127/cerif?loggerLevel=OFF)
2026-08-17 20:30:07 [main] INFO  com.zaxxer.hikari.HikariDataSource - metadata_catalogue - Starting...
2026-08-17 20:30:07 [main] INFO  com.zaxxer.hikari.pool.HikariPool - metadata_catalogue - Added connection org.postgresql.jdbc.PgConnection@1dd8b812
2026-08-17 20:30:07 [main] INFO  com.zaxxer.hikari.HikariDataSource - metadata_catalogue - Start completed.
2026-08-17 20:30:07 [main] INFO  com.zaxxer.hikari.HikariDataSource - metadata_catalogue - Shutdown initiated...
2026-08-17 20:30:07 [main] INFO  com.zaxxer.hikari.HikariDataSource - metadata_catalogue - Shutdown completed.
2026-08-17 20:30:08 [main] INFO  t.g.io/epos-eric/metadata-database/deploy:main - Creating container for image: ghcr.io/epos-eric/metadata-database/deploy:main
2026-08-17 20:30:08 [main] INFO  t.g.io/epos-eric/metadata-database/deploy:main - Container ghcr.io/epos-eric/metadata-database/deploy:main is starting: 7d67cf6ffe7f5bd5dbf53222e7735c69292338f1395cd2c0d08f1fe0f6282b21
2026-08-17 20:30:12 [main] INFO  t.g.io/epos-eric/metadata-database/deploy:main - Container ghcr.io/epos-eric/metadata-database/deploy:main started in PT4.307411967S
2026-08-17 20:30:12 [main] INFO  t.g.io/epos-eric/metadata-database/deploy:main - Container is started (JDBC URL: jdbc:postgresql://localhost:33128/cerif?loggerLevel=OFF)
2026-08-17 20:30:12 [main] INFO  com.zaxxer.hikari.HikariDataSource - metadata_catalogue - Starting...
2026-08-17 20:30:12 [main] INFO  com.zaxxer.hikari.pool.HikariPool - metadata_catalogue - Added connection org.postgresql.jdbc.PgConnection@ea2c10b
2026-08-17 20:30:12 [main] INFO  com.zaxxer.hikari.HikariDataSource - metadata_catalogue - Start completed.
2026-08-17 20:30:12 [main] INFO  com.zaxxer.hikari.HikariDataSource - metadata_catalogue - Shutdown initiated...
2026-08-17 20:30:12 [main] INFO  com.zaxxer.hikari.HikariDataSource - metadata_catalogue - Shutdown completed.
2026-08-17 20:30:13 [main] INFO  t.g.io/epos-eric/metadata-database/deploy:main - Creating container for image: ghcr.io/epos-eric/metadata-database/deploy:main
2026-08-17 20:30:13 [main] INFO  t.g.io/epos-eric/metadata-database/deploy:main - Container ghcr.io/epos-eric/metadata-database/deploy:main is starting: 139768d37f768006cb8267f79bc226205179a6ceaab2be849e0fa52b298dc39b
2026-08-17 20:30:17 [main] INFO  t.g.io/epos-eric/metadata-database/deploy:main - Container ghcr.io/epos-eric/metadata-database/deploy:main started in PT4.745699933S
2026-08-17 20:30:17 [main] INFO  t.g.io/epos-eric/metadata-database/deploy:main - Container is started (JDBC URL: jdbc:postgresql://localhost:33129/cerif?loggerLevel=OFF)
2026-08-17 20:30:17 [main] INFO  com.zaxxer.hikari.HikariDataSource - metadata_catalogue - Starting...
2026-08-17 20:30:17 [main] INFO  com.zaxxer.hikari.pool.HikariPool - metadata_catalogue - Added connection org.postgresql.jdbc.PgConnection@6692accf
2026-08-17 20:30:17 [main] INFO  com.zaxxer.hikari.HikariDataSource - metadata_catalogue - Start completed.
2026-08-17 20:30:18 [main] INFO  com.zaxxer.hikari.HikariDataSource - metadata_catalogue - Shutdown initiated...
2026-08-17 20:30:18 [main] INFO  com.zaxxer.hikari.HikariDataSource - metadata_catalogue - Shutdown completed.
2026-08-17 20:30:18 [main] INFO  t.g.io/epos-eric/metadata-database/deploy:main - Creating container for image: ghcr.io/epos-eric/metadata-database/deploy:main
2026-08-17 20:30:18 [main] INFO  t.g.io/epos-eric/metadata-database/deploy:main - Container ghcr.io/epos-eric/metadata-database/deploy:main is starting: caacc298933f353ff3fa355c00a142633818d7608f0ff6184d39645fe9718468
2026-08-17 20:30:23 [main] INFO  t.g.io/epos-eric/metadata-database/deploy:main - Container ghcr.io/epos-eric/metadata-database/deploy:main started in PT4.553221157S
2026-08-17 20:30:23 [main] INFO  t.g.io/epos-eric/metadata-database/deploy:main - Container is started (JDBC URL: jdbc:postgresql://localhost:33130/cerif?loggerLevel=OFF)
2026-08-17 20:30:23 [main] INFO  com.zaxxer.hikari.HikariDataSource - metadata_catalogue - Starting...
2026-08-17 20:30:23 [main] INFO  com.zaxxer.hikari.pool.HikariPool - metadata_catalogue - Added connection org.postgresql.jdbc.PgConnection@75622dae
2026-08-17 20:30:23 [main] INFO  com.zaxxer.hikari.HikariDataSource - metadata_catalogue - Start completed.
2026-08-17 20:30:23 [main] INFO  com.zaxxer.hikari.HikariDataSource - metadata_catalogue - Shutdown initiated...
2026-08-17 20:30:23 [main] INFO  com.zaxxer.hikari.HikariDataSource - metadata_catalogue - Shutdown completed.
2026-08-17 20:30:23 [main] INFO  t.g.io/epos-eric/metadata-database/deploy:main - Creating container for image: ghcr.io/epos-eric/metadata-database/deploy:main
2026-08-17 20:30:24 [main] INFO  t.g.io/epos-eric/metadata-database/deploy:main - Container ghcr.io/epos-eric/metadata-database/deploy:main is starting: 0322de9d7beac7b9e9921efc6409848c2a3e58a401aa2c1b9de079bb89996321
2026-08-17 20:30:28 [main] INFO  t.g.io/epos-eric/metadata-database/deploy:main - Container ghcr.io/epos-eric/metadata-database/deploy:main started in PT4.158226622S
2026-08-17 20:30:28 [main] INFO  t.g.io/epos-eric/metadata-database/deploy:main - Container is started (JDBC URL: jdbc:postgresql://localhost:33131/cerif?loggerLevel=OFF)
2026-08-17 20:30:28 [main] INFO  com.zaxxer.hikari.HikariDataSource - metadata_catalogue - Starting...
2026-08-17 20:30:28 [main] INFO  com.zaxxer.hikari.pool.HikariPool - metadata_catalogue - Added connection org.postgresql.jdbc.PgConnection@3e08ff20
2026-08-17 20:30:28 [main] INFO  com.zaxxer.hikari.HikariDataSource - metadata_catalogue - Start completed.
2026-08-17 20:30:28 [main] INFO  com.zaxxer.hikari.HikariDataSource - metadata_catalogue - Shutdown initiated...
2026-08-17 20:30:28 [main] INFO  com.zaxxer.hikari.HikariDataSource - metadata_catalogue - Shutdown completed.
2026-08-17 20:30:28 [main] INFO  t.g.io/epos-eric/metadata-database/deploy:main - Creating container for image: ghcr.io/epos-eric/metadata-database/deploy:main
2026-08-17 20:30:28 [main] INFO  t.g.io/epos-eric/metadata-database/deploy:main - Container ghcr.io/epos-eric/metadata-database/deploy:main is starting: 5c43283a96362048844694491e9bb72c5e699a4d97345b47403dbd22fc8282b4
2026-08-17 20:30:33 [main] INFO  t.g.io/epos-eric/metadata-database/deploy:main - Container ghcr.io/epos-eric/metadata-database/deploy:main started in PT4.602785578S
2026-08-17 20:30:33 [main] INFO  t.g.io/epos-eric/metadata-database/deploy:main - Container is started (JDBC URL: jdbc:postgresql://localhost:33132/cerif?loggerLevel=OFF)
2026-08-17 20:30:33 [main] INFO  com.zaxxer.hikari.HikariDataSource - metadata_catalogue - Starting...
2026-08-17 20:30:33 [main] INFO  com.zaxxer.hikari.pool.HikariPool - metadata_catalogue - Added connection org.postgresql.jdbc.PgConnection@6645f6f2
2026-08-17 20:30:33 [main] INFO  com.zaxxer.hikari.HikariDataSource - metadata_catalogue - Start completed.
2026-08-17 20:30:33 [main] INFO  com.zaxxer.hikari.HikariDataSource - metadata_catalogue - Shutdown initiated...
2026-08-17 20:30:33 [main] INFO  com.zaxxer.hikari.HikariDataSource - metadata_catalogue - Shutdown completed.
2026-08-17 20:30:33 [main] INFO  t.g.io/epos-eric/metadata-database/deploy:main - Creating container for image: ghcr.io/epos-eric/metadata-database/deploy:main
2026-08-17 20:30:34 [main] INFO  t.g.io/epos-eric/metadata-database/deploy:main - Container ghcr.io/epos-eric/metadata-database/deploy:main is starting: 16ff08560f2483e208b30849d58477525bedf6f64cdf3055200417405696335e
2026-08-17 20:30:38 [main] INFO  t.g.io/epos-eric/metadata-database/deploy:main - Container ghcr.io/epos-eric/metadata-database/deploy:main started in PT4.470801217S
2026-08-17 20:30:38 [main] INFO  t.g.io/epos-eric/metadata-database/deploy:main - Container is started (JDBC URL: jdbc:postgresql://localhost:33133/cerif?loggerLevel=OFF)
2026-08-17 20:30:38 [main] INFO  com.zaxxer.hikari.HikariDataSource - metadata_catalogue - Starting...
2026-08-17 20:30:38 [main] INFO  com.zaxxer.hikari.pool.HikariPool - metadata_catalogue - Added connection org.postgresql.jdbc.PgConnection@3764a0cf
2026-08-17 20:30:38 [main] INFO  com.zaxxer.hikari.HikariDataSource - metadata_catalogue - Start completed.
2026-08-17 20:30:38 [main] INFO  com.zaxxer.hikari.HikariDataSource - metadata_catalogue - Shutdown initiated...
2026-08-17 20:30:38 [main] INFO  com.zaxxer.hikari.HikariDataSource - metadata_catalogue - Shutdown completed.
2026-08-17 21:48:20 [main] INFO  o.testcontainers.images.PullPolicy - Image pull policy will be performed by: DefaultPullPolicy()
2026-08-17 21:48:20 [main] INFO  o.t.utility.ImageNameSubstitutor - Image name substitution will be performed by: DefaultImageNameSubstitutor (composite of 'ConfigurationFileImageNameSubstitutor' and 'PrefixingImageNameSubstitutor')
2026-08-17 21:48:20 [main] INFO  o.testcontainers.DockerClientFactory - Testcontainers version: 2.0.2
2026-08-17 21:48:20 [main] INFO  o.t.d.DockerClientProviderStrategy - Loaded org.testcontainers.dockerclient.UnixSocketClientProviderStrategy from ~/.testcontainers.properties, will try it first
2026-08-17 21:48:20 [main] INFO  o.t.d.DockerClientProviderStrategy - Found Docker environment with local Unix socket (unix:///var/run/docker.sock)
2026-08-17 21:48:20 [main] INFO  o.testcontainers.DockerClientFactory - Docker host IP address is localhost
2026-08-17 21:48:20 [main] INFO  o.testcontainers.DockerClientFactory - Connected to docker: 
  Server Version: 29.7.2
  API Version: 1.55
  Operating System: Arch Linux
  Total Memory: 63796 MB
2026-08-17 21:48:21 [main] INFO  tc.testcontainers/ryuk:0.13.0 - Creating container for image: testcontainers/ryuk:0.13.0
2026-08-17 21:48:21 [main] INFO  tc.testcontainers/ryuk:0.13.0 - Container testcontainers/ryuk:0.13.0 is starting: fbdcc30a8cb818995e4d711242c481db8de864260fdacbc17f1e0429c0882e90
2026-08-17 21:48:21 [main] INFO  tc.testcontainers/ryuk:0.13.0 - Container testcontainers/ryuk:0.13.0 started in PT0.307964951S
2026-08-17 21:48:21 [main] INFO  o.t.utility.RyukResourceReaper - Ryuk started - will monitor and terminate Testcontainers containers on JVM exit
2026-08-17 21:48:21 [main] INFO  o.testcontainers.DockerClientFactory - Checking the system...
2026-08-17 21:48:21 [main] INFO  o.testcontainers.DockerClientFactory - ✔︎ Docker server version should be at least 1.6.0
2026-08-17 21:48:21 [main] INFO  t.g.io/epos-eric/metadata-database/deploy:main - Creating container for image: ghcr.io/epos-eric/metadata-database/deploy:main
2026-08-17 21:48:21 [main] INFO  t.g.io/epos-eric/metadata-database/deploy:main - Container ghcr.io/epos-eric/metadata-database/deploy:main is starting: 1012a722f5b4d9f7c844d7513f755ba1a42af2f4a1f07fefb9e84ccb52d1da76
2026-08-17 21:48:25 [main] INFO  t.g.io/epos-eric/metadata-database/deploy:main - Container ghcr.io/epos-eric/metadata-database/deploy:main started in PT3.943840587S
2026-08-17 21:48:25 [main] INFO  t.g.io/epos-eric/metadata-database/deploy:main - Container is started (JDBC URL: jdbc:postgresql://localhost:33135/cerif?loggerLevel=OFF)
2026-08-17 21:48:25 [main] INFO  com.zaxxer.hikari.HikariDataSource - metadata_catalogue - Starting...
2026-08-17 21:48:25 [main] INFO  com.zaxxer.hikari.pool.HikariPool - metadata_catalogue - Added connection org.postgresql.jdbc.PgConnection@634ff56
2026-08-17 21:48:25 [main] INFO  com.zaxxer.hikari.HikariDataSource - metadata_catalogue - Start completed.
2026-08-17 21:48:26 [main] INFO  com.zaxxer.hikari.HikariDataSource - metadata_catalogue - Shutdown initiated...
2026-08-17 21:48:26 [main] INFO  com.zaxxer.hikari.HikariDataSource - metadata_catalogue - Shutdown completed.
2026-08-17 21:48:26 [main] INFO  t.g.io/epos-eric/metadata-database/deploy:main - Creating container for image: ghcr.io/epos-eric/metadata-database/deploy:main
2026-08-17 21:48:26 [main] INFO  t.g.io/epos-eric/metadata-database/deploy:main - Container ghcr.io/epos-eric/metadata-database/deploy:main is starting: 1a6eeee089b163fcb60254b7c215b1640ff18d5bc349a44f326bf682676fcebf
2026-08-17 21:48:30 [main] INFO  t.g.io/epos-eric/metadata-database/deploy:main - Container ghcr.io/epos-eric/metadata-database/deploy:main started in PT4.092802136S
2026-08-17 21:48:30 [main] INFO  t.g.io/epos-eric/metadata-database/deploy:main - Container is started (JDBC URL: jdbc:postgresql://localhost:33136/cerif?loggerLevel=OFF)
2026-08-17 21:48:30 [main] INFO  com.zaxxer.hikari.HikariDataSource - metadata_catalogue - Starting...
2026-08-17 21:48:30 [main] INFO  com.zaxxer.hikari.pool.HikariPool - metadata_catalogue - Added connection org.postgresql.jdbc.PgConnection@166e5a6d
2026-08-17 21:48:30 [main] INFO  com.zaxxer.hikari.HikariDataSource - metadata_catalogue - Start completed.
2026-08-17 21:48:30 [main] INFO  com.zaxxer.hikari.HikariDataSource - metadata_catalogue - Shutdown initiated...
2026-08-17 21:48:30 [main] INFO  com.zaxxer.hikari.HikariDataSource - metadata_catalogue - Shutdown completed.
2026-08-17 21:48:31 [main] INFO  t.g.io/epos-eric/metadata-database/deploy:main - Creating container for image: ghcr.io/epos-eric/metadata-database/deploy:main
2026-08-17 21:48:31 [main] INFO  t.g.io/epos-eric/metadata-database/deploy:main - Container ghcr.io/epos-eric/metadata-database/deploy:main is starting: 076900a70122db7c3da9a55a12deb2d989e998ded7bc5c93ba763ea39c8db027
2026-08-17 21:48:35 [main] INFO  t.g.io/epos-eric/metadata-database/deploy:main - Container ghcr.io/epos-eric/metadata-database/deploy:main started in PT4.114179537S
2026-08-17 21:48:35 [main] INFO  t.g.io/epos-eric/metadata-database/deploy:main - Container is started (JDBC URL: jdbc:postgresql://localhost:33137/cerif?loggerLevel=OFF)
2026-08-17 21:48:35 [main] INFO  com.zaxxer.hikari.HikariDataSource - metadata_catalogue - Starting...
2026-08-17 21:48:35 [main] INFO  com.zaxxer.hikari.pool.HikariPool - metadata_catalogue - Added connection org.postgresql.jdbc.PgConnection@380fdcf2
2026-08-17 21:48:35 [main] INFO  com.zaxxer.hikari.HikariDataSource - metadata_catalogue - Start completed.
2026-08-17 21:48:36 [main] INFO  com.zaxxer.hikari.HikariDataSource - metadata_catalogue - Shutdown initiated...
2026-08-17 21:48:36 [main] INFO  com.zaxxer.hikari.HikariDataSource - metadata_catalogue - Shutdown completed.
2026-08-17 21:48:36 [main] INFO  t.g.io/epos-eric/metadata-database/deploy:main - Creating container for image: ghcr.io/epos-eric/metadata-database/deploy:main
2026-08-17 21:48:36 [main] INFO  t.g.io/epos-eric/metadata-database/deploy:main - Container ghcr.io/epos-eric/metadata-database/deploy:main is starting: 1c59ade689179384dbea2e762e384202bb219fad3bfcf14c1ec8c6155886e715
2026-08-17 21:48:40 [main] INFO  t.g.io/epos-eric/metadata-database/deploy:main - Container ghcr.io/epos-eric/metadata-database/deploy:main started in PT4.017972571S
2026-08-17 21:48:40 [main] INFO  t.g.io/epos-eric/metadata-database/deploy:main - Container is started (JDBC URL: jdbc:postgresql://localhost:33138/cerif?loggerLevel=OFF)
2026-08-17 21:48:40 [main] INFO  com.zaxxer.hikari.HikariDataSource - metadata_catalogue - Starting...
2026-08-17 21:48:40 [main] INFO  com.zaxxer.hikari.pool.HikariPool - metadata_catalogue - Added connection org.postgresql.jdbc.PgConnection@7c02b3cb
2026-08-17 21:48:40 [main] INFO  com.zaxxer.hikari.HikariDataSource - metadata_catalogue - Start completed.
2026-08-17 21:48:41 [main] INFO  com.zaxxer.hikari.HikariDataSource - metadata_catalogue - Shutdown initiated...
2026-08-17 21:48:41 [main] INFO  com.zaxxer.hikari.HikariDataSource - metadata_catalogue - Shutdown completed.
2026-08-17 21:48:41 [main] INFO  t.g.io/epos-eric/metadata-database/deploy:main - Creating container for image: ghcr.io/epos-eric/metadata-database/deploy:main
2026-08-17 21:48:41 [main] INFO  t.g.io/epos-eric/metadata-database/deploy:main - Container ghcr.io/epos-eric/metadata-database/deploy:main is starting: 23cac90a1987215d385dca9b8ea34fe0322823617c23ecb0c246cdda1de40d82
2026-08-17 21:48:45 [main] INFO  t.g.io/epos-eric/metadata-database/deploy:main - Container ghcr.io/epos-eric/metadata-database/deploy:main started in PT4.173536113S
2026-08-17 21:48:45 [main] INFO  t.g.io/epos-eric/metadata-database/deploy:main - Container is started (JDBC URL: jdbc:postgresql://localhost:33139/cerif?loggerLevel=OFF)
2026-08-17 21:48:45 [main] INFO  com.zaxxer.hikari.HikariDataSource - metadata_catalogue - Starting...
2026-08-17 21:48:45 [main] INFO  com.zaxxer.hikari.pool.HikariPool - metadata_catalogue - Added connection org.postgresql.jdbc.PgConnection@4d9bccfe
2026-08-17 21:48:45 [main] INFO  com.zaxxer.hikari.HikariDataSource - metadata_catalogue - Start completed.
2026-08-17 21:48:45 [main] INFO  com.zaxxer.hikari.HikariDataSource - metadata_catalogue - Shutdown initiated...
2026-08-17 21:48:45 [main] INFO  com.zaxxer.hikari.HikariDataSource - metadata_catalogue - Shutdown completed.
2026-08-17 21:48:46 [main] INFO  t.g.io/epos-eric/metadata-database/deploy:main - Creating container for image: ghcr.io/epos-eric/metadata-database/deploy:main
2026-08-17 21:48:46 [main] INFO  t.g.io/epos-eric/metadata-database/deploy:main - Container ghcr.io/epos-eric/metadata-database/deploy:main is starting: a0ef4906b06cb9c3579b55f8613cfa1fe54fdaed317f3ff817746e3cd360e5fa
2026-08-17 21:48:50 [main] INFO  t.g.io/epos-eric/metadata-database/deploy:main - Container ghcr.io/epos-eric/metadata-database/deploy:main started in PT4.185262281S
2026-08-17 21:48:50 [main] INFO  t.g.io/epos-eric/metadata-database/deploy:main - Container is started (JDBC URL: jdbc:postgresql://localhost:33140/cerif?loggerLevel=OFF)
2026-08-17 21:48:50 [main] INFO  com.zaxxer.hikari.HikariDataSource - metadata_catalogue - Starting...
2026-08-17 21:48:50 [main] INFO  com.zaxxer.hikari.pool.HikariPool - metadata_catalogue - Added connection org.postgresql.jdbc.PgConnection@4df5f119
2026-08-17 21:48:50 [main] INFO  com.zaxxer.hikari.HikariDataSource - metadata_catalogue - Start completed.
2026-08-17 21:48:50 [main] INFO  com.zaxxer.hikari.HikariDataSource - metadata_catalogue - Shutdown initiated...
2026-08-17 21:48:50 [main] INFO  com.zaxxer.hikari.HikariDataSource - metadata_catalogue - Shutdown completed.
2026-08-17 21:48:50 [main] INFO  t.g.io/epos-eric/metadata-database/deploy:main - Creating container for image: ghcr.io/epos-eric/metadata-database/deploy:main
2026-08-17 21:48:51 [main] INFO  t.g.io/epos-eric/metadata-database/deploy:main - Container ghcr.io/epos-eric/metadata-database/deploy:main is starting: 965da2b470df411795583e20a481af4c3adddb609cfd0173912dba25aecc37e3
2026-08-17 21:48:55 [main] INFO  t.g.io/epos-eric/metadata-database/deploy:main - Container ghcr.io/epos-eric/metadata-database/deploy:main started in PT4.844480174S
2026-08-17 21:48:55 [main] INFO  t.g.io/epos-eric/metadata-database/deploy:main - Container is started (JDBC URL: jdbc:postgresql://localhost:33141/cerif?loggerLevel=OFF)
2026-08-17 21:48:55 [main] INFO  com.zaxxer.hikari.HikariDataSource - metadata_catalogue - Starting...
2026-08-17 21:48:55 [main] INFO  com.zaxxer.hikari.pool.HikariPool - metadata_catalogue - Added connection org.postgresql.jdbc.PgConnection@446fb72e
2026-08-17 21:48:55 [main] INFO  com.zaxxer.hikari.HikariDataSource - metadata_catalogue - Start completed.
2026-08-17 21:48:56 [main] INFO  com.zaxxer.hikari.HikariDataSource - metadata_catalogue - Shutdown initiated...
2026-08-17 21:48:56 [main] INFO  com.zaxxer.hikari.HikariDataSource - metadata_catalogue - Shutdown completed.
2026-08-17 21:48:56 [main] INFO  t.g.io/epos-eric/metadata-database/deploy:main - Creating container for image: ghcr.io/epos-eric/metadata-database/deploy:main
2026-08-17 21:48:56 [main] INFO  t.g.io/epos-eric/metadata-database/deploy:main - Container ghcr.io/epos-eric/metadata-database/deploy:main is starting: 91d3ef3a9aaacce8d1469e42fe784bf60162f1476c65c74ed9972750bff2e4d5
2026-08-17 21:49:00 [main] INFO  t.g.io/epos-eric/metadata-database/deploy:main - Container ghcr.io/epos-eric/metadata-database/deploy:main started in PT3.846946568S
2026-08-17 21:49:00 [main] INFO  t.g.io/epos-eric/metadata-database/deploy:main - Container is started (JDBC URL: jdbc:postgresql://localhost:33142/cerif?loggerLevel=OFF)
2026-08-17 21:49:00 [main] INFO  com.zaxxer.hikari.HikariDataSource - metadata_catalogue - Starting...
2026-08-17 21:49:00 [main] INFO  com.zaxxer.hikari.pool.HikariPool - metadata_catalogue - Added connection org.postgresql.jdbc.PgConnection@40304938
2026-08-17 21:49:00 [main] INFO  com.zaxxer.hikari.HikariDataSource - metadata_catalogue - Start completed.
2026-08-17 21:49:00 [main] INFO  com.zaxxer.hikari.HikariDataSource - metadata_catalogue - Shutdown initiated...
2026-08-17 21:49:00 [main] INFO  com.zaxxer.hikari.HikariDataSource - metadata_catalogue - Shutdown completed.
2026-08-17 21:49:00 [main] INFO  t.g.io/epos-eric/metadata-database/deploy:main - Creating container for image: ghcr.io/epos-eric/metadata-database/deploy:main
2026-08-17 21:49:00 [main] INFO  t.g.io/epos-eric/metadata-database/deploy:main - Container ghcr.io/epos-eric/metadata-database/deploy:main is starting: 82ac786a1cfa67e3e21460627720693a87d66d0c2c642716e0e69bde0eaf5592
2026-08-17 21:49:04 [main] INFO  t.g.io/epos-eric/metadata-database/deploy:main - Container ghcr.io/epos-eric/metadata-database/deploy:main started in PT4.231634619S
2026-08-17 21:49:04 [main] INFO  t.g.io/epos-eric/metadata-database/deploy:main - Container is started (JDBC URL: jdbc:postgresql://localhost:33143/cerif?loggerLevel=OFF)
2026-08-17 21:49:04 [main] INFO  com.zaxxer.hikari.HikariDataSource - metadata_catalogue - Starting...
2026-08-17 21:49:04 [main] INFO  com.zaxxer.hikari.pool.HikariPool - metadata_catalogue - Added connection org.postgresql.jdbc.PgConnection@3f7aa4f8
2026-08-17 21:49:04 [main] INFO  com.zaxxer.hikari.HikariDataSource - metadata_catalogue - Start completed.
2026-08-17 21:49:05 [main] INFO  com.zaxxer.hikari.HikariDataSource - metadata_catalogue - Shutdown initiated...
2026-08-17 21:49:05 [main] INFO  com.zaxxer.hikari.HikariDataSource - metadata_catalogue - Shutdown completed.
2026-08-17 21:49:05 [main] INFO  t.g.io/epos-eric/metadata-database/deploy:main - Creating container for image: ghcr.io/epos-eric/metadata-database/deploy:main
2026-08-17 21:49:05 [main] INFO  t.g.io/epos-eric/metadata-database/deploy:main - Container ghcr.io/epos-eric/metadata-database/deploy:main is starting: a23b5d422f7279258c589271a0d506888cb7614e72618e2785d82d2db98ff999
2026-08-17 21:49:09 [main] INFO  t.g.io/epos-eric/metadata-database/deploy:main - Container ghcr.io/epos-eric/metadata-database/deploy:main started in PT3.974201278S
2026-08-17 21:49:09 [main] INFO  t.g.io/epos-eric/metadata-database/deploy:main - Container is started (JDBC URL: jdbc:postgresql://localhost:33144/cerif?loggerLevel=OFF)
2026-08-17 21:49:09 [main] INFO  com.zaxxer.hikari.HikariDataSource - metadata_catalogue - Starting...
2026-08-17 21:49:09 [main] INFO  com.zaxxer.hikari.pool.HikariPool - metadata_catalogue - Added connection org.postgresql.jdbc.PgConnection@6f78c132
2026-08-17 21:49:09 [main] INFO  com.zaxxer.hikari.HikariDataSource - metadata_catalogue - Start completed.
2026-08-17 21:49:09 [main] INFO  com.zaxxer.hikari.HikariDataSource - metadata_catalogue - Shutdown initiated...
2026-08-17 21:49:09 [main] INFO  com.zaxxer.hikari.HikariDataSource - metadata_catalogue - Shutdown completed.
2026-08-17 21:49:09 [main] INFO  t.g.io/epos-eric/metadata-database/deploy:main - Creating container for image: ghcr.io/epos-eric/metadata-database/deploy:main
2026-08-17 21:49:10 [main] INFO  t.g.io/epos-eric/metadata-database/deploy:main - Container ghcr.io/epos-eric/metadata-database/deploy:main is starting: 999ca667e5c4810195900807eb805b1ab63ddd2b40990709e99e470af8fd4c80
2026-08-17 21:49:14 [main] INFO  t.g.io/epos-eric/metadata-database/deploy:main - Container ghcr.io/epos-eric/metadata-database/deploy:main started in PT4.557611109S
2026-08-17 21:49:14 [main] INFO  t.g.io/epos-eric/metadata-database/deploy:main - Container is started (JDBC URL: jdbc:postgresql://localhost:33145/cerif?loggerLevel=OFF)
2026-08-17 21:49:14 [main] INFO  com.zaxxer.hikari.HikariDataSource - metadata_catalogue - Starting...
2026-08-17 21:49:14 [main] INFO  com.zaxxer.hikari.pool.HikariPool - metadata_catalogue - Added connection org.postgresql.jdbc.PgConnection@424461ad
2026-08-17 21:49:14 [main] INFO  com.zaxxer.hikari.HikariDataSource - metadata_catalogue - Start completed.
2026-08-17 21:49:14 [main] INFO  com.zaxxer.hikari.HikariDataSource - metadata_catalogue - Shutdown initiated...
2026-08-17 21:49:14 [main] INFO  com.zaxxer.hikari.HikariDataSource - metadata_catalogue - Shutdown completed.
2026-08-17 21:49:14 [main] INFO  t.g.io/epos-eric/metadata-database/deploy:main - Creating container for image: ghcr.io/epos-eric/metadata-database/deploy:main
2026-08-17 21:49:15 [main] INFO  t.g.io/epos-eric/metadata-database/deploy:main - Container ghcr.io/epos-eric/metadata-database/deploy:main is starting: 604200f5fc67875d8a0ebae018fe91815d057995f2950eb8d6d3e6cf9206ebb5
2026-08-17 21:49:19 [main] INFO  t.g.io/epos-eric/metadata-database/deploy:main - Container ghcr.io/epos-eric/metadata-database/deploy:main started in PT4.314165033S
2026-08-17 21:49:19 [main] INFO  t.g.io/epos-eric/metadata-database/deploy:main - Container is started (JDBC URL: jdbc:postgresql://localhost:33146/cerif?loggerLevel=OFF)
2026-08-17 21:49:19 [main] INFO  com.zaxxer.hikari.HikariDataSource - metadata_catalogue - Starting...
2026-08-17 21:49:19 [main] INFO  com.zaxxer.hikari.pool.HikariPool - metadata_catalogue - Added connection org.postgresql.jdbc.PgConnection@372153eb
2026-08-17 21:49:19 [main] INFO  com.zaxxer.hikari.HikariDataSource - metadata_catalogue - Start completed.
2026-08-17 21:49:19 [main] INFO  com.zaxxer.hikari.HikariDataSource - metadata_catalogue - Shutdown initiated...
2026-08-17 21:49:19 [main] INFO  com.zaxxer.hikari.HikariDataSource - metadata_catalogue - Shutdown completed.
2026-08-17 21:49:20 [main] INFO  t.g.io/epos-eric/metadata-database/deploy:main - Creating container for image: ghcr.io/epos-eric/metadata-database/deploy:main
2026-08-17 21:49:20 [main] INFO  t.g.io/epos-eric/metadata-database/deploy:main - Container ghcr.io/epos-eric/metadata-database/deploy:main is starting: e50bf1f2eff6e3d8a2071987a79c915d07d4755160ba29bb93f2141b07d72aab
2026-08-17 21:49:23 [main] INFO  t.g.io/epos-eric/metadata-database/deploy:main - Container ghcr.io/epos-eric/metadata-database/deploy:main started in PT3.793667025S
2026-08-17 21:49:23 [main] INFO  t.g.io/epos-eric/metadata-database/deploy:main - Container is started (JDBC URL: jdbc:postgresql://localhost:33147/cerif?loggerLevel=OFF)
2026-08-17 21:49:23 [main] INFO  com.zaxxer.hikari.HikariDataSource - metadata_catalogue - Starting...
2026-08-17 21:49:24 [main] INFO  com.zaxxer.hikari.pool.HikariPool - metadata_catalogue - Added connection org.postgresql.jdbc.PgConnection@5068a2b1
2026-08-17 21:49:24 [main] INFO  com.zaxxer.hikari.HikariDataSource - metadata_catalogue - Start completed.
2026-08-17 21:49:24 [main] INFO  com.zaxxer.hikari.HikariDataSource - metadata_catalogue - Shutdown initiated...
2026-08-17 21:49:24 [main] INFO  com.zaxxer.hikari.HikariDataSource - metadata_catalogue - Shutdown completed.
2026-08-17 21:49:24 [main] INFO  t.g.io/epos-eric/metadata-database/deploy:main - Creating container for image: ghcr.io/epos-eric/metadata-database/deploy:main
2026-08-17 21:49:24 [main] INFO  t.g.io/epos-eric/metadata-database/deploy:main - Container ghcr.io/epos-eric/metadata-database/deploy:main is starting: 408ebc86cb279628804535874a490886b94410775b82a3060f8dd51159d7a1ae
2026-08-17 21:49:29 [main] INFO  t.g.io/epos-eric/metadata-database/deploy:main - Container ghcr.io/epos-eric/metadata-database/deploy:main started in PT4.602257284S
2026-08-17 21:49:29 [main] INFO  t.g.io/epos-eric/metadata-database/deploy:main - Container is started (JDBC URL: jdbc:postgresql://localhost:33148/cerif?loggerLevel=OFF)
2026-08-17 21:49:29 [main] INFO  com.zaxxer.hikari.HikariDataSource - metadata_catalogue - Starting...
2026-08-17 21:49:29 [main] INFO  com.zaxxer.hikari.pool.HikariPool - metadata_catalogue - Added connection org.postgresql.jdbc.PgConnection@d4a4ba
2026-08-17 21:49:29 [main] INFO  com.zaxxer.hikari.HikariDataSource - metadata_catalogue - Start completed.
2026-08-17 21:49:29 [main] INFO  com.zaxxer.hikari.HikariDataSource - metadata_catalogue - Shutdown initiated...
2026-08-17 21:49:29 [main] INFO  com.zaxxer.hikari.HikariDataSource - metadata_catalogue - Shutdown completed.
2026-08-17 21:49:30 [main] INFO  t.g.io/epos-eric/metadata-database/deploy:main - Creating container for image: ghcr.io/epos-eric/metadata-database/deploy:main
2026-08-17 21:49:30 [main] INFO  t.g.io/epos-eric/metadata-database/deploy:main - Container ghcr.io/epos-eric/metadata-database/deploy:main is starting: 780cd7c426d4ba718e9693ace76e35f8c36e3912feab1de851f1b8258f535537
2026-08-17 21:49:34 [main] INFO  t.g.io/epos-eric/metadata-database/deploy:main - Container ghcr.io/epos-eric/metadata-database/deploy:main started in PT4.059434489S
2026-08-17 21:49:34 [main] INFO  t.g.io/epos-eric/metadata-database/deploy:main - Container is started (JDBC URL: jdbc:postgresql://localhost:33149/cerif?loggerLevel=OFF)
2026-08-17 21:49:34 [main] INFO  com.zaxxer.hikari.HikariDataSource - metadata_catalogue - Starting...
2026-08-17 21:49:34 [main] INFO  com.zaxxer.hikari.pool.HikariPool - metadata_catalogue - Added connection org.postgresql.jdbc.PgConnection@720d5d1b
2026-08-17 21:49:34 [main] INFO  com.zaxxer.hikari.HikariDataSource - metadata_catalogue - Start completed.
2026-08-17 21:49:34 [main] INFO  com.zaxxer.hikari.HikariDataSource - metadata_catalogue - Shutdown initiated...
2026-08-17 21:49:34 [main] INFO  com.zaxxer.hikari.HikariDataSource - metadata_catalogue - Shutdown completed.
2026-08-17 21:49:34 [main] INFO  t.g.io/epos-eric/metadata-database/deploy:main - Creating container for image: ghcr.io/epos-eric/metadata-database/deploy:main
2026-08-17 21:49:34 [main] INFO  t.g.io/epos-eric/metadata-database/deploy:main - Container ghcr.io/epos-eric/metadata-database/deploy:main is starting: 843dc6e74a697a2b11369ac5b21e3b6c6d3c44a8fda38666bd53b03fe82f9ce3
2026-08-17 21:49:39 [main] INFO  t.g.io/epos-eric/metadata-database/deploy:main - Container ghcr.io/epos-eric/metadata-database/deploy:main started in PT4.924168778S
2026-08-17 21:49:39 [main] INFO  t.g.io/epos-eric/metadata-database/deploy:main - Container is started (JDBC URL: jdbc:postgresql://localhost:33150/cerif?loggerLevel=OFF)
2026-08-17 21:49:39 [main] INFO  com.zaxxer.hikari.HikariDataSource - metadata_catalogue - Starting...
2026-08-17 21:49:39 [main] INFO  com.zaxxer.hikari.pool.HikariPool - metadata_catalogue - Added connection org.postgresql.jdbc.PgConnection@7bf75275
2026-08-17 21:49:39 [main] INFO  com.zaxxer.hikari.HikariDataSource - metadata_catalogue - Start completed.
2026-08-17 21:49:40 [main] INFO  com.zaxxer.hikari.HikariDataSource - metadata_catalogue - Shutdown initiated...
2026-08-17 21:49:40 [main] INFO  com.zaxxer.hikari.HikariDataSource - metadata_catalogue - Shutdown completed.
2026-08-17 21:49:40 [main] INFO  t.g.io/epos-eric/metadata-database/deploy:main - Creating container for image: ghcr.io/epos-eric/metadata-database/deploy:main
2026-08-17 21:49:40 [main] INFO  t.g.io/epos-eric/metadata-database/deploy:main - Container ghcr.io/epos-eric/metadata-database/deploy:main is starting: fc7980850e92ed21fdc6bbc7094bcf3f9c60b3dd1ba9cc4ef177bcc1c4f78f7e
2026-08-17 21:49:44 [main] INFO  t.g.io/epos-eric/metadata-database/deploy:main - Container ghcr.io/epos-eric/metadata-database/deploy:main started in PT3.984964668S
2026-08-17 21:49:44 [main] INFO  t.g.io/epos-eric/metadata-database/deploy:main - Container is started (JDBC URL: jdbc:postgresql://localhost:33151/cerif?loggerLevel=OFF)
2026-08-17 21:49:44 [main] INFO  com.zaxxer.hikari.HikariDataSource - metadata_catalogue - Starting...
2026-08-17 21:49:44 [main] INFO  com.zaxxer.hikari.pool.HikariPool - metadata_catalogue - Added connection org.postgresql.jdbc.PgConnection@308617d3
2026-08-17 21:49:44 [main] INFO  com.zaxxer.hikari.HikariDataSource - metadata_catalogue - Start completed.
2026-08-17 21:49:44 [main] INFO  com.zaxxer.hikari.HikariDataSource - metadata_catalogue - Shutdown initiated...
2026-08-17 21:49:44 [main] INFO  com.zaxxer.hikari.HikariDataSource - metadata_catalogue - Shutdown completed.
2026-08-17 21:49:45 [main] INFO  t.g.io/epos-eric/metadata-database/deploy:main - Creating container for image: ghcr.io/epos-eric/metadata-database/deploy:main
2026-08-17 21:49:45 [main] INFO  t.g.io/epos-eric/metadata-database/deploy:main - Container ghcr.io/epos-eric/metadata-database/deploy:main is starting: 64de5259c79f2ad271d1c53bc36509062e992ab7271c976d7310ae1786db1ed2
2026-08-17 21:49:50 [main] INFO  t.g.io/epos-eric/metadata-database/deploy:main - Container ghcr.io/epos-eric/metadata-database/deploy:main started in PT4.675435278S
2026-08-17 21:49:50 [main] INFO  t.g.io/epos-eric/metadata-database/deploy:main - Container is started (JDBC URL: jdbc:postgresql://localhost:33152/cerif?loggerLevel=OFF)
2026-08-17 21:49:50 [main] INFO  com.zaxxer.hikari.HikariDataSource - metadata_catalogue - Starting...
2026-08-17 21:49:50 [main] INFO  com.zaxxer.hikari.pool.HikariPool - metadata_catalogue - Added connection org.postgresql.jdbc.PgConnection@21826d78
2026-08-17 21:49:50 [main] INFO  com.zaxxer.hikari.HikariDataSource - metadata_catalogue - Start completed.
2026-08-17 21:49:51 [main] INFO  com.zaxxer.hikari.HikariDataSource - metadata_catalogue - Shutdown initiated...
2026-08-17 21:49:51 [main] INFO  com.zaxxer.hikari.HikariDataSource - metadata_catalogue - Shutdown completed.
2026-08-17 21:49:51 [main] INFO  t.g.io/epos-eric/metadata-database/deploy:main - Creating container for image: ghcr.io/epos-eric/metadata-database/deploy:main
2026-08-17 21:49:51 [main] INFO  t.g.io/epos-eric/metadata-database/deploy:main - Container ghcr.io/epos-eric/metadata-database/deploy:main is starting: c46867e8918be21478d24e2ee8f3752ee6f05d97d70812eb857d1c6312d88cf1
2026-08-17 21:49:55 [main] INFO  t.g.io/epos-eric/metadata-database/deploy:main - Container ghcr.io/epos-eric/metadata-database/deploy:main started in PT4.225912372S
2026-08-17 21:49:55 [main] INFO  t.g.io/epos-eric/metadata-database/deploy:main - Container is started (JDBC URL: jdbc:postgresql://localhost:33153/cerif?loggerLevel=OFF)
2026-08-17 21:49:55 [main] INFO  com.zaxxer.hikari.HikariDataSource - metadata_catalogue - Starting...
2026-08-17 21:49:55 [main] INFO  com.zaxxer.hikari.pool.HikariPool - metadata_catalogue - Added connection org.postgresql.jdbc.PgConnection@45399fae
2026-08-17 21:49:55 [main] INFO  com.zaxxer.hikari.HikariDataSource - metadata_catalogue - Start completed.
2026-08-17 21:49:56 [main] INFO  com.zaxxer.hikari.HikariDataSource - metadata_catalogue - Shutdown initiated...
2026-08-17 21:49:56 [main] INFO  com.zaxxer.hikari.HikariDataSource - metadata_catalogue - Shutdown completed.
2026-08-17 21:49:57 [main] INFO  t.g.io/epos-eric/metadata-database/deploy:main - Creating container for image: ghcr.io/epos-eric/metadata-database/deploy:main
2026-08-17 21:49:57 [main] INFO  t.g.io/epos-eric/metadata-database/deploy:main - Container ghcr.io/epos-eric/metadata-database/deploy:main is starting: 2993ae0fa6ee847b20391032ee5712c33c0e20ea21f7e330ca05a7d932c1bee3
2026-08-17 21:50:01 [main] INFO  t.g.io/epos-eric/metadata-database/deploy:main - Container ghcr.io/epos-eric/metadata-database/deploy:main started in PT3.968257609S
2026-08-17 21:50:01 [main] INFO  t.g.io/epos-eric/metadata-database/deploy:main - Container is started (JDBC URL: jdbc:postgresql://localhost:33154/cerif?loggerLevel=OFF)
2026-08-17 21:50:01 [main] INFO  com.zaxxer.hikari.HikariDataSource - metadata_catalogue - Starting...
2026-08-17 21:50:01 [main] INFO  com.zaxxer.hikari.pool.HikariPool - metadata_catalogue - Added connection org.postgresql.jdbc.PgConnection@47afb11c
2026-08-17 21:50:01 [main] INFO  com.zaxxer.hikari.HikariDataSource - metadata_catalogue - Start completed.
2026-08-17 21:50:01 [main] INFO  com.zaxxer.hikari.HikariDataSource - metadata_catalogue - Shutdown initiated...
2026-08-17 21:50:01 [main] INFO  com.zaxxer.hikari.HikariDataSource - metadata_catalogue - Shutdown completed.
2026-08-17 21:50:02 [main] INFO  t.g.io/epos-eric/metadata-database/deploy:main - Creating container for image: ghcr.io/epos-eric/metadata-database/deploy:main
2026-08-17 21:50:02 [main] INFO  t.g.io/epos-eric/metadata-database/deploy:main - Container ghcr.io/epos-eric/metadata-database/deploy:main is starting: e8c781f80b36ec910a4a8d45206d36328c782d08cd96976d4c8b285c338f655e
2026-08-17 21:50:06 [main] INFO  t.g.io/epos-eric/metadata-database/deploy:main - Container ghcr.io/epos-eric/metadata-database/deploy:main started in PT3.937476901S
2026-08-17 21:50:06 [main] INFO  t.g.io/epos-eric/metadata-database/deploy:main - Container is started (JDBC URL: jdbc:postgresql://localhost:33155/cerif?loggerLevel=OFF)
2026-08-17 21:50:06 [main] INFO  com.zaxxer.hikari.HikariDataSource - metadata_catalogue - Starting...
2026-08-17 21:50:06 [main] INFO  com.zaxxer.hikari.pool.HikariPool - metadata_catalogue - Added connection org.postgresql.jdbc.PgConnection@69e06a38
2026-08-17 21:50:06 [main] INFO  com.zaxxer.hikari.HikariDataSource - metadata_catalogue - Start completed.
2026-08-17 21:50:06 [main] INFO  com.zaxxer.hikari.HikariDataSource - metadata_catalogue - Shutdown initiated...
2026-08-17 21:50:06 [main] INFO  com.zaxxer.hikari.HikariDataSource - metadata_catalogue - Shutdown completed.
2026-08-17 21:50:06 [main] INFO  t.g.io/epos-eric/metadata-database/deploy:main - Creating container for image: ghcr.io/epos-eric/metadata-database/deploy:main
2026-08-17 21:50:06 [main] INFO  t.g.io/epos-eric/metadata-database/deploy:main - Container ghcr.io/epos-eric/metadata-database/deploy:main is starting: 5322c9131f98e42b95f962f24a95c482e9b78c301305ea2aecaaf51c86472b59
2026-08-17 21:50:10 [main] INFO  t.g.io/epos-eric/metadata-database/deploy:main - Container ghcr.io/epos-eric/metadata-database/deploy:main started in PT4.150343294S
2026-08-17 21:50:10 [main] INFO  t.g.io/epos-eric/metadata-database/deploy:main - Container is started (JDBC URL: jdbc:postgresql://localhost:33156/cerif?loggerLevel=OFF)
2026-08-17 21:50:10 [main] INFO  com.zaxxer.hikari.HikariDataSource - metadata_catalogue - Starting...
2026-08-17 21:50:10 [main] INFO  com.zaxxer.hikari.pool.HikariPool - metadata_catalogue - Added connection org.postgresql.jdbc.PgConnection@5f049fa
2026-08-17 21:50:10 [main] INFO  com.zaxxer.hikari.HikariDataSource - metadata_catalogue - Start completed.
2026-08-17 21:50:11 [main] INFO  com.zaxxer.hikari.HikariDataSource - metadata_catalogue - Shutdown initiated...
2026-08-17 21:50:11 [main] INFO  com.zaxxer.hikari.HikariDataSource - metadata_catalogue - Shutdown completed.
2026-08-17 21:50:11 [main] INFO  t.g.io/epos-eric/metadata-database/deploy:main - Creating container for image: ghcr.io/epos-eric/metadata-database/deploy:main
2026-08-17 21:50:11 [main] INFO  t.g.io/epos-eric/metadata-database/deploy:main - Container ghcr.io/epos-eric/metadata-database/deploy:main is starting: 4bc73420a80145c6790b4b24c17ea631f53a34be4bf384acae16c1a5a225b384
2026-08-17 21:50:15 [main] INFO  t.g.io/epos-eric/metadata-database/deploy:main - Container ghcr.io/epos-eric/metadata-database/deploy:main started in PT4.183485549S
2026-08-17 21:50:15 [main] INFO  t.g.io/epos-eric/metadata-database/deploy:main - Container is started (JDBC URL: jdbc:postgresql://localhost:33157/cerif?loggerLevel=OFF)
2026-08-17 21:50:15 [main] INFO  com.zaxxer.hikari.HikariDataSource - metadata_catalogue - Starting...
2026-08-17 21:50:15 [main] INFO  com.zaxxer.hikari.pool.HikariPool - metadata_catalogue - Added connection org.postgresql.jdbc.PgConnection@2c861fc2
2026-08-17 21:50:15 [main] INFO  com.zaxxer.hikari.HikariDataSource - metadata_catalogue - Start completed.
2026-08-17 21:50:15 [main] INFO  com.zaxxer.hikari.HikariDataSource - metadata_catalogue - Shutdown initiated...
2026-08-17 21:50:15 [main] INFO  com.zaxxer.hikari.HikariDataSource - metadata_catalogue - Shutdown completed.
2026-08-17 21:50:16 [main] INFO  t.g.io/epos-eric/metadata-database/deploy:main - Creating container for image: ghcr.io/epos-eric/metadata-database/deploy:main
2026-08-17 21:50:16 [main] INFO  t.g.io/epos-eric/metadata-database/deploy:main - Container ghcr.io/epos-eric/metadata-database/deploy:main is starting: 0c9f5bba3fb1235b7a0ed22d9bdc6287570c8390b76f1e7172edc6ab89385f43
2026-08-17 21:50:20 [main] INFO  t.g.io/epos-eric/metadata-database/deploy:main - Container ghcr.io/epos-eric/metadata-database/deploy:main started in PT4.33265772S
2026-08-17 21:50:20 [main] INFO  t.g.io/epos-eric/metadata-database/deploy:main - Container is started (JDBC URL: jdbc:postgresql://localhost:33158/cerif?loggerLevel=OFF)
2026-08-17 21:50:20 [main] INFO  com.zaxxer.hikari.HikariDataSource - metadata_catalogue - Starting...
2026-08-17 21:50:20 [main] INFO  com.zaxxer.hikari.pool.HikariPool - metadata_catalogue - Added connection org.postgresql.jdbc.PgConnection@53b4aa
2026-08-17 21:50:20 [main] INFO  com.zaxxer.hikari.HikariDataSource - metadata_catalogue - Start completed.
2026-08-17 21:50:21 [main] INFO  com.zaxxer.hikari.HikariDataSource - metadata_catalogue - Shutdown initiated...
2026-08-17 21:50:21 [main] INFO  com.zaxxer.hikari.HikariDataSource - metadata_catalogue - Shutdown completed.
2026-08-17 21:50:22 [main] INFO  t.g.io/epos-eric/metadata-database/deploy:main - Creating container for image: ghcr.io/epos-eric/metadata-database/deploy:main
2026-08-17 21:50:22 [main] INFO  t.g.io/epos-eric/metadata-database/deploy:main - Container ghcr.io/epos-eric/metadata-database/deploy:main is starting: f5184c4918457dceb4e6608ff790d9851b1ef96d1088dfb410241a63f0ae8515
2026-08-17 21:50:27 [main] INFO  t.g.io/epos-eric/metadata-database/deploy:main - Container ghcr.io/epos-eric/metadata-database/deploy:main started in PT4.934069702S
2026-08-17 21:50:27 [main] INFO  t.g.io/epos-eric/metadata-database/deploy:main - Container is started (JDBC URL: jdbc:postgresql://localhost:33159/cerif?loggerLevel=OFF)
2026-08-17 21:50:27 [main] INFO  com.zaxxer.hikari.HikariDataSource - metadata_catalogue - Starting...
2026-08-17 21:50:27 [main] INFO  com.zaxxer.hikari.pool.HikariPool - metadata_catalogue - Added connection org.postgresql.jdbc.PgConnection@5f506203
2026-08-17 21:50:27 [main] INFO  com.zaxxer.hikari.HikariDataSource - metadata_catalogue - Start completed.
2026-08-17 21:50:27 [main] INFO  com.zaxxer.hikari.HikariDataSource - metadata_catalogue - Shutdown initiated...
2026-08-17 21:50:27 [main] INFO  com.zaxxer.hikari.HikariDataSource - metadata_catalogue - Shutdown completed.
2026-08-17 21:50:27 [main] INFO  t.g.io/epos-eric/metadata-database/deploy:main - Creating container for image: ghcr.io/epos-eric/metadata-database/deploy:main
2026-08-17 21:50:28 [main] INFO  t.g.io/epos-eric/metadata-database/deploy:main - Container ghcr.io/epos-eric/metadata-database/deploy:main is starting: 6431272f1bf1dccbed3babd076ac42976cea0a280ee7e996de7a148869de0c84
2026-08-17 21:50:32 [main] INFO  t.g.io/epos-eric/metadata-database/deploy:main - Container ghcr.io/epos-eric/metadata-database/deploy:main started in PT5.158175745S
2026-08-17 21:50:32 [main] INFO  t.g.io/epos-eric/metadata-database/deploy:main - Container is started (JDBC URL: jdbc:postgresql://localhost:33160/cerif?loggerLevel=OFF)
2026-08-17 21:50:32 [main] INFO  com.zaxxer.hikari.HikariDataSource - metadata_catalogue - Starting...
2026-08-17 21:50:32 [main] INFO  com.zaxxer.hikari.pool.HikariPool - metadata_catalogue - Added connection org.postgresql.jdbc.PgConnection@53131125
2026-08-17 21:50:32 [main] INFO  com.zaxxer.hikari.HikariDataSource - metadata_catalogue - Start completed.
2026-08-17 21:50:33 [main] INFO  com.zaxxer.hikari.HikariDataSource - metadata_catalogue - Shutdown initiated...
2026-08-17 21:50:33 [main] INFO  com.zaxxer.hikari.HikariDataSource - metadata_catalogue - Shutdown completed.
2026-08-17 21:50:33 [main] INFO  t.g.io/epos-eric/metadata-database/deploy:main - Creating container for image: ghcr.io/epos-eric/metadata-database/deploy:main
2026-08-17 21:50:33 [main] INFO  t.g.io/epos-eric/metadata-database/deploy:main - Container ghcr.io/epos-eric/metadata-database/deploy:main is starting: 437cf290d56e2d865ee525895833b261288b9ebd38ac650485cbe338fa348eb8
2026-08-17 21:50:37 [main] INFO  t.g.io/epos-eric/metadata-database/deploy:main - Container ghcr.io/epos-eric/metadata-database/deploy:main started in PT4.405195058S
2026-08-17 21:50:37 [main] INFO  t.g.io/epos-eric/metadata-database/deploy:main - Container is started (JDBC URL: jdbc:postgresql://localhost:33161/cerif?loggerLevel=OFF)
2026-08-17 21:50:37 [main] INFO  com.zaxxer.hikari.HikariDataSource - metadata_catalogue - Starting...
2026-08-17 21:50:37 [main] INFO  com.zaxxer.hikari.pool.HikariPool - metadata_catalogue - Added connection org.postgresql.jdbc.PgConnection@4c39d732
2026-08-17 21:50:37 [main] INFO  com.zaxxer.hikari.HikariDataSource - metadata_catalogue - Start completed.
2026-08-17 21:50:38 [main] INFO  com.zaxxer.hikari.HikariDataSource - metadata_catalogue - Shutdown initiated...
2026-08-17 21:50:38 [main] INFO  com.zaxxer.hikari.HikariDataSource - metadata_catalogue - Shutdown completed.
2026-08-17 21:50:38 [main] INFO  t.g.io/epos-eric/metadata-database/deploy:main - Creating container for image: ghcr.io/epos-eric/metadata-database/deploy:main
2026-08-17 21:50:38 [main] INFO  t.g.io/epos-eric/metadata-database/deploy:main - Container ghcr.io/epos-eric/metadata-database/deploy:main is starting: 0f03cbc705fba6e205a989cb5745562162adc6a802d4936149037ef476b63a7d
2026-08-17 21:50:43 [main] INFO  t.g.io/epos-eric/metadata-database/deploy:main - Container ghcr.io/epos-eric/metadata-database/deploy:main started in PT5.005849269S
2026-08-17 21:50:43 [main] INFO  t.g.io/epos-eric/metadata-database/deploy:main - Container is started (JDBC URL: jdbc:postgresql://localhost:33162/cerif?loggerLevel=OFF)
2026-08-17 21:50:43 [main] INFO  com.zaxxer.hikari.HikariDataSource - metadata_catalogue - Starting...
2026-08-17 21:50:43 [main] INFO  com.zaxxer.hikari.pool.HikariPool - metadata_catalogue - Added connection org.postgresql.jdbc.PgConnection@403ef439
2026-08-17 21:50:43 [main] INFO  com.zaxxer.hikari.HikariDataSource - metadata_catalogue - Start completed.
2026-08-17 21:50:43 [main] INFO  com.zaxxer.hikari.HikariDataSource - metadata_catalogue - Shutdown initiated...
2026-08-17 21:50:43 [main] INFO  com.zaxxer.hikari.HikariDataSource - metadata_catalogue - Shutdown completed.
2026-08-17 21:50:44 [main] INFO  t.g.io/epos-eric/metadata-database/deploy:main - Creating container for image: ghcr.io/epos-eric/metadata-database/deploy:main
2026-08-17 21:50:44 [main] INFO  t.g.io/epos-eric/metadata-database/deploy:main - Container ghcr.io/epos-eric/metadata-database/deploy:main is starting: aba385c3edff44134b7e029ef7008bc977ef6dec91c4dba43d573944f8e4d5a5
2026-08-17 21:50:48 [main] INFO  t.g.io/epos-eric/metadata-database/deploy:main - Container ghcr.io/epos-eric/metadata-database/deploy:main started in PT4.333543243S
2026-08-17 21:50:48 [main] INFO  t.g.io/epos-eric/metadata-database/deploy:main - Container is started (JDBC URL: jdbc:postgresql://localhost:33163/cerif?loggerLevel=OFF)
2026-08-17 21:50:48 [main] INFO  com.zaxxer.hikari.HikariDataSource - metadata_catalogue - Starting...
2026-08-17 21:50:48 [main] INFO  com.zaxxer.hikari.pool.HikariPool - metadata_catalogue - Added connection org.postgresql.jdbc.PgConnection@3673807e
2026-08-17 21:50:48 [main] INFO  com.zaxxer.hikari.HikariDataSource - metadata_catalogue - Start completed.
2026-08-17 21:50:48 [main] INFO  com.zaxxer.hikari.HikariDataSource - metadata_catalogue - Shutdown initiated...
2026-08-17 21:50:48 [main] INFO  com.zaxxer.hikari.HikariDataSource - metadata_catalogue - Shutdown completed.
2026-08-17 21:50:48 [main] INFO  t.g.io/epos-eric/metadata-database/deploy:main - Creating container for image: ghcr.io/epos-eric/metadata-database/deploy:main
2026-08-17 21:50:49 [main] INFO  t.g.io/epos-eric/metadata-database/deploy:main - Container ghcr.io/epos-eric/metadata-database/deploy:main is starting: ea4f60ad71d1ed562fb2156b5050bf4e579f4458ed79c0c3f6068ad181832ed9
2026-08-17 21:50:53 [main] INFO  t.g.io/epos-eric/metadata-database/deploy:main - Container ghcr.io/epos-eric/metadata-database/deploy:main started in PT4.265938727S
2026-08-17 21:50:53 [main] INFO  t.g.io/epos-eric/metadata-database/deploy:main - Container is started (JDBC URL: jdbc:postgresql://localhost:33164/cerif?loggerLevel=OFF)
2026-08-17 21:50:53 [main] INFO  com.zaxxer.hikari.HikariDataSource - metadata_catalogue - Starting...
2026-08-17 21:50:53 [main] INFO  com.zaxxer.hikari.pool.HikariPool - metadata_catalogue - Added connection org.postgresql.jdbc.PgConnection@56534bb3
2026-08-17 21:50:53 [main] INFO  com.zaxxer.hikari.HikariDataSource - metadata_catalogue - Start completed.
2026-08-17 21:50:54 [main] INFO  com.zaxxer.hikari.HikariDataSource - metadata_catalogue - Shutdown initiated...
2026-08-17 21:50:54 [main] INFO  com.zaxxer.hikari.HikariDataSource - metadata_catalogue - Shutdown completed.
2026-08-17 21:50:54 [main] INFO  t.g.io/epos-eric/metadata-database/deploy:main - Creating container for image: ghcr.io/epos-eric/metadata-database/deploy:main
2026-08-17 21:50:55 [main] INFO  t.g.io/epos-eric/metadata-database/deploy:main - Container ghcr.io/epos-eric/metadata-database/deploy:main is starting: a174f012f7cee269b4e1b4b26652223df1923550b220b9bbfce70736743a18d5
2026-08-17 21:50:59 [main] INFO  t.g.io/epos-eric/metadata-database/deploy:main - Container ghcr.io/epos-eric/metadata-database/deploy:main started in PT4.474574189S
2026-08-17 21:50:59 [main] INFO  t.g.io/epos-eric/metadata-database/deploy:main - Container is started (JDBC URL: jdbc:postgresql://localhost:33165/cerif?loggerLevel=OFF)
2026-08-17 21:50:59 [main] INFO  com.zaxxer.hikari.HikariDataSource - metadata_catalogue - Starting...
2026-08-17 21:50:59 [main] INFO  com.zaxxer.hikari.pool.HikariPool - metadata_catalogue - Added connection org.postgresql.jdbc.PgConnection@8b4bb6d
2026-08-17 21:50:59 [main] INFO  com.zaxxer.hikari.HikariDataSource - metadata_catalogue - Start completed.
2026-08-17 21:50:59 [main] INFO  com.zaxxer.hikari.HikariDataSource - metadata_catalogue - Shutdown initiated...
2026-08-17 21:50:59 [main] INFO  com.zaxxer.hikari.HikariDataSource - metadata_catalogue - Shutdown completed.
2026-08-17 21:50:59 [main] INFO  t.g.io/epos-eric/metadata-database/deploy:main - Creating container for image: ghcr.io/epos-eric/metadata-database/deploy:main
2026-08-17 21:50:59 [main] INFO  t.g.io/epos-eric/metadata-database/deploy:main - Container ghcr.io/epos-eric/metadata-database/deploy:main is starting: ed8f98e83a115f309f26eefd500d47b5101f6d1c6b6da353b49129c56f147fad
2026-08-17 21:51:03 [main] INFO  t.g.io/epos-eric/metadata-database/deploy:main - Container ghcr.io/epos-eric/metadata-database/deploy:main started in PT4.138817193S
2026-08-17 21:51:03 [main] INFO  t.g.io/epos-eric/metadata-database/deploy:main - Container is started (JDBC URL: jdbc:postgresql://localhost:33166/cerif?loggerLevel=OFF)
2026-08-17 21:51:04 [main] INFO  com.zaxxer.hikari.HikariDataSource - metadata_catalogue - Starting...
2026-08-17 21:51:04 [main] INFO  com.zaxxer.hikari.pool.HikariPool - metadata_catalogue - Added connection org.postgresql.jdbc.PgConnection@779f4ee6
2026-08-17 21:51:04 [main] INFO  com.zaxxer.hikari.HikariDataSource - metadata_catalogue - Start completed.
2026-08-17 21:51:04 [main] INFO  com.zaxxer.hikari.HikariDataSource - metadata_catalogue - Shutdown initiated...
2026-08-17 21:51:04 [main] INFO  com.zaxxer.hikari.HikariDataSource - metadata_catalogue - Shutdown completed.
2026-08-17 21:51:04 [main] INFO  t.g.io/epos-eric/metadata-database/deploy:main - Creating container for image: ghcr.io/epos-eric/metadata-database/deploy:main
2026-08-17 21:51:04 [main] INFO  t.g.io/epos-eric/metadata-database/deploy:main - Container ghcr.io/epos-eric/metadata-database/deploy:main is starting: 7422ec5ea6bd4e753e9acff65e780bec6245b3dc3a47c5eb408611a939d28e26
2026-08-17 21:51:09 [main] INFO  t.g.io/epos-eric/metadata-database/deploy:main - Container ghcr.io/epos-eric/metadata-database/deploy:main started in PT4.952829084S
2026-08-17 21:51:09 [main] INFO  t.g.io/epos-eric/metadata-database/deploy:main - Container is started (JDBC URL: jdbc:postgresql://localhost:33167/cerif?loggerLevel=OFF)
2026-08-17 21:51:09 [main] INFO  com.zaxxer.hikari.HikariDataSource - metadata_catalogue - Starting...
2026-08-17 21:51:09 [main] INFO  com.zaxxer.hikari.pool.HikariPool - metadata_catalogue - Added connection org.postgresql.jdbc.PgConnection@33a35f7e
2026-08-17 21:51:09 [main] INFO  com.zaxxer.hikari.HikariDataSource - metadata_catalogue - Start completed.
2026-08-17 21:51:09 [main] INFO  com.zaxxer.hikari.HikariDataSource - metadata_catalogue - Shutdown initiated...
2026-08-17 21:51:09 [main] INFO  com.zaxxer.hikari.HikariDataSource - metadata_catalogue - Shutdown completed.
2026-08-17 21:51:09 [main] INFO  t.g.io/epos-eric/metadata-database/deploy:main - Creating container for image: ghcr.io/epos-eric/metadata-database/deploy:main
2026-08-17 21:51:10 [main] INFO  t.g.io/epos-eric/metadata-database/deploy:main - Container ghcr.io/epos-eric/metadata-database/deploy:main is starting: 4aaf7962204a0cd36d93237bbee0ba0b7cc8adb52f36e8b45d8a0fc57eab2ec4
2026-08-17 21:51:14 [main] INFO  t.g.io/epos-eric/metadata-database/deploy:main - Container ghcr.io/epos-eric/metadata-database/deploy:main started in PT4.301642821S
2026-08-17 21:51:14 [main] INFO  t.g.io/epos-eric/metadata-database/deploy:main - Container is started (JDBC URL: jdbc:postgresql://localhost:33168/cerif?loggerLevel=OFF)
2026-08-17 21:51:14 [main] INFO  com.zaxxer.hikari.HikariDataSource - metadata_catalogue - Starting...
2026-08-17 21:51:14 [main] INFO  com.zaxxer.hikari.pool.HikariPool - metadata_catalogue - Added connection org.postgresql.jdbc.PgConnection@306cd9b6
2026-08-17 21:51:14 [main] INFO  com.zaxxer.hikari.HikariDataSource - metadata_catalogue - Start completed.
2026-08-17 21:51:14 [main] INFO  com.zaxxer.hikari.HikariDataSource - metadata_catalogue - Shutdown initiated...
2026-08-17 21:51:14 [main] INFO  com.zaxxer.hikari.HikariDataSource - metadata_catalogue - Shutdown completed.
2026-08-17 21:51:14 [main] INFO  t.g.io/epos-eric/metadata-database/deploy:main - Creating container for image: ghcr.io/epos-eric/metadata-database/deploy:main
2026-08-17 21:51:14 [main] INFO  t.g.io/epos-eric/metadata-database/deploy:main - Container ghcr.io/epos-eric/metadata-database/deploy:main is starting: e0a813b560f60eec0da65047834f873820cab5f94133021512d6275b61a1b2a1
2026-08-17 21:51:18 [main] INFO  t.g.io/epos-eric/metadata-database/deploy:main - Container ghcr.io/epos-eric/metadata-database/deploy:main started in PT4.189373868S
2026-08-17 21:51:18 [main] INFO  t.g.io/epos-eric/metadata-database/deploy:main - Container is started (JDBC URL: jdbc:postgresql://localhost:33169/cerif?loggerLevel=OFF)
2026-08-17 21:51:18 [main] INFO  com.zaxxer.hikari.HikariDataSource - metadata_catalogue - Starting...
2026-08-17 21:51:18 [main] INFO  com.zaxxer.hikari.pool.HikariPool - metadata_catalogue - Added connection org.postgresql.jdbc.PgConnection@26c4549c
2026-08-17 21:51:18 [main] INFO  com.zaxxer.hikari.HikariDataSource - metadata_catalogue - Start completed.
2026-08-17 21:51:19 [main] INFO  com.zaxxer.hikari.HikariDataSource - metadata_catalogue - Shutdown initiated...
2026-08-17 21:51:19 [main] INFO  com.zaxxer.hikari.HikariDataSource - metadata_catalogue - Shutdown completed.
2026-08-17 21:51:19 [main] INFO  t.g.io/epos-eric/metadata-database/deploy:main - Creating container for image: ghcr.io/epos-eric/metadata-database/deploy:main
2026-08-17 21:51:20 [main] INFO  t.g.io/epos-eric/metadata-database/deploy:main - Container ghcr.io/epos-eric/metadata-database/deploy:main is starting: e18d56abebf540b335ecc706eecbbc5ffef8da210e20bc3f137776b5e7803c4b
2026-08-17 21:51:24 [main] INFO  t.g.io/epos-eric/metadata-database/deploy:main - Container ghcr.io/epos-eric/metadata-database/deploy:main started in PT4.634148752S
2026-08-17 21:51:24 [main] INFO  t.g.io/epos-eric/metadata-database/deploy:main - Container is started (JDBC URL: jdbc:postgresql://localhost:33170/cerif?loggerLevel=OFF)
2026-08-17 21:51:24 [main] INFO  com.zaxxer.hikari.HikariDataSource - metadata_catalogue - Starting...
2026-08-17 21:51:24 [main] INFO  com.zaxxer.hikari.pool.HikariPool - metadata_catalogue - Added connection org.postgresql.jdbc.PgConnection@5d2bc5c3
2026-08-17 21:51:24 [main] INFO  com.zaxxer.hikari.HikariDataSource - metadata_catalogue - Start completed.
2026-08-17 21:51:25 [main] INFO  com.zaxxer.hikari.HikariDataSource - metadata_catalogue - Shutdown initiated...
2026-08-17 21:51:25 [main] INFO  com.zaxxer.hikari.HikariDataSource - metadata_catalogue - Shutdown completed.
2026-08-17 21:51:25 [main] INFO  t.g.io/epos-eric/metadata-database/deploy:main - Creating container for image: ghcr.io/epos-eric/metadata-database/deploy:main
2026-08-17 21:51:25 [main] INFO  t.g.io/epos-eric/metadata-database/deploy:main - Container ghcr.io/epos-eric/metadata-database/deploy:main is starting: 73d44f641b7c8b9cd0901f4b2198084ae1cd7155b892daf5d5e8a633db7e96eb
2026-08-17 21:51:30 [main] INFO  t.g.io/epos-eric/metadata-database/deploy:main - Container ghcr.io/epos-eric/metadata-database/deploy:main started in PT4.491964303S
2026-08-17 21:51:30 [main] INFO  t.g.io/epos-eric/metadata-database/deploy:main - Container is started (JDBC URL: jdbc:postgresql://localhost:33171/cerif?loggerLevel=OFF)
2026-08-17 21:51:30 [main] INFO  com.zaxxer.hikari.HikariDataSource - metadata_catalogue - Starting...
2026-08-17 21:51:30 [main] INFO  com.zaxxer.hikari.pool.HikariPool - metadata_catalogue - Added connection org.postgresql.jdbc.PgConnection@43655b73
2026-08-17 21:51:30 [main] INFO  com.zaxxer.hikari.HikariDataSource - metadata_catalogue - Start completed.
2026-08-17 21:51:30 [main] INFO  com.zaxxer.hikari.HikariDataSource - metadata_catalogue - Shutdown initiated...
2026-08-17 21:51:30 [main] INFO  com.zaxxer.hikari.HikariDataSource - metadata_catalogue - Shutdown completed.
2026-08-17 21:51:30 [main] INFO  t.g.io/epos-eric/metadata-database/deploy:main - Creating container for image: ghcr.io/epos-eric/metadata-database/deploy:main
2026-08-17 21:51:30 [main] INFO  t.g.io/epos-eric/metadata-database/deploy:main - Container ghcr.io/epos-eric/metadata-database/deploy:main is starting: c6031b7a088eb1dbceaf21ec74b042c1cebbadcc23910613d39d2617c8166792
2026-08-17 21:51:34 [main] INFO  t.g.io/epos-eric/metadata-database/deploy:main - Container ghcr.io/epos-eric/metadata-database/deploy:main started in PT4.149766362S
2026-08-17 21:51:34 [main] INFO  t.g.io/epos-eric/metadata-database/deploy:main - Container is started (JDBC URL: jdbc:postgresql://localhost:33172/cerif?loggerLevel=OFF)
2026-08-17 21:51:34 [main] INFO  com.zaxxer.hikari.HikariDataSource - metadata_catalogue - Starting...
2026-08-17 21:51:34 [main] INFO  com.zaxxer.hikari.pool.HikariPool - metadata_catalogue - Added connection org.postgresql.jdbc.PgConnection@16fcf330
2026-08-17 21:51:34 [main] INFO  com.zaxxer.hikari.HikariDataSource - metadata_catalogue - Start completed.
2026-08-17 21:51:34 [main] INFO  com.zaxxer.hikari.HikariDataSource - metadata_catalogue - Shutdown initiated...
2026-08-17 21:51:34 [main] INFO  com.zaxxer.hikari.HikariDataSource - metadata_catalogue - Shutdown completed.
2026-08-17 21:51:35 [main] INFO  t.g.io/epos-eric/metadata-database/deploy:main - Creating container for image: ghcr.io/epos-eric/metadata-database/deploy:main
2026-08-17 21:51:35 [main] INFO  t.g.io/epos-eric/metadata-database/deploy:main - Container ghcr.io/epos-eric/metadata-database/deploy:main is starting: cdc52493d53963848f94abf099125a1fdd06b352efff032fec76b077c1746d60
2026-08-17 21:51:39 [main] INFO  t.g.io/epos-eric/metadata-database/deploy:main - Container ghcr.io/epos-eric/metadata-database/deploy:main started in PT4.766551227S
2026-08-17 21:51:39 [main] INFO  t.g.io/epos-eric/metadata-database/deploy:main - Container is started (JDBC URL: jdbc:postgresql://localhost:33173/cerif?loggerLevel=OFF)
2026-08-17 21:51:39 [main] INFO  com.zaxxer.hikari.HikariDataSource - metadata_catalogue - Starting...
2026-08-17 21:51:40 [main] INFO  com.zaxxer.hikari.pool.HikariPool - metadata_catalogue - Added connection org.postgresql.jdbc.PgConnection@2dad3cad
2026-08-17 21:51:40 [main] INFO  com.zaxxer.hikari.HikariDataSource - metadata_catalogue - Start completed.
2026-08-17 21:51:40 [main] INFO  com.zaxxer.hikari.HikariDataSource - metadata_catalogue - Shutdown initiated...
2026-08-17 21:51:40 [main] INFO  com.zaxxer.hikari.HikariDataSource - metadata_catalogue - Shutdown completed.
2026-08-17 21:51:40 [main] INFO  t.g.io/epos-eric/metadata-database/deploy:main - Creating container for image: ghcr.io/epos-eric/metadata-database/deploy:main
2026-08-17 21:51:41 [main] INFO  t.g.io/epos-eric/metadata-database/deploy:main - Container ghcr.io/epos-eric/metadata-database/deploy:main is starting: 5b5a864c734c6415fd3ed1d5a92b9a1c71ea0ce5153e30258bf39650464917e0
2026-08-17 21:51:45 [main] INFO  t.g.io/epos-eric/metadata-database/deploy:main - Container ghcr.io/epos-eric/metadata-database/deploy:main started in PT4.641455575S
2026-08-17 21:51:45 [main] INFO  t.g.io/epos-eric/metadata-database/deploy:main - Container is started (JDBC URL: jdbc:postgresql://localhost:33174/cerif?loggerLevel=OFF)
2026-08-17 21:51:45 [main] INFO  com.zaxxer.hikari.HikariDataSource - metadata_catalogue - Starting...
2026-08-17 21:51:45 [main] INFO  com.zaxxer.hikari.pool.HikariPool - metadata_catalogue - Added connection org.postgresql.jdbc.PgConnection@1180bcfe
2026-08-17 21:51:45 [main] INFO  com.zaxxer.hikari.HikariDataSource - metadata_catalogue - Start completed.
2026-08-17 21:51:45 [main] INFO  com.zaxxer.hikari.HikariDataSource - metadata_catalogue - Shutdown initiated...
2026-08-17 21:51:45 [main] INFO  com.zaxxer.hikari.HikariDataSource - metadata_catalogue - Shutdown completed.
2026-08-17 21:51:46 [main] INFO  t.g.io/epos-eric/metadata-database/deploy:main - Creating container for image: ghcr.io/epos-eric/metadata-database/deploy:main
2026-08-17 21:51:46 [main] INFO  t.g.io/epos-eric/metadata-database/deploy:main - Container ghcr.io/epos-eric/metadata-database/deploy:main is starting: b8fc5fe022804300012294bb07c0c98929b0754b0706225c68c4abb7e1835cb9
2026-08-17 21:51:50 [main] INFO  t.g.io/epos-eric/metadata-database/deploy:main - Container ghcr.io/epos-eric/metadata-database/deploy:main started in PT4.667061909S
2026-08-17 21:51:50 [main] INFO  t.g.io/epos-eric/metadata-database/deploy:main - Container is started (JDBC URL: jdbc:postgresql://localhost:33175/cerif?loggerLevel=OFF)
2026-08-17 21:51:50 [main] INFO  com.zaxxer.hikari.HikariDataSource - metadata_catalogue - Starting...
2026-08-17 21:51:50 [main] INFO  com.zaxxer.hikari.pool.HikariPool - metadata_catalogue - Added connection org.postgresql.jdbc.PgConnection@7c081c64
2026-08-17 21:51:50 [main] INFO  com.zaxxer.hikari.HikariDataSource - metadata_catalogue - Start completed.
2026-08-17 21:51:51 [main] INFO  com.zaxxer.hikari.HikariDataSource - metadata_catalogue - Shutdown initiated...
2026-08-17 21:51:51 [main] INFO  com.zaxxer.hikari.HikariDataSource - metadata_catalogue - Shutdown completed.
2026-08-17 21:51:51 [main] INFO  t.g.io/epos-eric/metadata-database/deploy:main - Creating container for image: ghcr.io/epos-eric/metadata-database/deploy:main
2026-08-17 21:51:51 [main] INFO  t.g.io/epos-eric/metadata-database/deploy:main - Container ghcr.io/epos-eric/metadata-database/deploy:main is starting: 476ce6d9d7c7f4f4e288648c41389bfd936581d35c42996506b2b0f332c2ef2f
2026-08-17 21:51:55 [main] INFO  t.g.io/epos-eric/metadata-database/deploy:main - Container ghcr.io/epos-eric/metadata-database/deploy:main started in PT4.185993269S
2026-08-17 21:51:55 [main] INFO  t.g.io/epos-eric/metadata-database/deploy:main - Container is started (JDBC URL: jdbc:postgresql://localhost:33176/cerif?loggerLevel=OFF)
2026-08-17 21:51:55 [main] INFO  com.zaxxer.hikari.HikariDataSource - metadata_catalogue - Starting...
2026-08-17 21:51:55 [main] INFO  com.zaxxer.hikari.pool.HikariPool - metadata_catalogue - Added connection org.postgresql.jdbc.PgConnection@3a52800e
2026-08-17 21:51:55 [main] INFO  com.zaxxer.hikari.HikariDataSource - metadata_catalogue - Start completed.
2026-08-17 21:51:56 [main] INFO  com.zaxxer.hikari.HikariDataSource - metadata_catalogue - Shutdown initiated...
2026-08-17 21:51:56 [main] INFO  com.zaxxer.hikari.HikariDataSource - metadata_catalogue - Shutdown completed.
2026-08-17 21:51:56 [main] INFO  t.g.io/epos-eric/metadata-database/deploy:main - Creating container for image: ghcr.io/epos-eric/metadata-database/deploy:main
2026-08-17 21:51:56 [main] INFO  t.g.io/epos-eric/metadata-database/deploy:main - Container ghcr.io/epos-eric/metadata-database/deploy:main is starting: 740c507eff4599eba8d694161a76410f43f94bf0f21af794c1fb1616cff43e2b
2026-08-17 21:52:00 [main] INFO  t.g.io/epos-eric/metadata-database/deploy:main - Container ghcr.io/epos-eric/metadata-database/deploy:main started in PT4.201499169S
2026-08-17 21:52:00 [main] INFO  t.g.io/epos-eric/metadata-database/deploy:main - Container is started (JDBC URL: jdbc:postgresql://localhost:33177/cerif?loggerLevel=OFF)
2026-08-17 21:52:00 [main] INFO  com.zaxxer.hikari.HikariDataSource - metadata_catalogue - Starting...
2026-08-17 21:52:00 [main] INFO  com.zaxxer.hikari.pool.HikariPool - metadata_catalogue - Added connection org.postgresql.jdbc.PgConnection@6fc3a2a4
2026-08-17 21:52:00 [main] INFO  com.zaxxer.hikari.HikariDataSource - metadata_catalogue - Start completed.
2026-08-17 21:52:00 [main] INFO  com.zaxxer.hikari.HikariDataSource - metadata_catalogue - Shutdown initiated...
2026-08-17 21:52:00 [main] INFO  com.zaxxer.hikari.HikariDataSource - metadata_catalogue - Shutdown completed.
2026-08-17 21:52:01 [main] INFO  t.g.io/epos-eric/metadata-database/deploy:main - Creating container for image: ghcr.io/epos-eric/metadata-database/deploy:main
2026-08-17 21:52:01 [main] INFO  t.g.io/epos-eric/metadata-database/deploy:main - Container ghcr.io/epos-eric/metadata-database/deploy:main is starting: 1c35e354ef2319fe34bfb162747745f3e568b5c340e60899cddfa3d6f346eb87
2026-08-17 21:52:06 [main] INFO  t.g.io/epos-eric/metadata-database/deploy:main - Container ghcr.io/epos-eric/metadata-database/deploy:main started in PT4.758518602S
2026-08-17 21:52:06 [main] INFO  t.g.io/epos-eric/metadata-database/deploy:main - Container is started (JDBC URL: jdbc:postgresql://localhost:33178/cerif?loggerLevel=OFF)
2026-08-17 21:52:06 [main] INFO  com.zaxxer.hikari.HikariDataSource - metadata_catalogue - Starting...
2026-08-17 21:52:06 [main] INFO  com.zaxxer.hikari.pool.HikariPool - metadata_catalogue - Added connection org.postgresql.jdbc.PgConnection@595aed34
2026-08-17 21:52:06 [main] INFO  com.zaxxer.hikari.HikariDataSource - metadata_catalogue - Start completed.
2026-08-17 21:52:06 [main] INFO  com.zaxxer.hikari.HikariDataSource - metadata_catalogue - Shutdown initiated...
2026-08-17 21:52:06 [main] INFO  com.zaxxer.hikari.HikariDataSource - metadata_catalogue - Shutdown completed.
2026-08-17 21:52:06 [main] INFO  t.g.io/epos-eric/metadata-database/deploy:main - Creating container for image: ghcr.io/epos-eric/metadata-database/deploy:main
2026-08-17 21:52:06 [main] INFO  t.g.io/epos-eric/metadata-database/deploy:main - Container ghcr.io/epos-eric/metadata-database/deploy:main is starting: a6c9dc8aa4317c33685a004c852c4e8517be24f063719750e2b5f37c9c1c3f5c
2026-08-17 21:52:11 [main] INFO  t.g.io/epos-eric/metadata-database/deploy:main - Container ghcr.io/epos-eric/metadata-database/deploy:main started in PT4.926107568S
2026-08-17 21:52:11 [main] INFO  t.g.io/epos-eric/metadata-database/deploy:main - Container is started (JDBC URL: jdbc:postgresql://localhost:33179/cerif?loggerLevel=OFF)
2026-08-17 21:52:11 [main] INFO  com.zaxxer.hikari.HikariDataSource - metadata_catalogue - Starting...
2026-08-17 21:52:11 [main] INFO  com.zaxxer.hikari.pool.HikariPool - metadata_catalogue - Added connection org.postgresql.jdbc.PgConnection@37a9a21b
2026-08-17 21:52:11 [main] INFO  com.zaxxer.hikari.HikariDataSource - metadata_catalogue - Start completed.
2026-08-17 21:52:11 [main] INFO  com.zaxxer.hikari.HikariDataSource - metadata_catalogue - Shutdown initiated...
2026-08-17 21:52:11 [main] INFO  com.zaxxer.hikari.HikariDataSource - metadata_catalogue - Shutdown completed.
2026-08-17 21:52:12 [main] INFO  t.g.io/epos-eric/metadata-database/deploy:main - Creating container for image: ghcr.io/epos-eric/metadata-database/deploy:main
2026-08-17 21:52:12 [main] INFO  t.g.io/epos-eric/metadata-database/deploy:main - Container ghcr.io/epos-eric/metadata-database/deploy:main is starting: 1db527a66ae9e524eccb77fd88e08d9acf5e36848cac9ab91e89a6547573c757
2026-08-17 21:52:16 [main] INFO  t.g.io/epos-eric/metadata-database/deploy:main - Container ghcr.io/epos-eric/metadata-database/deploy:main started in PT4.304758235S
2026-08-17 21:52:16 [main] INFO  t.g.io/epos-eric/metadata-database/deploy:main - Container is started (JDBC URL: jdbc:postgresql://localhost:33180/cerif?loggerLevel=OFF)
2026-08-17 21:52:16 [main] INFO  com.zaxxer.hikari.HikariDataSource - metadata_catalogue - Starting...
2026-08-17 21:52:16 [main] INFO  com.zaxxer.hikari.pool.HikariPool - metadata_catalogue - Added connection org.postgresql.jdbc.PgConnection@2040505e
2026-08-17 21:52:16 [main] INFO  com.zaxxer.hikari.HikariDataSource - metadata_catalogue - Start completed.
2026-08-17 21:52:16 [main] INFO  com.zaxxer.hikari.HikariDataSource - metadata_catalogue - Shutdown initiated...
2026-08-17 21:52:16 [main] INFO  com.zaxxer.hikari.HikariDataSource - metadata_catalogue - Shutdown completed.
2026-08-17 21:52:17 [main] INFO  t.g.io/epos-eric/metadata-database/deploy:main - Creating container for image: ghcr.io/epos-eric/metadata-database/deploy:main
2026-08-17 21:52:17 [main] INFO  t.g.io/epos-eric/metadata-database/deploy:main - Container ghcr.io/epos-eric/metadata-database/deploy:main is starting: 57df7e18d416590a78cb9dcce57ee20b5e64f0ab1820734cf7023d3023c6a459
2026-08-17 21:52:21 [main] INFO  t.g.io/epos-eric/metadata-database/deploy:main - Container ghcr.io/epos-eric/metadata-database/deploy:main started in PT4.258757499S
2026-08-17 21:52:21 [main] INFO  t.g.io/epos-eric/metadata-database/deploy:main - Container is started (JDBC URL: jdbc:postgresql://localhost:33181/cerif?loggerLevel=OFF)
2026-08-17 21:52:21 [main] INFO  com.zaxxer.hikari.HikariDataSource - metadata_catalogue - Starting...
2026-08-17 21:52:21 [main] INFO  com.zaxxer.hikari.pool.HikariPool - metadata_catalogue - Added connection org.postgresql.jdbc.PgConnection@455ea56d
2026-08-17 21:52:21 [main] INFO  com.zaxxer.hikari.HikariDataSource - metadata_catalogue - Start completed.
2026-08-17 21:52:21 [main] INFO  com.zaxxer.hikari.HikariDataSource - metadata_catalogue - Shutdown initiated...
2026-08-17 21:52:21 [main] INFO  com.zaxxer.hikari.HikariDataSource - metadata_catalogue - Shutdown completed.
2026-08-17 21:52:22 [main] INFO  t.g.io/epos-eric/metadata-database/deploy:main - Creating container for image: ghcr.io/epos-eric/metadata-database/deploy:main
2026-08-17 21:52:22 [main] INFO  t.g.io/epos-eric/metadata-database/deploy:main - Container ghcr.io/epos-eric/metadata-database/deploy:main is starting: 684d0a2dab96353c2c997f530824b28f98d03808b936ccf1678ff08daedea7ba
2026-08-17 21:52:26 [main] INFO  t.g.io/epos-eric/metadata-database/deploy:main - Container ghcr.io/epos-eric/metadata-database/deploy:main started in PT4.451576562S
2026-08-17 21:52:26 [main] INFO  t.g.io/epos-eric/metadata-database/deploy:main - Container is started (JDBC URL: jdbc:postgresql://localhost:33182/cerif?loggerLevel=OFF)
2026-08-17 21:52:26 [main] INFO  com.zaxxer.hikari.HikariDataSource - metadata_catalogue - Starting...
2026-08-17 21:52:26 [main] INFO  com.zaxxer.hikari.pool.HikariPool - metadata_catalogue - Added connection org.postgresql.jdbc.PgConnection@a42102
2026-08-17 21:52:26 [main] INFO  com.zaxxer.hikari.HikariDataSource - metadata_catalogue - Start completed.
2026-08-17 21:52:26 [main] INFO  com.zaxxer.hikari.HikariDataSource - metadata_catalogue - Shutdown initiated...
2026-08-17 21:52:26 [main] INFO  com.zaxxer.hikari.HikariDataSource - metadata_catalogue - Shutdown completed.
2026-08-17 21:52:27 [main] INFO  t.g.io/epos-eric/metadata-database/deploy:main - Creating container for image: ghcr.io/epos-eric/metadata-database/deploy:main
2026-08-17 21:52:27 [main] INFO  t.g.io/epos-eric/metadata-database/deploy:main - Container ghcr.io/epos-eric/metadata-database/deploy:main is starting: fd942c96b1c831d19551860955483a14bd5e212c39ef31539d4d6fc6911dc0a1
2026-08-17 21:52:32 [main] INFO  t.g.io/epos-eric/metadata-database/deploy:main - Container ghcr.io/epos-eric/metadata-database/deploy:main started in PT4.813552364S
2026-08-17 21:52:32 [main] INFO  t.g.io/epos-eric/metadata-database/deploy:main - Container is started (JDBC URL: jdbc:postgresql://localhost:33183/cerif?loggerLevel=OFF)
2026-08-17 21:52:32 [main] INFO  com.zaxxer.hikari.HikariDataSource - metadata_catalogue - Starting...
2026-08-17 21:52:32 [main] INFO  com.zaxxer.hikari.pool.HikariPool - metadata_catalogue - Added connection org.postgresql.jdbc.PgConnection@623bca9
2026-08-17 21:52:32 [main] INFO  com.zaxxer.hikari.HikariDataSource - metadata_catalogue - Start completed.
2026-08-17 21:52:32 [main] INFO  com.zaxxer.hikari.HikariDataSource - metadata_catalogue - Shutdown initiated...
2026-08-17 21:52:32 [main] INFO  com.zaxxer.hikari.HikariDataSource - metadata_catalogue - Shutdown completed.
2026-08-17 21:52:32 [main] INFO  t.g.io/epos-eric/metadata-database/deploy:main - Creating container for image: ghcr.io/epos-eric/metadata-database/deploy:main
2026-08-17 21:52:32 [main] INFO  t.g.io/epos-eric/metadata-database/deploy:main - Container ghcr.io/epos-eric/metadata-database/deploy:main is starting: 6fc0e5de8df105c92e667726e2e27cd4a848b7f6a75bd9b5bc09f2217a337b4b
2026-08-17 21:52:37 [main] INFO  t.g.io/epos-eric/metadata-database/deploy:main - Container ghcr.io/epos-eric/metadata-database/deploy:main started in PT4.616414922S
2026-08-17 21:52:37 [main] INFO  t.g.io/epos-eric/metadata-database/deploy:main - Container is started (JDBC URL: jdbc:postgresql://localhost:33184/cerif?loggerLevel=OFF)
2026-08-17 21:52:37 [main] INFO  com.zaxxer.hikari.HikariDataSource - metadata_catalogue - Starting...
2026-08-17 21:52:37 [main] INFO  com.zaxxer.hikari.pool.HikariPool - metadata_catalogue - Added connection org.postgresql.jdbc.PgConnection@75a884ef
2026-08-17 21:52:37 [main] INFO  com.zaxxer.hikari.HikariDataSource - metadata_catalogue - Start completed.
2026-08-17 21:52:37 [main] INFO  com.zaxxer.hikari.HikariDataSource - metadata_catalogue - Shutdown initiated...
2026-08-17 21:52:37 [main] INFO  com.zaxxer.hikari.HikariDataSource - metadata_catalogue - Shutdown completed.
2026-08-17 21:52:37 [main] INFO  t.g.io/epos-eric/metadata-database/deploy:main - Creating container for image: ghcr.io/epos-eric/metadata-database/deploy:main
2026-08-17 21:52:38 [main] INFO  t.g.io/epos-eric/metadata-database/deploy:main - Container ghcr.io/epos-eric/metadata-database/deploy:main is starting: 9a7e7499cbce67a4949b2888484ae6790585c082a4a3d5af89d46c01d4ef13a3
2026-08-17 21:52:43 [main] INFO  t.g.io/epos-eric/metadata-database/deploy:main - Container ghcr.io/epos-eric/metadata-database/deploy:main started in PT5.078502797S
2026-08-17 21:52:43 [main] INFO  t.g.io/epos-eric/metadata-database/deploy:main - Container is started (JDBC URL: jdbc:postgresql://localhost:33185/cerif?loggerLevel=OFF)
2026-08-17 21:52:43 [main] INFO  com.zaxxer.hikari.HikariDataSource - metadata_catalogue - Starting...
2026-08-17 21:52:43 [main] INFO  com.zaxxer.hikari.pool.HikariPool - metadata_catalogue - Added connection org.postgresql.jdbc.PgConnection@12db058f
2026-08-17 21:52:43 [main] INFO  com.zaxxer.hikari.HikariDataSource - metadata_catalogue - Start completed.
2026-08-17 21:52:43 [main] INFO  com.zaxxer.hikari.HikariDataSource - metadata_catalogue - Shutdown initiated...
2026-08-17 21:52:43 [main] INFO  com.zaxxer.hikari.HikariDataSource - metadata_catalogue - Shutdown completed.
2026-08-17 21:52:44 [main] INFO  t.g.io/epos-eric/metadata-database/deploy:main - Creating container for image: ghcr.io/epos-eric/metadata-database/deploy:main
2026-08-17 21:52:44 [main] INFO  t.g.io/epos-eric/metadata-database/deploy:main - Container ghcr.io/epos-eric/metadata-database/deploy:main is starting: 1f2171c7b136a25d0fd529fd13218097f8a579a03dcf4540fa823aef8eac856a
2026-08-17 21:52:48 [main] INFO  t.g.io/epos-eric/metadata-database/deploy:main - Container ghcr.io/epos-eric/metadata-database/deploy:main started in PT3.916661565S
2026-08-17 21:52:48 [main] INFO  t.g.io/epos-eric/metadata-database/deploy:main - Container is started (JDBC URL: jdbc:postgresql://localhost:33186/cerif?loggerLevel=OFF)
2026-08-17 21:52:48 [main] INFO  com.zaxxer.hikari.HikariDataSource - metadata_catalogue - Starting...
2026-08-17 21:52:48 [main] INFO  com.zaxxer.hikari.pool.HikariPool - metadata_catalogue - Added connection org.postgresql.jdbc.PgConnection@49b2855d
2026-08-17 21:52:48 [main] INFO  com.zaxxer.hikari.HikariDataSource - metadata_catalogue - Start completed.
2026-08-17 21:52:48 [main] INFO  com.zaxxer.hikari.HikariDataSource - metadata_catalogue - Shutdown initiated...
2026-08-17 21:52:48 [main] INFO  com.zaxxer.hikari.HikariDataSource - metadata_catalogue - Shutdown completed.
2026-08-17 21:52:48 [main] INFO  t.g.io/epos-eric/metadata-database/deploy:main - Creating container for image: ghcr.io/epos-eric/metadata-database/deploy:main
2026-08-17 21:52:48 [main] INFO  t.g.io/epos-eric/metadata-database/deploy:main - Container ghcr.io/epos-eric/metadata-database/deploy:main is starting: 7995e607b432f7c6f431d9b4797e36603709b4e4504927a8c7e6e31726b8e44e
2026-08-17 21:52:52 [main] INFO  t.g.io/epos-eric/metadata-database/deploy:main - Container ghcr.io/epos-eric/metadata-database/deploy:main started in PT4.057862068S
2026-08-17 21:52:52 [main] INFO  t.g.io/epos-eric/metadata-database/deploy:main - Container is started (JDBC URL: jdbc:postgresql://localhost:33187/cerif?loggerLevel=OFF)
2026-08-17 21:52:52 [main] INFO  com.zaxxer.hikari.HikariDataSource - metadata_catalogue - Starting...
2026-08-17 21:52:52 [main] INFO  com.zaxxer.hikari.pool.HikariPool - metadata_catalogue - Added connection org.postgresql.jdbc.PgConnection@c7bce0
2026-08-17 21:52:52 [main] INFO  com.zaxxer.hikari.HikariDataSource - metadata_catalogue - Start completed.
2026-08-17 21:52:52 [main] INFO  com.zaxxer.hikari.HikariDataSource - metadata_catalogue - Shutdown initiated...
2026-08-17 21:52:53 [main] INFO  com.zaxxer.hikari.HikariDataSource - metadata_catalogue - Shutdown completed.
2026-08-17 21:52:53 [main] INFO  t.g.io/epos-eric/metadata-database/deploy:main - Creating container for image: ghcr.io/epos-eric/metadata-database/deploy:main
2026-08-17 21:52:53 [main] INFO  t.g.io/epos-eric/metadata-database/deploy:main - Container ghcr.io/epos-eric/metadata-database/deploy:main is starting: 60c751be4c07dcbfd26f8ee31dfe4f9752414de8308c81831e1c587a3e5e54ab
2026-08-17 21:52:58 [main] INFO  t.g.io/epos-eric/metadata-database/deploy:main - Container ghcr.io/epos-eric/metadata-database/deploy:main started in PT4.842187532S
2026-08-17 21:52:58 [main] INFO  t.g.io/epos-eric/metadata-database/deploy:main - Container is started (JDBC URL: jdbc:postgresql://localhost:33188/cerif?loggerLevel=OFF)
2026-08-17 21:52:58 [main] INFO  com.zaxxer.hikari.HikariDataSource - metadata_catalogue - Starting...
2026-08-17 21:52:58 [main] INFO  com.zaxxer.hikari.pool.HikariPool - metadata_catalogue - Added connection org.postgresql.jdbc.PgConnection@23ad20c0
2026-08-17 21:52:58 [main] INFO  com.zaxxer.hikari.HikariDataSource - metadata_catalogue - Start completed.
2026-08-17 21:52:58 [main] INFO  com.zaxxer.hikari.HikariDataSource - metadata_catalogue - Shutdown initiated...
2026-08-17 21:52:58 [main] INFO  com.zaxxer.hikari.HikariDataSource - metadata_catalogue - Shutdown completed.
2026-08-17 21:52:58 [main] INFO  t.g.io/epos-eric/metadata-database/deploy:main - Creating container for image: ghcr.io/epos-eric/metadata-database/deploy:main
2026-08-17 21:52:59 [main] INFO  t.g.io/epos-eric/metadata-database/deploy:main - Container ghcr.io/epos-eric/metadata-database/deploy:main is starting: a62ab2efea058d4a0dc9b733eb6b160b14d14bd1d8f0161a413dd3e4abb1d773
2026-08-17 21:53:03 [main] INFO  t.g.io/epos-eric/metadata-database/deploy:main - Container ghcr.io/epos-eric/metadata-database/deploy:main started in PT4.386872126S
2026-08-17 21:53:03 [main] INFO  t.g.io/epos-eric/metadata-database/deploy:main - Container is started (JDBC URL: jdbc:postgresql://localhost:33189/cerif?loggerLevel=OFF)
2026-08-17 21:53:03 [main] INFO  com.zaxxer.hikari.HikariDataSource - metadata_catalogue - Starting...
2026-08-17 21:53:03 [main] INFO  com.zaxxer.hikari.pool.HikariPool - metadata_catalogue - Added connection org.postgresql.jdbc.PgConnection@7770e431
2026-08-17 21:53:03 [main] INFO  com.zaxxer.hikari.HikariDataSource - metadata_catalogue - Start completed.
2026-08-17 21:53:03 [main] INFO  com.zaxxer.hikari.HikariDataSource - metadata_catalogue - Shutdown initiated...
2026-08-17 21:53:03 [main] INFO  com.zaxxer.hikari.HikariDataSource - metadata_catalogue - Shutdown completed.
2026-08-17 21:53:03 [main] INFO  t.g.io/epos-eric/metadata-database/deploy:main - Creating container for image: ghcr.io/epos-eric/metadata-database/deploy:main
2026-08-17 21:53:04 [main] INFO  t.g.io/epos-eric/metadata-database/deploy:main - Container ghcr.io/epos-eric/metadata-database/deploy:main is starting: 23f35010b37a07200e55109e13b6c7ee86162c14a3064b2fecf08d6f6ae47155
2026-08-17 21:53:08 [main] INFO  t.g.io/epos-eric/metadata-database/deploy:main - Container ghcr.io/epos-eric/metadata-database/deploy:main started in PT4.211385919S
2026-08-17 21:53:08 [main] INFO  t.g.io/epos-eric/metadata-database/deploy:main - Container is started (JDBC URL: jdbc:postgresql://localhost:33190/cerif?loggerLevel=OFF)
2026-08-17 21:53:08 [main] INFO  com.zaxxer.hikari.HikariDataSource - metadata_catalogue - Starting...
2026-08-17 21:53:08 [main] INFO  com.zaxxer.hikari.pool.HikariPool - metadata_catalogue - Added connection org.postgresql.jdbc.PgConnection@11b406c0
2026-08-17 21:53:08 [main] INFO  com.zaxxer.hikari.HikariDataSource - metadata_catalogue - Start completed.
2026-08-17 21:53:08 [main] INFO  com.zaxxer.hikari.HikariDataSource - metadata_catalogue - Shutdown initiated...
2026-08-17 21:53:08 [main] INFO  com.zaxxer.hikari.HikariDataSource - metadata_catalogue - Shutdown completed.
2026-08-17 21:53:08 [main] INFO  t.g.io/epos-eric/metadata-database/deploy:main - Creating container for image: ghcr.io/epos-eric/metadata-database/deploy:main
2026-08-17 21:53:08 [main] INFO  t.g.io/epos-eric/metadata-database/deploy:main - Container ghcr.io/epos-eric/metadata-database/deploy:main is starting: 188c414b91e7d425754b86f41706862b9dc679bd5dd0b6c535359a8030fc2f89
2026-08-17 21:53:12 [main] INFO  t.g.io/epos-eric/metadata-database/deploy:main - Container ghcr.io/epos-eric/metadata-database/deploy:main started in PT3.925236427S
2026-08-17 21:53:12 [main] INFO  t.g.io/epos-eric/metadata-database/deploy:main - Container is started (JDBC URL: jdbc:postgresql://localhost:33191/cerif?loggerLevel=OFF)
2026-08-17 21:53:12 [main] INFO  com.zaxxer.hikari.HikariDataSource - metadata_catalogue - Starting...
2026-08-17 21:53:12 [main] INFO  com.zaxxer.hikari.pool.HikariPool - metadata_catalogue - Added connection org.postgresql.jdbc.PgConnection@2e37373b
2026-08-17 21:53:12 [main] INFO  com.zaxxer.hikari.HikariDataSource - metadata_catalogue - Start completed.
2026-08-17 21:53:12 [main] INFO  com.zaxxer.hikari.HikariDataSource - metadata_catalogue - Shutdown initiated...
2026-08-17 21:53:13 [main] INFO  com.zaxxer.hikari.HikariDataSource - metadata_catalogue - Shutdown completed.
2026-08-17 21:53:13 [main] INFO  t.g.io/epos-eric/metadata-database/deploy:main - Creating container for image: ghcr.io/epos-eric/metadata-database/deploy:main
2026-08-17 21:53:13 [main] INFO  t.g.io/epos-eric/metadata-database/deploy:main - Container ghcr.io/epos-eric/metadata-database/deploy:main is starting: 7233489521cc6e4ed0495660d44fa0bd97372611290635f8f4f1e4670d51719e
2026-08-17 21:53:17 [main] INFO  t.g.io/epos-eric/metadata-database/deploy:main - Container ghcr.io/epos-eric/metadata-database/deploy:main started in PT4.181899073S
2026-08-17 21:53:17 [main] INFO  t.g.io/epos-eric/metadata-database/deploy:main - Container is started (JDBC URL: jdbc:postgresql://localhost:33192/cerif?loggerLevel=OFF)
2026-08-17 21:53:17 [main] INFO  com.zaxxer.hikari.HikariDataSource - metadata_catalogue - Starting...
2026-08-17 21:53:17 [main] INFO  com.zaxxer.hikari.pool.HikariPool - metadata_catalogue - Added connection org.postgresql.jdbc.PgConnection@54775f19
2026-08-17 21:53:17 [main] INFO  com.zaxxer.hikari.HikariDataSource - metadata_catalogue - Start completed.
2026-08-17 21:53:17 [main] INFO  com.zaxxer.hikari.HikariDataSource - metadata_catalogue - Shutdown initiated...
2026-08-17 21:53:17 [main] INFO  com.zaxxer.hikari.HikariDataSource - metadata_catalogue - Shutdown completed.
2026-08-17 21:53:18 [main] INFO  t.g.io/epos-eric/metadata-database/deploy:main - Creating container for image: ghcr.io/epos-eric/metadata-database/deploy:main
2026-08-17 21:53:18 [main] INFO  t.g.io/epos-eric/metadata-database/deploy:main - Container ghcr.io/epos-eric/metadata-database/deploy:main is starting: a68dc81e71ad610bac714ce8968def4638ea1c853f2afb1b2d9b318aa0c27101
2026-08-17 21:53:22 [main] INFO  t.g.io/epos-eric/metadata-database/deploy:main - Container ghcr.io/epos-eric/metadata-database/deploy:main started in PT4.795707212S
2026-08-17 21:53:22 [main] INFO  t.g.io/epos-eric/metadata-database/deploy:main - Container is started (JDBC URL: jdbc:postgresql://localhost:33193/cerif?loggerLevel=OFF)
2026-08-17 21:53:22 [main] INFO  com.zaxxer.hikari.HikariDataSource - metadata_catalogue - Starting...
2026-08-17 21:53:22 [main] INFO  com.zaxxer.hikari.pool.HikariPool - metadata_catalogue - Added connection org.postgresql.jdbc.PgConnection@4937e5d1
2026-08-17 21:53:22 [main] INFO  com.zaxxer.hikari.HikariDataSource - metadata_catalogue - Start completed.
2026-08-17 21:53:26 [main] INFO  com.zaxxer.hikari.HikariDataSource - metadata_catalogue - Shutdown initiated...
2026-08-17 21:53:26 [main] INFO  com.zaxxer.hikari.HikariDataSource - metadata_catalogue - Shutdown completed.
2026-08-17 21:53:26 [main] INFO  t.g.io/epos-eric/metadata-database/deploy:main - Creating container for image: ghcr.io/epos-eric/metadata-database/deploy:main
2026-08-17 21:53:26 [main] INFO  t.g.io/epos-eric/metadata-database/deploy:main - Container ghcr.io/epos-eric/metadata-database/deploy:main is starting: 8f14789f4bc3c036c669bfc65d51a284617852c5b5db8d7c5fb9a6ea07ddf144
2026-08-17 21:53:30 [main] INFO  t.g.io/epos-eric/metadata-database/deploy:main - Container ghcr.io/epos-eric/metadata-database/deploy:main started in PT3.968970448S
2026-08-17 21:53:30 [main] INFO  t.g.io/epos-eric/metadata-database/deploy:main - Container is started (JDBC URL: jdbc:postgresql://localhost:33194/cerif?loggerLevel=OFF)
2026-08-17 21:53:30 [main] INFO  com.zaxxer.hikari.HikariDataSource - metadata_catalogue - Starting...
2026-08-17 21:53:30 [main] INFO  com.zaxxer.hikari.pool.HikariPool - metadata_catalogue - Added connection org.postgresql.jdbc.PgConnection@6425df78
2026-08-17 21:53:30 [main] INFO  com.zaxxer.hikari.HikariDataSource - metadata_catalogue - Start completed.
2026-08-17 21:53:30 [main] INFO  com.zaxxer.hikari.HikariDataSource - metadata_catalogue - Shutdown initiated...
2026-08-17 21:53:30 [main] INFO  com.zaxxer.hikari.HikariDataSource - metadata_catalogue - Shutdown completed.
2026-08-17 21:53:31 [main] INFO  t.g.io/epos-eric/metadata-database/deploy:main - Creating container for image: ghcr.io/epos-eric/metadata-database/deploy:main
2026-08-17 21:53:31 [main] INFO  t.g.io/epos-eric/metadata-database/deploy:main - Container ghcr.io/epos-eric/metadata-database/deploy:main is starting: 05c3837ca8521342f0554964fb94dcdee399b1636e8361f4278f669fdd921a67
2026-08-17 21:53:35 [main] INFO  t.g.io/epos-eric/metadata-database/deploy:main - Container ghcr.io/epos-eric/metadata-database/deploy:main started in PT4.839860389S
2026-08-17 21:53:35 [main] INFO  t.g.io/epos-eric/metadata-database/deploy:main - Container is started (JDBC URL: jdbc:postgresql://localhost:33195/cerif?loggerLevel=OFF)
2026-08-17 21:53:35 [main] INFO  com.zaxxer.hikari.HikariDataSource - metadata_catalogue - Starting...
2026-08-17 21:53:35 [main] INFO  com.zaxxer.hikari.pool.HikariPool - metadata_catalogue - Added connection org.postgresql.jdbc.PgConnection@3d41c893
2026-08-17 21:53:35 [main] INFO  com.zaxxer.hikari.HikariDataSource - metadata_catalogue - Start completed.
2026-08-17 21:53:36 [main] INFO  com.zaxxer.hikari.HikariDataSource - metadata_catalogue - Shutdown initiated...
2026-08-17 21:53:36 [main] INFO  com.zaxxer.hikari.HikariDataSource - metadata_catalogue - Shutdown completed.
2026-08-17 21:53:36 [main] INFO  t.g.io/epos-eric/metadata-database/deploy:main - Creating container for image: ghcr.io/epos-eric/metadata-database/deploy:main
2026-08-17 21:53:36 [main] INFO  t.g.io/epos-eric/metadata-database/deploy:main - Container ghcr.io/epos-eric/metadata-database/deploy:main is starting: a863fe62703aa79b1d86f639badbd32f23363a7b591ea6445768b0e7d08db25a
2026-08-17 21:53:41 [main] INFO  t.g.io/epos-eric/metadata-database/deploy:main - Container ghcr.io/epos-eric/metadata-database/deploy:main started in PT5.067698839S
2026-08-17 21:53:41 [main] INFO  t.g.io/epos-eric/metadata-database/deploy:main - Container is started (JDBC URL: jdbc:postgresql://localhost:33196/cerif?loggerLevel=OFF)
2026-08-17 21:53:41 [main] INFO  com.zaxxer.hikari.HikariDataSource - metadata_catalogue - Starting...
2026-08-17 21:53:41 [main] INFO  com.zaxxer.hikari.pool.HikariPool - metadata_catalogue - Added connection org.postgresql.jdbc.PgConnection@64d1096b
2026-08-17 21:53:41 [main] INFO  com.zaxxer.hikari.HikariDataSource - metadata_catalogue - Start completed.
2026-08-17 21:53:41 [main] INFO  com.zaxxer.hikari.HikariDataSource - metadata_catalogue - Shutdown initiated...
2026-08-17 21:53:41 [main] INFO  com.zaxxer.hikari.HikariDataSource - metadata_catalogue - Shutdown completed.
2026-08-17 21:53:42 [main] INFO  t.g.io/epos-eric/metadata-database/deploy:main - Creating container for image: ghcr.io/epos-eric/metadata-database/deploy:main
2026-08-17 21:53:42 [main] INFO  t.g.io/epos-eric/metadata-database/deploy:main - Container ghcr.io/epos-eric/metadata-database/deploy:main is starting: 3766addbd90a437778ca8dad03fa68f3fbd937f1f8e1ccf8fe16e2118eee99fa
2026-08-17 21:53:46 [main] INFO  t.g.io/epos-eric/metadata-database/deploy:main - Container ghcr.io/epos-eric/metadata-database/deploy:main started in PT4.634615057S
2026-08-17 21:53:46 [main] INFO  t.g.io/epos-eric/metadata-database/deploy:main - Container is started (JDBC URL: jdbc:postgresql://localhost:33197/cerif?loggerLevel=OFF)
2026-08-17 21:53:46 [main] INFO  com.zaxxer.hikari.HikariDataSource - metadata_catalogue - Starting...
2026-08-17 21:53:46 [main] INFO  com.zaxxer.hikari.pool.HikariPool - metadata_catalogue - Added connection org.postgresql.jdbc.PgConnection@469bac8d
2026-08-17 21:53:46 [main] INFO  com.zaxxer.hikari.HikariDataSource - metadata_catalogue - Start completed.
2026-08-17 21:53:47 [main] INFO  com.zaxxer.hikari.HikariDataSource - metadata_catalogue - Shutdown initiated...
2026-08-17 21:53:47 [main] INFO  com.zaxxer.hikari.HikariDataSource - metadata_catalogue - Shutdown completed.
2026-08-17 21:53:47 [main] INFO  t.g.io/epos-eric/metadata-database/deploy:main - Creating container for image: ghcr.io/epos-eric/metadata-database/deploy:main
2026-08-17 21:53:47 [main] INFO  t.g.io/epos-eric/metadata-database/deploy:main - Container ghcr.io/epos-eric/metadata-database/deploy:main is starting: d907753fef53a0fea9e2187034d7ba9b9e8be4e42f756ea49d0c6b2ca5d27dd7
2026-08-17 21:53:52 [main] INFO  t.g.io/epos-eric/metadata-database/deploy:main - Container ghcr.io/epos-eric/metadata-database/deploy:main started in PT4.905745005S
2026-08-17 21:53:52 [main] INFO  t.g.io/epos-eric/metadata-database/deploy:main - Container is started (JDBC URL: jdbc:postgresql://localhost:33198/cerif?loggerLevel=OFF)
2026-08-17 21:53:52 [main] INFO  com.zaxxer.hikari.HikariDataSource - metadata_catalogue - Starting...
2026-08-17 21:53:52 [main] INFO  com.zaxxer.hikari.pool.HikariPool - metadata_catalogue - Added connection org.postgresql.jdbc.PgConnection@2b00bf68
2026-08-17 21:53:52 [main] INFO  com.zaxxer.hikari.HikariDataSource - metadata_catalogue - Start completed.
2026-08-17 21:53:52 [main] INFO  com.zaxxer.hikari.HikariDataSource - metadata_catalogue - Shutdown initiated...
2026-08-17 21:53:52 [main] INFO  com.zaxxer.hikari.HikariDataSource - metadata_catalogue - Shutdown completed.
2026-08-17 21:53:53 [main] INFO  t.g.io/epos-eric/metadata-database/deploy:main - Creating container for image: ghcr.io/epos-eric/metadata-database/deploy:main
2026-08-17 21:53:53 [main] INFO  t.g.io/epos-eric/metadata-database/deploy:main - Container ghcr.io/epos-eric/metadata-database/deploy:main is starting: b549a2004945130b248550b3e3d842af656e502b30e2b6a641f74b5fed48dd67
2026-08-17 21:53:57 [main] INFO  t.g.io/epos-eric/metadata-database/deploy:main - Container ghcr.io/epos-eric/metadata-database/deploy:main started in PT4.85498378S
2026-08-17 21:53:57 [main] INFO  t.g.io/epos-eric/metadata-database/deploy:main - Container is started (JDBC URL: jdbc:postgresql://localhost:33199/cerif?loggerLevel=OFF)
2026-08-17 21:53:57 [main] INFO  com.zaxxer.hikari.HikariDataSource - metadata_catalogue - Starting...
2026-08-17 21:53:57 [main] INFO  com.zaxxer.hikari.pool.HikariPool - metadata_catalogue - Added connection org.postgresql.jdbc.PgConnection@1bce0b0e
2026-08-17 21:53:57 [main] INFO  com.zaxxer.hikari.HikariDataSource - metadata_catalogue - Start completed.
2026-08-17 21:53:57 [main] INFO  com.zaxxer.hikari.HikariDataSource - metadata_catalogue - Shutdown initiated...
2026-08-17 21:53:57 [main] INFO  com.zaxxer.hikari.HikariDataSource - metadata_catalogue - Shutdown completed.
2026-08-17 21:53:58 [main] INFO  t.g.io/epos-eric/metadata-database/deploy:main - Creating container for image: ghcr.io/epos-eric/metadata-database/deploy:main
2026-08-17 21:53:58 [main] INFO  t.g.io/epos-eric/metadata-database/deploy:main - Container ghcr.io/epos-eric/metadata-database/deploy:main is starting: 961fdc1926e9336487d071c451247511439b5896db393cd3c16bc48e2eebde99
2026-08-17 21:54:02 [main] INFO  t.g.io/epos-eric/metadata-database/deploy:main - Container ghcr.io/epos-eric/metadata-database/deploy:main started in PT3.88144688S
2026-08-17 21:54:02 [main] INFO  t.g.io/epos-eric/metadata-database/deploy:main - Container is started (JDBC URL: jdbc:postgresql://localhost:33200/cerif?loggerLevel=OFF)
2026-08-17 21:54:02 [main] INFO  com.zaxxer.hikari.HikariDataSource - metadata_catalogue - Starting...
2026-08-17 21:54:02 [main] INFO  com.zaxxer.hikari.pool.HikariPool - metadata_catalogue - Added connection org.postgresql.jdbc.PgConnection@62c923e1
2026-08-17 21:54:02 [main] INFO  com.zaxxer.hikari.HikariDataSource - metadata_catalogue - Start completed.
2026-08-17 21:54:02 [main] INFO  com.zaxxer.hikari.HikariDataSource - metadata_catalogue - Shutdown initiated...
2026-08-17 21:54:02 [main] INFO  com.zaxxer.hikari.HikariDataSource - metadata_catalogue - Shutdown completed.
2026-08-17 21:54:03 [main] INFO  t.g.io/epos-eric/metadata-database/deploy:main - Creating container for image: ghcr.io/epos-eric/metadata-database/deploy:main
2026-08-17 21:54:03 [main] INFO  t.g.io/epos-eric/metadata-database/deploy:main - Container ghcr.io/epos-eric/metadata-database/deploy:main is starting: cccc2040df2d0880854d3d28bf65438cdb6a5e1b8111e3fb7b6e321176b46475
2026-08-17 21:54:08 [main] INFO  t.g.io/epos-eric/metadata-database/deploy:main - Container ghcr.io/epos-eric/metadata-database/deploy:main started in PT5.054911369S
2026-08-17 21:54:08 [main] INFO  t.g.io/epos-eric/metadata-database/deploy:main - Container is started (JDBC URL: jdbc:postgresql://localhost:33201/cerif?loggerLevel=OFF)
2026-08-17 21:54:08 [main] INFO  com.zaxxer.hikari.HikariDataSource - metadata_catalogue - Starting...
2026-08-17 21:54:08 [main] INFO  com.zaxxer.hikari.pool.HikariPool - metadata_catalogue - Added connection org.postgresql.jdbc.PgConnection@73505b8e
2026-08-17 21:54:08 [main] INFO  com.zaxxer.hikari.HikariDataSource - metadata_catalogue - Start completed.
2026-08-17 21:54:08 [main] INFO  com.zaxxer.hikari.HikariDataSource - metadata_catalogue - Shutdown initiated...
2026-08-17 21:54:08 [main] INFO  com.zaxxer.hikari.HikariDataSource - metadata_catalogue - Shutdown completed.
2026-08-17 21:54:08 [main] INFO  t.g.io/epos-eric/metadata-database/deploy:main - Creating container for image: ghcr.io/epos-eric/metadata-database/deploy:main
2026-08-17 21:54:08 [main] INFO  t.g.io/epos-eric/metadata-database/deploy:main - Container ghcr.io/epos-eric/metadata-database/deploy:main is starting: c09018832f4059aeeb9c853fed99c16737ded5b50ed2a5d35350fb75eead33b9
2026-08-17 21:54:12 [main] INFO  t.g.io/epos-eric/metadata-database/deploy:main - Container ghcr.io/epos-eric/metadata-database/deploy:main started in PT4.186220597S
2026-08-17 21:54:12 [main] INFO  t.g.io/epos-eric/metadata-database/deploy:main - Container is started (JDBC URL: jdbc:postgresql://localhost:33202/cerif?loggerLevel=OFF)
2026-08-17 21:54:12 [main] INFO  com.zaxxer.hikari.HikariDataSource - metadata_catalogue - Starting...
2026-08-17 21:54:13 [main] INFO  com.zaxxer.hikari.pool.HikariPool - metadata_catalogue - Added connection org.postgresql.jdbc.PgConnection@3711ff00
2026-08-17 21:54:13 [main] INFO  com.zaxxer.hikari.HikariDataSource - metadata_catalogue - Start completed.
2026-08-17 21:54:13 [main] INFO  com.zaxxer.hikari.HikariDataSource - metadata_catalogue - Shutdown initiated...
2026-08-17 21:54:13 [main] INFO  com.zaxxer.hikari.HikariDataSource - metadata_catalogue - Shutdown completed.
2026-08-17 21:54:13 [main] INFO  t.g.io/epos-eric/metadata-database/deploy:main - Creating container for image: ghcr.io/epos-eric/metadata-database/deploy:main
2026-08-17 21:54:13 [main] INFO  t.g.io/epos-eric/metadata-database/deploy:main - Container ghcr.io/epos-eric/metadata-database/deploy:main is starting: bf85eb61da2b14e673b7dbb31452f75bdb2ec65a31f641933eb48c418837f8ef
2026-08-17 21:54:18 [main] INFO  t.g.io/epos-eric/metadata-database/deploy:main - Container ghcr.io/epos-eric/metadata-database/deploy:main started in PT4.788809615S
2026-08-17 21:54:18 [main] INFO  t.g.io/epos-eric/metadata-database/deploy:main - Container is started (JDBC URL: jdbc:postgresql://localhost:33203/cerif?loggerLevel=OFF)
2026-08-17 21:54:18 [main] INFO  com.zaxxer.hikari.HikariDataSource - metadata_catalogue - Starting...
2026-08-17 21:54:18 [main] INFO  com.zaxxer.hikari.pool.HikariPool - metadata_catalogue - Added connection org.postgresql.jdbc.PgConnection@7a72c8ec
2026-08-17 21:54:18 [main] INFO  com.zaxxer.hikari.HikariDataSource - metadata_catalogue - Start completed.
2026-08-17 21:54:30 [main] INFO  com.zaxxer.hikari.HikariDataSource - metadata_catalogue - Shutdown initiated...
2026-08-17 21:54:30 [main] INFO  com.zaxxer.hikari.HikariDataSource - metadata_catalogue - Shutdown completed.
2026-08-17 21:54:30 [main] INFO  t.g.io/epos-eric/metadata-database/deploy:main - Creating container for image: ghcr.io/epos-eric/metadata-database/deploy:main
2026-08-17 21:54:30 [main] INFO  t.g.io/epos-eric/metadata-database/deploy:main - Container ghcr.io/epos-eric/metadata-database/deploy:main is starting: 0d388d299a6fff8faafe7dc0d842dfe0359d423a7c0f612c957e2e11c1d67356
2026-08-17 21:54:34 [main] INFO  t.g.io/epos-eric/metadata-database/deploy:main - Container ghcr.io/epos-eric/metadata-database/deploy:main started in PT4.372471706S
2026-08-17 21:54:34 [main] INFO  t.g.io/epos-eric/metadata-database/deploy:main - Container is started (JDBC URL: jdbc:postgresql://localhost:33204/cerif?loggerLevel=OFF)
2026-08-17 21:54:34 [main] INFO  com.zaxxer.hikari.HikariDataSource - metadata_catalogue - Starting...
2026-08-17 21:54:34 [main] INFO  com.zaxxer.hikari.pool.HikariPool - metadata_catalogue - Added connection org.postgresql.jdbc.PgConnection@9ae12a0
2026-08-17 21:54:34 [main] INFO  com.zaxxer.hikari.HikariDataSource - metadata_catalogue - Start completed.
2026-08-17 21:54:35 [main] INFO  com.zaxxer.hikari.HikariDataSource - metadata_catalogue - Shutdown initiated...
2026-08-17 21:54:35 [main] INFO  com.zaxxer.hikari.HikariDataSource - metadata_catalogue - Shutdown completed.
2026-08-17 21:54:35 [main] INFO  t.g.io/epos-eric/metadata-database/deploy:main - Creating container for image: ghcr.io/epos-eric/metadata-database/deploy:main
2026-08-17 21:54:35 [main] INFO  t.g.io/epos-eric/metadata-database/deploy:main - Container ghcr.io/epos-eric/metadata-database/deploy:main is starting: 41cee340143da82ff1c61e1b68477822b9c8cb1ed794b631bfb996f47878d0c9
2026-08-17 21:54:40 [main] INFO  t.g.io/epos-eric/metadata-database/deploy:main - Container ghcr.io/epos-eric/metadata-database/deploy:main started in PT4.440082525S
2026-08-17 21:54:40 [main] INFO  t.g.io/epos-eric/metadata-database/deploy:main - Container is started (JDBC URL: jdbc:postgresql://localhost:33205/cerif?loggerLevel=OFF)
2026-08-17 21:54:40 [main] INFO  com.zaxxer.hikari.HikariDataSource - metadata_catalogue - Starting...
2026-08-17 21:54:40 [main] INFO  com.zaxxer.hikari.pool.HikariPool - metadata_catalogue - Added connection org.postgresql.jdbc.PgConnection@2ed73bd5
2026-08-17 21:54:40 [main] INFO  com.zaxxer.hikari.HikariDataSource - metadata_catalogue - Start completed.
2026-08-17 21:54:40 [main] INFO  com.zaxxer.hikari.HikariDataSource - metadata_catalogue - Shutdown initiated...
2026-08-17 21:54:40 [main] INFO  com.zaxxer.hikari.HikariDataSource - metadata_catalogue - Shutdown completed.
2026-08-17 21:54:40 [main] INFO  t.g.io/epos-eric/metadata-database/deploy:main - Creating container for image: ghcr.io/epos-eric/metadata-database/deploy:main
2026-08-17 21:54:40 [main] INFO  t.g.io/epos-eric/metadata-database/deploy:main - Container ghcr.io/epos-eric/metadata-database/deploy:main is starting: 6806c7053b8d0c07891eeebeb8286d3c697dfe1a86506336a596c87865bf11f1
2026-08-17 21:54:45 [main] INFO  t.g.io/epos-eric/metadata-database/deploy:main - Container ghcr.io/epos-eric/metadata-database/deploy:main started in PT4.893851666S
2026-08-17 21:54:45 [main] INFO  t.g.io/epos-eric/metadata-database/deploy:main - Container is started (JDBC URL: jdbc:postgresql://localhost:33206/cerif?loggerLevel=OFF)
2026-08-17 21:54:45 [main] INFO  com.zaxxer.hikari.HikariDataSource - metadata_catalogue - Starting...
2026-08-17 21:54:45 [main] INFO  com.zaxxer.hikari.pool.HikariPool - metadata_catalogue - Added connection org.postgresql.jdbc.PgConnection@2756eab0
2026-08-17 21:54:45 [main] INFO  com.zaxxer.hikari.HikariDataSource - metadata_catalogue - Start completed.
2026-08-17 21:54:45 [main] INFO  com.zaxxer.hikari.HikariDataSource - metadata_catalogue - Shutdown initiated...
2026-08-17 21:54:45 [main] INFO  com.zaxxer.hikari.HikariDataSource - metadata_catalogue - Shutdown completed.
2026-08-17 21:54:46 [main] INFO  t.g.io/epos-eric/metadata-database/deploy:main - Creating container for image: ghcr.io/epos-eric/metadata-database/deploy:main
2026-08-17 21:54:46 [main] INFO  t.g.io/epos-eric/metadata-database/deploy:main - Container ghcr.io/epos-eric/metadata-database/deploy:main is starting: 12b576a4fa50822d0a6b11be9e4c2977cbb360a5713a0b2c1e9156a0f3dcc5e9
2026-08-17 21:54:50 [main] INFO  t.g.io/epos-eric/metadata-database/deploy:main - Container ghcr.io/epos-eric/metadata-database/deploy:main started in PT3.878920352S
2026-08-17 21:54:50 [main] INFO  t.g.io/epos-eric/metadata-database/deploy:main - Container is started (JDBC URL: jdbc:postgresql://localhost:33207/cerif?loggerLevel=OFF)
2026-08-17 21:54:50 [main] INFO  com.zaxxer.hikari.HikariDataSource - metadata_catalogue - Starting...
2026-08-17 21:54:50 [main] INFO  com.zaxxer.hikari.pool.HikariPool - metadata_catalogue - Added connection org.postgresql.jdbc.PgConnection@255b58a2
2026-08-17 21:54:50 [main] INFO  com.zaxxer.hikari.HikariDataSource - metadata_catalogue - Start completed.
2026-08-17 21:54:50 [main] INFO  com.zaxxer.hikari.HikariDataSource - metadata_catalogue - Shutdown initiated...
2026-08-17 21:54:50 [main] INFO  com.zaxxer.hikari.HikariDataSource - metadata_catalogue - Shutdown completed.
2026-08-17 21:54:50 [main] INFO  t.g.io/epos-eric/metadata-database/deploy:main - Creating container for image: ghcr.io/epos-eric/metadata-database/deploy:main
2026-08-17 21:54:50 [main] INFO  t.g.io/epos-eric/metadata-database/deploy:main - Container ghcr.io/epos-eric/metadata-database/deploy:main is starting: f2eea4f7cb2119b1b52b734dadb2fb5b513e72f2a5889483001a3f2f7673a816
2026-08-17 21:54:55 [main] INFO  t.g.io/epos-eric/metadata-database/deploy:main - Container ghcr.io/epos-eric/metadata-database/deploy:main started in PT4.683597921S
2026-08-17 21:54:55 [main] INFO  t.g.io/epos-eric/metadata-database/deploy:main - Container is started (JDBC URL: jdbc:postgresql://localhost:33208/cerif?loggerLevel=OFF)
2026-08-17 21:54:55 [main] INFO  com.zaxxer.hikari.HikariDataSource - metadata_catalogue - Starting...
2026-08-17 21:54:55 [main] INFO  com.zaxxer.hikari.pool.HikariPool - metadata_catalogue - Added connection org.postgresql.jdbc.PgConnection@3beae30d
2026-08-17 21:54:55 [main] INFO  com.zaxxer.hikari.HikariDataSource - metadata_catalogue - Start completed.
2026-08-17 21:54:55 [main] INFO  com.zaxxer.hikari.HikariDataSource - metadata_catalogue - Shutdown initiated...
2026-08-17 21:54:55 [main] INFO  com.zaxxer.hikari.HikariDataSource - metadata_catalogue - Shutdown completed.
2026-08-17 21:54:55 [main] INFO  t.g.io/epos-eric/metadata-database/deploy:main - Creating container for image: ghcr.io/epos-eric/metadata-database/deploy:main
2026-08-17 21:54:55 [main] INFO  t.g.io/epos-eric/metadata-database/deploy:main - Container ghcr.io/epos-eric/metadata-database/deploy:main is starting: 284c986347ef1e3081c62ca10e738da94b9e56bf9036bcbcd542772f01a00d97
2026-08-17 21:54:59 [main] INFO  t.g.io/epos-eric/metadata-database/deploy:main - Container ghcr.io/epos-eric/metadata-database/deploy:main started in PT3.794096237S
2026-08-17 21:54:59 [main] INFO  t.g.io/epos-eric/metadata-database/deploy:main - Container is started (JDBC URL: jdbc:postgresql://localhost:33209/cerif?loggerLevel=OFF)
2026-08-17 21:54:59 [main] INFO  com.zaxxer.hikari.HikariDataSource - metadata_catalogue - Starting...
2026-08-17 21:54:59 [main] INFO  com.zaxxer.hikari.pool.HikariPool - metadata_catalogue - Added connection org.postgresql.jdbc.PgConnection@344b54ad
2026-08-17 21:54:59 [main] INFO  com.zaxxer.hikari.HikariDataSource - metadata_catalogue - Start completed.
2026-08-17 21:55:00 [main] INFO  com.zaxxer.hikari.HikariDataSource - metadata_catalogue - Shutdown initiated...
2026-08-17 21:55:00 [main] INFO  com.zaxxer.hikari.HikariDataSource - metadata_catalogue - Shutdown completed.
2026-08-17 21:55:00 [main] INFO  t.g.io/epos-eric/metadata-database/deploy:main - Creating container for image: ghcr.io/epos-eric/metadata-database/deploy:main
2026-08-17 21:55:01 [main] INFO  t.g.io/epos-eric/metadata-database/deploy:main - Container ghcr.io/epos-eric/metadata-database/deploy:main is starting: 83c212628f99d7cac4ffe3ce6107c028c3105b59bae22e0b2581edc3ca32e358
2026-08-17 21:55:05 [main] INFO  t.g.io/epos-eric/metadata-database/deploy:main - Container ghcr.io/epos-eric/metadata-database/deploy:main started in PT4.661167742S
2026-08-17 21:55:05 [main] INFO  t.g.io/epos-eric/metadata-database/deploy:main - Container is started (JDBC URL: jdbc:postgresql://localhost:33210/cerif?loggerLevel=OFF)
2026-08-17 21:55:05 [main] INFO  com.zaxxer.hikari.HikariDataSource - metadata_catalogue - Starting...
2026-08-17 21:55:05 [main] INFO  com.zaxxer.hikari.pool.HikariPool - metadata_catalogue - Added connection org.postgresql.jdbc.PgConnection@4a8feac1
2026-08-17 21:55:05 [main] INFO  com.zaxxer.hikari.HikariDataSource - metadata_catalogue - Start completed.
2026-08-17 21:55:05 [main] INFO  com.zaxxer.hikari.HikariDataSource - metadata_catalogue - Shutdown initiated...
2026-08-17 21:55:05 [main] INFO  com.zaxxer.hikari.HikariDataSource - metadata_catalogue - Shutdown completed.
2026-08-17 21:55:06 [main] INFO  t.g.io/epos-eric/metadata-database/deploy:main - Creating container for image: ghcr.io/epos-eric/metadata-database/deploy:main
2026-08-17 21:55:06 [main] INFO  t.g.io/epos-eric/metadata-database/deploy:main - Container ghcr.io/epos-eric/metadata-database/deploy:main is starting: cd2c258f8346514dbe80ea024fa202cb49148bce36dad27b8c7cb412f10079e9
2026-08-17 21:55:10 [main] INFO  t.g.io/epos-eric/metadata-database/deploy:main - Container ghcr.io/epos-eric/metadata-database/deploy:main started in PT4.662867655S
2026-08-17 21:55:10 [main] INFO  t.g.io/epos-eric/metadata-database/deploy:main - Container is started (JDBC URL: jdbc:postgresql://localhost:33211/cerif?loggerLevel=OFF)
2026-08-17 21:55:10 [main] INFO  com.zaxxer.hikari.HikariDataSource - metadata_catalogue - Starting...
2026-08-17 21:55:10 [main] INFO  com.zaxxer.hikari.pool.HikariPool - metadata_catalogue - Added connection org.postgresql.jdbc.PgConnection@639cf6f5
2026-08-17 21:55:10 [main] INFO  com.zaxxer.hikari.HikariDataSource - metadata_catalogue - Start completed.
2026-08-17 21:55:11 [main] INFO  com.zaxxer.hikari.HikariDataSource - metadata_catalogue - Shutdown initiated...
2026-08-17 21:55:11 [main] INFO  com.zaxxer.hikari.HikariDataSource - metadata_catalogue - Shutdown completed.
2026-08-17 21:55:11 [main] INFO  t.g.io/epos-eric/metadata-database/deploy:main - Creating container for image: ghcr.io/epos-eric/metadata-database/deploy:main
2026-08-17 21:55:11 [main] INFO  t.g.io/epos-eric/metadata-database/deploy:main - Container ghcr.io/epos-eric/metadata-database/deploy:main is starting: 18f34da4b98cde64e59126b1b33ffea115bbaefcc5c1da60db51246b65bb9433
2026-08-17 21:55:15 [main] INFO  t.g.io/epos-eric/metadata-database/deploy:main - Container ghcr.io/epos-eric/metadata-database/deploy:main started in PT4.3776616S
2026-08-17 21:55:15 [main] INFO  t.g.io/epos-eric/metadata-database/deploy:main - Container is started (JDBC URL: jdbc:postgresql://localhost:33212/cerif?loggerLevel=OFF)
2026-08-17 21:55:15 [main] INFO  com.zaxxer.hikari.HikariDataSource - metadata_catalogue - Starting...
2026-08-17 21:55:15 [main] INFO  com.zaxxer.hikari.pool.HikariPool - metadata_catalogue - Added connection org.postgresql.jdbc.PgConnection@4b12e5c9
2026-08-17 21:55:15 [main] INFO  com.zaxxer.hikari.HikariDataSource - metadata_catalogue - Start completed.
2026-08-17 21:55:16 [main] INFO  com.zaxxer.hikari.HikariDataSource - metadata_catalogue - Shutdown initiated...
2026-08-17 21:55:16 [main] INFO  com.zaxxer.hikari.HikariDataSource - metadata_catalogue - Shutdown completed.
2026-08-17 21:55:16 [main] INFO  t.g.io/epos-eric/metadata-database/deploy:main - Creating container for image: ghcr.io/epos-eric/metadata-database/deploy:main
2026-08-17 21:55:16 [main] INFO  t.g.io/epos-eric/metadata-database/deploy:main - Container ghcr.io/epos-eric/metadata-database/deploy:main is starting: abe54df7f8caaae1bd9ecc676156526b2a8f8a0d521107de71e4a27a891ce34b
2026-08-17 21:55:20 [main] INFO  t.g.io/epos-eric/metadata-database/deploy:main - Container ghcr.io/epos-eric/metadata-database/deploy:main started in PT4.336790702S
2026-08-17 21:55:20 [main] INFO  t.g.io/epos-eric/metadata-database/deploy:main - Container is started (JDBC URL: jdbc:postgresql://localhost:33213/cerif?loggerLevel=OFF)
2026-08-17 21:55:20 [main] INFO  com.zaxxer.hikari.HikariDataSource - metadata_catalogue - Starting...
2026-08-17 21:55:20 [main] INFO  com.zaxxer.hikari.pool.HikariPool - metadata_catalogue - Added connection org.postgresql.jdbc.PgConnection@660abca
2026-08-17 21:55:20 [main] INFO  com.zaxxer.hikari.HikariDataSource - metadata_catalogue - Start completed.
2026-08-17 21:55:21 [main] INFO  com.zaxxer.hikari.HikariDataSource - metadata_catalogue - Shutdown initiated...
2026-08-17 21:55:21 [main] INFO  com.zaxxer.hikari.HikariDataSource - metadata_catalogue - Shutdown completed.
2026-08-17 21:55:21 [main] INFO  t.g.io/epos-eric/metadata-database/deploy:main - Creating container for image: ghcr.io/epos-eric/metadata-database/deploy:main
2026-08-17 21:55:21 [main] INFO  t.g.io/epos-eric/metadata-database/deploy:main - Container ghcr.io/epos-eric/metadata-database/deploy:main is starting: 752c8c5bf4db26ca67dc649ae1a2348be3897a4fdb006a9e0cb4aa3a842fcfdb
2026-08-17 21:55:26 [main] INFO  t.g.io/epos-eric/metadata-database/deploy:main - Container ghcr.io/epos-eric/metadata-database/deploy:main started in PT4.571792447S
2026-08-17 21:55:26 [main] INFO  t.g.io/epos-eric/metadata-database/deploy:main - Container is started (JDBC URL: jdbc:postgresql://localhost:33214/cerif?loggerLevel=OFF)
2026-08-17 21:55:26 [main] INFO  com.zaxxer.hikari.HikariDataSource - metadata_catalogue - Starting...
2026-08-17 21:55:26 [main] INFO  com.zaxxer.hikari.pool.HikariPool - metadata_catalogue - Added connection org.postgresql.jdbc.PgConnection@4b85ec07
2026-08-17 21:55:26 [main] INFO  com.zaxxer.hikari.HikariDataSource - metadata_catalogue - Start completed.
2026-08-17 21:55:26 [main] INFO  com.zaxxer.hikari.HikariDataSource - metadata_catalogue - Shutdown initiated...
2026-08-17 21:55:26 [main] INFO  com.zaxxer.hikari.HikariDataSource - metadata_catalogue - Shutdown completed.
2026-08-17 21:55:26 [main] INFO  t.g.io/epos-eric/metadata-database/deploy:main - Creating container for image: ghcr.io/epos-eric/metadata-database/deploy:main
2026-08-17 21:55:26 [main] INFO  t.g.io/epos-eric/metadata-database/deploy:main - Container ghcr.io/epos-eric/metadata-database/deploy:main is starting: a119e9094641b46d1b9334c17b7e4cb1e807c502882f7c79a24a66557f05da0c
2026-08-17 21:55:30 [main] INFO  t.g.io/epos-eric/metadata-database/deploy:main - Container ghcr.io/epos-eric/metadata-database/deploy:main started in PT4.254998026S
2026-08-17 21:55:30 [main] INFO  t.g.io/epos-eric/metadata-database/deploy:main - Container is started (JDBC URL: jdbc:postgresql://localhost:33215/cerif?loggerLevel=OFF)
2026-08-17 21:55:30 [main] INFO  com.zaxxer.hikari.HikariDataSource - metadata_catalogue - Starting...
2026-08-17 21:55:30 [main] INFO  com.zaxxer.hikari.pool.HikariPool - metadata_catalogue - Added connection org.postgresql.jdbc.PgConnection@3ff8a6a6
2026-08-17 21:55:30 [main] INFO  com.zaxxer.hikari.HikariDataSource - metadata_catalogue - Start completed.
2026-08-17 21:55:31 [main] INFO  com.zaxxer.hikari.HikariDataSource - metadata_catalogue - Shutdown initiated...
2026-08-17 21:55:31 [main] INFO  com.zaxxer.hikari.HikariDataSource - metadata_catalogue - Shutdown completed.
2026-08-17 21:55:31 [main] INFO  t.g.io/epos-eric/metadata-database/deploy:main - Creating container for image: ghcr.io/epos-eric/metadata-database/deploy:main
2026-08-17 21:55:31 [main] INFO  t.g.io/epos-eric/metadata-database/deploy:main - Container ghcr.io/epos-eric/metadata-database/deploy:main is starting: 875b6eac27eb0ceeb09205279c6295be2bf4dda1a623760e2f5ad7cfd63944c7
2026-08-17 21:55:36 [main] INFO  t.g.io/epos-eric/metadata-database/deploy:main - Container ghcr.io/epos-eric/metadata-database/deploy:main started in PT4.769492021S
2026-08-17 21:55:36 [main] INFO  t.g.io/epos-eric/metadata-database/deploy:main - Container is started (JDBC URL: jdbc:postgresql://localhost:33216/cerif?loggerLevel=OFF)
2026-08-17 21:55:36 [main] INFO  com.zaxxer.hikari.HikariDataSource - metadata_catalogue - Starting...
2026-08-17 21:55:36 [main] INFO  com.zaxxer.hikari.pool.HikariPool - metadata_catalogue - Added connection org.postgresql.jdbc.PgConnection@584b19cb
2026-08-17 21:55:36 [main] INFO  com.zaxxer.hikari.HikariDataSource - metadata_catalogue - Start completed.
2026-08-17 21:55:36 [main] INFO  com.zaxxer.hikari.HikariDataSource - metadata_catalogue - Shutdown initiated...
2026-08-17 21:55:36 [main] INFO  com.zaxxer.hikari.HikariDataSource - metadata_catalogue - Shutdown completed.
2026-08-17 21:55:36 [main] INFO  t.g.io/epos-eric/metadata-database/deploy:main - Creating container for image: ghcr.io/epos-eric/metadata-database/deploy:main
2026-08-17 21:55:37 [main] INFO  t.g.io/epos-eric/metadata-database/deploy:main - Container ghcr.io/epos-eric/metadata-database/deploy:main is starting: 26a8a2d6f3d6ef4f4f565717c2bfb33b2186dc04114d5f60e5dada04c7d8e356
2026-08-17 21:55:41 [main] INFO  t.g.io/epos-eric/metadata-database/deploy:main - Container ghcr.io/epos-eric/metadata-database/deploy:main started in PT4.349164722S
2026-08-17 21:55:41 [main] INFO  t.g.io/epos-eric/metadata-database/deploy:main - Container is started (JDBC URL: jdbc:postgresql://localhost:33217/cerif?loggerLevel=OFF)
2026-08-17 21:55:41 [main] INFO  com.zaxxer.hikari.HikariDataSource - metadata_catalogue - Starting...
2026-08-17 21:55:41 [main] INFO  com.zaxxer.hikari.pool.HikariPool - metadata_catalogue - Added connection org.postgresql.jdbc.PgConnection@4a049dff
2026-08-17 21:55:41 [main] INFO  com.zaxxer.hikari.HikariDataSource - metadata_catalogue - Start completed.
2026-08-17 21:55:41 [main] INFO  com.zaxxer.hikari.HikariDataSource - metadata_catalogue - Shutdown initiated...
2026-08-17 21:55:41 [main] INFO  com.zaxxer.hikari.HikariDataSource - metadata_catalogue - Shutdown completed.
2026-08-17 21:55:42 [main] INFO  t.g.io/epos-eric/metadata-database/deploy:main - Creating container for image: ghcr.io/epos-eric/metadata-database/deploy:main
2026-08-17 21:55:42 [main] INFO  t.g.io/epos-eric/metadata-database/deploy:main - Container ghcr.io/epos-eric/metadata-database/deploy:main is starting: 6b224cdacab9d251f29592f03644737adafc1be2a9e221b1cf5b8d851eb1628d
2026-08-17 21:55:46 [main] INFO  t.g.io/epos-eric/metadata-database/deploy:main - Container ghcr.io/epos-eric/metadata-database/deploy:main started in PT4.544046005S
2026-08-17 21:55:46 [main] INFO  t.g.io/epos-eric/metadata-database/deploy:main - Container is started (JDBC URL: jdbc:postgresql://localhost:33218/cerif?loggerLevel=OFF)
2026-08-17 21:55:46 [main] INFO  com.zaxxer.hikari.HikariDataSource - metadata_catalogue - Starting...
2026-08-17 21:55:46 [main] INFO  com.zaxxer.hikari.pool.HikariPool - metadata_catalogue - Added connection org.postgresql.jdbc.PgConnection@2f08cd67
2026-08-17 21:55:46 [main] INFO  com.zaxxer.hikari.HikariDataSource - metadata_catalogue - Start completed.
2026-08-17 21:55:46 [main] INFO  com.zaxxer.hikari.HikariDataSource - metadata_catalogue - Shutdown initiated...
2026-08-17 21:55:46 [main] INFO  com.zaxxer.hikari.HikariDataSource - metadata_catalogue - Shutdown completed.
2026-08-17 21:55:47 [main] INFO  t.g.io/epos-eric/metadata-database/deploy:main - Creating container for image: ghcr.io/epos-eric/metadata-database/deploy:main
2026-08-17 21:55:47 [main] INFO  t.g.io/epos-eric/metadata-database/deploy:main - Container ghcr.io/epos-eric/metadata-database/deploy:main is starting: 1095aa5dfb9568301ced2f9fe1ba67a9871db3888a79e964797aaa19e99a133a
2026-08-17 21:55:51 [main] INFO  t.g.io/epos-eric/metadata-database/deploy:main - Container ghcr.io/epos-eric/metadata-database/deploy:main started in PT4.343517703S
2026-08-17 21:55:51 [main] INFO  t.g.io/epos-eric/metadata-database/deploy:main - Container is started (JDBC URL: jdbc:postgresql://localhost:33219/cerif?loggerLevel=OFF)
2026-08-17 21:55:51 [main] INFO  com.zaxxer.hikari.HikariDataSource - metadata_catalogue - Starting...
2026-08-17 21:55:51 [main] INFO  com.zaxxer.hikari.pool.HikariPool - metadata_catalogue - Added connection org.postgresql.jdbc.PgConnection@1529cb1b
2026-08-17 21:55:51 [main] INFO  com.zaxxer.hikari.HikariDataSource - metadata_catalogue - Start completed.
2026-08-17 21:55:53 [main] INFO  com.zaxxer.hikari.HikariDataSource - metadata_catalogue - Shutdown initiated...
2026-08-17 21:55:53 [main] INFO  com.zaxxer.hikari.HikariDataSource - metadata_catalogue - Shutdown completed.
2026-08-17 21:55:53 [main] INFO  t.g.io/epos-eric/metadata-database/deploy:main - Creating container for image: ghcr.io/epos-eric/metadata-database/deploy:main
2026-08-17 21:55:53 [main] INFO  t.g.io/epos-eric/metadata-database/deploy:main - Container ghcr.io/epos-eric/metadata-database/deploy:main is starting: 8b14d81661aded8d19be6625f4158b8541194037aa5fd6ba10de96ae66d68138
2026-08-17 21:55:58 [main] INFO  t.g.io/epos-eric/metadata-database/deploy:main - Container ghcr.io/epos-eric/metadata-database/deploy:main started in PT4.6319265S
2026-08-17 21:55:58 [main] INFO  t.g.io/epos-eric/metadata-database/deploy:main - Container is started (JDBC URL: jdbc:postgresql://localhost:33220/cerif?loggerLevel=OFF)
2026-08-17 21:55:58 [main] INFO  com.zaxxer.hikari.HikariDataSource - metadata_catalogue - Starting...
2026-08-17 21:55:58 [main] INFO  com.zaxxer.hikari.pool.HikariPool - metadata_catalogue - Added connection org.postgresql.jdbc.PgConnection@45363705
2026-08-17 21:55:58 [main] INFO  com.zaxxer.hikari.HikariDataSource - metadata_catalogue - Start completed.
2026-08-17 21:55:58 [main] INFO  com.zaxxer.hikari.HikariDataSource - metadata_catalogue - Shutdown initiated...
2026-08-17 21:55:58 [main] INFO  com.zaxxer.hikari.HikariDataSource - metadata_catalogue - Shutdown completed.
2026-08-17 21:55:58 [main] INFO  t.g.io/epos-eric/metadata-database/deploy:main - Creating container for image: ghcr.io/epos-eric/metadata-database/deploy:main
2026-08-17 21:55:58 [main] INFO  t.g.io/epos-eric/metadata-database/deploy:main - Container ghcr.io/epos-eric/metadata-database/deploy:main is starting: e9ac72960d033a1defa4f406577bb2f2d54335f4ab70126abf0019018d7fc776
2026-08-17 21:56:03 [main] INFO  t.g.io/epos-eric/metadata-database/deploy:main - Container ghcr.io/epos-eric/metadata-database/deploy:main started in PT4.94990231S
2026-08-17 21:56:03 [main] INFO  t.g.io/epos-eric/metadata-database/deploy:main - Container is started (JDBC URL: jdbc:postgresql://localhost:33221/cerif?loggerLevel=OFF)
2026-08-17 21:56:03 [main] INFO  com.zaxxer.hikari.HikariDataSource - metadata_catalogue - Starting...
2026-08-17 21:56:03 [main] INFO  com.zaxxer.hikari.pool.HikariPool - metadata_catalogue - Added connection org.postgresql.jdbc.PgConnection@65d3e9be
2026-08-17 21:56:03 [main] INFO  com.zaxxer.hikari.HikariDataSource - metadata_catalogue - Start completed.
2026-08-17 21:56:03 [main] INFO  com.zaxxer.hikari.HikariDataSource - metadata_catalogue - Shutdown initiated...
2026-08-17 21:56:03 [main] INFO  com.zaxxer.hikari.HikariDataSource - metadata_catalogue - Shutdown completed.
2026-08-17 21:56:04 [main] INFO  t.g.io/epos-eric/metadata-database/deploy:main - Creating container for image: ghcr.io/epos-eric/metadata-database/deploy:main
2026-08-17 21:56:04 [main] INFO  t.g.io/epos-eric/metadata-database/deploy:main - Container ghcr.io/epos-eric/metadata-database/deploy:main is starting: 7cc0af4459e32c69bfa0d27416a1eedd2e6977f90efc4c09294eaf100c4cfd48
2026-08-17 21:56:08 [main] INFO  t.g.io/epos-eric/metadata-database/deploy:main - Container ghcr.io/epos-eric/metadata-database/deploy:main started in PT4.710411814S
2026-08-17 21:56:08 [main] INFO  t.g.io/epos-eric/metadata-database/deploy:main - Container is started (JDBC URL: jdbc:postgresql://localhost:33222/cerif?loggerLevel=OFF)
2026-08-17 21:56:08 [main] INFO  com.zaxxer.hikari.HikariDataSource - metadata_catalogue - Starting...
2026-08-17 21:56:08 [main] INFO  com.zaxxer.hikari.pool.HikariPool - metadata_catalogue - Added connection org.postgresql.jdbc.PgConnection@2d861f7f
2026-08-17 21:56:08 [main] INFO  com.zaxxer.hikari.HikariDataSource - metadata_catalogue - Start completed.
2026-08-17 21:56:10 [main] INFO  com.zaxxer.hikari.HikariDataSource - metadata_catalogue - Shutdown initiated...
2026-08-17 21:56:10 [main] INFO  com.zaxxer.hikari.HikariDataSource - metadata_catalogue - Shutdown completed.
2026-08-17 21:56:10 [main] INFO  t.g.io/epos-eric/metadata-database/deploy:main - Creating container for image: ghcr.io/epos-eric/metadata-database/deploy:main
2026-08-17 21:56:10 [main] INFO  t.g.io/epos-eric/metadata-database/deploy:main - Container ghcr.io/epos-eric/metadata-database/deploy:main is starting: 88d4f5ec02627ba7c0240cbe6cb4df83628d2a54367a94b9f0db47ae1951499b
2026-08-17 21:56:14 [main] INFO  t.g.io/epos-eric/metadata-database/deploy:main - Container ghcr.io/epos-eric/metadata-database/deploy:main started in PT4.392084404S
2026-08-17 21:56:14 [main] INFO  t.g.io/epos-eric/metadata-database/deploy:main - Container is started (JDBC URL: jdbc:postgresql://localhost:33223/cerif?loggerLevel=OFF)
2026-08-17 21:56:14 [main] INFO  com.zaxxer.hikari.HikariDataSource - metadata_catalogue - Starting...
2026-08-17 21:56:14 [main] INFO  com.zaxxer.hikari.pool.HikariPool - metadata_catalogue - Added connection org.postgresql.jdbc.PgConnection@7f1dd6fd
2026-08-17 21:56:14 [main] INFO  com.zaxxer.hikari.HikariDataSource - metadata_catalogue - Start completed.
2026-08-17 21:56:15 [main] INFO  com.zaxxer.hikari.HikariDataSource - metadata_catalogue - Shutdown initiated...
2026-08-17 21:56:15 [main] INFO  com.zaxxer.hikari.HikariDataSource - metadata_catalogue - Shutdown completed.
2026-08-17 21:56:15 [main] INFO  t.g.io/epos-eric/metadata-database/deploy:main - Creating container for image: ghcr.io/epos-eric/metadata-database/deploy:main
2026-08-17 21:56:15 [main] INFO  t.g.io/epos-eric/metadata-database/deploy:main - Container ghcr.io/epos-eric/metadata-database/deploy:main is starting: 5f1f57f6436c26510adf1693648fcf60edec88c8cc6ecda09e5fea297ae59ef8
2026-08-17 21:56:20 [main] INFO  t.g.io/epos-eric/metadata-database/deploy:main - Container ghcr.io/epos-eric/metadata-database/deploy:main started in PT4.360844542S
2026-08-17 21:56:20 [main] INFO  t.g.io/epos-eric/metadata-database/deploy:main - Container is started (JDBC URL: jdbc:postgresql://localhost:33224/cerif?loggerLevel=OFF)
2026-08-17 21:56:20 [main] INFO  com.zaxxer.hikari.HikariDataSource - metadata_catalogue - Starting...
2026-08-17 21:56:20 [main] INFO  com.zaxxer.hikari.pool.HikariPool - metadata_catalogue - Added connection org.postgresql.jdbc.PgConnection@2af34108
2026-08-17 21:56:20 [main] INFO  com.zaxxer.hikari.HikariDataSource - metadata_catalogue - Start completed.
2026-08-17 21:56:20 [main] INFO  com.zaxxer.hikari.HikariDataSource - metadata_catalogue - Shutdown initiated...
2026-08-17 21:56:20 [main] INFO  com.zaxxer.hikari.HikariDataSource - metadata_catalogue - Shutdown completed.
2026-08-17 21:56:20 [main] INFO  t.g.io/epos-eric/metadata-database/deploy:main - Creating container for image: ghcr.io/epos-eric/metadata-database/deploy:main
2026-08-17 21:56:20 [main] INFO  t.g.io/epos-eric/metadata-database/deploy:main - Container ghcr.io/epos-eric/metadata-database/deploy:main is starting: f43db303a6da6e996b42af886af5b55a59f520a5e667c5a5d3cf53f50e78caa3
2026-08-17 21:56:24 [main] INFO  t.g.io/epos-eric/metadata-database/deploy:main - Container ghcr.io/epos-eric/metadata-database/deploy:main started in PT4.223023026S
2026-08-17 21:56:24 [main] INFO  t.g.io/epos-eric/metadata-database/deploy:main - Container is started (JDBC URL: jdbc:postgresql://localhost:33225/cerif?loggerLevel=OFF)
2026-08-17 21:56:24 [main] INFO  com.zaxxer.hikari.HikariDataSource - metadata_catalogue - Starting...
2026-08-17 21:56:25 [main] INFO  com.zaxxer.hikari.pool.HikariPool - metadata_catalogue - Added connection org.postgresql.jdbc.PgConnection@22e013ce
2026-08-17 21:56:25 [main] INFO  com.zaxxer.hikari.HikariDataSource - metadata_catalogue - Start completed.
2026-08-17 21:56:25 [main] INFO  com.zaxxer.hikari.HikariDataSource - metadata_catalogue - Shutdown initiated...
2026-08-17 21:56:25 [main] INFO  com.zaxxer.hikari.HikariDataSource - metadata_catalogue - Shutdown completed.
2026-08-17 21:56:25 [main] INFO  t.g.io/epos-eric/metadata-database/deploy:main - Creating container for image: ghcr.io/epos-eric/metadata-database/deploy:main
2026-08-17 21:56:25 [main] INFO  t.g.io/epos-eric/metadata-database/deploy:main - Container ghcr.io/epos-eric/metadata-database/deploy:main is starting: dc74b1b5c399c232a1f1adc2c46346f405fce5b84035067822ac056a0a83e372
2026-08-17 21:56:30 [main] INFO  t.g.io/epos-eric/metadata-database/deploy:main - Container ghcr.io/epos-eric/metadata-database/deploy:main started in PT4.836952305S
2026-08-17 21:56:30 [main] INFO  t.g.io/epos-eric/metadata-database/deploy:main - Container is started (JDBC URL: jdbc:postgresql://localhost:33226/cerif?loggerLevel=OFF)
2026-08-17 21:56:30 [main] INFO  com.zaxxer.hikari.HikariDataSource - metadata_catalogue - Starting...
2026-08-17 21:56:30 [main] INFO  com.zaxxer.hikari.pool.HikariPool - metadata_catalogue - Added connection org.postgresql.jdbc.PgConnection@16b00509
2026-08-17 21:56:30 [main] INFO  com.zaxxer.hikari.HikariDataSource - metadata_catalogue - Start completed.
2026-08-17 21:56:30 [main] INFO  com.zaxxer.hikari.HikariDataSource - metadata_catalogue - Shutdown initiated...
2026-08-17 21:56:30 [main] INFO  com.zaxxer.hikari.HikariDataSource - metadata_catalogue - Shutdown completed.
2026-08-17 21:56:30 [main] INFO  t.g.io/epos-eric/metadata-database/deploy:main - Creating container for image: ghcr.io/epos-eric/metadata-database/deploy:main
2026-08-17 21:56:30 [main] INFO  t.g.io/epos-eric/metadata-database/deploy:main - Container ghcr.io/epos-eric/metadata-database/deploy:main is starting: 76ab6f73bfec38f00a49a5b83a53f6ba453938574594bd6e89d959b71b910752
2026-08-17 21:56:35 [main] INFO  t.g.io/epos-eric/metadata-database/deploy:main - Container ghcr.io/epos-eric/metadata-database/deploy:main started in PT4.690515156S
2026-08-17 21:56:35 [main] INFO  t.g.io/epos-eric/metadata-database/deploy:main - Container is started (JDBC URL: jdbc:postgresql://localhost:33227/cerif?loggerLevel=OFF)
2026-08-17 21:56:35 [main] INFO  com.zaxxer.hikari.HikariDataSource - metadata_catalogue - Starting...
2026-08-17 21:56:35 [main] INFO  com.zaxxer.hikari.pool.HikariPool - metadata_catalogue - Added connection org.postgresql.jdbc.PgConnection@2d972d3e
2026-08-17 21:56:35 [main] INFO  com.zaxxer.hikari.HikariDataSource - metadata_catalogue - Start completed.
2026-08-17 21:56:35 [main] INFO  com.zaxxer.hikari.HikariDataSource - metadata_catalogue - Shutdown initiated...
2026-08-17 21:56:35 [main] INFO  com.zaxxer.hikari.HikariDataSource - metadata_catalogue - Shutdown completed.
2026-08-17 21:56:36 [main] INFO  t.g.io/epos-eric/metadata-database/deploy:main - Creating container for image: ghcr.io/epos-eric/metadata-database/deploy:main
2026-08-17 21:56:36 [main] INFO  t.g.io/epos-eric/metadata-database/deploy:main - Container ghcr.io/epos-eric/metadata-database/deploy:main is starting: b7a66653e88acc314bed75cc7318dbffa3caba4f2660786a60d3081c91bb9311
2026-08-17 21:56:40 [main] INFO  t.g.io/epos-eric/metadata-database/deploy:main - Container ghcr.io/epos-eric/metadata-database/deploy:main started in PT4.306113884S
2026-08-17 21:56:40 [main] INFO  t.g.io/epos-eric/metadata-database/deploy:main - Container is started (JDBC URL: jdbc:postgresql://localhost:33228/cerif?loggerLevel=OFF)
2026-08-17 21:56:40 [main] INFO  com.zaxxer.hikari.HikariDataSource - metadata_catalogue - Starting...
2026-08-17 21:56:40 [main] INFO  com.zaxxer.hikari.pool.HikariPool - metadata_catalogue - Added connection org.postgresql.jdbc.PgConnection@415e35ef
2026-08-17 21:56:40 [main] INFO  com.zaxxer.hikari.HikariDataSource - metadata_catalogue - Start completed.
2026-08-17 21:56:40 [main] INFO  com.zaxxer.hikari.HikariDataSource - metadata_catalogue - Shutdown initiated...
2026-08-17 21:56:40 [main] INFO  com.zaxxer.hikari.HikariDataSource - metadata_catalogue - Shutdown completed.
2026-08-17 21:56:41 [main] INFO  t.g.io/epos-eric/metadata-database/deploy:main - Creating container for image: ghcr.io/epos-eric/metadata-database/deploy:main
2026-08-17 21:56:41 [main] INFO  t.g.io/epos-eric/metadata-database/deploy:main - Container ghcr.io/epos-eric/metadata-database/deploy:main is starting: 46896713be5f0f64113e530b82d0648a85e8262c1265c4aa0b0bd00cddb906d0
2026-08-17 21:56:45 [main] INFO  t.g.io/epos-eric/metadata-database/deploy:main - Container ghcr.io/epos-eric/metadata-database/deploy:main started in PT4.609803579S
2026-08-17 21:56:45 [main] INFO  t.g.io/epos-eric/metadata-database/deploy:main - Container is started (JDBC URL: jdbc:postgresql://localhost:33229/cerif?loggerLevel=OFF)
2026-08-17 21:56:45 [main] INFO  com.zaxxer.hikari.HikariDataSource - metadata_catalogue - Starting...
2026-08-17 21:56:45 [main] INFO  com.zaxxer.hikari.pool.HikariPool - metadata_catalogue - Added connection org.postgresql.jdbc.PgConnection@3a008a32
2026-08-17 21:56:45 [main] INFO  com.zaxxer.hikari.HikariDataSource - metadata_catalogue - Start completed.
2026-08-17 21:56:45 [main] INFO  com.zaxxer.hikari.HikariDataSource - metadata_catalogue - Shutdown initiated...
2026-08-17 21:56:45 [main] INFO  com.zaxxer.hikari.HikariDataSource - metadata_catalogue - Shutdown completed.
2026-08-17 21:56:46 [main] INFO  t.g.io/epos-eric/metadata-database/deploy:main - Creating container for image: ghcr.io/epos-eric/metadata-database/deploy:main
2026-08-17 21:56:46 [main] INFO  t.g.io/epos-eric/metadata-database/deploy:main - Container ghcr.io/epos-eric/metadata-database/deploy:main is starting: 35d260165aa7c1946446dcfe74c508ad3e746cc31cb3ea4ac25dc0b80b6ea98a
2026-08-17 21:56:51 [main] INFO  t.g.io/epos-eric/metadata-database/deploy:main - Container ghcr.io/epos-eric/metadata-database/deploy:main started in PT4.914612576S
2026-08-17 21:56:51 [main] INFO  t.g.io/epos-eric/metadata-database/deploy:main - Container is started (JDBC URL: jdbc:postgresql://localhost:33230/cerif?loggerLevel=OFF)
2026-08-17 21:56:51 [main] INFO  com.zaxxer.hikari.HikariDataSource - metadata_catalogue - Starting...
2026-08-17 21:56:51 [main] INFO  com.zaxxer.hikari.pool.HikariPool - metadata_catalogue - Added connection org.postgresql.jdbc.PgConnection@2dd17364
2026-08-17 21:56:51 [main] INFO  com.zaxxer.hikari.HikariDataSource - metadata_catalogue - Start completed.
2026-08-17 21:56:51 [main] INFO  com.zaxxer.hikari.HikariDataSource - metadata_catalogue - Shutdown initiated...
2026-08-17 21:56:51 [main] INFO  com.zaxxer.hikari.HikariDataSource - metadata_catalogue - Shutdown completed.
2026-08-17 21:56:51 [main] INFO  t.g.io/epos-eric/metadata-database/deploy:main - Creating container for image: ghcr.io/epos-eric/metadata-database/deploy:main
2026-08-17 21:56:51 [main] INFO  t.g.io/epos-eric/metadata-database/deploy:main - Container ghcr.io/epos-eric/metadata-database/deploy:main is starting: 4deeaa8d254a629dbcebdc2b39cc4b2cce5a47d2947015dce64e71e1e8569ea0
2026-08-17 21:56:56 [main] INFO  t.g.io/epos-eric/metadata-database/deploy:main - Container ghcr.io/epos-eric/metadata-database/deploy:main started in PT4.911816717S
2026-08-17 21:56:56 [main] INFO  t.g.io/epos-eric/metadata-database/deploy:main - Container is started (JDBC URL: jdbc:postgresql://localhost:33231/cerif?loggerLevel=OFF)
2026-08-17 21:56:56 [main] INFO  com.zaxxer.hikari.HikariDataSource - metadata_catalogue - Starting...
2026-08-17 21:56:56 [main] INFO  com.zaxxer.hikari.pool.HikariPool - metadata_catalogue - Added connection org.postgresql.jdbc.PgConnection@40cb1729
2026-08-17 21:56:56 [main] INFO  com.zaxxer.hikari.HikariDataSource - metadata_catalogue - Start completed.
2026-08-17 21:56:56 [main] INFO  com.zaxxer.hikari.HikariDataSource - metadata_catalogue - Shutdown initiated...
2026-08-17 21:56:56 [main] INFO  com.zaxxer.hikari.HikariDataSource - metadata_catalogue - Shutdown completed.
2026-08-17 21:56:57 [main] INFO  t.g.io/epos-eric/metadata-database/deploy:main - Creating container for image: ghcr.io/epos-eric/metadata-database/deploy:main
2026-08-17 21:56:57 [main] INFO  t.g.io/epos-eric/metadata-database/deploy:main - Container ghcr.io/epos-eric/metadata-database/deploy:main is starting: a7411a243ed0a7abd624d65836b6484932d27a7d2b649e184ffe0ffa7932bd30
2026-08-17 21:57:01 [main] INFO  t.g.io/epos-eric/metadata-database/deploy:main - Container ghcr.io/epos-eric/metadata-database/deploy:main started in PT4.086236363S
2026-08-17 21:57:01 [main] INFO  t.g.io/epos-eric/metadata-database/deploy:main - Container is started (JDBC URL: jdbc:postgresql://localhost:33232/cerif?loggerLevel=OFF)
2026-08-17 21:57:01 [main] INFO  com.zaxxer.hikari.HikariDataSource - metadata_catalogue - Starting...
2026-08-17 21:57:01 [main] INFO  com.zaxxer.hikari.pool.HikariPool - metadata_catalogue - Added connection org.postgresql.jdbc.PgConnection@7a783e60
2026-08-17 21:57:01 [main] INFO  com.zaxxer.hikari.HikariDataSource - metadata_catalogue - Start completed.
2026-08-17 21:57:01 [main] INFO  com.zaxxer.hikari.HikariDataSource - metadata_catalogue - Shutdown initiated...
2026-08-17 21:57:01 [main] INFO  com.zaxxer.hikari.HikariDataSource - metadata_catalogue - Shutdown completed.
2026-08-17 22:23:53 [main] INFO  o.testcontainers.images.PullPolicy - Image pull policy will be performed by: DefaultPullPolicy()
2026-08-17 22:23:53 [main] INFO  o.t.utility.ImageNameSubstitutor - Image name substitution will be performed by: DefaultImageNameSubstitutor (composite of 'ConfigurationFileImageNameSubstitutor' and 'PrefixingImageNameSubstitutor')
2026-08-17 22:23:53 [main] INFO  o.testcontainers.DockerClientFactory - Testcontainers version: 2.0.2
2026-08-17 22:23:53 [main] INFO  o.t.d.DockerClientProviderStrategy - Loaded org.testcontainers.dockerclient.UnixSocketClientProviderStrategy from ~/.testcontainers.properties, will try it first
2026-08-17 22:23:53 [main] INFO  o.t.d.DockerClientProviderStrategy - Found Docker environment with local Unix socket (unix:///var/run/docker.sock)
2026-08-17 22:23:53 [main] INFO  o.testcontainers.DockerClientFactory - Docker host IP address is localhost
2026-08-17 22:23:53 [main] INFO  o.testcontainers.DockerClientFactory - Connected to docker: 
  Server Version: 29.7.2
  API Version: 1.55
  Operating System: Arch Linux
  Total Memory: 63796 MB
2026-08-17 22:23:53 [main] INFO  tc.testcontainers/ryuk:0.13.0 - Creating container for image: testcontainers/ryuk:0.13.0
2026-08-17 22:23:53 [main] INFO  tc.testcontainers/ryuk:0.13.0 - Container testcontainers/ryuk:0.13.0 is starting: 7eeffe8c230f6ea41bdb1e035f72de9b308dc78675d1fcc6de7780b3034291cb
2026-08-17 22:23:54 [main] INFO  tc.testcontainers/ryuk:0.13.0 - Container testcontainers/ryuk:0.13.0 started in PT0.395142336S
2026-08-17 22:23:54 [main] INFO  o.t.utility.RyukResourceReaper - Ryuk started - will monitor and terminate Testcontainers containers on JVM exit
2026-08-17 22:23:54 [main] INFO  o.testcontainers.DockerClientFactory - Checking the system...
2026-08-17 22:23:54 [main] INFO  o.testcontainers.DockerClientFactory - ✔︎ Docker server version should be at least 1.6.0
2026-08-17 22:23:54 [main] INFO  t.g.io/epos-eric/metadata-database/deploy:main - Creating container for image: ghcr.io/epos-eric/metadata-database/deploy:main
2026-08-17 22:23:54 [main] INFO  t.g.io/epos-eric/metadata-database/deploy:main - Container ghcr.io/epos-eric/metadata-database/deploy:main is starting: 4664a2ed3fddf976c2b7be454dae80fb390110ddcdb1fd6c58ea1be9b0124353
2026-08-17 22:23:58 [main] INFO  t.g.io/epos-eric/metadata-database/deploy:main - Container ghcr.io/epos-eric/metadata-database/deploy:main started in PT4.213782834S
2026-08-17 22:23:58 [main] INFO  t.g.io/epos-eric/metadata-database/deploy:main - Container is started (JDBC URL: jdbc:postgresql://localhost:33234/cerif?loggerLevel=OFF)
2026-08-17 22:23:58 [main] INFO  com.zaxxer.hikari.HikariDataSource - metadata_catalogue - Starting...
2026-08-17 22:23:58 [main] INFO  com.zaxxer.hikari.pool.HikariPool - metadata_catalogue - Added connection org.postgresql.jdbc.PgConnection@3f736a16
2026-08-17 22:23:58 [main] INFO  com.zaxxer.hikari.HikariDataSource - metadata_catalogue - Start completed.
2026-08-17 22:23:59 [main] INFO  com.zaxxer.hikari.HikariDataSource - metadata_catalogue - Shutdown initiated...
2026-08-17 22:23:59 [main] INFO  com.zaxxer.hikari.HikariDataSource - metadata_catalogue - Shutdown completed.
2026-08-17 22:23:59 [main] INFO  t.g.io/epos-eric/metadata-database/deploy:main - Creating container for image: ghcr.io/epos-eric/metadata-database/deploy:main
2026-08-17 22:23:59 [main] INFO  t.g.io/epos-eric/metadata-database/deploy:main - Container ghcr.io/epos-eric/metadata-database/deploy:main is starting: e4b385701afad10abe78fbac1e5bd9936d6ebe6122e6b4d47395560cf675d03b
2026-08-17 22:24:03 [main] INFO  t.g.io/epos-eric/metadata-database/deploy:main - Container ghcr.io/epos-eric/metadata-database/deploy:main started in PT4.521771161S
2026-08-17 22:24:03 [main] INFO  t.g.io/epos-eric/metadata-database/deploy:main - Container is started (JDBC URL: jdbc:postgresql://localhost:33235/cerif?loggerLevel=OFF)
2026-08-17 22:24:03 [main] INFO  com.zaxxer.hikari.HikariDataSource - metadata_catalogue - Starting...
2026-08-17 22:24:03 [main] INFO  com.zaxxer.hikari.pool.HikariPool - metadata_catalogue - Added connection org.postgresql.jdbc.PgConnection@675ec28b
2026-08-17 22:24:03 [main] INFO  com.zaxxer.hikari.HikariDataSource - metadata_catalogue - Start completed.
2026-08-17 22:24:04 [main] INFO  com.zaxxer.hikari.HikariDataSource - metadata_catalogue - Shutdown initiated...
2026-08-17 22:24:04 [main] INFO  com.zaxxer.hikari.HikariDataSource - metadata_catalogue - Shutdown completed.
2026-08-17 22:24:38 [main] INFO  o.testcontainers.images.PullPolicy - Image pull policy will be performed by: DefaultPullPolicy()
2026-08-17 22:24:38 [main] INFO  o.t.utility.ImageNameSubstitutor - Image name substitution will be performed by: DefaultImageNameSubstitutor (composite of 'ConfigurationFileImageNameSubstitutor' and 'PrefixingImageNameSubstitutor')
2026-08-17 22:24:38 [main] INFO  o.testcontainers.DockerClientFactory - Testcontainers version: 2.0.2
2026-08-17 22:24:38 [main] INFO  o.t.d.DockerClientProviderStrategy - Loaded org.testcontainers.dockerclient.UnixSocketClientProviderStrategy from ~/.testcontainers.properties, will try it first
2026-08-17 22:24:38 [main] INFO  o.t.d.DockerClientProviderStrategy - Found Docker environment with local Unix socket (unix:///var/run/docker.sock)
2026-08-17 22:24:38 [main] INFO  o.testcontainers.DockerClientFactory - Docker host IP address is localhost
2026-08-17 22:24:38 [main] INFO  o.testcontainers.DockerClientFactory - Connected to docker: 
  Server Version: 29.7.2
  API Version: 1.55
  Operating System: Arch Linux
  Total Memory: 63796 MB
2026-08-17 22:24:39 [main] INFO  tc.testcontainers/ryuk:0.13.0 - Creating container for image: testcontainers/ryuk:0.13.0
2026-08-17 22:24:39 [main] INFO  tc.testcontainers/ryuk:0.13.0 - Container testcontainers/ryuk:0.13.0 is starting: b7bef433d5cdd5a0cc659fe25ad201d1124a9393e9cc4a022959cd5fa17bf30a
2026-08-17 22:24:39 [main] INFO  tc.testcontainers/ryuk:0.13.0 - Container testcontainers/ryuk:0.13.0 started in PT0.345191443S
2026-08-17 22:24:39 [main] INFO  o.t.utility.RyukResourceReaper - Ryuk started - will monitor and terminate Testcontainers containers on JVM exit
2026-08-17 22:24:39 [main] INFO  o.testcontainers.DockerClientFactory - Checking the system...
2026-08-17 22:24:39 [main] INFO  o.testcontainers.DockerClientFactory - ✔︎ Docker server version should be at least 1.6.0
2026-08-17 22:24:39 [main] INFO  t.g.io/epos-eric/metadata-database/deploy:main - Creating container for image: ghcr.io/epos-eric/metadata-database/deploy:main
2026-08-17 22:24:39 [main] INFO  t.g.io/epos-eric/metadata-database/deploy:main - Container ghcr.io/epos-eric/metadata-database/deploy:main is starting: 3e28af52d6efb0852af70f6c54e1074888467eb9c7e1099b392d165689f79c8a
2026-08-17 22:24:44 [main] INFO  t.g.io/epos-eric/metadata-database/deploy:main - Container ghcr.io/epos-eric/metadata-database/deploy:main started in PT4.42158173S
2026-08-17 22:24:44 [main] INFO  t.g.io/epos-eric/metadata-database/deploy:main - Container is started (JDBC URL: jdbc:postgresql://localhost:33237/cerif?loggerLevel=OFF)
2026-08-17 22:24:44 [main] INFO  com.zaxxer.hikari.HikariDataSource - metadata_catalogue - Starting...
2026-08-17 22:24:44 [main] INFO  com.zaxxer.hikari.pool.HikariPool - metadata_catalogue - Added connection org.postgresql.jdbc.PgConnection@507d64aa
2026-08-17 22:24:44 [main] INFO  com.zaxxer.hikari.HikariDataSource - metadata_catalogue - Start completed.
2026-08-17 22:24:44 [main] INFO  com.zaxxer.hikari.HikariDataSource - metadata_catalogue - Shutdown initiated...
2026-08-17 22:24:45 [main] INFO  com.zaxxer.hikari.HikariDataSource - metadata_catalogue - Shutdown completed.
2026-08-17 22:24:45 [main] INFO  t.g.io/epos-eric/metadata-database/deploy:main - Creating container for image: ghcr.io/epos-eric/metadata-database/deploy:main
2026-08-17 22:24:45 [main] INFO  t.g.io/epos-eric/metadata-database/deploy:main - Container ghcr.io/epos-eric/metadata-database/deploy:main is starting: 566d461d4ab1e38e385a5b8390cfac1a643e84e159edff9605d3975175a0a5b6
2026-08-17 22:24:49 [main] INFO  t.g.io/epos-eric/metadata-database/deploy:main - Container ghcr.io/epos-eric/metadata-database/deploy:main started in PT4.035231878S
2026-08-17 22:24:49 [main] INFO  t.g.io/epos-eric/metadata-database/deploy:main - Container is started (JDBC URL: jdbc:postgresql://localhost:33238/cerif?loggerLevel=OFF)
2026-08-17 22:24:49 [main] INFO  com.zaxxer.hikari.HikariDataSource - metadata_catalogue - Starting...
2026-08-17 22:24:49 [main] INFO  com.zaxxer.hikari.pool.HikariPool - metadata_catalogue - Added connection org.postgresql.jdbc.PgConnection@59f45950
2026-08-17 22:24:49 [main] INFO  com.zaxxer.hikari.HikariDataSource - metadata_catalogue - Start completed.
2026-08-17 22:24:49 [main] INFO  com.zaxxer.hikari.HikariDataSource - metadata_catalogue - Shutdown initiated...
2026-08-17 22:24:49 [main] INFO  com.zaxxer.hikari.HikariDataSource - metadata_catalogue - Shutdown completed.
2026-08-17 22:24:49 [main] INFO  t.g.io/epos-eric/metadata-database/deploy:main - Creating container for image: ghcr.io/epos-eric/metadata-database/deploy:main
2026-08-17 22:24:49 [main] INFO  t.g.io/epos-eric/metadata-database/deploy:main - Container ghcr.io/epos-eric/metadata-database/deploy:main is starting: d67fc0319712fa2e90080e2021cdf2ef67e65a3ade9f741191a3fd28c5e0f6c2
2026-08-17 22:24:54 [main] INFO  t.g.io/epos-eric/metadata-database/deploy:main - Container ghcr.io/epos-eric/metadata-database/deploy:main started in PT4.406401673S
2026-08-17 22:24:54 [main] INFO  t.g.io/epos-eric/metadata-database/deploy:main - Container is started (JDBC URL: jdbc:postgresql://localhost:33239/cerif?loggerLevel=OFF)
2026-08-17 22:24:54 [main] INFO  com.zaxxer.hikari.HikariDataSource - metadata_catalogue - Starting...
2026-08-17 22:24:54 [main] INFO  com.zaxxer.hikari.pool.HikariPool - metadata_catalogue - Added connection org.postgresql.jdbc.PgConnection@5c8b10b4
2026-08-17 22:24:54 [main] INFO  com.zaxxer.hikari.HikariDataSource - metadata_catalogue - Start completed.
2026-08-17 22:24:54 [main] INFO  com.zaxxer.hikari.HikariDataSource - metadata_catalogue - Shutdown initiated...
2026-08-17 22:24:54 [main] INFO  com.zaxxer.hikari.HikariDataSource - metadata_catalogue - Shutdown completed.
2026-08-17 22:24:58 [main] INFO  o.testcontainers.images.PullPolicy - Image pull policy will be performed by: DefaultPullPolicy()
2026-08-17 22:24:58 [main] INFO  o.t.utility.ImageNameSubstitutor - Image name substitution will be performed by: DefaultImageNameSubstitutor (composite of 'ConfigurationFileImageNameSubstitutor' and 'PrefixingImageNameSubstitutor')
2026-08-17 22:24:58 [main] INFO  o.testcontainers.DockerClientFactory - Testcontainers version: 2.0.2
2026-08-17 22:24:58 [main] INFO  o.t.d.DockerClientProviderStrategy - Loaded org.testcontainers.dockerclient.UnixSocketClientProviderStrategy from ~/.testcontainers.properties, will try it first
2026-08-17 22:24:58 [main] INFO  o.t.d.DockerClientProviderStrategy - Found Docker environment with local Unix socket (unix:///var/run/docker.sock)
2026-08-17 22:24:58 [main] INFO  o.testcontainers.DockerClientFactory - Docker host IP address is localhost
2026-08-17 22:24:58 [main] INFO  o.testcontainers.DockerClientFactory - Connected to docker: 
  Server Version: 29.7.2
  API Version: 1.55
  Operating System: Arch Linux
  Total Memory: 63796 MB
2026-08-17 22:24:58 [main] INFO  tc.testcontainers/ryuk:0.13.0 - Creating container for image: testcontainers/ryuk:0.13.0
2026-08-17 22:24:59 [main] INFO  tc.testcontainers/ryuk:0.13.0 - Container testcontainers/ryuk:0.13.0 is starting: b63bf86f1efaba0a4e23f7b9ce1d1851844c2384e4dbab3d7640b22065b1238a
2026-08-17 22:24:59 [main] INFO  tc.testcontainers/ryuk:0.13.0 - Container testcontainers/ryuk:0.13.0 started in PT0.245534623S
2026-08-17 22:24:59 [main] INFO  o.t.utility.RyukResourceReaper - Ryuk started - will monitor and terminate Testcontainers containers on JVM exit
2026-08-17 22:24:59 [main] INFO  o.testcontainers.DockerClientFactory - Checking the system...
2026-08-17 22:24:59 [main] INFO  o.testcontainers.DockerClientFactory - ✔︎ Docker server version should be at least 1.6.0
2026-08-17 22:24:59 [main] INFO  t.g.io/epos-eric/metadata-database/deploy:main - Creating container for image: ghcr.io/epos-eric/metadata-database/deploy:main
2026-08-17 22:24:59 [main] INFO  t.g.io/epos-eric/metadata-database/deploy:main - Container ghcr.io/epos-eric/metadata-database/deploy:main is starting: f5b1059fe50993c446892e977fe7f207f4694ad7949031d46c34e94fa6f35ff1
2026-08-17 22:25:03 [main] INFO  t.g.io/epos-eric/metadata-database/deploy:main - Container ghcr.io/epos-eric/metadata-database/deploy:main started in PT4.539683049S
2026-08-17 22:25:03 [main] INFO  t.g.io/epos-eric/metadata-database/deploy:main - Container is started (JDBC URL: jdbc:postgresql://localhost:33241/cerif?loggerLevel=OFF)
2026-08-17 22:25:03 [main] INFO  com.zaxxer.hikari.HikariDataSource - metadata_catalogue - Starting...
2026-08-17 22:25:04 [main] INFO  com.zaxxer.hikari.pool.HikariPool - metadata_catalogue - Added connection org.postgresql.jdbc.PgConnection@fe34b86
2026-08-17 22:25:04 [main] INFO  com.zaxxer.hikari.HikariDataSource - metadata_catalogue - Start completed.
2026-08-17 22:26:01 [main] INFO  com.zaxxer.hikari.HikariDataSource - metadata_catalogue - Shutdown initiated...
2026-08-17 22:26:01 [main] INFO  com.zaxxer.hikari.HikariDataSource - metadata_catalogue - Shutdown completed.
2026-08-17 22:26:22 [main] INFO  o.testcontainers.images.PullPolicy - Image pull policy will be performed by: DefaultPullPolicy()
2026-08-17 22:26:22 [main] INFO  o.t.utility.ImageNameSubstitutor - Image name substitution will be performed by: DefaultImageNameSubstitutor (composite of 'ConfigurationFileImageNameSubstitutor' and 'PrefixingImageNameSubstitutor')
2026-08-17 22:26:22 [main] INFO  o.testcontainers.DockerClientFactory - Testcontainers version: 2.0.2
2026-08-17 22:26:22 [main] INFO  o.t.d.DockerClientProviderStrategy - Loaded org.testcontainers.dockerclient.UnixSocketClientProviderStrategy from ~/.testcontainers.properties, will try it first
2026-08-17 22:26:22 [main] INFO  o.t.d.DockerClientProviderStrategy - Found Docker environment with local Unix socket (unix:///var/run/docker.sock)
2026-08-17 22:26:22 [main] INFO  o.testcontainers.DockerClientFactory - Docker host IP address is localhost
2026-08-17 22:26:22 [main] INFO  o.testcontainers.DockerClientFactory - Connected to docker: 
  Server Version: 29.7.2
  API Version: 1.55
  Operating System: Arch Linux
  Total Memory: 63796 MB
2026-08-17 22:26:22 [main] INFO  tc.testcontainers/ryuk:0.13.0 - Creating container for image: testcontainers/ryuk:0.13.0
2026-08-17 22:26:22 [main] INFO  tc.testcontainers/ryuk:0.13.0 - Container testcontainers/ryuk:0.13.0 is starting: a2f48b2ea789f63a9097d743318b4c2ff3f9747519ded31277054cb423471fae
2026-08-17 22:26:23 [main] INFO  tc.testcontainers/ryuk:0.13.0 - Container testcontainers/ryuk:0.13.0 started in PT0.28263791S
2026-08-17 22:26:23 [main] INFO  o.t.utility.RyukResourceReaper - Ryuk started - will monitor and terminate Testcontainers containers on JVM exit
2026-08-17 22:26:23 [main] INFO  o.testcontainers.DockerClientFactory - Checking the system...
2026-08-17 22:26:23 [main] INFO  o.testcontainers.DockerClientFactory - ✔︎ Docker server version should be at least 1.6.0
2026-08-17 22:26:23 [main] INFO  t.g.io/epos-eric/metadata-database/deploy:main - Creating container for image: ghcr.io/epos-eric/metadata-database/deploy:main
2026-08-17 22:26:23 [main] INFO  t.g.io/epos-eric/metadata-database/deploy:main - Container ghcr.io/epos-eric/metadata-database/deploy:main is starting: cc34dae44c1b85f938c3ca1c945218f3553cf1b603f00ff316b91cb05b1e9ed4
2026-08-17 22:26:27 [main] INFO  t.g.io/epos-eric/metadata-database/deploy:main - Container ghcr.io/epos-eric/metadata-database/deploy:main started in PT4.319361008S
2026-08-17 22:26:27 [main] INFO  t.g.io/epos-eric/metadata-database/deploy:main - Container is started (JDBC URL: jdbc:postgresql://localhost:33243/cerif?loggerLevel=OFF)
2026-08-17 22:26:27 [main] INFO  com.zaxxer.hikari.HikariDataSource - metadata_catalogue - Starting...
2026-08-17 22:26:27 [main] INFO  com.zaxxer.hikari.pool.HikariPool - metadata_catalogue - Added connection org.postgresql.jdbc.PgConnection@d88f893
2026-08-17 22:26:27 [main] INFO  com.zaxxer.hikari.HikariDataSource - metadata_catalogue - Start completed.
2026-08-17 22:26:28 [main] INFO  com.zaxxer.hikari.HikariDataSource - metadata_catalogue - Shutdown initiated...
2026-08-17 22:26:28 [main] INFO  com.zaxxer.hikari.HikariDataSource - metadata_catalogue - Shutdown completed.
2026-08-17 22:26:28 [main] INFO  t.g.io/epos-eric/metadata-database/deploy:main - Creating container for image: ghcr.io/epos-eric/metadata-database/deploy:main
2026-08-17 22:26:28 [main] INFO  t.g.io/epos-eric/metadata-database/deploy:main - Container ghcr.io/epos-eric/metadata-database/deploy:main is starting: 6c4ceb4cfca00e51ab4690b88d9ad33b49f606eec99a9d73ca1d3853af27e09f
2026-08-17 22:26:32 [main] INFO  t.g.io/epos-eric/metadata-database/deploy:main - Container ghcr.io/epos-eric/metadata-database/deploy:main started in PT4.205063286S
2026-08-17 22:26:32 [main] INFO  t.g.io/epos-eric/metadata-database/deploy:main - Container is started (JDBC URL: jdbc:postgresql://localhost:33244/cerif?loggerLevel=OFF)
2026-08-17 22:26:32 [main] INFO  com.zaxxer.hikari.HikariDataSource - metadata_catalogue - Starting...
2026-08-17 22:26:32 [main] INFO  com.zaxxer.hikari.pool.HikariPool - metadata_catalogue - Added connection org.postgresql.jdbc.PgConnection@6d3163a6
2026-08-17 22:26:32 [main] INFO  com.zaxxer.hikari.HikariDataSource - metadata_catalogue - Start completed.
2026-08-17 22:26:32 [main] INFO  com.zaxxer.hikari.HikariDataSource - metadata_catalogue - Shutdown initiated...
2026-08-17 22:26:33 [main] INFO  com.zaxxer.hikari.HikariDataSource - metadata_catalogue - Shutdown completed.
2026-08-17 22:26:33 [main] INFO  t.g.io/epos-eric/metadata-database/deploy:main - Creating container for image: ghcr.io/epos-eric/metadata-database/deploy:main
2026-08-17 22:26:33 [main] INFO  t.g.io/epos-eric/metadata-database/deploy:main - Container ghcr.io/epos-eric/metadata-database/deploy:main is starting: fec64a5b2a39d65a13e2b592d12f124af999c14611d820cd3164bcc5330aafef
2026-08-17 22:26:37 [main] INFO  t.g.io/epos-eric/metadata-database/deploy:main - Container ghcr.io/epos-eric/metadata-database/deploy:main started in PT4.186606768S
2026-08-17 22:26:37 [main] INFO  t.g.io/epos-eric/metadata-database/deploy:main - Container is started (JDBC URL: jdbc:postgresql://localhost:33245/cerif?loggerLevel=OFF)
2026-08-17 22:26:37 [main] INFO  com.zaxxer.hikari.HikariDataSource - metadata_catalogue - Starting...
2026-08-17 22:26:37 [main] INFO  com.zaxxer.hikari.pool.HikariPool - metadata_catalogue - Added connection org.postgresql.jdbc.PgConnection@436a563f
2026-08-17 22:26:37 [main] INFO  com.zaxxer.hikari.HikariDataSource - metadata_catalogue - Start completed.
2026-08-17 22:26:38 [main] INFO  com.zaxxer.hikari.HikariDataSource - metadata_catalogue - Shutdown initiated...
2026-08-17 22:26:38 [main] INFO  com.zaxxer.hikari.HikariDataSource - metadata_catalogue - Shutdown completed.
2026-08-17 22:26:38 [main] INFO  t.g.io/epos-eric/metadata-database/deploy:main - Creating container for image: ghcr.io/epos-eric/metadata-database/deploy:main
2026-08-17 22:26:38 [main] INFO  t.g.io/epos-eric/metadata-database/deploy:main - Container ghcr.io/epos-eric/metadata-database/deploy:main is starting: edf3490483fed091803f9f87a7f7b1ea22b8ca2152fa24468cf1d5fabc800b8f
2026-08-17 22:26:43 [main] INFO  t.g.io/epos-eric/metadata-database/deploy:main - Container ghcr.io/epos-eric/metadata-database/deploy:main started in PT4.531382072S
2026-08-17 22:26:43 [main] INFO  t.g.io/epos-eric/metadata-database/deploy:main - Container is started (JDBC URL: jdbc:postgresql://localhost:33246/cerif?loggerLevel=OFF)
2026-08-17 22:26:43 [main] INFO  com.zaxxer.hikari.HikariDataSource - metadata_catalogue - Starting...
2026-08-17 22:26:43 [main] INFO  com.zaxxer.hikari.pool.HikariPool - metadata_catalogue - Added connection org.postgresql.jdbc.PgConnection@206bd7a0
2026-08-17 22:26:43 [main] INFO  com.zaxxer.hikari.HikariDataSource - metadata_catalogue - Start completed.
2026-08-17 22:26:43 [main] INFO  com.zaxxer.hikari.HikariDataSource - metadata_catalogue - Shutdown initiated...
2026-08-17 22:26:43 [main] INFO  com.zaxxer.hikari.HikariDataSource - metadata_catalogue - Shutdown completed.
2026-08-17 22:26:44 [main] INFO  t.g.io/epos-eric/metadata-database/deploy:main - Creating container for image: ghcr.io/epos-eric/metadata-database/deploy:main
2026-08-17 22:26:44 [main] INFO  t.g.io/epos-eric/metadata-database/deploy:main - Container ghcr.io/epos-eric/metadata-database/deploy:main is starting: 0f2b8dbda936f643c4f4994371f5282b41b8da4bc88561c788aff0cd33e94a01
2026-08-17 22:26:47 [main] INFO  t.g.io/epos-eric/metadata-database/deploy:main - Container ghcr.io/epos-eric/metadata-database/deploy:main started in PT3.839138068S
2026-08-17 22:26:47 [main] INFO  t.g.io/epos-eric/metadata-database/deploy:main - Container is started (JDBC URL: jdbc:postgresql://localhost:33247/cerif?loggerLevel=OFF)
2026-08-17 22:26:47 [main] INFO  com.zaxxer.hikari.HikariDataSource - metadata_catalogue - Starting...
2026-08-17 22:26:47 [main] INFO  com.zaxxer.hikari.pool.HikariPool - metadata_catalogue - Added connection org.postgresql.jdbc.PgConnection@f8fe81e
2026-08-17 22:26:47 [main] INFO  com.zaxxer.hikari.HikariDataSource - metadata_catalogue - Start completed.
2026-08-17 22:26:48 [main] INFO  com.zaxxer.hikari.HikariDataSource - metadata_catalogue - Shutdown initiated...
2026-08-17 22:26:48 [main] INFO  com.zaxxer.hikari.HikariDataSource - metadata_catalogue - Shutdown completed.
2026-08-17 22:26:48 [main] INFO  t.g.io/epos-eric/metadata-database/deploy:main - Creating container for image: ghcr.io/epos-eric/metadata-database/deploy:main
2026-08-17 22:26:48 [main] INFO  t.g.io/epos-eric/metadata-database/deploy:main - Container ghcr.io/epos-eric/metadata-database/deploy:main is starting: e40b7ab9ebca2b0b6336655626b43deb130739615e8a13bad79c6f2f773100a3
2026-08-17 22:26:52 [main] INFO  t.g.io/epos-eric/metadata-database/deploy:main - Container ghcr.io/epos-eric/metadata-database/deploy:main started in PT3.968882254S
2026-08-17 22:26:52 [main] INFO  t.g.io/epos-eric/metadata-database/deploy:main - Container is started (JDBC URL: jdbc:postgresql://localhost:33248/cerif?loggerLevel=OFF)
2026-08-17 22:26:52 [main] INFO  com.zaxxer.hikari.HikariDataSource - metadata_catalogue - Starting...
2026-08-17 22:26:52 [main] INFO  com.zaxxer.hikari.pool.HikariPool - metadata_catalogue - Added connection org.postgresql.jdbc.PgConnection@da4c5cb
2026-08-17 22:26:52 [main] INFO  com.zaxxer.hikari.HikariDataSource - metadata_catalogue - Start completed.
2026-08-17 22:26:52 [main] INFO  com.zaxxer.hikari.HikariDataSource - metadata_catalogue - Shutdown initiated...
2026-08-17 22:26:52 [main] INFO  com.zaxxer.hikari.HikariDataSource - metadata_catalogue - Shutdown completed.
2026-08-17 22:26:52 [main] INFO  t.g.io/epos-eric/metadata-database/deploy:main - Creating container for image: ghcr.io/epos-eric/metadata-database/deploy:main
2026-08-17 22:26:53 [main] INFO  t.g.io/epos-eric/metadata-database/deploy:main - Container ghcr.io/epos-eric/metadata-database/deploy:main is starting: aa632e667792a5439ca917b7a7d4395a27f564524ae6f4a00df79c0aa4873d0e
2026-08-17 22:26:57 [main] INFO  t.g.io/epos-eric/metadata-database/deploy:main - Container ghcr.io/epos-eric/metadata-database/deploy:main started in PT4.976821203S
2026-08-17 22:26:57 [main] INFO  t.g.io/epos-eric/metadata-database/deploy:main - Container is started (JDBC URL: jdbc:postgresql://localhost:33249/cerif?loggerLevel=OFF)
2026-08-17 22:26:57 [main] INFO  com.zaxxer.hikari.HikariDataSource - metadata_catalogue - Starting...
2026-08-17 22:26:57 [main] INFO  com.zaxxer.hikari.pool.HikariPool - metadata_catalogue - Added connection org.postgresql.jdbc.PgConnection@1c76b2fe
2026-08-17 22:26:57 [main] INFO  com.zaxxer.hikari.HikariDataSource - metadata_catalogue - Start completed.
2026-08-17 22:26:58 [main] INFO  com.zaxxer.hikari.HikariDataSource - metadata_catalogue - Shutdown initiated...
2026-08-17 22:26:58 [main] INFO  com.zaxxer.hikari.HikariDataSource - metadata_catalogue - Shutdown completed.
2026-08-17 22:26:58 [main] INFO  t.g.io/epos-eric/metadata-database/deploy:main - Creating container for image: ghcr.io/epos-eric/metadata-database/deploy:main
2026-08-17 22:26:58 [main] INFO  t.g.io/epos-eric/metadata-database/deploy:main - Container ghcr.io/epos-eric/metadata-database/deploy:main is starting: 14637e72c20b0e6e5c7870b24ebf890458a0d5fe60b2894ede9b0d54315eb79d
2026-08-17 22:27:02 [main] INFO  t.g.io/epos-eric/metadata-database/deploy:main - Container ghcr.io/epos-eric/metadata-database/deploy:main started in PT4.105845696S
2026-08-17 22:27:02 [main] INFO  t.g.io/epos-eric/metadata-database/deploy:main - Container is started (JDBC URL: jdbc:postgresql://localhost:33250/cerif?loggerLevel=OFF)
2026-08-17 22:27:02 [main] INFO  com.zaxxer.hikari.HikariDataSource - metadata_catalogue - Starting...
2026-08-17 22:27:02 [main] INFO  com.zaxxer.hikari.pool.HikariPool - metadata_catalogue - Added connection org.postgresql.jdbc.PgConnection@29767156
2026-08-17 22:27:02 [main] INFO  com.zaxxer.hikari.HikariDataSource - metadata_catalogue - Start completed.
2026-08-17 22:27:02 [main] INFO  com.zaxxer.hikari.HikariDataSource - metadata_catalogue - Shutdown initiated...
2026-08-17 22:27:02 [main] INFO  com.zaxxer.hikari.HikariDataSource - metadata_catalogue - Shutdown completed.
2026-08-17 22:27:03 [main] INFO  t.g.io/epos-eric/metadata-database/deploy:main - Creating container for image: ghcr.io/epos-eric/metadata-database/deploy:main
2026-08-17 22:27:03 [main] INFO  t.g.io/epos-eric/metadata-database/deploy:main - Container ghcr.io/epos-eric/metadata-database/deploy:main is starting: b6c8768ca5831b10d63fbc1246714ebf9d1d1e58a614c337fa3e366b92844bbd
2026-08-17 22:27:07 [main] INFO  t.g.io/epos-eric/metadata-database/deploy:main - Container ghcr.io/epos-eric/metadata-database/deploy:main started in PT4.190055635S
2026-08-17 22:27:07 [main] INFO  t.g.io/epos-eric/metadata-database/deploy:main - Container is started (JDBC URL: jdbc:postgresql://localhost:33251/cerif?loggerLevel=OFF)
2026-08-17 22:27:07 [main] INFO  com.zaxxer.hikari.HikariDataSource - metadata_catalogue - Starting...
2026-08-17 22:27:07 [main] INFO  com.zaxxer.hikari.pool.HikariPool - metadata_catalogue - Added connection org.postgresql.jdbc.PgConnection@1dd4c691
2026-08-17 22:27:07 [main] INFO  com.zaxxer.hikari.HikariDataSource - metadata_catalogue - Start completed.
2026-08-17 22:27:07 [main] INFO  com.zaxxer.hikari.HikariDataSource - metadata_catalogue - Shutdown initiated...
2026-08-17 22:27:07 [main] INFO  com.zaxxer.hikari.HikariDataSource - metadata_catalogue - Shutdown completed.
2026-08-17 22:27:07 [main] INFO  t.g.io/epos-eric/metadata-database/deploy:main - Creating container for image: ghcr.io/epos-eric/metadata-database/deploy:main
2026-08-17 22:27:07 [main] INFO  t.g.io/epos-eric/metadata-database/deploy:main - Container ghcr.io/epos-eric/metadata-database/deploy:main is starting: c2f61a4798c7b1d8b0ccc440d2495e2ffbe3ff5feec6992968c319241e328e07
2026-08-17 22:27:11 [main] INFO  t.g.io/epos-eric/metadata-database/deploy:main - Container ghcr.io/epos-eric/metadata-database/deploy:main started in PT3.709703536S
2026-08-17 22:27:11 [main] INFO  t.g.io/epos-eric/metadata-database/deploy:main - Container is started (JDBC URL: jdbc:postgresql://localhost:33252/cerif?loggerLevel=OFF)
2026-08-17 22:27:11 [main] INFO  com.zaxxer.hikari.HikariDataSource - metadata_catalogue - Starting...
2026-08-17 22:27:11 [main] INFO  com.zaxxer.hikari.pool.HikariPool - metadata_catalogue - Added connection org.postgresql.jdbc.PgConnection@5eb4b746
2026-08-17 22:27:11 [main] INFO  com.zaxxer.hikari.HikariDataSource - metadata_catalogue - Start completed.
2026-08-17 22:27:11 [main] INFO  com.zaxxer.hikari.HikariDataSource - metadata_catalogue - Shutdown initiated...
2026-08-17 22:27:11 [main] INFO  com.zaxxer.hikari.HikariDataSource - metadata_catalogue - Shutdown completed.
2026-08-17 22:27:12 [main] INFO  t.g.io/epos-eric/metadata-database/deploy:main - Creating container for image: ghcr.io/epos-eric/metadata-database/deploy:main
2026-08-17 22:27:12 [main] INFO  t.g.io/epos-eric/metadata-database/deploy:main - Container ghcr.io/epos-eric/metadata-database/deploy:main is starting: f647404d608fd5bb6d0277b03807e172526e37d93eea57891c924ffe6967d3ea
2026-08-17 22:27:16 [main] INFO  t.g.io/epos-eric/metadata-database/deploy:main - Container ghcr.io/epos-eric/metadata-database/deploy:main started in PT4.332220585S
2026-08-17 22:27:16 [main] INFO  t.g.io/epos-eric/metadata-database/deploy:main - Container is started (JDBC URL: jdbc:postgresql://localhost:33253/cerif?loggerLevel=OFF)
2026-08-17 22:27:16 [main] INFO  com.zaxxer.hikari.HikariDataSource - metadata_catalogue - Starting...
2026-08-17 22:27:16 [main] INFO  com.zaxxer.hikari.pool.HikariPool - metadata_catalogue - Added connection org.postgresql.jdbc.PgConnection@3459ccd9
2026-08-17 22:27:16 [main] INFO  com.zaxxer.hikari.HikariDataSource - metadata_catalogue - Start completed.
2026-08-17 22:27:16 [main] INFO  com.zaxxer.hikari.HikariDataSource - metadata_catalogue - Shutdown initiated...
2026-08-17 22:27:16 [main] INFO  com.zaxxer.hikari.HikariDataSource - metadata_catalogue - Shutdown completed.
2026-08-17 22:27:16 [main] INFO  t.g.io/epos-eric/metadata-database/deploy:main - Creating container for image: ghcr.io/epos-eric/metadata-database/deploy:main
2026-08-17 22:27:17 [main] INFO  t.g.io/epos-eric/metadata-database/deploy:main - Container ghcr.io/epos-eric/metadata-database/deploy:main is starting: a9275a6d22ff182fd27f2aac8bd5e5368ca9139c176e4478cb32e393b7b09240
2026-08-17 22:27:21 [main] INFO  t.g.io/epos-eric/metadata-database/deploy:main - Container ghcr.io/epos-eric/metadata-database/deploy:main started in PT4.474646945S
2026-08-17 22:27:21 [main] INFO  t.g.io/epos-eric/metadata-database/deploy:main - Container is started (JDBC URL: jdbc:postgresql://localhost:33254/cerif?loggerLevel=OFF)
2026-08-17 22:27:21 [main] INFO  com.zaxxer.hikari.HikariDataSource - metadata_catalogue - Starting...
2026-08-17 22:27:21 [main] INFO  com.zaxxer.hikari.pool.HikariPool - metadata_catalogue - Added connection org.postgresql.jdbc.PgConnection@1895f7fe
2026-08-17 22:27:21 [main] INFO  com.zaxxer.hikari.HikariDataSource - metadata_catalogue - Start completed.
2026-08-17 22:27:22 [main] INFO  com.zaxxer.hikari.HikariDataSource - metadata_catalogue - Shutdown initiated...
2026-08-17 22:27:22 [main] INFO  com.zaxxer.hikari.HikariDataSource - metadata_catalogue - Shutdown completed.
2026-08-17 22:27:22 [main] INFO  t.g.io/epos-eric/metadata-database/deploy:main - Creating container for image: ghcr.io/epos-eric/metadata-database/deploy:main
2026-08-17 22:27:22 [main] INFO  t.g.io/epos-eric/metadata-database/deploy:main - Container ghcr.io/epos-eric/metadata-database/deploy:main is starting: ddcbfe5179c8c553a1080d20852cefff1c5ddd1e7aa6250ec5d3767cdb497845
2026-08-17 22:27:26 [main] INFO  t.g.io/epos-eric/metadata-database/deploy:main - Container ghcr.io/epos-eric/metadata-database/deploy:main started in PT3.969390978S
2026-08-17 22:27:26 [main] INFO  t.g.io/epos-eric/metadata-database/deploy:main - Container is started (JDBC URL: jdbc:postgresql://localhost:33255/cerif?loggerLevel=OFF)
2026-08-17 22:27:26 [main] INFO  com.zaxxer.hikari.HikariDataSource - metadata_catalogue - Starting...
2026-08-17 22:27:26 [main] INFO  com.zaxxer.hikari.pool.HikariPool - metadata_catalogue - Added connection org.postgresql.jdbc.PgConnection@2110b756
2026-08-17 22:27:26 [main] INFO  com.zaxxer.hikari.HikariDataSource - metadata_catalogue - Start completed.
2026-08-17 22:27:26 [main] INFO  com.zaxxer.hikari.HikariDataSource - metadata_catalogue - Shutdown initiated...
2026-08-17 22:27:26 [main] INFO  com.zaxxer.hikari.HikariDataSource - metadata_catalogue - Shutdown completed.
2026-08-17 22:27:26 [main] INFO  t.g.io/epos-eric/metadata-database/deploy:main - Creating container for image: ghcr.io/epos-eric/metadata-database/deploy:main
2026-08-17 22:27:27 [main] INFO  t.g.io/epos-eric/metadata-database/deploy:main - Container ghcr.io/epos-eric/metadata-database/deploy:main is starting: c827010f974dbf596be1e2cd21f8c7f2cd46293238dcfa1f93d5accb559acfae
2026-08-17 22:27:31 [main] INFO  t.g.io/epos-eric/metadata-database/deploy:main - Container ghcr.io/epos-eric/metadata-database/deploy:main started in PT4.564678578S
2026-08-17 22:27:31 [main] INFO  t.g.io/epos-eric/metadata-database/deploy:main - Container is started (JDBC URL: jdbc:postgresql://localhost:33256/cerif?loggerLevel=OFF)
2026-08-17 22:27:31 [main] INFO  com.zaxxer.hikari.HikariDataSource - metadata_catalogue - Starting...
2026-08-17 22:27:31 [main] INFO  com.zaxxer.hikari.pool.HikariPool - metadata_catalogue - Added connection org.postgresql.jdbc.PgConnection@65fc2639
2026-08-17 22:27:31 [main] INFO  com.zaxxer.hikari.HikariDataSource - metadata_catalogue - Start completed.
2026-08-17 22:27:31 [main] INFO  com.zaxxer.hikari.HikariDataSource - metadata_catalogue - Shutdown initiated...
2026-08-17 22:27:31 [main] INFO  com.zaxxer.hikari.HikariDataSource - metadata_catalogue - Shutdown completed.
2026-08-17 22:27:32 [main] INFO  t.g.io/epos-eric/metadata-database/deploy:main - Creating container for image: ghcr.io/epos-eric/metadata-database/deploy:main
2026-08-17 22:27:32 [main] INFO  t.g.io/epos-eric/metadata-database/deploy:main - Container ghcr.io/epos-eric/metadata-database/deploy:main is starting: 19b83af9277373dec30a2754291a90c408ea4d73807a31a83bde6b2148cf4832
2026-08-17 22:27:36 [main] INFO  t.g.io/epos-eric/metadata-database/deploy:main - Container ghcr.io/epos-eric/metadata-database/deploy:main started in PT4.344685438S
2026-08-17 22:27:36 [main] INFO  t.g.io/epos-eric/metadata-database/deploy:main - Container is started (JDBC URL: jdbc:postgresql://localhost:33257/cerif?loggerLevel=OFF)
2026-08-17 22:27:36 [main] INFO  com.zaxxer.hikari.HikariDataSource - metadata_catalogue - Starting...
2026-08-17 22:27:36 [main] INFO  com.zaxxer.hikari.pool.HikariPool - metadata_catalogue - Added connection org.postgresql.jdbc.PgConnection@221416eb
2026-08-17 22:27:36 [main] INFO  com.zaxxer.hikari.HikariDataSource - metadata_catalogue - Start completed.
2026-08-17 22:27:36 [main] INFO  com.zaxxer.hikari.HikariDataSource - metadata_catalogue - Shutdown initiated...
2026-08-17 22:27:36 [main] INFO  com.zaxxer.hikari.HikariDataSource - metadata_catalogue - Shutdown completed.
2026-08-17 22:27:37 [main] INFO  t.g.io/epos-eric/metadata-database/deploy:main - Creating container for image: ghcr.io/epos-eric/metadata-database/deploy:main
2026-08-17 22:27:37 [main] INFO  t.g.io/epos-eric/metadata-database/deploy:main - Container ghcr.io/epos-eric/metadata-database/deploy:main is starting: d3bf925be99aa32bd4fd49aa528fcff949a1ce64ae9a19dbf82283f3cc796b71
2026-08-17 22:27:42 [main] INFO  t.g.io/epos-eric/metadata-database/deploy:main - Container ghcr.io/epos-eric/metadata-database/deploy:main started in PT5.150714056S
2026-08-17 22:27:42 [main] INFO  t.g.io/epos-eric/metadata-database/deploy:main - Container is started (JDBC URL: jdbc:postgresql://localhost:33258/cerif?loggerLevel=OFF)
2026-08-17 22:27:42 [main] INFO  com.zaxxer.hikari.HikariDataSource - metadata_catalogue - Starting...
2026-08-17 22:27:42 [main] INFO  com.zaxxer.hikari.pool.HikariPool - metadata_catalogue - Added connection org.postgresql.jdbc.PgConnection@21a1790d
2026-08-17 22:27:42 [main] INFO  com.zaxxer.hikari.HikariDataSource - metadata_catalogue - Start completed.
2026-08-17 22:27:42 [main] INFO  com.zaxxer.hikari.HikariDataSource - metadata_catalogue - Shutdown initiated...
2026-08-17 22:27:42 [main] INFO  com.zaxxer.hikari.HikariDataSource - metadata_catalogue - Shutdown completed.
2026-08-17 22:27:43 [main] INFO  t.g.io/epos-eric/metadata-database/deploy:main - Creating container for image: ghcr.io/epos-eric/metadata-database/deploy:main
2026-08-17 22:27:43 [main] INFO  t.g.io/epos-eric/metadata-database/deploy:main - Container ghcr.io/epos-eric/metadata-database/deploy:main is starting: cfa80d7c4fdc17a8774270840d608acdc4ffff58735c9a31c2007e355dc1cba9
2026-08-17 22:27:48 [main] INFO  t.g.io/epos-eric/metadata-database/deploy:main - Container ghcr.io/epos-eric/metadata-database/deploy:main started in PT4.875729765S
2026-08-17 22:27:48 [main] INFO  t.g.io/epos-eric/metadata-database/deploy:main - Container is started (JDBC URL: jdbc:postgresql://localhost:33259/cerif?loggerLevel=OFF)
2026-08-17 22:27:48 [main] INFO  com.zaxxer.hikari.HikariDataSource - metadata_catalogue - Starting...
2026-08-17 22:27:48 [main] INFO  com.zaxxer.hikari.pool.HikariPool - metadata_catalogue - Added connection org.postgresql.jdbc.PgConnection@6aa09c35
2026-08-17 22:27:48 [main] INFO  com.zaxxer.hikari.HikariDataSource - metadata_catalogue - Start completed.
2026-08-17 22:27:48 [main] INFO  com.zaxxer.hikari.HikariDataSource - metadata_catalogue - Shutdown initiated...
2026-08-17 22:27:48 [main] INFO  com.zaxxer.hikari.HikariDataSource - metadata_catalogue - Shutdown completed.
2026-08-17 22:27:48 [main] INFO  t.g.io/epos-eric/metadata-database/deploy:main - Creating container for image: ghcr.io/epos-eric/metadata-database/deploy:main
2026-08-17 22:27:48 [main] INFO  t.g.io/epos-eric/metadata-database/deploy:main - Container ghcr.io/epos-eric/metadata-database/deploy:main is starting: 0b7a0b06da969be22cb6d788611faf1eed0e949c53f3405199b0d0f770229359
2026-08-17 22:27:53 [main] INFO  t.g.io/epos-eric/metadata-database/deploy:main - Container ghcr.io/epos-eric/metadata-database/deploy:main started in PT4.407795067S
2026-08-17 22:27:53 [main] INFO  t.g.io/epos-eric/metadata-database/deploy:main - Container is started (JDBC URL: jdbc:postgresql://localhost:33260/cerif?loggerLevel=OFF)
2026-08-17 22:27:53 [main] INFO  com.zaxxer.hikari.HikariDataSource - metadata_catalogue - Starting...
2026-08-17 22:27:53 [main] INFO  com.zaxxer.hikari.pool.HikariPool - metadata_catalogue - Added connection org.postgresql.jdbc.PgConnection@7538033f
2026-08-17 22:27:53 [main] INFO  com.zaxxer.hikari.HikariDataSource - metadata_catalogue - Start completed.
2026-08-17 22:27:54 [main] INFO  com.zaxxer.hikari.HikariDataSource - metadata_catalogue - Shutdown initiated...
2026-08-17 22:27:54 [main] INFO  com.zaxxer.hikari.HikariDataSource - metadata_catalogue - Shutdown completed.
2026-08-17 22:27:54 [main] INFO  t.g.io/epos-eric/metadata-database/deploy:main - Creating container for image: ghcr.io/epos-eric/metadata-database/deploy:main
2026-08-17 22:27:54 [main] INFO  t.g.io/epos-eric/metadata-database/deploy:main - Container ghcr.io/epos-eric/metadata-database/deploy:main is starting: ae2113837e70e2f4c213a850525cfe07d4c1a9a4eb6ef80cbfed64b4a3e13600
2026-08-17 22:27:58 [main] INFO  t.g.io/epos-eric/metadata-database/deploy:main - Container ghcr.io/epos-eric/metadata-database/deploy:main started in PT3.973926331S
2026-08-17 22:27:58 [main] INFO  t.g.io/epos-eric/metadata-database/deploy:main - Container is started (JDBC URL: jdbc:postgresql://localhost:33261/cerif?loggerLevel=OFF)
2026-08-17 22:27:58 [main] INFO  com.zaxxer.hikari.HikariDataSource - metadata_catalogue - Starting...
2026-08-17 22:27:58 [main] INFO  com.zaxxer.hikari.pool.HikariPool - metadata_catalogue - Added connection org.postgresql.jdbc.PgConnection@223b6e94
2026-08-17 22:27:58 [main] INFO  com.zaxxer.hikari.HikariDataSource - metadata_catalogue - Start completed.
2026-08-17 22:27:59 [main] INFO  com.zaxxer.hikari.HikariDataSource - metadata_catalogue - Shutdown initiated...
2026-08-17 22:27:59 [main] INFO  com.zaxxer.hikari.HikariDataSource - metadata_catalogue - Shutdown completed.
2026-08-17 22:28:00 [main] INFO  t.g.io/epos-eric/metadata-database/deploy:main - Creating container for image: ghcr.io/epos-eric/metadata-database/deploy:main
2026-08-17 22:28:00 [main] INFO  t.g.io/epos-eric/metadata-database/deploy:main - Container ghcr.io/epos-eric/metadata-database/deploy:main is starting: 292f37b10413fb760b59828eb92064fb1d6575b562b79c3ef44a7b2ef835a6bd
2026-08-17 22:28:05 [main] INFO  t.g.io/epos-eric/metadata-database/deploy:main - Container ghcr.io/epos-eric/metadata-database/deploy:main started in PT4.81456234S
2026-08-17 22:28:05 [main] INFO  t.g.io/epos-eric/metadata-database/deploy:main - Container is started (JDBC URL: jdbc:postgresql://localhost:33262/cerif?loggerLevel=OFF)
2026-08-17 22:28:05 [main] INFO  com.zaxxer.hikari.HikariDataSource - metadata_catalogue - Starting...
2026-08-17 22:28:05 [main] INFO  com.zaxxer.hikari.pool.HikariPool - metadata_catalogue - Added connection org.postgresql.jdbc.PgConnection@4f25fe6e
2026-08-17 22:28:05 [main] INFO  com.zaxxer.hikari.HikariDataSource - metadata_catalogue - Start completed.
2026-08-17 22:28:05 [main] INFO  com.zaxxer.hikari.HikariDataSource - metadata_catalogue - Shutdown initiated...
2026-08-17 22:28:05 [main] INFO  com.zaxxer.hikari.HikariDataSource - metadata_catalogue - Shutdown completed.
2026-08-17 22:28:05 [main] INFO  t.g.io/epos-eric/metadata-database/deploy:main - Creating container for image: ghcr.io/epos-eric/metadata-database/deploy:main
2026-08-17 22:28:05 [main] INFO  t.g.io/epos-eric/metadata-database/deploy:main - Container ghcr.io/epos-eric/metadata-database/deploy:main is starting: 70190ff64c35c483229f0033ec1f46b22964e06ac584292ec54befd9253c4e7a
2026-08-17 22:28:10 [main] INFO  t.g.io/epos-eric/metadata-database/deploy:main - Container ghcr.io/epos-eric/metadata-database/deploy:main started in PT4.468050532S
2026-08-17 22:28:10 [main] INFO  t.g.io/epos-eric/metadata-database/deploy:main - Container is started (JDBC URL: jdbc:postgresql://localhost:33263/cerif?loggerLevel=OFF)
2026-08-17 22:28:10 [main] INFO  com.zaxxer.hikari.HikariDataSource - metadata_catalogue - Starting...
2026-08-17 22:28:10 [main] INFO  com.zaxxer.hikari.pool.HikariPool - metadata_catalogue - Added connection org.postgresql.jdbc.PgConnection@2ca50b7a
2026-08-17 22:28:10 [main] INFO  com.zaxxer.hikari.HikariDataSource - metadata_catalogue - Start completed.
2026-08-17 22:28:10 [main] INFO  com.zaxxer.hikari.HikariDataSource - metadata_catalogue - Shutdown initiated...
2026-08-17 22:28:10 [main] INFO  com.zaxxer.hikari.HikariDataSource - metadata_catalogue - Shutdown completed.
2026-08-17 22:28:10 [main] INFO  t.g.io/epos-eric/metadata-database/deploy:main - Creating container for image: ghcr.io/epos-eric/metadata-database/deploy:main
2026-08-17 22:28:10 [main] INFO  t.g.io/epos-eric/metadata-database/deploy:main - Container ghcr.io/epos-eric/metadata-database/deploy:main is starting: a63c874a7bd64fc5862724b652e61a06fa5f4e5b5aec8ad5de875ff45df0bf1d
2026-08-17 22:28:14 [main] INFO  t.g.io/epos-eric/metadata-database/deploy:main - Container ghcr.io/epos-eric/metadata-database/deploy:main started in PT3.800874821S
2026-08-17 22:28:14 [main] INFO  t.g.io/epos-eric/metadata-database/deploy:main - Container is started (JDBC URL: jdbc:postgresql://localhost:33264/cerif?loggerLevel=OFF)
2026-08-17 22:28:14 [main] INFO  com.zaxxer.hikari.HikariDataSource - metadata_catalogue - Starting...
2026-08-17 22:28:14 [main] INFO  com.zaxxer.hikari.pool.HikariPool - metadata_catalogue - Added connection org.postgresql.jdbc.PgConnection@33c0f580
2026-08-17 22:28:14 [main] INFO  com.zaxxer.hikari.HikariDataSource - metadata_catalogue - Start completed.
2026-08-17 22:28:14 [main] INFO  com.zaxxer.hikari.HikariDataSource - metadata_catalogue - Shutdown initiated...
2026-08-17 22:28:14 [main] INFO  com.zaxxer.hikari.HikariDataSource - metadata_catalogue - Shutdown completed.
2026-08-17 22:28:14 [main] INFO  t.g.io/epos-eric/metadata-database/deploy:main - Creating container for image: ghcr.io/epos-eric/metadata-database/deploy:main
2026-08-17 22:28:14 [main] INFO  t.g.io/epos-eric/metadata-database/deploy:main - Container ghcr.io/epos-eric/metadata-database/deploy:main is starting: 7546b5deee9f03c8b45bd837ced40bc13bc843a4bdd4eaafb01528500e9f58fa
2026-08-17 22:28:18 [main] INFO  t.g.io/epos-eric/metadata-database/deploy:main - Container ghcr.io/epos-eric/metadata-database/deploy:main started in PT3.915839551S
2026-08-17 22:28:18 [main] INFO  t.g.io/epos-eric/metadata-database/deploy:main - Container is started (JDBC URL: jdbc:postgresql://localhost:33265/cerif?loggerLevel=OFF)
2026-08-17 22:28:18 [main] INFO  com.zaxxer.hikari.HikariDataSource - metadata_catalogue - Starting...
2026-08-17 22:28:18 [main] INFO  com.zaxxer.hikari.pool.HikariPool - metadata_catalogue - Added connection org.postgresql.jdbc.PgConnection@669abb5c
2026-08-17 22:28:18 [main] INFO  com.zaxxer.hikari.HikariDataSource - metadata_catalogue - Start completed.
2026-08-17 22:28:19 [main] INFO  com.zaxxer.hikari.HikariDataSource - metadata_catalogue - Shutdown initiated...
2026-08-17 22:28:19 [main] INFO  com.zaxxer.hikari.HikariDataSource - metadata_catalogue - Shutdown completed.
2026-08-17 22:28:19 [main] INFO  t.g.io/epos-eric/metadata-database/deploy:main - Creating container for image: ghcr.io/epos-eric/metadata-database/deploy:main
2026-08-17 22:28:19 [main] INFO  t.g.io/epos-eric/metadata-database/deploy:main - Container ghcr.io/epos-eric/metadata-database/deploy:main is starting: 6a3589011c08371a640fa4c6c5dcacc34d8ec6d080ba09b31506d81ef9203785
2026-08-17 22:28:23 [main] INFO  t.g.io/epos-eric/metadata-database/deploy:main - Container ghcr.io/epos-eric/metadata-database/deploy:main started in PT4.383895663S
2026-08-17 22:28:23 [main] INFO  t.g.io/epos-eric/metadata-database/deploy:main - Container is started (JDBC URL: jdbc:postgresql://localhost:33266/cerif?loggerLevel=OFF)
2026-08-17 22:28:23 [main] INFO  com.zaxxer.hikari.HikariDataSource - metadata_catalogue - Starting...
2026-08-17 22:28:23 [main] INFO  com.zaxxer.hikari.pool.HikariPool - metadata_catalogue - Added connection org.postgresql.jdbc.PgConnection@793ac211
2026-08-17 22:28:23 [main] INFO  com.zaxxer.hikari.HikariDataSource - metadata_catalogue - Start completed.
2026-08-17 22:28:25 [main] INFO  com.zaxxer.hikari.HikariDataSource - metadata_catalogue - Shutdown initiated...
2026-08-17 22:28:25 [main] INFO  com.zaxxer.hikari.HikariDataSource - metadata_catalogue - Shutdown completed.
2026-08-17 22:28:25 [main] INFO  t.g.io/epos-eric/metadata-database/deploy:main - Creating container for image: ghcr.io/epos-eric/metadata-database/deploy:main
2026-08-17 22:28:25 [main] INFO  t.g.io/epos-eric/metadata-database/deploy:main - Container ghcr.io/epos-eric/metadata-database/deploy:main is starting: ca47d3752712c8731175f8554d85bc671de6739bc6837e6cc5162de624eee5bc
2026-08-17 22:28:30 [main] INFO  t.g.io/epos-eric/metadata-database/deploy:main - Container ghcr.io/epos-eric/metadata-database/deploy:main started in PT4.747255696S
2026-08-17 22:28:30 [main] INFO  t.g.io/epos-eric/metadata-database/deploy:main - Container is started (JDBC URL: jdbc:postgresql://localhost:33267/cerif?loggerLevel=OFF)
2026-08-17 22:28:30 [main] INFO  com.zaxxer.hikari.HikariDataSource - metadata_catalogue - Starting...
2026-08-17 22:28:30 [main] INFO  com.zaxxer.hikari.pool.HikariPool - metadata_catalogue - Added connection org.postgresql.jdbc.PgConnection@48a537f5
2026-08-17 22:28:30 [main] INFO  com.zaxxer.hikari.HikariDataSource - metadata_catalogue - Start completed.
2026-08-17 22:28:30 [main] INFO  com.zaxxer.hikari.HikariDataSource - metadata_catalogue - Shutdown initiated...
2026-08-17 22:28:30 [main] INFO  com.zaxxer.hikari.HikariDataSource - metadata_catalogue - Shutdown completed.
2026-08-17 22:28:30 [main] INFO  t.g.io/epos-eric/metadata-database/deploy:main - Creating container for image: ghcr.io/epos-eric/metadata-database/deploy:main
2026-08-17 22:28:30 [main] INFO  t.g.io/epos-eric/metadata-database/deploy:main - Container ghcr.io/epos-eric/metadata-database/deploy:main is starting: 5df9feb7bec0a2464e9a5da313b68663087ebcdfef03a388889f13f26ccfc9db
2026-08-17 22:28:34 [main] INFO  t.g.io/epos-eric/metadata-database/deploy:main - Container ghcr.io/epos-eric/metadata-database/deploy:main started in PT3.85016906S
2026-08-17 22:28:34 [main] INFO  t.g.io/epos-eric/metadata-database/deploy:main - Container is started (JDBC URL: jdbc:postgresql://localhost:33268/cerif?loggerLevel=OFF)
2026-08-17 22:28:34 [main] INFO  com.zaxxer.hikari.HikariDataSource - metadata_catalogue - Starting...
2026-08-17 22:28:34 [main] INFO  com.zaxxer.hikari.pool.HikariPool - metadata_catalogue - Added connection org.postgresql.jdbc.PgConnection@1fbdd357
2026-08-17 22:28:34 [main] INFO  com.zaxxer.hikari.HikariDataSource - metadata_catalogue - Start completed.
2026-08-17 22:28:34 [main] INFO  com.zaxxer.hikari.HikariDataSource - metadata_catalogue - Shutdown initiated...
2026-08-17 22:28:34 [main] INFO  com.zaxxer.hikari.HikariDataSource - metadata_catalogue - Shutdown completed.
2026-08-17 22:28:35 [main] INFO  t.g.io/epos-eric/metadata-database/deploy:main - Creating container for image: ghcr.io/epos-eric/metadata-database/deploy:main
2026-08-17 22:28:35 [main] INFO  t.g.io/epos-eric/metadata-database/deploy:main - Container ghcr.io/epos-eric/metadata-database/deploy:main is starting: a1f6b034ab74ac7ec5a7ce2b97c1ecebbabf0551c5f3c11779dfd5bc8cfc7089
2026-08-17 22:28:39 [main] INFO  t.g.io/epos-eric/metadata-database/deploy:main - Container ghcr.io/epos-eric/metadata-database/deploy:main started in PT4.613880874S
2026-08-17 22:28:39 [main] INFO  t.g.io/epos-eric/metadata-database/deploy:main - Container is started (JDBC URL: jdbc:postgresql://localhost:33269/cerif?loggerLevel=OFF)
2026-08-17 22:28:39 [main] INFO  com.zaxxer.hikari.HikariDataSource - metadata_catalogue - Starting...
2026-08-17 22:28:39 [main] INFO  com.zaxxer.hikari.pool.HikariPool - metadata_catalogue - Added connection org.postgresql.jdbc.PgConnection@6c9ff4dd
2026-08-17 22:28:39 [main] INFO  com.zaxxer.hikari.HikariDataSource - metadata_catalogue - Start completed.
2026-08-17 22:28:39 [main] INFO  com.zaxxer.hikari.HikariDataSource - metadata_catalogue - Shutdown initiated...
2026-08-17 22:28:39 [main] INFO  com.zaxxer.hikari.HikariDataSource - metadata_catalogue - Shutdown completed.
2026-08-17 22:28:40 [main] INFO  t.g.io/epos-eric/metadata-database/deploy:main - Creating container for image: ghcr.io/epos-eric/metadata-database/deploy:main
2026-08-17 22:28:40 [main] INFO  t.g.io/epos-eric/metadata-database/deploy:main - Container ghcr.io/epos-eric/metadata-database/deploy:main is starting: d5817416cdb2881fb9c4242b7a5da5e9c5cb5dc2f6d2bcb0842413d0c5a3a8fc
2026-08-17 22:28:44 [main] INFO  t.g.io/epos-eric/metadata-database/deploy:main - Container ghcr.io/epos-eric/metadata-database/deploy:main started in PT4.678622434S
2026-08-17 22:28:44 [main] INFO  t.g.io/epos-eric/metadata-database/deploy:main - Container is started (JDBC URL: jdbc:postgresql://localhost:33270/cerif?loggerLevel=OFF)
2026-08-17 22:28:44 [main] INFO  com.zaxxer.hikari.HikariDataSource - metadata_catalogue - Starting...
2026-08-17 22:28:44 [main] INFO  com.zaxxer.hikari.pool.HikariPool - metadata_catalogue - Added connection org.postgresql.jdbc.PgConnection@70a1e4f7
2026-08-17 22:28:44 [main] INFO  com.zaxxer.hikari.HikariDataSource - metadata_catalogue - Start completed.
2026-08-17 22:28:45 [main] INFO  com.zaxxer.hikari.HikariDataSource - metadata_catalogue - Shutdown initiated...
2026-08-17 22:28:45 [main] INFO  com.zaxxer.hikari.HikariDataSource - metadata_catalogue - Shutdown completed.
2026-08-17 22:28:45 [main] INFO  t.g.io/epos-eric/metadata-database/deploy:main - Creating container for image: ghcr.io/epos-eric/metadata-database/deploy:main
2026-08-17 22:28:45 [main] INFO  t.g.io/epos-eric/metadata-database/deploy:main - Container ghcr.io/epos-eric/metadata-database/deploy:main is starting: 7adfdbbfad38a41d31c7c8485f6cfe7cc24b1c43beada5150138a4d59e4e44f3
2026-08-17 22:28:49 [main] INFO  t.g.io/epos-eric/metadata-database/deploy:main - Container ghcr.io/epos-eric/metadata-database/deploy:main started in PT3.934892433S
2026-08-17 22:28:49 [main] INFO  t.g.io/epos-eric/metadata-database/deploy:main - Container is started (JDBC URL: jdbc:postgresql://localhost:33271/cerif?loggerLevel=OFF)
2026-08-17 22:28:49 [main] INFO  com.zaxxer.hikari.HikariDataSource - metadata_catalogue - Starting...
2026-08-17 22:28:49 [main] INFO  com.zaxxer.hikari.pool.HikariPool - metadata_catalogue - Added connection org.postgresql.jdbc.PgConnection@70fa9afe
2026-08-17 22:28:49 [main] INFO  com.zaxxer.hikari.HikariDataSource - metadata_catalogue - Start completed.
2026-08-17 22:28:49 [main] INFO  com.zaxxer.hikari.HikariDataSource - metadata_catalogue - Shutdown initiated...
2026-08-17 22:28:49 [main] INFO  com.zaxxer.hikari.HikariDataSource - metadata_catalogue - Shutdown completed.
2026-08-17 22:28:49 [main] INFO  t.g.io/epos-eric/metadata-database/deploy:main - Creating container for image: ghcr.io/epos-eric/metadata-database/deploy:main
2026-08-17 22:28:49 [main] INFO  t.g.io/epos-eric/metadata-database/deploy:main - Container ghcr.io/epos-eric/metadata-database/deploy:main is starting: c7473be4e814d3f4cf532d23e8363a5817431a04f90269f72db08aa89b864bf5
2026-08-17 22:28:54 [main] INFO  t.g.io/epos-eric/metadata-database/deploy:main - Container ghcr.io/epos-eric/metadata-database/deploy:main started in PT5.101281589S
2026-08-17 22:28:54 [main] INFO  t.g.io/epos-eric/metadata-database/deploy:main - Container is started (JDBC URL: jdbc:postgresql://localhost:33272/cerif?loggerLevel=OFF)
2026-08-17 22:28:54 [main] INFO  com.zaxxer.hikari.HikariDataSource - metadata_catalogue - Starting...
2026-08-17 22:28:54 [main] INFO  com.zaxxer.hikari.pool.HikariPool - metadata_catalogue - Added connection org.postgresql.jdbc.PgConnection@56efe793
2026-08-17 22:28:54 [main] INFO  com.zaxxer.hikari.HikariDataSource - metadata_catalogue - Start completed.
2026-08-17 22:28:56 [main] INFO  com.zaxxer.hikari.HikariDataSource - metadata_catalogue - Shutdown initiated...
2026-08-17 22:28:56 [main] INFO  com.zaxxer.hikari.HikariDataSource - metadata_catalogue - Shutdown completed.
2026-08-17 22:28:57 [main] INFO  t.g.io/epos-eric/metadata-database/deploy:main - Creating container for image: ghcr.io/epos-eric/metadata-database/deploy:main
2026-08-17 22:28:57 [main] INFO  t.g.io/epos-eric/metadata-database/deploy:main - Container ghcr.io/epos-eric/metadata-database/deploy:main is starting: 20b0c88355ca6e34e788225d6e739c7b3c1377ceafca2149b3f1861925725893
2026-08-17 22:29:01 [main] INFO  t.g.io/epos-eric/metadata-database/deploy:main - Container ghcr.io/epos-eric/metadata-database/deploy:main started in PT4.222926451S
2026-08-17 22:29:01 [main] INFO  t.g.io/epos-eric/metadata-database/deploy:main - Container is started (JDBC URL: jdbc:postgresql://localhost:33273/cerif?loggerLevel=OFF)
2026-08-17 22:29:01 [main] INFO  com.zaxxer.hikari.HikariDataSource - metadata_catalogue - Starting...
2026-08-17 22:29:01 [main] INFO  com.zaxxer.hikari.pool.HikariPool - metadata_catalogue - Added connection org.postgresql.jdbc.PgConnection@21cdceb2
2026-08-17 22:29:01 [main] INFO  com.zaxxer.hikari.HikariDataSource - metadata_catalogue - Start completed.
2026-08-17 22:29:01 [main] INFO  com.zaxxer.hikari.HikariDataSource - metadata_catalogue - Shutdown initiated...
2026-08-17 22:29:01 [main] INFO  com.zaxxer.hikari.HikariDataSource - metadata_catalogue - Shutdown completed.
2026-08-17 22:29:01 [main] INFO  t.g.io/epos-eric/metadata-database/deploy:main - Creating container for image: ghcr.io/epos-eric/metadata-database/deploy:main
2026-08-17 22:29:01 [main] INFO  t.g.io/epos-eric/metadata-database/deploy:main - Container ghcr.io/epos-eric/metadata-database/deploy:main is starting: 7fa6dcca48ade28a27d8761047ecbda5724cee2c0873f568fbca38b8b75ac0ca
2026-08-17 22:29:06 [main] INFO  t.g.io/epos-eric/metadata-database/deploy:main - Container ghcr.io/epos-eric/metadata-database/deploy:main started in PT4.526521002S
2026-08-17 22:29:06 [main] INFO  t.g.io/epos-eric/metadata-database/deploy:main - Container is started (JDBC URL: jdbc:postgresql://localhost:33274/cerif?loggerLevel=OFF)
2026-08-17 22:29:06 [main] INFO  com.zaxxer.hikari.HikariDataSource - metadata_catalogue - Starting...
2026-08-17 22:29:06 [main] INFO  com.zaxxer.hikari.pool.HikariPool - metadata_catalogue - Added connection org.postgresql.jdbc.PgConnection@3552ccb6
2026-08-17 22:29:06 [main] INFO  com.zaxxer.hikari.HikariDataSource - metadata_catalogue - Start completed.
2026-08-17 22:29:06 [main] INFO  com.zaxxer.hikari.HikariDataSource - metadata_catalogue - Shutdown initiated...
2026-08-17 22:29:06 [main] INFO  com.zaxxer.hikari.HikariDataSource - metadata_catalogue - Shutdown completed.
2026-08-17 22:29:06 [main] INFO  t.g.io/epos-eric/metadata-database/deploy:main - Creating container for image: ghcr.io/epos-eric/metadata-database/deploy:main
2026-08-17 22:29:06 [main] INFO  t.g.io/epos-eric/metadata-database/deploy:main - Container ghcr.io/epos-eric/metadata-database/deploy:main is starting: e553493b96f94f733b3f52098e0b15fce93726cc06968e9c6b114da2e406fa8a
2026-08-17 22:29:11 [main] INFO  t.g.io/epos-eric/metadata-database/deploy:main - Container ghcr.io/epos-eric/metadata-database/deploy:main started in PT4.577510415S
2026-08-17 22:29:11 [main] INFO  t.g.io/epos-eric/metadata-database/deploy:main - Container is started (JDBC URL: jdbc:postgresql://localhost:33275/cerif?loggerLevel=OFF)
2026-08-17 22:29:11 [main] INFO  com.zaxxer.hikari.HikariDataSource - metadata_catalogue - Starting...
2026-08-17 22:29:11 [main] INFO  com.zaxxer.hikari.pool.HikariPool - metadata_catalogue - Added connection org.postgresql.jdbc.PgConnection@52cc4c56
2026-08-17 22:29:11 [main] INFO  com.zaxxer.hikari.HikariDataSource - metadata_catalogue - Start completed.
2026-08-17 22:29:11 [main] INFO  com.zaxxer.hikari.HikariDataSource - metadata_catalogue - Shutdown initiated...
2026-08-17 22:29:11 [main] INFO  com.zaxxer.hikari.HikariDataSource - metadata_catalogue - Shutdown completed.
2026-08-17 22:29:11 [main] INFO  t.g.io/epos-eric/metadata-database/deploy:main - Creating container for image: ghcr.io/epos-eric/metadata-database/deploy:main
2026-08-17 22:29:11 [main] INFO  t.g.io/epos-eric/metadata-database/deploy:main - Container ghcr.io/epos-eric/metadata-database/deploy:main is starting: 993e060a20aa79ee06596be609684949724d0275a36eb183a6a82c0f5cb5be34
2026-08-17 22:29:16 [main] INFO  t.g.io/epos-eric/metadata-database/deploy:main - Container ghcr.io/epos-eric/metadata-database/deploy:main started in PT4.257899067S
2026-08-17 22:29:16 [main] INFO  t.g.io/epos-eric/metadata-database/deploy:main - Container is started (JDBC URL: jdbc:postgresql://localhost:33276/cerif?loggerLevel=OFF)
2026-08-17 22:29:16 [main] INFO  com.zaxxer.hikari.HikariDataSource - metadata_catalogue - Starting...
2026-08-17 22:29:16 [main] INFO  com.zaxxer.hikari.pool.HikariPool - metadata_catalogue - Added connection org.postgresql.jdbc.PgConnection@7b001d8e
2026-08-17 22:29:16 [main] INFO  com.zaxxer.hikari.HikariDataSource - metadata_catalogue - Start completed.
2026-08-17 22:29:16 [main] INFO  com.zaxxer.hikari.HikariDataSource - metadata_catalogue - Shutdown initiated...
2026-08-17 22:29:16 [main] INFO  com.zaxxer.hikari.HikariDataSource - metadata_catalogue - Shutdown completed.
2026-08-17 22:29:16 [main] INFO  t.g.io/epos-eric/metadata-database/deploy:main - Creating container for image: ghcr.io/epos-eric/metadata-database/deploy:main
2026-08-17 22:29:16 [main] INFO  t.g.io/epos-eric/metadata-database/deploy:main - Container ghcr.io/epos-eric/metadata-database/deploy:main is starting: 18e18c9ddb285ea2568f5f608c3f45811671fe17f4914095d99cc519b97412c2
2026-08-17 22:29:20 [main] INFO  t.g.io/epos-eric/metadata-database/deploy:main - Container ghcr.io/epos-eric/metadata-database/deploy:main started in PT4.182897757S
2026-08-17 22:29:20 [main] INFO  t.g.io/epos-eric/metadata-database/deploy:main - Container is started (JDBC URL: jdbc:postgresql://localhost:33277/cerif?loggerLevel=OFF)
2026-08-17 22:29:20 [main] INFO  com.zaxxer.hikari.HikariDataSource - metadata_catalogue - Starting...
2026-08-17 22:29:20 [main] INFO  com.zaxxer.hikari.pool.HikariPool - metadata_catalogue - Added connection org.postgresql.jdbc.PgConnection@2eecd312
2026-08-17 22:29:20 [main] INFO  com.zaxxer.hikari.HikariDataSource - metadata_catalogue - Start completed.
2026-08-17 22:29:21 [main] INFO  com.zaxxer.hikari.HikariDataSource - metadata_catalogue - Shutdown initiated...
2026-08-17 22:29:21 [main] INFO  com.zaxxer.hikari.HikariDataSource - metadata_catalogue - Shutdown completed.
2026-08-17 22:29:21 [main] INFO  t.g.io/epos-eric/metadata-database/deploy:main - Creating container for image: ghcr.io/epos-eric/metadata-database/deploy:main
2026-08-17 22:29:21 [main] INFO  t.g.io/epos-eric/metadata-database/deploy:main - Container ghcr.io/epos-eric/metadata-database/deploy:main is starting: c7a094b15deaed74fe471900014dbacde9c982aa6488702ea2aa21eeada9f638
2026-08-17 22:29:26 [main] INFO  t.g.io/epos-eric/metadata-database/deploy:main - Container ghcr.io/epos-eric/metadata-database/deploy:main started in PT5.156675958S
2026-08-17 22:29:26 [main] INFO  t.g.io/epos-eric/metadata-database/deploy:main - Container is started (JDBC URL: jdbc:postgresql://localhost:33278/cerif?loggerLevel=OFF)
2026-08-17 22:29:26 [main] INFO  com.zaxxer.hikari.HikariDataSource - metadata_catalogue - Starting...
2026-08-17 22:29:26 [main] INFO  com.zaxxer.hikari.pool.HikariPool - metadata_catalogue - Added connection org.postgresql.jdbc.PgConnection@71a67a4c
2026-08-17 22:29:26 [main] INFO  com.zaxxer.hikari.HikariDataSource - metadata_catalogue - Start completed.
2026-08-17 22:29:27 [main] INFO  com.zaxxer.hikari.HikariDataSource - metadata_catalogue - Shutdown initiated...
2026-08-17 22:29:27 [main] INFO  com.zaxxer.hikari.HikariDataSource - metadata_catalogue - Shutdown completed.
2026-08-17 22:29:27 [main] INFO  t.g.io/epos-eric/metadata-database/deploy:main - Creating container for image: ghcr.io/epos-eric/metadata-database/deploy:main
2026-08-17 22:29:27 [main] INFO  t.g.io/epos-eric/metadata-database/deploy:main - Container ghcr.io/epos-eric/metadata-database/deploy:main is starting: 8eab24895c1a46135b218a652e426ce02f18a3f1e73d0fc3addb8fbf53f720fc
2026-08-17 22:29:32 [main] INFO  t.g.io/epos-eric/metadata-database/deploy:main - Container ghcr.io/epos-eric/metadata-database/deploy:main started in PT5.060425183S
2026-08-17 22:29:32 [main] INFO  t.g.io/epos-eric/metadata-database/deploy:main - Container is started (JDBC URL: jdbc:postgresql://localhost:33279/cerif?loggerLevel=OFF)
2026-08-17 22:29:32 [main] INFO  com.zaxxer.hikari.HikariDataSource - metadata_catalogue - Starting...
2026-08-17 22:29:32 [main] INFO  com.zaxxer.hikari.pool.HikariPool - metadata_catalogue - Added connection org.postgresql.jdbc.PgConnection@16c91e5b
2026-08-17 22:29:32 [main] INFO  com.zaxxer.hikari.HikariDataSource - metadata_catalogue - Start completed.
2026-08-17 22:29:32 [main] INFO  com.zaxxer.hikari.HikariDataSource - metadata_catalogue - Shutdown initiated...
2026-08-17 22:29:32 [main] INFO  com.zaxxer.hikari.HikariDataSource - metadata_catalogue - Shutdown completed.
2026-08-17 22:29:33 [main] INFO  t.g.io/epos-eric/metadata-database/deploy:main - Creating container for image: ghcr.io/epos-eric/metadata-database/deploy:main
2026-08-17 22:29:33 [main] INFO  t.g.io/epos-eric/metadata-database/deploy:main - Container ghcr.io/epos-eric/metadata-database/deploy:main is starting: 0276f593a17d3e794bb73e40906b5f6b94292904c070daaa6fc73e0f3a3de072
2026-08-17 22:29:37 [main] INFO  t.g.io/epos-eric/metadata-database/deploy:main - Container ghcr.io/epos-eric/metadata-database/deploy:main started in PT4.357749727S
2026-08-17 22:29:37 [main] INFO  t.g.io/epos-eric/metadata-database/deploy:main - Container is started (JDBC URL: jdbc:postgresql://localhost:33280/cerif?loggerLevel=OFF)
2026-08-17 22:29:37 [main] INFO  com.zaxxer.hikari.HikariDataSource - metadata_catalogue - Starting...
2026-08-17 22:29:37 [main] INFO  com.zaxxer.hikari.pool.HikariPool - metadata_catalogue - Added connection org.postgresql.jdbc.PgConnection@517b6eff
2026-08-17 22:29:37 [main] INFO  com.zaxxer.hikari.HikariDataSource - metadata_catalogue - Start completed.
2026-08-17 22:29:37 [main] INFO  com.zaxxer.hikari.HikariDataSource - metadata_catalogue - Shutdown initiated...
2026-08-17 22:29:37 [main] INFO  com.zaxxer.hikari.HikariDataSource - metadata_catalogue - Shutdown completed.
2026-08-17 22:29:37 [main] INFO  t.g.io/epos-eric/metadata-database/deploy:main - Creating container for image: ghcr.io/epos-eric/metadata-database/deploy:main
2026-08-17 22:29:37 [main] INFO  t.g.io/epos-eric/metadata-database/deploy:main - Container ghcr.io/epos-eric/metadata-database/deploy:main is starting: 2150cbe232d90a2c269774f66addc0b3e723390918077a2227b3838199e4a902
2026-08-17 22:29:42 [main] INFO  t.g.io/epos-eric/metadata-database/deploy:main - Container ghcr.io/epos-eric/metadata-database/deploy:main started in PT4.605692858S
2026-08-17 22:29:42 [main] INFO  t.g.io/epos-eric/metadata-database/deploy:main - Container is started (JDBC URL: jdbc:postgresql://localhost:33281/cerif?loggerLevel=OFF)
2026-08-17 22:29:42 [main] INFO  com.zaxxer.hikari.HikariDataSource - metadata_catalogue - Starting...
2026-08-17 22:29:42 [main] INFO  com.zaxxer.hikari.pool.HikariPool - metadata_catalogue - Added connection org.postgresql.jdbc.PgConnection@2d31633
2026-08-17 22:29:42 [main] INFO  com.zaxxer.hikari.HikariDataSource - metadata_catalogue - Start completed.
2026-08-17 22:29:42 [main] INFO  com.zaxxer.hikari.HikariDataSource - metadata_catalogue - Shutdown initiated...
2026-08-17 22:29:43 [main] INFO  com.zaxxer.hikari.HikariDataSource - metadata_catalogue - Shutdown completed.
2026-08-17 22:29:43 [main] INFO  t.g.io/epos-eric/metadata-database/deploy:main - Creating container for image: ghcr.io/epos-eric/metadata-database/deploy:main
2026-08-17 22:29:43 [main] INFO  t.g.io/epos-eric/metadata-database/deploy:main - Container ghcr.io/epos-eric/metadata-database/deploy:main is starting: 704443bf10c770157b91ffe852ba29110c1a8e27edf2a618ce38ef3f532ba768
2026-08-17 22:29:48 [main] INFO  t.g.io/epos-eric/metadata-database/deploy:main - Container ghcr.io/epos-eric/metadata-database/deploy:main started in PT5.266478001S
2026-08-17 22:29:48 [main] INFO  t.g.io/epos-eric/metadata-database/deploy:main - Container is started (JDBC URL: jdbc:postgresql://localhost:33282/cerif?loggerLevel=OFF)
2026-08-17 22:29:48 [main] INFO  com.zaxxer.hikari.HikariDataSource - metadata_catalogue - Starting...
2026-08-17 22:29:48 [main] INFO  com.zaxxer.hikari.pool.HikariPool - metadata_catalogue - Added connection org.postgresql.jdbc.PgConnection@27702b7a
2026-08-17 22:29:48 [main] INFO  com.zaxxer.hikari.HikariDataSource - metadata_catalogue - Start completed.
2026-08-17 22:29:48 [main] INFO  com.zaxxer.hikari.HikariDataSource - metadata_catalogue - Shutdown initiated...
2026-08-17 22:29:48 [main] INFO  com.zaxxer.hikari.HikariDataSource - metadata_catalogue - Shutdown completed.
2026-08-17 22:29:49 [main] INFO  t.g.io/epos-eric/metadata-database/deploy:main - Creating container for image: ghcr.io/epos-eric/metadata-database/deploy:main
2026-08-17 22:29:49 [main] INFO  t.g.io/epos-eric/metadata-database/deploy:main - Container ghcr.io/epos-eric/metadata-database/deploy:main is starting: 592002373ff59c327949025fbdc3457cf88f73281f293e73ac02fbc794a116ca
2026-08-17 22:29:54 [main] INFO  t.g.io/epos-eric/metadata-database/deploy:main - Container ghcr.io/epos-eric/metadata-database/deploy:main started in PT5.366410055S
2026-08-17 22:29:54 [main] INFO  t.g.io/epos-eric/metadata-database/deploy:main - Container is started (JDBC URL: jdbc:postgresql://localhost:33283/cerif?loggerLevel=OFF)
2026-08-17 22:29:54 [main] INFO  com.zaxxer.hikari.HikariDataSource - metadata_catalogue - Starting...
2026-08-17 22:29:54 [main] INFO  com.zaxxer.hikari.pool.HikariPool - metadata_catalogue - Added connection org.postgresql.jdbc.PgConnection@1f551ced
2026-08-17 22:29:54 [main] INFO  com.zaxxer.hikari.HikariDataSource - metadata_catalogue - Start completed.
2026-08-17 22:29:55 [main] INFO  com.zaxxer.hikari.HikariDataSource - metadata_catalogue - Shutdown initiated...
2026-08-17 22:29:55 [main] INFO  com.zaxxer.hikari.HikariDataSource - metadata_catalogue - Shutdown completed.
2026-08-17 22:29:55 [main] INFO  t.g.io/epos-eric/metadata-database/deploy:main - Creating container for image: ghcr.io/epos-eric/metadata-database/deploy:main
2026-08-17 22:29:55 [main] INFO  t.g.io/epos-eric/metadata-database/deploy:main - Container ghcr.io/epos-eric/metadata-database/deploy:main is starting: 953e7e0dc94246708e02b7afa3984db4a14c026ef707da7f5daf9d042e738e6d
2026-08-17 22:29:59 [main] INFO  t.g.io/epos-eric/metadata-database/deploy:main - Container ghcr.io/epos-eric/metadata-database/deploy:main started in PT3.808167292S
2026-08-17 22:29:59 [main] INFO  t.g.io/epos-eric/metadata-database/deploy:main - Container is started (JDBC URL: jdbc:postgresql://localhost:33284/cerif?loggerLevel=OFF)
2026-08-17 22:29:59 [main] INFO  com.zaxxer.hikari.HikariDataSource - metadata_catalogue - Starting...
2026-08-17 22:29:59 [main] INFO  com.zaxxer.hikari.pool.HikariPool - metadata_catalogue - Added connection org.postgresql.jdbc.PgConnection@68c0673
2026-08-17 22:29:59 [main] INFO  com.zaxxer.hikari.HikariDataSource - metadata_catalogue - Start completed.
2026-08-17 22:29:59 [main] INFO  com.zaxxer.hikari.HikariDataSource - metadata_catalogue - Shutdown initiated...
2026-08-17 22:29:59 [main] INFO  com.zaxxer.hikari.HikariDataSource - metadata_catalogue - Shutdown completed.
2026-08-17 22:29:59 [main] INFO  t.g.io/epos-eric/metadata-database/deploy:main - Creating container for image: ghcr.io/epos-eric/metadata-database/deploy:main
2026-08-17 22:30:00 [main] INFO  t.g.io/epos-eric/metadata-database/deploy:main - Container ghcr.io/epos-eric/metadata-database/deploy:main is starting: 5b2019d29accfd415723d6277aa410f95962f973a9c81285571cd1124a27737c
2026-08-17 22:30:04 [main] INFO  t.g.io/epos-eric/metadata-database/deploy:main - Container ghcr.io/epos-eric/metadata-database/deploy:main started in PT5.142651816S
2026-08-17 22:30:04 [main] INFO  t.g.io/epos-eric/metadata-database/deploy:main - Container is started (JDBC URL: jdbc:postgresql://localhost:33285/cerif?loggerLevel=OFF)
2026-08-17 22:30:04 [main] INFO  com.zaxxer.hikari.HikariDataSource - metadata_catalogue - Starting...
2026-08-17 22:30:04 [main] INFO  com.zaxxer.hikari.pool.HikariPool - metadata_catalogue - Added connection org.postgresql.jdbc.PgConnection@6d88b358
2026-08-17 22:30:04 [main] INFO  com.zaxxer.hikari.HikariDataSource - metadata_catalogue - Start completed.
2026-08-17 22:30:05 [main] INFO  com.zaxxer.hikari.HikariDataSource - metadata_catalogue - Shutdown initiated...
2026-08-17 22:30:05 [main] INFO  com.zaxxer.hikari.HikariDataSource - metadata_catalogue - Shutdown completed.
2026-08-17 22:30:05 [main] INFO  t.g.io/epos-eric/metadata-database/deploy:main - Creating container for image: ghcr.io/epos-eric/metadata-database/deploy:main
2026-08-17 22:30:05 [main] INFO  t.g.io/epos-eric/metadata-database/deploy:main - Container ghcr.io/epos-eric/metadata-database/deploy:main is starting: f5a5617e812bee84c04c5839875ffb17774354421f5aec5ae51732829c2c89a4
2026-08-17 22:30:10 [main] INFO  t.g.io/epos-eric/metadata-database/deploy:main - Container ghcr.io/epos-eric/metadata-database/deploy:main started in PT4.799066318S
2026-08-17 22:30:10 [main] INFO  t.g.io/epos-eric/metadata-database/deploy:main - Container is started (JDBC URL: jdbc:postgresql://localhost:33286/cerif?loggerLevel=OFF)
2026-08-17 22:30:10 [main] INFO  com.zaxxer.hikari.HikariDataSource - metadata_catalogue - Starting...
2026-08-17 22:30:10 [main] INFO  com.zaxxer.hikari.pool.HikariPool - metadata_catalogue - Added connection org.postgresql.jdbc.PgConnection@2cc7dc2f
2026-08-17 22:30:10 [main] INFO  com.zaxxer.hikari.HikariDataSource - metadata_catalogue - Start completed.
2026-08-17 22:30:10 [main] INFO  com.zaxxer.hikari.HikariDataSource - metadata_catalogue - Shutdown initiated...
2026-08-17 22:30:10 [main] INFO  com.zaxxer.hikari.HikariDataSource - metadata_catalogue - Shutdown completed.
2026-08-17 22:30:10 [main] INFO  t.g.io/epos-eric/metadata-database/deploy:main - Creating container for image: ghcr.io/epos-eric/metadata-database/deploy:main
2026-08-17 22:30:10 [main] INFO  t.g.io/epos-eric/metadata-database/deploy:main - Container ghcr.io/epos-eric/metadata-database/deploy:main is starting: 5ac1241aca17a03388a419bb96f334bf168333c651e0dfefaa22c9b84f1bd293
2026-08-17 22:30:15 [main] INFO  t.g.io/epos-eric/metadata-database/deploy:main - Container ghcr.io/epos-eric/metadata-database/deploy:main started in PT4.571558563S
2026-08-17 22:30:15 [main] INFO  t.g.io/epos-eric/metadata-database/deploy:main - Container is started (JDBC URL: jdbc:postgresql://localhost:33287/cerif?loggerLevel=OFF)
2026-08-17 22:30:15 [main] INFO  com.zaxxer.hikari.HikariDataSource - metadata_catalogue - Starting...
2026-08-17 22:30:15 [main] INFO  com.zaxxer.hikari.pool.HikariPool - metadata_catalogue - Added connection org.postgresql.jdbc.PgConnection@42a7d9ef
2026-08-17 22:30:15 [main] INFO  com.zaxxer.hikari.HikariDataSource - metadata_catalogue - Start completed.
2026-08-17 22:30:15 [main] INFO  com.zaxxer.hikari.HikariDataSource - metadata_catalogue - Shutdown initiated...
2026-08-17 22:30:15 [main] INFO  com.zaxxer.hikari.HikariDataSource - metadata_catalogue - Shutdown completed.
2026-08-17 22:30:15 [main] INFO  t.g.io/epos-eric/metadata-database/deploy:main - Creating container for image: ghcr.io/epos-eric/metadata-database/deploy:main
2026-08-17 22:30:16 [main] INFO  t.g.io/epos-eric/metadata-database/deploy:main - Container ghcr.io/epos-eric/metadata-database/deploy:main is starting: 81777f0bc0671792f89f6ba79f04c7153249557983602e7d368b9b046b9274e4
2026-08-17 22:30:19 [main] INFO  t.g.io/epos-eric/metadata-database/deploy:main - Container ghcr.io/epos-eric/metadata-database/deploy:main started in PT3.821190119S
2026-08-17 22:30:19 [main] INFO  t.g.io/epos-eric/metadata-database/deploy:main - Container is started (JDBC URL: jdbc:postgresql://localhost:33288/cerif?loggerLevel=OFF)
2026-08-17 22:30:19 [main] INFO  com.zaxxer.hikari.HikariDataSource - metadata_catalogue - Starting...
2026-08-17 22:30:19 [main] INFO  com.zaxxer.hikari.pool.HikariPool - metadata_catalogue - Added connection org.postgresql.jdbc.PgConnection@76756f81
2026-08-17 22:30:19 [main] INFO  com.zaxxer.hikari.HikariDataSource - metadata_catalogue - Start completed.
2026-08-17 22:30:20 [main] INFO  com.zaxxer.hikari.HikariDataSource - metadata_catalogue - Shutdown initiated...
2026-08-17 22:30:20 [main] INFO  com.zaxxer.hikari.HikariDataSource - metadata_catalogue - Shutdown completed.
2026-08-17 22:30:20 [main] INFO  t.g.io/epos-eric/metadata-database/deploy:main - Creating container for image: ghcr.io/epos-eric/metadata-database/deploy:main
2026-08-17 22:30:20 [main] INFO  t.g.io/epos-eric/metadata-database/deploy:main - Container ghcr.io/epos-eric/metadata-database/deploy:main is starting: de8ea0bce6205656142753a8af82ef556373bd9ece0db11bb0c7d0d8bd2460c4
2026-08-17 22:30:24 [main] INFO  t.g.io/epos-eric/metadata-database/deploy:main - Container ghcr.io/epos-eric/metadata-database/deploy:main started in PT4.664251273S
2026-08-17 22:30:24 [main] INFO  t.g.io/epos-eric/metadata-database/deploy:main - Container is started (JDBC URL: jdbc:postgresql://localhost:33289/cerif?loggerLevel=OFF)
2026-08-17 22:30:24 [main] INFO  com.zaxxer.hikari.HikariDataSource - metadata_catalogue - Starting...
2026-08-17 22:30:24 [main] INFO  com.zaxxer.hikari.pool.HikariPool - metadata_catalogue - Added connection org.postgresql.jdbc.PgConnection@5ece90df
2026-08-17 22:30:24 [main] INFO  com.zaxxer.hikari.HikariDataSource - metadata_catalogue - Start completed.
2026-08-17 22:30:25 [main] INFO  com.zaxxer.hikari.HikariDataSource - metadata_catalogue - Shutdown initiated...
2026-08-17 22:30:25 [main] INFO  com.zaxxer.hikari.HikariDataSource - metadata_catalogue - Shutdown completed.
2026-08-17 22:30:25 [main] INFO  t.g.io/epos-eric/metadata-database/deploy:main - Creating container for image: ghcr.io/epos-eric/metadata-database/deploy:main
2026-08-17 22:30:25 [main] INFO  t.g.io/epos-eric/metadata-database/deploy:main - Container ghcr.io/epos-eric/metadata-database/deploy:main is starting: 6f58e37bfe83437e3deb4277993cf0db677c751776d0a4f74185fb5f667e522d
2026-08-17 22:30:30 [main] INFO  t.g.io/epos-eric/metadata-database/deploy:main - Container ghcr.io/epos-eric/metadata-database/deploy:main started in PT5.186631394S
2026-08-17 22:30:30 [main] INFO  t.g.io/epos-eric/metadata-database/deploy:main - Container is started (JDBC URL: jdbc:postgresql://localhost:33290/cerif?loggerLevel=OFF)
2026-08-17 22:30:30 [main] INFO  com.zaxxer.hikari.HikariDataSource - metadata_catalogue - Starting...
2026-08-17 22:30:30 [main] INFO  com.zaxxer.hikari.pool.HikariPool - metadata_catalogue - Added connection org.postgresql.jdbc.PgConnection@2b61433f
2026-08-17 22:30:30 [main] INFO  com.zaxxer.hikari.HikariDataSource - metadata_catalogue - Start completed.
2026-08-17 22:30:31 [main] INFO  com.zaxxer.hikari.HikariDataSource - metadata_catalogue - Shutdown initiated...
2026-08-17 22:30:31 [main] INFO  com.zaxxer.hikari.HikariDataSource - metadata_catalogue - Shutdown completed.
2026-08-17 22:30:31 [main] INFO  t.g.io/epos-eric/metadata-database/deploy:main - Creating container for image: ghcr.io/epos-eric/metadata-database/deploy:main
2026-08-17 22:30:31 [main] INFO  t.g.io/epos-eric/metadata-database/deploy:main - Container ghcr.io/epos-eric/metadata-database/deploy:main is starting: 0f5167522f39a55075c5eb1bfcab480e0bc7ca4df67e8c5728c7e018084256d2
2026-08-17 22:30:36 [main] INFO  t.g.io/epos-eric/metadata-database/deploy:main - Container ghcr.io/epos-eric/metadata-database/deploy:main started in PT4.798509531S
2026-08-17 22:30:36 [main] INFO  t.g.io/epos-eric/metadata-database/deploy:main - Container is started (JDBC URL: jdbc:postgresql://localhost:33291/cerif?loggerLevel=OFF)
2026-08-17 22:30:36 [main] INFO  com.zaxxer.hikari.HikariDataSource - metadata_catalogue - Starting...
2026-08-17 22:30:36 [main] INFO  com.zaxxer.hikari.pool.HikariPool - metadata_catalogue - Added connection org.postgresql.jdbc.PgConnection@642d5b9a
2026-08-17 22:30:36 [main] INFO  com.zaxxer.hikari.HikariDataSource - metadata_catalogue - Start completed.
2026-08-17 22:30:36 [main] INFO  com.zaxxer.hikari.HikariDataSource - metadata_catalogue - Shutdown initiated...
2026-08-17 22:30:36 [main] INFO  com.zaxxer.hikari.HikariDataSource - metadata_catalogue - Shutdown completed.
2026-08-17 22:30:36 [main] INFO  t.g.io/epos-eric/metadata-database/deploy:main - Creating container for image: ghcr.io/epos-eric/metadata-database/deploy:main
2026-08-17 22:30:37 [main] INFO  t.g.io/epos-eric/metadata-database/deploy:main - Container ghcr.io/epos-eric/metadata-database/deploy:main is starting: 4e1059f03deacd435ba8738f97f33a9b6dcddd835bd9bda645d6263394870feb
2026-08-17 22:30:41 [main] INFO  t.g.io/epos-eric/metadata-database/deploy:main - Container ghcr.io/epos-eric/metadata-database/deploy:main started in PT4.127387808S
2026-08-17 22:30:41 [main] INFO  t.g.io/epos-eric/metadata-database/deploy:main - Container is started (JDBC URL: jdbc:postgresql://localhost:33292/cerif?loggerLevel=OFF)
2026-08-17 22:30:41 [main] INFO  com.zaxxer.hikari.HikariDataSource - metadata_catalogue - Starting...
2026-08-17 22:30:41 [main] INFO  com.zaxxer.hikari.pool.HikariPool - metadata_catalogue - Added connection org.postgresql.jdbc.PgConnection@28e80f89
2026-08-17 22:30:41 [main] INFO  com.zaxxer.hikari.HikariDataSource - metadata_catalogue - Start completed.
2026-08-17 22:30:41 [main] INFO  com.zaxxer.hikari.HikariDataSource - metadata_catalogue - Shutdown initiated...
2026-08-17 22:30:41 [main] INFO  com.zaxxer.hikari.HikariDataSource - metadata_catalogue - Shutdown completed.
2026-08-17 22:30:41 [main] INFO  t.g.io/epos-eric/metadata-database/deploy:main - Creating container for image: ghcr.io/epos-eric/metadata-database/deploy:main
2026-08-17 22:30:41 [main] INFO  t.g.io/epos-eric/metadata-database/deploy:main - Container ghcr.io/epos-eric/metadata-database/deploy:main is starting: a11df2de65718f82e159d0a5138d42e91d083b72d508e25346b2c2272fe494cf
2026-08-17 22:30:46 [main] INFO  t.g.io/epos-eric/metadata-database/deploy:main - Container ghcr.io/epos-eric/metadata-database/deploy:main started in PT5.118537945S
2026-08-17 22:30:46 [main] INFO  t.g.io/epos-eric/metadata-database/deploy:main - Container is started (JDBC URL: jdbc:postgresql://localhost:33293/cerif?loggerLevel=OFF)
2026-08-17 22:30:46 [main] INFO  com.zaxxer.hikari.HikariDataSource - metadata_catalogue - Starting...
2026-08-17 22:30:46 [main] INFO  com.zaxxer.hikari.pool.HikariPool - metadata_catalogue - Added connection org.postgresql.jdbc.PgConnection@3e7cf571
2026-08-17 22:30:46 [main] INFO  com.zaxxer.hikari.HikariDataSource - metadata_catalogue - Start completed.
2026-08-17 22:30:47 [main] INFO  com.zaxxer.hikari.HikariDataSource - metadata_catalogue - Shutdown initiated...
2026-08-17 22:30:47 [main] INFO  com.zaxxer.hikari.HikariDataSource - metadata_catalogue - Shutdown completed.
2026-08-17 22:30:47 [main] INFO  t.g.io/epos-eric/metadata-database/deploy:main - Creating container for image: ghcr.io/epos-eric/metadata-database/deploy:main
2026-08-17 22:30:47 [main] INFO  t.g.io/epos-eric/metadata-database/deploy:main - Container ghcr.io/epos-eric/metadata-database/deploy:main is starting: 3eb087a3148f720e48f3a02c7112fcd08269b7e274eafff4c52d9bbb1f4bafff
2026-08-17 22:30:51 [main] INFO  t.g.io/epos-eric/metadata-database/deploy:main - Container ghcr.io/epos-eric/metadata-database/deploy:main started in PT4.371167772S
2026-08-17 22:30:51 [main] INFO  t.g.io/epos-eric/metadata-database/deploy:main - Container is started (JDBC URL: jdbc:postgresql://localhost:33294/cerif?loggerLevel=OFF)
2026-08-17 22:30:51 [main] INFO  com.zaxxer.hikari.HikariDataSource - metadata_catalogue - Starting...
2026-08-17 22:30:51 [main] INFO  com.zaxxer.hikari.pool.HikariPool - metadata_catalogue - Added connection org.postgresql.jdbc.PgConnection@24a0a2a
2026-08-17 22:30:51 [main] INFO  com.zaxxer.hikari.HikariDataSource - metadata_catalogue - Start completed.
2026-08-17 22:30:52 [main] INFO  com.zaxxer.hikari.HikariDataSource - metadata_catalogue - Shutdown initiated...
2026-08-17 22:30:52 [main] INFO  com.zaxxer.hikari.HikariDataSource - metadata_catalogue - Shutdown completed.
2026-08-17 22:30:52 [main] INFO  t.g.io/epos-eric/metadata-database/deploy:main - Creating container for image: ghcr.io/epos-eric/metadata-database/deploy:main
2026-08-17 22:30:52 [main] INFO  t.g.io/epos-eric/metadata-database/deploy:main - Container ghcr.io/epos-eric/metadata-database/deploy:main is starting: e48f9ad51ee98a6d257c85a33ec4df7ef7aa76002f1145802e6fd9ca9d4a571b
2026-08-17 22:30:56 [main] INFO  t.g.io/epos-eric/metadata-database/deploy:main - Container ghcr.io/epos-eric/metadata-database/deploy:main started in PT4.528608581S
2026-08-17 22:30:56 [main] INFO  t.g.io/epos-eric/metadata-database/deploy:main - Container is started (JDBC URL: jdbc:postgresql://localhost:33295/cerif?loggerLevel=OFF)
2026-08-17 22:30:56 [main] INFO  com.zaxxer.hikari.HikariDataSource - metadata_catalogue - Starting...
2026-08-17 22:30:56 [main] INFO  com.zaxxer.hikari.pool.HikariPool - metadata_catalogue - Added connection org.postgresql.jdbc.PgConnection@7ed06e33
2026-08-17 22:30:56 [main] INFO  com.zaxxer.hikari.HikariDataSource - metadata_catalogue - Start completed.
2026-08-17 22:30:57 [main] INFO  com.zaxxer.hikari.HikariDataSource - metadata_catalogue - Shutdown initiated...
2026-08-17 22:30:57 [main] INFO  com.zaxxer.hikari.HikariDataSource - metadata_catalogue - Shutdown completed.
2026-08-17 22:30:57 [main] INFO  t.g.io/epos-eric/metadata-database/deploy:main - Creating container for image: ghcr.io/epos-eric/metadata-database/deploy:main
2026-08-17 22:30:57 [main] INFO  t.g.io/epos-eric/metadata-database/deploy:main - Container ghcr.io/epos-eric/metadata-database/deploy:main is starting: 1b2d1f0e732c9df091bde0d18f8eb9f2b8a428c75709400bccebbf6ce28c6e95
2026-08-17 22:31:01 [main] INFO  t.g.io/epos-eric/metadata-database/deploy:main - Container ghcr.io/epos-eric/metadata-database/deploy:main started in PT3.87661453S
2026-08-17 22:31:01 [main] INFO  t.g.io/epos-eric/metadata-database/deploy:main - Container is started (JDBC URL: jdbc:postgresql://localhost:33296/cerif?loggerLevel=OFF)
2026-08-17 22:31:01 [main] INFO  com.zaxxer.hikari.HikariDataSource - metadata_catalogue - Starting...
2026-08-17 22:31:01 [main] INFO  com.zaxxer.hikari.pool.HikariPool - metadata_catalogue - Added connection org.postgresql.jdbc.PgConnection@46b38c69
2026-08-17 22:31:01 [main] INFO  com.zaxxer.hikari.HikariDataSource - metadata_catalogue - Start completed.
2026-08-17 22:31:01 [main] INFO  com.zaxxer.hikari.HikariDataSource - metadata_catalogue - Shutdown initiated...
2026-08-17 22:31:01 [main] INFO  com.zaxxer.hikari.HikariDataSource - metadata_catalogue - Shutdown completed.
2026-08-17 22:31:01 [main] INFO  t.g.io/epos-eric/metadata-database/deploy:main - Creating container for image: ghcr.io/epos-eric/metadata-database/deploy:main
2026-08-17 22:31:02 [main] INFO  t.g.io/epos-eric/metadata-database/deploy:main - Container ghcr.io/epos-eric/metadata-database/deploy:main is starting: de52c09a50a0a8ef987c25e71ea74f82d9c9b56f392a2b464e399a8e8c0446ad
2026-08-17 22:31:06 [main] INFO  t.g.io/epos-eric/metadata-database/deploy:main - Container ghcr.io/epos-eric/metadata-database/deploy:main started in PT4.514387855S
2026-08-17 22:31:06 [main] INFO  t.g.io/epos-eric/metadata-database/deploy:main - Container is started (JDBC URL: jdbc:postgresql://localhost:33297/cerif?loggerLevel=OFF)
2026-08-17 22:31:06 [main] INFO  com.zaxxer.hikari.HikariDataSource - metadata_catalogue - Starting...
2026-08-17 22:31:06 [main] INFO  com.zaxxer.hikari.pool.HikariPool - metadata_catalogue - Added connection org.postgresql.jdbc.PgConnection@2ee9f1ad
2026-08-17 22:31:06 [main] INFO  com.zaxxer.hikari.HikariDataSource - metadata_catalogue - Start completed.
2026-08-17 22:31:06 [main] INFO  com.zaxxer.hikari.HikariDataSource - metadata_catalogue - Shutdown initiated...
2026-08-17 22:31:06 [main] INFO  com.zaxxer.hikari.HikariDataSource - metadata_catalogue - Shutdown completed.
2026-08-17 22:31:07 [main] INFO  t.g.io/epos-eric/metadata-database/deploy:main - Creating container for image: ghcr.io/epos-eric/metadata-database/deploy:main
2026-08-17 22:31:07 [main] INFO  t.g.io/epos-eric/metadata-database/deploy:main - Container ghcr.io/epos-eric/metadata-database/deploy:main is starting: 4c3e1b68800c0ac999ac3f9a58c70e02719533466a0d20ef5398574bc9c33072
2026-08-17 22:31:11 [main] INFO  t.g.io/epos-eric/metadata-database/deploy:main - Container ghcr.io/epos-eric/metadata-database/deploy:main started in PT4.333131298S
2026-08-17 22:31:11 [main] INFO  t.g.io/epos-eric/metadata-database/deploy:main - Container is started (JDBC URL: jdbc:postgresql://localhost:33298/cerif?loggerLevel=OFF)
2026-08-17 22:31:11 [main] INFO  com.zaxxer.hikari.HikariDataSource - metadata_catalogue - Starting...
2026-08-17 22:31:11 [main] INFO  com.zaxxer.hikari.pool.HikariPool - metadata_catalogue - Added connection org.postgresql.jdbc.PgConnection@6eaf7568
2026-08-17 22:31:11 [main] INFO  com.zaxxer.hikari.HikariDataSource - metadata_catalogue - Start completed.
2026-08-17 22:31:11 [main] INFO  com.zaxxer.hikari.HikariDataSource - metadata_catalogue - Shutdown initiated...
2026-08-17 22:31:11 [main] INFO  com.zaxxer.hikari.HikariDataSource - metadata_catalogue - Shutdown completed.
2026-08-17 22:31:12 [main] INFO  t.g.io/epos-eric/metadata-database/deploy:main - Creating container for image: ghcr.io/epos-eric/metadata-database/deploy:main
2026-08-17 22:31:12 [main] INFO  t.g.io/epos-eric/metadata-database/deploy:main - Container ghcr.io/epos-eric/metadata-database/deploy:main is starting: fc0cb4fd528b00b39412de657807cd50d9f1856d0e2f200ecfbe0e9840735b7f
2026-08-17 22:31:17 [main] INFO  t.g.io/epos-eric/metadata-database/deploy:main - Container ghcr.io/epos-eric/metadata-database/deploy:main started in PT4.956330743S
2026-08-17 22:31:17 [main] INFO  t.g.io/epos-eric/metadata-database/deploy:main - Container is started (JDBC URL: jdbc:postgresql://localhost:33299/cerif?loggerLevel=OFF)
2026-08-17 22:31:17 [main] INFO  com.zaxxer.hikari.HikariDataSource - metadata_catalogue - Starting...
2026-08-17 22:31:17 [main] INFO  com.zaxxer.hikari.pool.HikariPool - metadata_catalogue - Added connection org.postgresql.jdbc.PgConnection@38ef6697
2026-08-17 22:31:17 [main] INFO  com.zaxxer.hikari.HikariDataSource - metadata_catalogue - Start completed.
2026-08-17 22:31:17 [main] INFO  com.zaxxer.hikari.HikariDataSource - metadata_catalogue - Shutdown initiated...
2026-08-17 22:31:17 [main] INFO  com.zaxxer.hikari.HikariDataSource - metadata_catalogue - Shutdown completed.
2026-08-17 22:31:17 [main] INFO  t.g.io/epos-eric/metadata-database/deploy:main - Creating container for image: ghcr.io/epos-eric/metadata-database/deploy:main
2026-08-17 22:31:18 [main] INFO  t.g.io/epos-eric/metadata-database/deploy:main - Container ghcr.io/epos-eric/metadata-database/deploy:main is starting: 09b9cae8d77ea36beb3e3952e1fc75ca0e714ed98e41265c722bd6f78a8fbc96
2026-08-17 22:31:22 [main] INFO  t.g.io/epos-eric/metadata-database/deploy:main - Container ghcr.io/epos-eric/metadata-database/deploy:main started in PT4.684865404S
2026-08-17 22:31:22 [main] INFO  t.g.io/epos-eric/metadata-database/deploy:main - Container is started (JDBC URL: jdbc:postgresql://localhost:33300/cerif?loggerLevel=OFF)
2026-08-17 22:31:22 [main] INFO  com.zaxxer.hikari.HikariDataSource - metadata_catalogue - Starting...
2026-08-17 22:31:22 [main] INFO  com.zaxxer.hikari.pool.HikariPool - metadata_catalogue - Added connection org.postgresql.jdbc.PgConnection@6d7a16fd
2026-08-17 22:31:22 [main] INFO  com.zaxxer.hikari.HikariDataSource - metadata_catalogue - Start completed.
2026-08-17 22:31:22 [main] INFO  com.zaxxer.hikari.HikariDataSource - metadata_catalogue - Shutdown initiated...
2026-08-17 22:31:22 [main] INFO  com.zaxxer.hikari.HikariDataSource - metadata_catalogue - Shutdown completed.
2026-08-17 22:31:23 [main] INFO  t.g.io/epos-eric/metadata-database/deploy:main - Creating container for image: ghcr.io/epos-eric/metadata-database/deploy:main
2026-08-17 22:31:23 [main] INFO  t.g.io/epos-eric/metadata-database/deploy:main - Container ghcr.io/epos-eric/metadata-database/deploy:main is starting: b96e77d9765563b5a7988682b3bb95dc09f1931089a173899ff2e8e2e3f1cb69
2026-08-17 22:31:28 [main] INFO  t.g.io/epos-eric/metadata-database/deploy:main - Container ghcr.io/epos-eric/metadata-database/deploy:main started in PT5.357536684S
2026-08-17 22:31:28 [main] INFO  t.g.io/epos-eric/metadata-database/deploy:main - Container is started (JDBC URL: jdbc:postgresql://localhost:33301/cerif?loggerLevel=OFF)
2026-08-17 22:31:28 [main] INFO  com.zaxxer.hikari.HikariDataSource - metadata_catalogue - Starting...
2026-08-17 22:31:28 [main] INFO  com.zaxxer.hikari.pool.HikariPool - metadata_catalogue - Added connection org.postgresql.jdbc.PgConnection@19a51f05
2026-08-17 22:31:28 [main] INFO  com.zaxxer.hikari.HikariDataSource - metadata_catalogue - Start completed.
2026-08-17 22:31:31 [main] INFO  com.zaxxer.hikari.HikariDataSource - metadata_catalogue - Shutdown initiated...
2026-08-17 22:31:31 [main] INFO  com.zaxxer.hikari.HikariDataSource - metadata_catalogue - Shutdown completed.
2026-08-17 22:31:32 [main] INFO  t.g.io/epos-eric/metadata-database/deploy:main - Creating container for image: ghcr.io/epos-eric/metadata-database/deploy:main
2026-08-17 22:31:32 [main] INFO  t.g.io/epos-eric/metadata-database/deploy:main - Container ghcr.io/epos-eric/metadata-database/deploy:main is starting: 3b943cfaeff74b2a18bce0ad1cf175cd8097bcd3585dd35b43ade2025afe37cd
2026-08-17 22:31:37 [main] INFO  t.g.io/epos-eric/metadata-database/deploy:main - Container ghcr.io/epos-eric/metadata-database/deploy:main started in PT4.889168664S
2026-08-17 22:31:37 [main] INFO  t.g.io/epos-eric/metadata-database/deploy:main - Container is started (JDBC URL: jdbc:postgresql://localhost:33302/cerif?loggerLevel=OFF)
2026-08-17 22:31:37 [main] INFO  com.zaxxer.hikari.HikariDataSource - metadata_catalogue - Starting...
2026-08-17 22:31:37 [main] INFO  com.zaxxer.hikari.pool.HikariPool - metadata_catalogue - Added connection org.postgresql.jdbc.PgConnection@55086add
2026-08-17 22:31:37 [main] INFO  com.zaxxer.hikari.HikariDataSource - metadata_catalogue - Start completed.
2026-08-17 22:31:37 [main] INFO  com.zaxxer.hikari.HikariDataSource - metadata_catalogue - Shutdown initiated...
2026-08-17 22:31:37 [main] INFO  com.zaxxer.hikari.HikariDataSource - metadata_catalogue - Shutdown completed.
2026-08-17 22:31:38 [main] INFO  t.g.io/epos-eric/metadata-database/deploy:main - Creating container for image: ghcr.io/epos-eric/metadata-database/deploy:main
2026-08-17 22:31:38 [main] INFO  t.g.io/epos-eric/metadata-database/deploy:main - Container ghcr.io/epos-eric/metadata-database/deploy:main is starting: 8612ef44e08a73e863f2da5434f0501900c05210ae5af9d8d5fc78aad46efad4
2026-08-17 22:31:42 [main] INFO  t.g.io/epos-eric/metadata-database/deploy:main - Container ghcr.io/epos-eric/metadata-database/deploy:main started in PT4.638141744S
2026-08-17 22:31:42 [main] INFO  t.g.io/epos-eric/metadata-database/deploy:main - Container is started (JDBC URL: jdbc:postgresql://localhost:33303/cerif?loggerLevel=OFF)
2026-08-17 22:31:42 [main] INFO  com.zaxxer.hikari.HikariDataSource - metadata_catalogue - Starting...
2026-08-17 22:31:42 [main] INFO  com.zaxxer.hikari.pool.HikariPool - metadata_catalogue - Added connection org.postgresql.jdbc.PgConnection@39688b63
2026-08-17 22:31:42 [main] INFO  com.zaxxer.hikari.HikariDataSource - metadata_catalogue - Start completed.
2026-08-17 22:31:43 [main] INFO  com.zaxxer.hikari.HikariDataSource - metadata_catalogue - Shutdown initiated...
2026-08-17 22:31:43 [main] INFO  com.zaxxer.hikari.HikariDataSource - metadata_catalogue - Shutdown completed.
2026-08-17 22:31:43 [main] INFO  t.g.io/epos-eric/metadata-database/deploy:main - Creating container for image: ghcr.io/epos-eric/metadata-database/deploy:main
2026-08-17 22:31:43 [main] INFO  t.g.io/epos-eric/metadata-database/deploy:main - Container ghcr.io/epos-eric/metadata-database/deploy:main is starting: df5b51ce41704691ae288fc891a0eabedd524d5feecb4aa3429cb8d3d0589f16
2026-08-17 22:31:48 [main] INFO  t.g.io/epos-eric/metadata-database/deploy:main - Container ghcr.io/epos-eric/metadata-database/deploy:main started in PT4.684137644S
2026-08-17 22:31:48 [main] INFO  t.g.io/epos-eric/metadata-database/deploy:main - Container is started (JDBC URL: jdbc:postgresql://localhost:33304/cerif?loggerLevel=OFF)
2026-08-17 22:31:48 [main] INFO  com.zaxxer.hikari.HikariDataSource - metadata_catalogue - Starting...
2026-08-17 22:31:48 [main] INFO  com.zaxxer.hikari.pool.HikariPool - metadata_catalogue - Added connection org.postgresql.jdbc.PgConnection@863297f
2026-08-17 22:31:48 [main] INFO  com.zaxxer.hikari.HikariDataSource - metadata_catalogue - Start completed.
2026-08-17 22:31:48 [main] INFO  com.zaxxer.hikari.HikariDataSource - metadata_catalogue - Shutdown initiated...
2026-08-17 22:31:48 [main] INFO  com.zaxxer.hikari.HikariDataSource - metadata_catalogue - Shutdown completed.
2026-08-17 22:31:48 [main] INFO  t.g.io/epos-eric/metadata-database/deploy:main - Creating container for image: ghcr.io/epos-eric/metadata-database/deploy:main
2026-08-17 22:31:49 [main] INFO  t.g.io/epos-eric/metadata-database/deploy:main - Container ghcr.io/epos-eric/metadata-database/deploy:main is starting: 726b35f0c5890da532cadb6b340110fa0f496916e93758c1b682ccabffbfe0db
2026-08-17 22:31:53 [main] INFO  t.g.io/epos-eric/metadata-database/deploy:main - Container ghcr.io/epos-eric/metadata-database/deploy:main started in PT4.691356991S
2026-08-17 22:31:53 [main] INFO  t.g.io/epos-eric/metadata-database/deploy:main - Container is started (JDBC URL: jdbc:postgresql://localhost:33305/cerif?loggerLevel=OFF)
2026-08-17 22:31:53 [main] INFO  com.zaxxer.hikari.HikariDataSource - metadata_catalogue - Starting...
2026-08-17 22:31:53 [main] INFO  com.zaxxer.hikari.pool.HikariPool - metadata_catalogue - Added connection org.postgresql.jdbc.PgConnection@6e0f11a
2026-08-17 22:31:53 [main] INFO  com.zaxxer.hikari.HikariDataSource - metadata_catalogue - Start completed.
2026-08-17 22:31:53 [main] INFO  com.zaxxer.hikari.HikariDataSource - metadata_catalogue - Shutdown initiated...
2026-08-17 22:31:53 [main] INFO  com.zaxxer.hikari.HikariDataSource - metadata_catalogue - Shutdown completed.
2026-08-17 22:31:54 [main] INFO  t.g.io/epos-eric/metadata-database/deploy:main - Creating container for image: ghcr.io/epos-eric/metadata-database/deploy:main
2026-08-17 22:31:54 [main] INFO  t.g.io/epos-eric/metadata-database/deploy:main - Container ghcr.io/epos-eric/metadata-database/deploy:main is starting: de169eb3111b6c989e70e443c8dbccd6042da286c1e792ea4d8abe6381cb5f18
2026-08-17 22:31:58 [main] INFO  t.g.io/epos-eric/metadata-database/deploy:main - Container ghcr.io/epos-eric/metadata-database/deploy:main started in PT4.448689043S
2026-08-17 22:31:58 [main] INFO  t.g.io/epos-eric/metadata-database/deploy:main - Container is started (JDBC URL: jdbc:postgresql://localhost:33306/cerif?loggerLevel=OFF)
2026-08-17 22:31:58 [main] INFO  com.zaxxer.hikari.HikariDataSource - metadata_catalogue - Starting...
2026-08-17 22:31:58 [main] INFO  com.zaxxer.hikari.pool.HikariPool - metadata_catalogue - Added connection org.postgresql.jdbc.PgConnection@2b3074e2
2026-08-17 22:31:58 [main] INFO  com.zaxxer.hikari.HikariDataSource - metadata_catalogue - Start completed.
2026-08-17 22:31:58 [main] INFO  com.zaxxer.hikari.HikariDataSource - metadata_catalogue - Shutdown initiated...
2026-08-17 22:31:58 [main] INFO  com.zaxxer.hikari.HikariDataSource - metadata_catalogue - Shutdown completed.
2026-08-17 22:31:58 [main] INFO  t.g.io/epos-eric/metadata-database/deploy:main - Creating container for image: ghcr.io/epos-eric/metadata-database/deploy:main
2026-08-17 22:31:59 [main] INFO  t.g.io/epos-eric/metadata-database/deploy:main - Container ghcr.io/epos-eric/metadata-database/deploy:main is starting: 53f6051c36025aeb2e5da44ecf1df43e3a187fabe2c29387a42fd7e5d5a47556
2026-08-17 22:32:03 [main] INFO  t.g.io/epos-eric/metadata-database/deploy:main - Container ghcr.io/epos-eric/metadata-database/deploy:main started in PT4.474568211S
2026-08-17 22:32:03 [main] INFO  t.g.io/epos-eric/metadata-database/deploy:main - Container is started (JDBC URL: jdbc:postgresql://localhost:33307/cerif?loggerLevel=OFF)
2026-08-17 22:32:03 [main] INFO  com.zaxxer.hikari.HikariDataSource - metadata_catalogue - Starting...
2026-08-17 22:32:03 [main] INFO  com.zaxxer.hikari.pool.HikariPool - metadata_catalogue - Added connection org.postgresql.jdbc.PgConnection@24b96da8
2026-08-17 22:32:03 [main] INFO  com.zaxxer.hikari.HikariDataSource - metadata_catalogue - Start completed.
2026-08-17 22:32:03 [main] INFO  com.zaxxer.hikari.HikariDataSource - metadata_catalogue - Shutdown initiated...
2026-08-17 22:32:03 [main] INFO  com.zaxxer.hikari.HikariDataSource - metadata_catalogue - Shutdown completed.
2026-08-17 22:32:03 [main] INFO  t.g.io/epos-eric/metadata-database/deploy:main - Creating container for image: ghcr.io/epos-eric/metadata-database/deploy:main
2026-08-17 22:32:03 [main] INFO  t.g.io/epos-eric/metadata-database/deploy:main - Container ghcr.io/epos-eric/metadata-database/deploy:main is starting: ee4cdb5f3563b353f6beec17be214f2c965c51bb1e3926370e699f92e4f3e3de
2026-08-17 22:32:08 [main] INFO  t.g.io/epos-eric/metadata-database/deploy:main - Container ghcr.io/epos-eric/metadata-database/deploy:main started in PT4.335625503S
2026-08-17 22:32:08 [main] INFO  t.g.io/epos-eric/metadata-database/deploy:main - Container is started (JDBC URL: jdbc:postgresql://localhost:33308/cerif?loggerLevel=OFF)
2026-08-17 22:32:08 [main] INFO  com.zaxxer.hikari.HikariDataSource - metadata_catalogue - Starting...
2026-08-17 22:32:08 [main] INFO  com.zaxxer.hikari.pool.HikariPool - metadata_catalogue - Added connection org.postgresql.jdbc.PgConnection@7fa8eaca
2026-08-17 22:32:08 [main] INFO  com.zaxxer.hikari.HikariDataSource - metadata_catalogue - Start completed.
2026-08-17 22:32:08 [main] INFO  com.zaxxer.hikari.HikariDataSource - metadata_catalogue - Shutdown initiated...
2026-08-17 22:32:08 [main] INFO  com.zaxxer.hikari.HikariDataSource - metadata_catalogue - Shutdown completed.
2026-08-17 22:32:09 [main] INFO  t.g.io/epos-eric/metadata-database/deploy:main - Creating container for image: ghcr.io/epos-eric/metadata-database/deploy:main
2026-08-17 22:32:09 [main] INFO  t.g.io/epos-eric/metadata-database/deploy:main - Container ghcr.io/epos-eric/metadata-database/deploy:main is starting: c9166ca5a9459f640a644118da39dbcea31b10ef767c71e408f5f48bdb2103ef
2026-08-17 22:32:14 [main] INFO  t.g.io/epos-eric/metadata-database/deploy:main - Container ghcr.io/epos-eric/metadata-database/deploy:main started in PT5.467113212S
2026-08-17 22:32:14 [main] INFO  t.g.io/epos-eric/metadata-database/deploy:main - Container is started (JDBC URL: jdbc:postgresql://localhost:33309/cerif?loggerLevel=OFF)
2026-08-17 22:32:14 [main] INFO  com.zaxxer.hikari.HikariDataSource - metadata_catalogue - Starting...
2026-08-17 22:32:14 [main] INFO  com.zaxxer.hikari.pool.HikariPool - metadata_catalogue - Added connection org.postgresql.jdbc.PgConnection@2e4bc941
2026-08-17 22:32:14 [main] INFO  com.zaxxer.hikari.HikariDataSource - metadata_catalogue - Start completed.
2026-08-17 22:32:14 [main] INFO  com.zaxxer.hikari.HikariDataSource - metadata_catalogue - Shutdown initiated...
2026-08-17 22:32:15 [main] INFO  com.zaxxer.hikari.HikariDataSource - metadata_catalogue - Shutdown completed.
2026-08-17 22:32:15 [main] INFO  t.g.io/epos-eric/metadata-database/deploy:main - Creating container for image: ghcr.io/epos-eric/metadata-database/deploy:main
2026-08-17 22:32:15 [main] INFO  t.g.io/epos-eric/metadata-database/deploy:main - Container ghcr.io/epos-eric/metadata-database/deploy:main is starting: 873f2d4bfc0f6badbbc688978731c1f419479a7e77a82ddff107fd9d2d634c54
2026-08-17 22:32:19 [main] INFO  t.g.io/epos-eric/metadata-database/deploy:main - Container ghcr.io/epos-eric/metadata-database/deploy:main started in PT4.001525789S
2026-08-17 22:32:19 [main] INFO  t.g.io/epos-eric/metadata-database/deploy:main - Container is started (JDBC URL: jdbc:postgresql://localhost:33310/cerif?loggerLevel=OFF)
2026-08-17 22:32:19 [main] INFO  com.zaxxer.hikari.HikariDataSource - metadata_catalogue - Starting...
2026-08-17 22:32:19 [main] INFO  com.zaxxer.hikari.pool.HikariPool - metadata_catalogue - Added connection org.postgresql.jdbc.PgConnection@5830eb92
2026-08-17 22:32:19 [main] INFO  com.zaxxer.hikari.HikariDataSource - metadata_catalogue - Start completed.
2026-08-17 22:32:19 [main] INFO  com.zaxxer.hikari.HikariDataSource - metadata_catalogue - Shutdown initiated...
2026-08-17 22:32:19 [main] INFO  com.zaxxer.hikari.HikariDataSource - metadata_catalogue - Shutdown completed.
2026-08-17 22:32:19 [main] INFO  t.g.io/epos-eric/metadata-database/deploy:main - Creating container for image: ghcr.io/epos-eric/metadata-database/deploy:main
2026-08-17 22:32:19 [main] INFO  t.g.io/epos-eric/metadata-database/deploy:main - Container ghcr.io/epos-eric/metadata-database/deploy:main is starting: 0ed3e0c96a35214b4603e451ffc76f05993002d06957974a91a60de8dbcf4091
2026-08-17 22:32:23 [main] INFO  t.g.io/epos-eric/metadata-database/deploy:main - Container ghcr.io/epos-eric/metadata-database/deploy:main started in PT4.216909562S
2026-08-17 22:32:23 [main] INFO  t.g.io/epos-eric/metadata-database/deploy:main - Container is started (JDBC URL: jdbc:postgresql://localhost:33311/cerif?loggerLevel=OFF)
2026-08-17 22:32:23 [main] INFO  com.zaxxer.hikari.HikariDataSource - metadata_catalogue - Starting...
2026-08-17 22:32:23 [main] INFO  com.zaxxer.hikari.pool.HikariPool - metadata_catalogue - Added connection org.postgresql.jdbc.PgConnection@1f78dbe0
2026-08-17 22:32:23 [main] INFO  com.zaxxer.hikari.HikariDataSource - metadata_catalogue - Start completed.
2026-08-17 22:32:36 [main] INFO  com.zaxxer.hikari.HikariDataSource - metadata_catalogue - Shutdown initiated...
2026-08-17 22:32:36 [main] INFO  com.zaxxer.hikari.HikariDataSource - metadata_catalogue - Shutdown completed.
2026-08-17 22:32:37 [main] INFO  t.g.io/epos-eric/metadata-database/deploy:main - Creating container for image: ghcr.io/epos-eric/metadata-database/deploy:main
2026-08-17 22:32:37 [main] INFO  t.g.io/epos-eric/metadata-database/deploy:main - Container ghcr.io/epos-eric/metadata-database/deploy:main is starting: ba4536bf4b034f1c12132596c673901dd75dde557c31fd4c69063c10c29ddc0f
2026-08-17 22:32:41 [main] INFO  t.g.io/epos-eric/metadata-database/deploy:main - Container ghcr.io/epos-eric/metadata-database/deploy:main started in PT3.892274702S
2026-08-17 22:32:41 [main] INFO  t.g.io/epos-eric/metadata-database/deploy:main - Container is started (JDBC URL: jdbc:postgresql://localhost:33312/cerif?loggerLevel=OFF)
2026-08-17 22:32:41 [main] INFO  com.zaxxer.hikari.HikariDataSource - metadata_catalogue - Starting...
2026-08-17 22:32:41 [main] INFO  com.zaxxer.hikari.pool.HikariPool - metadata_catalogue - Added connection org.postgresql.jdbc.PgConnection@3775b241
2026-08-17 22:32:41 [main] INFO  com.zaxxer.hikari.HikariDataSource - metadata_catalogue - Start completed.
2026-08-17 22:32:41 [main] INFO  com.zaxxer.hikari.HikariDataSource - metadata_catalogue - Shutdown initiated...
2026-08-17 22:32:41 [main] INFO  com.zaxxer.hikari.HikariDataSource - metadata_catalogue - Shutdown completed.
2026-08-17 22:32:41 [main] INFO  t.g.io/epos-eric/metadata-database/deploy:main - Creating container for image: ghcr.io/epos-eric/metadata-database/deploy:main
2026-08-17 22:32:41 [main] INFO  t.g.io/epos-eric/metadata-database/deploy:main - Container ghcr.io/epos-eric/metadata-database/deploy:main is starting: 1e91134506fd3c139a01da5be2fe157033dc53bd57ca8183b6874cfc0e9eeda0
2026-08-17 22:32:47 [main] INFO  t.g.io/epos-eric/metadata-database/deploy:main - Container ghcr.io/epos-eric/metadata-database/deploy:main started in PT5.363597784S
2026-08-17 22:32:47 [main] INFO  t.g.io/epos-eric/metadata-database/deploy:main - Container is started (JDBC URL: jdbc:postgresql://localhost:33313/cerif?loggerLevel=OFF)
2026-08-17 22:32:47 [main] INFO  com.zaxxer.hikari.HikariDataSource - metadata_catalogue - Starting...
2026-08-17 22:32:47 [main] INFO  com.zaxxer.hikari.pool.HikariPool - metadata_catalogue - Added connection org.postgresql.jdbc.PgConnection@57cb640d
2026-08-17 22:32:47 [main] INFO  com.zaxxer.hikari.HikariDataSource - metadata_catalogue - Start completed.
2026-08-17 22:32:47 [main] INFO  com.zaxxer.hikari.HikariDataSource - metadata_catalogue - Shutdown initiated...
2026-08-17 22:32:47 [main] INFO  com.zaxxer.hikari.HikariDataSource - metadata_catalogue - Shutdown completed.
2026-08-17 22:32:47 [main] INFO  t.g.io/epos-eric/metadata-database/deploy:main - Creating container for image: ghcr.io/epos-eric/metadata-database/deploy:main
2026-08-17 22:32:47 [main] INFO  t.g.io/epos-eric/metadata-database/deploy:main - Container ghcr.io/epos-eric/metadata-database/deploy:main is starting: 9fd061ca253337e9984bc20959d57635b0198b190274554535c3f3b92645d695
2026-08-17 22:32:51 [main] INFO  t.g.io/epos-eric/metadata-database/deploy:main - Container ghcr.io/epos-eric/metadata-database/deploy:main started in PT3.894204364S
2026-08-17 22:32:51 [main] INFO  t.g.io/epos-eric/metadata-database/deploy:main - Container is started (JDBC URL: jdbc:postgresql://localhost:33314/cerif?loggerLevel=OFF)
2026-08-17 22:32:51 [main] INFO  com.zaxxer.hikari.HikariDataSource - metadata_catalogue - Starting...
2026-08-17 22:32:51 [main] INFO  com.zaxxer.hikari.pool.HikariPool - metadata_catalogue - Added connection org.postgresql.jdbc.PgConnection@8a257b5
2026-08-17 22:32:51 [main] INFO  com.zaxxer.hikari.HikariDataSource - metadata_catalogue - Start completed.
2026-08-17 22:32:51 [main] INFO  com.zaxxer.hikari.HikariDataSource - metadata_catalogue - Shutdown initiated...
2026-08-17 22:32:51 [main] INFO  com.zaxxer.hikari.HikariDataSource - metadata_catalogue - Shutdown completed.
2026-08-17 22:32:52 [main] INFO  t.g.io/epos-eric/metadata-database/deploy:main - Creating container for image: ghcr.io/epos-eric/metadata-database/deploy:main
2026-08-17 22:32:52 [main] INFO  t.g.io/epos-eric/metadata-database/deploy:main - Container ghcr.io/epos-eric/metadata-database/deploy:main is starting: d941a1582f2429dbfbafdafe41339e88437ce3ce27513a4b8c67abd17dc7278a
2026-08-17 22:32:56 [main] INFO  t.g.io/epos-eric/metadata-database/deploy:main - Container ghcr.io/epos-eric/metadata-database/deploy:main started in PT3.913803137S
2026-08-17 22:32:56 [main] INFO  t.g.io/epos-eric/metadata-database/deploy:main - Container is started (JDBC URL: jdbc:postgresql://localhost:33315/cerif?loggerLevel=OFF)
2026-08-17 22:32:56 [main] INFO  com.zaxxer.hikari.HikariDataSource - metadata_catalogue - Starting...
2026-08-17 22:32:56 [main] INFO  com.zaxxer.hikari.pool.HikariPool - metadata_catalogue - Added connection org.postgresql.jdbc.PgConnection@17068631
2026-08-17 22:32:56 [main] INFO  com.zaxxer.hikari.HikariDataSource - metadata_catalogue - Start completed.
2026-08-17 22:32:56 [main] INFO  com.zaxxer.hikari.HikariDataSource - metadata_catalogue - Shutdown initiated...
2026-08-17 22:32:56 [main] INFO  com.zaxxer.hikari.HikariDataSource - metadata_catalogue - Shutdown completed.
2026-08-17 22:32:56 [main] INFO  t.g.io/epos-eric/metadata-database/deploy:main - Creating container for image: ghcr.io/epos-eric/metadata-database/deploy:main
2026-08-17 22:32:56 [main] INFO  t.g.io/epos-eric/metadata-database/deploy:main - Container ghcr.io/epos-eric/metadata-database/deploy:main is starting: ea65b013381a58609ee954cac6ae219cd3e24c88a5961896831d45f5074bf210
2026-08-17 22:33:01 [main] INFO  t.g.io/epos-eric/metadata-database/deploy:main - Container ghcr.io/epos-eric/metadata-database/deploy:main started in PT4.629357424S
2026-08-17 22:33:01 [main] INFO  t.g.io/epos-eric/metadata-database/deploy:main - Container is started (JDBC URL: jdbc:postgresql://localhost:33316/cerif?loggerLevel=OFF)
2026-08-17 22:33:01 [main] INFO  com.zaxxer.hikari.HikariDataSource - metadata_catalogue - Starting...
2026-08-17 22:33:01 [main] INFO  com.zaxxer.hikari.pool.HikariPool - metadata_catalogue - Added connection org.postgresql.jdbc.PgConnection@7971bc52
2026-08-17 22:33:01 [main] INFO  com.zaxxer.hikari.HikariDataSource - metadata_catalogue - Start completed.
2026-08-17 22:33:01 [main] INFO  com.zaxxer.hikari.HikariDataSource - metadata_catalogue - Shutdown initiated...
2026-08-17 22:33:01 [main] INFO  com.zaxxer.hikari.HikariDataSource - metadata_catalogue - Shutdown completed.
2026-08-17 22:33:01 [main] INFO  t.g.io/epos-eric/metadata-database/deploy:main - Creating container for image: ghcr.io/epos-eric/metadata-database/deploy:main
2026-08-17 22:33:01 [main] INFO  t.g.io/epos-eric/metadata-database/deploy:main - Container ghcr.io/epos-eric/metadata-database/deploy:main is starting: de568f1f134feecdf5f79b20c90c8626740d17e8716f074fadcf9b355531ad64
2026-08-17 22:33:06 [main] INFO  t.g.io/epos-eric/metadata-database/deploy:main - Container ghcr.io/epos-eric/metadata-database/deploy:main started in PT4.427778803S
2026-08-17 22:33:06 [main] INFO  t.g.io/epos-eric/metadata-database/deploy:main - Container is started (JDBC URL: jdbc:postgresql://localhost:33317/cerif?loggerLevel=OFF)
2026-08-17 22:33:06 [main] INFO  com.zaxxer.hikari.HikariDataSource - metadata_catalogue - Starting...
2026-08-17 22:33:06 [main] INFO  com.zaxxer.hikari.pool.HikariPool - metadata_catalogue - Added connection org.postgresql.jdbc.PgConnection@4c1162ac
2026-08-17 22:33:06 [main] INFO  com.zaxxer.hikari.HikariDataSource - metadata_catalogue - Start completed.
2026-08-17 22:33:06 [main] INFO  com.zaxxer.hikari.HikariDataSource - metadata_catalogue - Shutdown initiated...
2026-08-17 22:33:06 [main] INFO  com.zaxxer.hikari.HikariDataSource - metadata_catalogue - Shutdown completed.
2026-08-17 22:33:07 [main] INFO  t.g.io/epos-eric/metadata-database/deploy:main - Creating container for image: ghcr.io/epos-eric/metadata-database/deploy:main
2026-08-17 22:33:07 [main] INFO  t.g.io/epos-eric/metadata-database/deploy:main - Container ghcr.io/epos-eric/metadata-database/deploy:main is starting: 0b756cafdf781e63877cd432a3265194c91637ce55c0a4354b2cb9f854b741d1
2026-08-17 22:33:11 [main] INFO  t.g.io/epos-eric/metadata-database/deploy:main - Container ghcr.io/epos-eric/metadata-database/deploy:main started in PT4.576828727S
2026-08-17 22:33:11 [main] INFO  t.g.io/epos-eric/metadata-database/deploy:main - Container is started (JDBC URL: jdbc:postgresql://localhost:33318/cerif?loggerLevel=OFF)
2026-08-17 22:33:11 [main] INFO  com.zaxxer.hikari.HikariDataSource - metadata_catalogue - Starting...
2026-08-17 22:33:11 [main] INFO  com.zaxxer.hikari.pool.HikariPool - metadata_catalogue - Added connection org.postgresql.jdbc.PgConnection@45b0a8c4
2026-08-17 22:33:11 [main] INFO  com.zaxxer.hikari.HikariDataSource - metadata_catalogue - Start completed.
2026-08-17 22:33:12 [main] INFO  com.zaxxer.hikari.HikariDataSource - metadata_catalogue - Shutdown initiated...
2026-08-17 22:33:12 [main] INFO  com.zaxxer.hikari.HikariDataSource - metadata_catalogue - Shutdown completed.
2026-08-17 22:33:12 [main] INFO  t.g.io/epos-eric/metadata-database/deploy:main - Creating container for image: ghcr.io/epos-eric/metadata-database/deploy:main
2026-08-17 22:33:12 [main] INFO  t.g.io/epos-eric/metadata-database/deploy:main - Container ghcr.io/epos-eric/metadata-database/deploy:main is starting: 522a50477b9b7de644d143c5c732b91f72ed9dedce9330ae3063fabea1e57b5d
2026-08-17 22:33:16 [main] INFO  t.g.io/epos-eric/metadata-database/deploy:main - Container ghcr.io/epos-eric/metadata-database/deploy:main started in PT3.876110998S
2026-08-17 22:33:16 [main] INFO  t.g.io/epos-eric/metadata-database/deploy:main - Container is started (JDBC URL: jdbc:postgresql://localhost:33319/cerif?loggerLevel=OFF)
2026-08-17 22:33:16 [main] INFO  com.zaxxer.hikari.HikariDataSource - metadata_catalogue - Starting...
2026-08-17 22:33:16 [main] INFO  com.zaxxer.hikari.pool.HikariPool - metadata_catalogue - Added connection org.postgresql.jdbc.PgConnection@66817b35
2026-08-17 22:33:16 [main] INFO  com.zaxxer.hikari.HikariDataSource - metadata_catalogue - Start completed.
2026-08-17 22:33:16 [main] INFO  com.zaxxer.hikari.HikariDataSource - metadata_catalogue - Shutdown initiated...
2026-08-17 22:33:16 [main] INFO  com.zaxxer.hikari.HikariDataSource - metadata_catalogue - Shutdown completed.
2026-08-17 22:33:17 [main] INFO  t.g.io/epos-eric/metadata-database/deploy:main - Creating container for image: ghcr.io/epos-eric/metadata-database/deploy:main
2026-08-17 22:33:17 [main] INFO  t.g.io/epos-eric/metadata-database/deploy:main - Container ghcr.io/epos-eric/metadata-database/deploy:main is starting: 0dc6acb03624a7e6c15d008de6f66ce976c7e111878924f4ebdd1ab28a8ce77a
2026-08-17 22:33:21 [main] INFO  t.g.io/epos-eric/metadata-database/deploy:main - Container ghcr.io/epos-eric/metadata-database/deploy:main started in PT4.390876994S
2026-08-17 22:33:21 [main] INFO  t.g.io/epos-eric/metadata-database/deploy:main - Container is started (JDBC URL: jdbc:postgresql://localhost:33320/cerif?loggerLevel=OFF)
2026-08-17 22:33:21 [main] INFO  com.zaxxer.hikari.HikariDataSource - metadata_catalogue - Starting...
2026-08-17 22:33:21 [main] INFO  com.zaxxer.hikari.pool.HikariPool - metadata_catalogue - Added connection org.postgresql.jdbc.PgConnection@27e9bc66
2026-08-17 22:33:21 [main] INFO  com.zaxxer.hikari.HikariDataSource - metadata_catalogue - Start completed.
2026-08-17 22:33:21 [main] INFO  com.zaxxer.hikari.HikariDataSource - metadata_catalogue - Shutdown initiated...
2026-08-17 22:33:21 [main] INFO  com.zaxxer.hikari.HikariDataSource - metadata_catalogue - Shutdown completed.
2026-08-17 22:33:22 [main] INFO  t.g.io/epos-eric/metadata-database/deploy:main - Creating container for image: ghcr.io/epos-eric/metadata-database/deploy:main
2026-08-17 22:33:22 [main] INFO  t.g.io/epos-eric/metadata-database/deploy:main - Container ghcr.io/epos-eric/metadata-database/deploy:main is starting: 0fc8cdd3775d9b1257c5aeacc4aea101833ae3c282a630b14a443fbe8c1f183b
2026-08-17 22:33:26 [main] INFO  t.g.io/epos-eric/metadata-database/deploy:main - Container ghcr.io/epos-eric/metadata-database/deploy:main started in PT4.649363095S
2026-08-17 22:33:26 [main] INFO  t.g.io/epos-eric/metadata-database/deploy:main - Container is started (JDBC URL: jdbc:postgresql://localhost:33321/cerif?loggerLevel=OFF)
2026-08-17 22:33:26 [main] INFO  com.zaxxer.hikari.HikariDataSource - metadata_catalogue - Starting...
2026-08-17 22:33:26 [main] INFO  com.zaxxer.hikari.pool.HikariPool - metadata_catalogue - Added connection org.postgresql.jdbc.PgConnection@1d7a930f
2026-08-17 22:33:26 [main] INFO  com.zaxxer.hikari.HikariDataSource - metadata_catalogue - Start completed.
2026-08-17 22:33:27 [main] INFO  com.zaxxer.hikari.HikariDataSource - metadata_catalogue - Shutdown initiated...
2026-08-17 22:33:27 [main] INFO  com.zaxxer.hikari.HikariDataSource - metadata_catalogue - Shutdown completed.
2026-08-17 22:33:27 [main] INFO  t.g.io/epos-eric/metadata-database/deploy:main - Creating container for image: ghcr.io/epos-eric/metadata-database/deploy:main
2026-08-17 22:33:27 [main] INFO  t.g.io/epos-eric/metadata-database/deploy:main - Container ghcr.io/epos-eric/metadata-database/deploy:main is starting: 1eaa39dc161c7b0a80e3df25cca644eb2cf3008892808e987ed19415312db9b7
2026-08-17 22:33:31 [main] INFO  t.g.io/epos-eric/metadata-database/deploy:main - Container ghcr.io/epos-eric/metadata-database/deploy:main started in PT3.823431758S
2026-08-17 22:33:31 [main] INFO  t.g.io/epos-eric/metadata-database/deploy:main - Container is started (JDBC URL: jdbc:postgresql://localhost:33322/cerif?loggerLevel=OFF)
2026-08-17 22:33:31 [main] INFO  com.zaxxer.hikari.HikariDataSource - metadata_catalogue - Starting...
2026-08-17 22:33:31 [main] INFO  com.zaxxer.hikari.pool.HikariPool - metadata_catalogue - Added connection org.postgresql.jdbc.PgConnection@4b693ef3
2026-08-17 22:33:31 [main] INFO  com.zaxxer.hikari.HikariDataSource - metadata_catalogue - Start completed.
2026-08-17 22:33:31 [main] INFO  com.zaxxer.hikari.HikariDataSource - metadata_catalogue - Shutdown initiated...
2026-08-17 22:33:31 [main] INFO  com.zaxxer.hikari.HikariDataSource - metadata_catalogue - Shutdown completed.
2026-08-17 22:33:31 [main] INFO  t.g.io/epos-eric/metadata-database/deploy:main - Creating container for image: ghcr.io/epos-eric/metadata-database/deploy:main
2026-08-17 22:33:31 [main] INFO  t.g.io/epos-eric/metadata-database/deploy:main - Container ghcr.io/epos-eric/metadata-database/deploy:main is starting: 45321857c9df930853eca27f6f73600fd12c765871f03e5ac51f242bf8fe649c
2026-08-17 22:33:35 [main] INFO  t.g.io/epos-eric/metadata-database/deploy:main - Container ghcr.io/epos-eric/metadata-database/deploy:main started in PT4.056869351S
2026-08-17 22:33:35 [main] INFO  t.g.io/epos-eric/metadata-database/deploy:main - Container is started (JDBC URL: jdbc:postgresql://localhost:33323/cerif?loggerLevel=OFF)
2026-08-17 22:33:35 [main] INFO  com.zaxxer.hikari.HikariDataSource - metadata_catalogue - Starting...
2026-08-17 22:33:35 [main] INFO  com.zaxxer.hikari.pool.HikariPool - metadata_catalogue - Added connection org.postgresql.jdbc.PgConnection@d580d41
2026-08-17 22:33:35 [main] INFO  com.zaxxer.hikari.HikariDataSource - metadata_catalogue - Start completed.
2026-08-17 22:33:36 [main] INFO  com.zaxxer.hikari.HikariDataSource - metadata_catalogue - Shutdown initiated...
2026-08-17 22:33:36 [main] INFO  com.zaxxer.hikari.HikariDataSource - metadata_catalogue - Shutdown completed.
2026-08-17 22:33:36 [main] INFO  t.g.io/epos-eric/metadata-database/deploy:main - Creating container for image: ghcr.io/epos-eric/metadata-database/deploy:main
2026-08-17 22:33:36 [main] INFO  t.g.io/epos-eric/metadata-database/deploy:main - Container ghcr.io/epos-eric/metadata-database/deploy:main is starting: 9906755f8bb47478ef66e985f34b3f28fe6b849c6d14644cff4835b357980384
2026-08-17 22:33:41 [main] INFO  t.g.io/epos-eric/metadata-database/deploy:main - Container ghcr.io/epos-eric/metadata-database/deploy:main started in PT5.13665957S
2026-08-17 22:33:41 [main] INFO  t.g.io/epos-eric/metadata-database/deploy:main - Container is started (JDBC URL: jdbc:postgresql://localhost:33324/cerif?loggerLevel=OFF)
2026-08-17 22:33:41 [main] INFO  com.zaxxer.hikari.HikariDataSource - metadata_catalogue - Starting...
2026-08-17 22:33:41 [main] INFO  com.zaxxer.hikari.pool.HikariPool - metadata_catalogue - Added connection org.postgresql.jdbc.PgConnection@12ae0a5f
2026-08-17 22:33:41 [main] INFO  com.zaxxer.hikari.HikariDataSource - metadata_catalogue - Start completed.
2026-08-17 22:33:41 [main] INFO  com.zaxxer.hikari.HikariDataSource - metadata_catalogue - Shutdown initiated...
2026-08-17 22:33:41 [main] INFO  com.zaxxer.hikari.HikariDataSource - metadata_catalogue - Shutdown completed.
2026-08-17 22:33:42 [main] INFO  t.g.io/epos-eric/metadata-database/deploy:main - Creating container for image: ghcr.io/epos-eric/metadata-database/deploy:main
2026-08-17 22:33:42 [main] INFO  t.g.io/epos-eric/metadata-database/deploy:main - Container ghcr.io/epos-eric/metadata-database/deploy:main is starting: 65ba6a7c43eec3e0d5acbb06527120e87e3848d0728e6829ddc1e17832ee6ad0
2026-08-17 22:33:47 [main] INFO  t.g.io/epos-eric/metadata-database/deploy:main - Container ghcr.io/epos-eric/metadata-database/deploy:main started in PT5.19932156S
2026-08-17 22:33:47 [main] INFO  t.g.io/epos-eric/metadata-database/deploy:main - Container is started (JDBC URL: jdbc:postgresql://localhost:33325/cerif?loggerLevel=OFF)
2026-08-17 22:33:47 [main] INFO  com.zaxxer.hikari.HikariDataSource - metadata_catalogue - Starting...
2026-08-17 22:33:47 [main] INFO  com.zaxxer.hikari.pool.HikariPool - metadata_catalogue - Added connection org.postgresql.jdbc.PgConnection@21c3df23
2026-08-17 22:33:47 [main] INFO  com.zaxxer.hikari.HikariDataSource - metadata_catalogue - Start completed.
2026-08-17 22:33:47 [main] INFO  com.zaxxer.hikari.HikariDataSource - metadata_catalogue - Shutdown initiated...
2026-08-17 22:33:47 [main] INFO  com.zaxxer.hikari.HikariDataSource - metadata_catalogue - Shutdown completed.
2026-08-17 22:33:48 [main] INFO  t.g.io/epos-eric/metadata-database/deploy:main - Creating container for image: ghcr.io/epos-eric/metadata-database/deploy:main
2026-08-17 22:33:48 [main] INFO  t.g.io/epos-eric/metadata-database/deploy:main - Container ghcr.io/epos-eric/metadata-database/deploy:main is starting: 8609e344b178821d292aa6f4534cc25be4b7e7f8dc878a965994811bcfffb681
2026-08-17 22:33:53 [main] INFO  t.g.io/epos-eric/metadata-database/deploy:main - Container ghcr.io/epos-eric/metadata-database/deploy:main started in PT5.103724814S
2026-08-17 22:33:53 [main] INFO  t.g.io/epos-eric/metadata-database/deploy:main - Container is started (JDBC URL: jdbc:postgresql://localhost:33326/cerif?loggerLevel=OFF)
2026-08-17 22:33:53 [main] INFO  com.zaxxer.hikari.HikariDataSource - metadata_catalogue - Starting...
2026-08-17 22:33:53 [main] INFO  com.zaxxer.hikari.pool.HikariPool - metadata_catalogue - Added connection org.postgresql.jdbc.PgConnection@73810825
2026-08-17 22:33:53 [main] INFO  com.zaxxer.hikari.HikariDataSource - metadata_catalogue - Start completed.
2026-08-17 22:33:53 [main] INFO  com.zaxxer.hikari.HikariDataSource - metadata_catalogue - Shutdown initiated...
2026-08-17 22:33:53 [main] INFO  com.zaxxer.hikari.HikariDataSource - metadata_catalogue - Shutdown completed.
2026-08-17 22:33:54 [main] INFO  t.g.io/epos-eric/metadata-database/deploy:main - Creating container for image: ghcr.io/epos-eric/metadata-database/deploy:main
2026-08-17 22:33:54 [main] INFO  t.g.io/epos-eric/metadata-database/deploy:main - Container ghcr.io/epos-eric/metadata-database/deploy:main is starting: 0c4e58f82d2023314a31d7449646cc742c1c7876969b5755e32840a43262e984
2026-08-17 22:33:59 [main] INFO  t.g.io/epos-eric/metadata-database/deploy:main - Container ghcr.io/epos-eric/metadata-database/deploy:main started in PT4.823887744S
2026-08-17 22:33:59 [main] INFO  t.g.io/epos-eric/metadata-database/deploy:main - Container is started (JDBC URL: jdbc:postgresql://localhost:33327/cerif?loggerLevel=OFF)
2026-08-17 22:33:59 [main] INFO  com.zaxxer.hikari.HikariDataSource - metadata_catalogue - Starting...
2026-08-17 22:33:59 [main] INFO  com.zaxxer.hikari.pool.HikariPool - metadata_catalogue - Added connection org.postgresql.jdbc.PgConnection@493bc4cb
2026-08-17 22:33:59 [main] INFO  com.zaxxer.hikari.HikariDataSource - metadata_catalogue - Start completed.
2026-08-17 22:34:00 [main] INFO  com.zaxxer.hikari.HikariDataSource - metadata_catalogue - Shutdown initiated...
2026-08-17 22:34:00 [main] INFO  com.zaxxer.hikari.HikariDataSource - metadata_catalogue - Shutdown completed.
2026-08-17 22:34:00 [main] INFO  t.g.io/epos-eric/metadata-database/deploy:main - Creating container for image: ghcr.io/epos-eric/metadata-database/deploy:main
2026-08-17 22:34:01 [main] INFO  t.g.io/epos-eric/metadata-database/deploy:main - Container ghcr.io/epos-eric/metadata-database/deploy:main is starting: 5e62b4ffe92de71bb514e5efcbf1be03d9ecc75c504cdfc23cf3db38a68f26af
2026-08-17 22:34:05 [main] INFO  t.g.io/epos-eric/metadata-database/deploy:main - Container ghcr.io/epos-eric/metadata-database/deploy:main started in PT5.147942206S
2026-08-17 22:34:05 [main] INFO  t.g.io/epos-eric/metadata-database/deploy:main - Container is started (JDBC URL: jdbc:postgresql://localhost:33328/cerif?loggerLevel=OFF)
2026-08-17 22:34:05 [main] INFO  com.zaxxer.hikari.HikariDataSource - metadata_catalogue - Starting...
2026-08-17 22:34:06 [main] INFO  com.zaxxer.hikari.pool.HikariPool - metadata_catalogue - Added connection org.postgresql.jdbc.PgConnection@5d558327
2026-08-17 22:34:06 [main] INFO  com.zaxxer.hikari.HikariDataSource - metadata_catalogue - Start completed.
2026-08-17 22:34:06 [main] INFO  com.zaxxer.hikari.HikariDataSource - metadata_catalogue - Shutdown initiated...
2026-08-17 22:34:06 [main] INFO  com.zaxxer.hikari.HikariDataSource - metadata_catalogue - Shutdown completed.
2026-08-17 22:34:06 [main] INFO  t.g.io/epos-eric/metadata-database/deploy:main - Creating container for image: ghcr.io/epos-eric/metadata-database/deploy:main
2026-08-17 22:34:06 [main] INFO  t.g.io/epos-eric/metadata-database/deploy:main - Container ghcr.io/epos-eric/metadata-database/deploy:main is starting: ededf7c9a76df378d14a0f933246bc0ae5febc1686ee17281e64f048cdca3b36
2026-08-17 22:34:11 [main] INFO  t.g.io/epos-eric/metadata-database/deploy:main - Container ghcr.io/epos-eric/metadata-database/deploy:main started in PT4.576520249S
2026-08-17 22:34:11 [main] INFO  t.g.io/epos-eric/metadata-database/deploy:main - Container is started (JDBC URL: jdbc:postgresql://localhost:33329/cerif?loggerLevel=OFF)
2026-08-17 22:34:11 [main] INFO  com.zaxxer.hikari.HikariDataSource - metadata_catalogue - Starting...
2026-08-17 22:34:11 [main] INFO  com.zaxxer.hikari.pool.HikariPool - metadata_catalogue - Added connection org.postgresql.jdbc.PgConnection@3df322d6
2026-08-17 22:34:11 [main] INFO  com.zaxxer.hikari.HikariDataSource - metadata_catalogue - Start completed.
2026-08-17 22:34:11 [main] INFO  com.zaxxer.hikari.HikariDataSource - metadata_catalogue - Shutdown initiated...
2026-08-17 22:34:11 [main] INFO  com.zaxxer.hikari.HikariDataSource - metadata_catalogue - Shutdown completed.
2026-08-17 22:34:11 [main] INFO  t.g.io/epos-eric/metadata-database/deploy:main - Creating container for image: ghcr.io/epos-eric/metadata-database/deploy:main
2026-08-17 22:34:12 [main] INFO  t.g.io/epos-eric/metadata-database/deploy:main - Container ghcr.io/epos-eric/metadata-database/deploy:main is starting: c511713929736befa1c029fe93c718915f907cb0104815238f122756c0d91c54
2026-08-17 22:34:16 [main] INFO  t.g.io/epos-eric/metadata-database/deploy:main - Container ghcr.io/epos-eric/metadata-database/deploy:main started in PT4.660283238S
2026-08-17 22:34:16 [main] INFO  t.g.io/epos-eric/metadata-database/deploy:main - Container is started (JDBC URL: jdbc:postgresql://localhost:33330/cerif?loggerLevel=OFF)
2026-08-17 22:34:16 [main] INFO  com.zaxxer.hikari.HikariDataSource - metadata_catalogue - Starting...
2026-08-17 22:34:16 [main] INFO  com.zaxxer.hikari.pool.HikariPool - metadata_catalogue - Added connection org.postgresql.jdbc.PgConnection@644914ee
2026-08-17 22:34:16 [main] INFO  com.zaxxer.hikari.HikariDataSource - metadata_catalogue - Start completed.
2026-08-17 22:34:17 [main] INFO  com.zaxxer.hikari.HikariDataSource - metadata_catalogue - Shutdown initiated...
2026-08-17 22:34:17 [main] INFO  com.zaxxer.hikari.HikariDataSource - metadata_catalogue - Shutdown completed.
2026-08-17 22:34:18 [main] INFO  t.g.io/epos-eric/metadata-database/deploy:main - Creating container for image: ghcr.io/epos-eric/metadata-database/deploy:main
2026-08-17 22:34:18 [main] INFO  t.g.io/epos-eric/metadata-database/deploy:main - Container ghcr.io/epos-eric/metadata-database/deploy:main is starting: 858b59b96d463318ebed266a5f23ddb2f396d91521ed1faede945a935663c969
2026-08-17 22:34:22 [main] INFO  t.g.io/epos-eric/metadata-database/deploy:main - Container ghcr.io/epos-eric/metadata-database/deploy:main started in PT4.568031365S
2026-08-17 22:34:22 [main] INFO  t.g.io/epos-eric/metadata-database/deploy:main - Container is started (JDBC URL: jdbc:postgresql://localhost:33331/cerif?loggerLevel=OFF)
2026-08-17 22:34:22 [main] INFO  com.zaxxer.hikari.HikariDataSource - metadata_catalogue - Starting...
2026-08-17 22:34:22 [main] INFO  com.zaxxer.hikari.pool.HikariPool - metadata_catalogue - Added connection org.postgresql.jdbc.PgConnection@2386743a
2026-08-17 22:34:22 [main] INFO  com.zaxxer.hikari.HikariDataSource - metadata_catalogue - Start completed.
2026-08-17 22:34:23 [main] INFO  com.zaxxer.hikari.HikariDataSource - metadata_catalogue - Shutdown initiated...
2026-08-17 22:34:23 [main] INFO  com.zaxxer.hikari.HikariDataSource - metadata_catalogue - Shutdown completed.
2026-08-17 22:34:24 [main] INFO  t.g.io/epos-eric/metadata-database/deploy:main - Creating container for image: ghcr.io/epos-eric/metadata-database/deploy:main
2026-08-17 22:34:24 [main] INFO  t.g.io/epos-eric/metadata-database/deploy:main - Container ghcr.io/epos-eric/metadata-database/deploy:main is starting: 65d8827fc46e061de72445312790caec4c1e6044ffd32c32a374b482593b54fc
2026-08-17 22:34:29 [main] INFO  t.g.io/epos-eric/metadata-database/deploy:main - Container ghcr.io/epos-eric/metadata-database/deploy:main started in PT5.181266468S
2026-08-17 22:34:29 [main] INFO  t.g.io/epos-eric/metadata-database/deploy:main - Container is started (JDBC URL: jdbc:postgresql://localhost:33332/cerif?loggerLevel=OFF)
2026-08-17 22:34:29 [main] INFO  com.zaxxer.hikari.HikariDataSource - metadata_catalogue - Starting...
2026-08-17 22:34:29 [main] INFO  com.zaxxer.hikari.pool.HikariPool - metadata_catalogue - Added connection org.postgresql.jdbc.PgConnection@1a98f8bb
2026-08-17 22:34:29 [main] INFO  com.zaxxer.hikari.HikariDataSource - metadata_catalogue - Start completed.
2026-08-17 22:34:29 [main] INFO  com.zaxxer.hikari.HikariDataSource - metadata_catalogue - Shutdown initiated...
2026-08-17 22:34:29 [main] INFO  com.zaxxer.hikari.HikariDataSource - metadata_catalogue - Shutdown completed.
2026-08-17 22:34:30 [main] INFO  t.g.io/epos-eric/metadata-database/deploy:main - Creating container for image: ghcr.io/epos-eric/metadata-database/deploy:main
2026-08-17 22:34:30 [main] INFO  t.g.io/epos-eric/metadata-database/deploy:main - Container ghcr.io/epos-eric/metadata-database/deploy:main is starting: 2f9d92952bae51924f2ac3f6333b124a5f1f007f2ec1778e937ad73527364a98
2026-08-17 22:34:35 [main] INFO  t.g.io/epos-eric/metadata-database/deploy:main - Container ghcr.io/epos-eric/metadata-database/deploy:main started in PT5.168921359S
2026-08-17 22:34:35 [main] INFO  t.g.io/epos-eric/metadata-database/deploy:main - Container is started (JDBC URL: jdbc:postgresql://localhost:33333/cerif?loggerLevel=OFF)
2026-08-17 22:34:35 [main] INFO  com.zaxxer.hikari.HikariDataSource - metadata_catalogue - Starting...
2026-08-17 22:34:35 [main] INFO  com.zaxxer.hikari.pool.HikariPool - metadata_catalogue - Added connection org.postgresql.jdbc.PgConnection@299dc00e
2026-08-17 22:34:35 [main] INFO  com.zaxxer.hikari.HikariDataSource - metadata_catalogue - Start completed.
2026-08-17 22:34:35 [main] INFO  com.zaxxer.hikari.HikariDataSource - metadata_catalogue - Shutdown initiated...
2026-08-17 22:34:35 [main] INFO  com.zaxxer.hikari.HikariDataSource - metadata_catalogue - Shutdown completed.
2026-08-17 22:34:36 [main] INFO  t.g.io/epos-eric/metadata-database/deploy:main - Creating container for image: ghcr.io/epos-eric/metadata-database/deploy:main
2026-08-17 22:34:36 [main] INFO  t.g.io/epos-eric/metadata-database/deploy:main - Container ghcr.io/epos-eric/metadata-database/deploy:main is starting: dd5582c69c589251c78e91c5053367a0f9f4bd483d2951327cdfa99377264cc7
2026-08-17 22:34:41 [main] INFO  t.g.io/epos-eric/metadata-database/deploy:main - Container ghcr.io/epos-eric/metadata-database/deploy:main started in PT5.244865443S
2026-08-17 22:34:41 [main] INFO  t.g.io/epos-eric/metadata-database/deploy:main - Container is started (JDBC URL: jdbc:postgresql://localhost:33334/cerif?loggerLevel=OFF)
2026-08-17 22:34:41 [main] INFO  com.zaxxer.hikari.HikariDataSource - metadata_catalogue - Starting...
2026-08-17 22:34:41 [main] INFO  com.zaxxer.hikari.pool.HikariPool - metadata_catalogue - Added connection org.postgresql.jdbc.PgConnection@4dde94a0
2026-08-17 22:34:41 [main] INFO  com.zaxxer.hikari.HikariDataSource - metadata_catalogue - Start completed.
2026-08-17 22:34:41 [main] INFO  com.zaxxer.hikari.HikariDataSource - metadata_catalogue - Shutdown initiated...
2026-08-17 22:34:41 [main] INFO  com.zaxxer.hikari.HikariDataSource - metadata_catalogue - Shutdown completed.
2026-08-17 22:34:41 [main] INFO  t.g.io/epos-eric/metadata-database/deploy:main - Creating container for image: ghcr.io/epos-eric/metadata-database/deploy:main
2026-08-17 22:34:42 [main] INFO  t.g.io/epos-eric/metadata-database/deploy:main - Container ghcr.io/epos-eric/metadata-database/deploy:main is starting: 27f81a28683ac8efdda15de2f5c626e2f60db15ad701d73dcafa49ee92434120
2026-08-17 22:34:46 [main] INFO  t.g.io/epos-eric/metadata-database/deploy:main - Container ghcr.io/epos-eric/metadata-database/deploy:main started in PT4.705092012S
2026-08-17 22:34:46 [main] INFO  t.g.io/epos-eric/metadata-database/deploy:main - Container is started (JDBC URL: jdbc:postgresql://localhost:33335/cerif?loggerLevel=OFF)
2026-08-17 22:34:46 [main] INFO  com.zaxxer.hikari.HikariDataSource - metadata_catalogue - Starting...
2026-08-17 22:34:46 [main] INFO  com.zaxxer.hikari.pool.HikariPool - metadata_catalogue - Added connection org.postgresql.jdbc.PgConnection@5a1cf0bf
2026-08-17 22:34:46 [main] INFO  com.zaxxer.hikari.HikariDataSource - metadata_catalogue - Start completed.
2026-08-17 22:34:46 [main] INFO  com.zaxxer.hikari.HikariDataSource - metadata_catalogue - Shutdown initiated...
2026-08-17 22:34:46 [main] INFO  com.zaxxer.hikari.HikariDataSource - metadata_catalogue - Shutdown completed.
2026-08-17 22:34:47 [main] INFO  t.g.io/epos-eric/metadata-database/deploy:main - Creating container for image: ghcr.io/epos-eric/metadata-database/deploy:main
2026-08-17 22:34:47 [main] INFO  t.g.io/epos-eric/metadata-database/deploy:main - Container ghcr.io/epos-eric/metadata-database/deploy:main is starting: a03a96779f8974202f18a48f66528c6d151788d223ce7bc5d37b2a87a34283d5
2026-08-17 22:34:51 [main] INFO  t.g.io/epos-eric/metadata-database/deploy:main - Container ghcr.io/epos-eric/metadata-database/deploy:main started in PT4.070206981S
2026-08-17 22:34:51 [main] INFO  t.g.io/epos-eric/metadata-database/deploy:main - Container is started (JDBC URL: jdbc:postgresql://localhost:33336/cerif?loggerLevel=OFF)
2026-08-17 22:34:51 [main] INFO  com.zaxxer.hikari.HikariDataSource - metadata_catalogue - Starting...
2026-08-17 22:34:51 [main] INFO  com.zaxxer.hikari.pool.HikariPool - metadata_catalogue - Added connection org.postgresql.jdbc.PgConnection@f0c219d
2026-08-17 22:34:51 [main] INFO  com.zaxxer.hikari.HikariDataSource - metadata_catalogue - Start completed.
2026-08-17 22:34:51 [main] INFO  com.zaxxer.hikari.HikariDataSource - metadata_catalogue - Shutdown initiated...
2026-08-17 22:34:51 [main] INFO  com.zaxxer.hikari.HikariDataSource - metadata_catalogue - Shutdown completed.
2026-08-17 22:34:51 [main] INFO  t.g.io/epos-eric/metadata-database/deploy:main - Creating container for image: ghcr.io/epos-eric/metadata-database/deploy:main
2026-08-17 22:34:52 [main] INFO  t.g.io/epos-eric/metadata-database/deploy:main - Container ghcr.io/epos-eric/metadata-database/deploy:main is starting: 88e78b5af83a7e0199abbe5752be64f92f8300d988dca72d098abcacafecc42a
2026-08-17 22:34:56 [main] INFO  t.g.io/epos-eric/metadata-database/deploy:main - Container ghcr.io/epos-eric/metadata-database/deploy:main started in PT4.638989975S
2026-08-17 22:34:56 [main] INFO  t.g.io/epos-eric/metadata-database/deploy:main - Container is started (JDBC URL: jdbc:postgresql://localhost:33337/cerif?loggerLevel=OFF)
2026-08-17 22:34:56 [main] INFO  com.zaxxer.hikari.HikariDataSource - metadata_catalogue - Starting...
2026-08-17 22:34:56 [main] INFO  com.zaxxer.hikari.pool.HikariPool - metadata_catalogue - Added connection org.postgresql.jdbc.PgConnection@5755f0a6
2026-08-17 22:34:56 [main] INFO  com.zaxxer.hikari.HikariDataSource - metadata_catalogue - Start completed.
2026-08-17 22:34:57 [main] INFO  com.zaxxer.hikari.HikariDataSource - metadata_catalogue - Shutdown initiated...
2026-08-17 22:34:57 [main] INFO  com.zaxxer.hikari.HikariDataSource - metadata_catalogue - Shutdown completed.
2026-08-17 22:34:57 [main] INFO  t.g.io/epos-eric/metadata-database/deploy:main - Creating container for image: ghcr.io/epos-eric/metadata-database/deploy:main
2026-08-17 22:34:57 [main] INFO  t.g.io/epos-eric/metadata-database/deploy:main - Container ghcr.io/epos-eric/metadata-database/deploy:main is starting: d9538411a379b0d68ade0f7bd58b2ba6fec03d2edcff3ed0431a0f67c49c1df8
2026-08-17 22:35:01 [main] INFO  t.g.io/epos-eric/metadata-database/deploy:main - Container ghcr.io/epos-eric/metadata-database/deploy:main started in PT4.552460053S
2026-08-17 22:35:01 [main] INFO  t.g.io/epos-eric/metadata-database/deploy:main - Container is started (JDBC URL: jdbc:postgresql://localhost:33338/cerif?loggerLevel=OFF)
2026-08-17 22:35:01 [main] INFO  com.zaxxer.hikari.HikariDataSource - metadata_catalogue - Starting...
2026-08-17 22:35:02 [main] INFO  com.zaxxer.hikari.pool.HikariPool - metadata_catalogue - Added connection org.postgresql.jdbc.PgConnection@2fc88f5a
2026-08-17 22:35:02 [main] INFO  com.zaxxer.hikari.HikariDataSource - metadata_catalogue - Start completed.
2026-08-17 22:35:02 [main] INFO  com.zaxxer.hikari.HikariDataSource - metadata_catalogue - Shutdown initiated...
2026-08-17 22:35:02 [main] INFO  com.zaxxer.hikari.HikariDataSource - metadata_catalogue - Shutdown completed.
2026-08-17 22:35:02 [main] INFO  t.g.io/epos-eric/metadata-database/deploy:main - Creating container for image: ghcr.io/epos-eric/metadata-database/deploy:main
2026-08-17 22:35:02 [main] INFO  t.g.io/epos-eric/metadata-database/deploy:main - Container ghcr.io/epos-eric/metadata-database/deploy:main is starting: 0fe7b7cd5ff2157b1221993c2369b7c7cba2ab9ae943a616a0f0736613443bd0
2026-08-17 22:35:07 [main] INFO  t.g.io/epos-eric/metadata-database/deploy:main - Container ghcr.io/epos-eric/metadata-database/deploy:main started in PT4.636433391S
2026-08-17 22:35:07 [main] INFO  t.g.io/epos-eric/metadata-database/deploy:main - Container is started (JDBC URL: jdbc:postgresql://localhost:33339/cerif?loggerLevel=OFF)
2026-08-17 22:35:07 [main] INFO  com.zaxxer.hikari.HikariDataSource - metadata_catalogue - Starting...
2026-08-17 22:35:07 [main] INFO  com.zaxxer.hikari.pool.HikariPool - metadata_catalogue - Added connection org.postgresql.jdbc.PgConnection@132f77c
2026-08-17 22:35:07 [main] INFO  com.zaxxer.hikari.HikariDataSource - metadata_catalogue - Start completed.
2026-08-17 22:35:07 [main] INFO  com.zaxxer.hikari.HikariDataSource - metadata_catalogue - Shutdown initiated...
2026-08-17 22:35:07 [main] INFO  com.zaxxer.hikari.HikariDataSource - metadata_catalogue - Shutdown completed.
2026-08-17 22:35:07 [main] INFO  t.g.io/epos-eric/metadata-database/deploy:main - Creating container for image: ghcr.io/epos-eric/metadata-database/deploy:main
2026-08-17 22:35:08 [main] INFO  t.g.io/epos-eric/metadata-database/deploy:main - Container ghcr.io/epos-eric/metadata-database/deploy:main is starting: e57bd9077edd6e41a9d7476bb6c7d5994bfca0a2bd41c35ce5efa64c61d019d0
2026-08-17 22:35:12 [main] INFO  t.g.io/epos-eric/metadata-database/deploy:main - Container ghcr.io/epos-eric/metadata-database/deploy:main started in PT4.687416552S
2026-08-17 22:35:12 [main] INFO  t.g.io/epos-eric/metadata-database/deploy:main - Container is started (JDBC URL: jdbc:postgresql://localhost:33340/cerif?loggerLevel=OFF)
2026-08-17 22:35:12 [main] INFO  com.zaxxer.hikari.HikariDataSource - metadata_catalogue - Starting...
2026-08-17 22:35:12 [main] INFO  com.zaxxer.hikari.pool.HikariPool - metadata_catalogue - Added connection org.postgresql.jdbc.PgConnection@ef8b7cb
2026-08-17 22:35:12 [main] INFO  com.zaxxer.hikari.HikariDataSource - metadata_catalogue - Start completed.
2026-08-17 22:35:12 [main] INFO  com.zaxxer.hikari.HikariDataSource - metadata_catalogue - Shutdown initiated...
2026-08-17 22:35:12 [main] INFO  com.zaxxer.hikari.HikariDataSource - metadata_catalogue - Shutdown completed.
