2026-08-11 10:19:36 [main] INFO  o.testcontainers.images.PullPolicy - Image pull policy will be performed by: DefaultPullPolicy()
2026-08-11 10:19:36 [main] INFO  o.t.utility.ImageNameSubstitutor - Image name substitution will be performed by: DefaultImageNameSubstitutor (composite of 'ConfigurationFileImageNameSubstitutor' and 'PrefixingImageNameSubstitutor')
2026-08-11 10:19:36 [main] INFO  o.testcontainers.DockerClientFactory - Testcontainers version: 2.0.2
2026-08-11 10:19:36 [main] INFO  o.t.d.DockerClientProviderStrategy - Loaded org.testcontainers.dockerclient.UnixSocketClientProviderStrategy from ~/.testcontainers.properties, will try it first
2026-08-11 10:19:36 [main] INFO  o.t.d.DockerClientProviderStrategy - Found Docker environment with local Unix socket (unix:///var/run/docker.sock)
2026-08-11 10:19:36 [main] INFO  o.testcontainers.DockerClientFactory - Docker host IP address is localhost
2026-08-11 10:19:36 [main] INFO  o.testcontainers.DockerClientFactory - Connected to docker: 
  Server Version: 29.7.2
  API Version: 1.55
  Operating System: Arch Linux
  Total Memory: 63796 MB
2026-08-11 10:19:37 [main] INFO  tc.testcontainers/ryuk:0.13.0 - Creating container for image: testcontainers/ryuk:0.13.0
2026-08-11 10:19:37 [main] INFO  tc.testcontainers/ryuk:0.13.0 - Container testcontainers/ryuk:0.13.0 is starting: 9b732bae75c5a1bcf0a5e8f716d847c273bbbf06ef6024fe256f57eb7dac7b4c
2026-08-11 10:19:37 [main] INFO  tc.testcontainers/ryuk:0.13.0 - Container testcontainers/ryuk:0.13.0 started in PT0.324626723S
2026-08-11 10:19:37 [main] INFO  o.t.utility.RyukResourceReaper - Ryuk started - will monitor and terminate Testcontainers containers on JVM exit
2026-08-11 10:19:37 [main] INFO  o.testcontainers.DockerClientFactory - Checking the system...
2026-08-11 10:19:37 [main] INFO  o.testcontainers.DockerClientFactory - ✔︎ Docker server version should be at least 1.6.0
2026-08-11 10:19:37 [main] INFO  t.g.io/epos-eric/metadata-database/deploy:main - Creating container for image: ghcr.io/epos-eric/metadata-database/deploy:main
2026-08-11 10:19:37 [main] INFO  t.g.io/epos-eric/metadata-database/deploy:main - Container ghcr.io/epos-eric/metadata-database/deploy:main is starting: 45575cfcebcc11a743d7f87a25acb4c3be2d2a2c69f1d5df031eeb82a87a09b5
2026-08-11 10:19:41 [main] INFO  t.g.io/epos-eric/metadata-database/deploy:main - Container ghcr.io/epos-eric/metadata-database/deploy:main started in PT3.690774111S
2026-08-11 10:19:41 [main] INFO  t.g.io/epos-eric/metadata-database/deploy:main - Container is started (JDBC URL: jdbc:postgresql://localhost:33153/cerif?loggerLevel=OFF)
2026-08-11 10:19:41 [main] INFO  com.zaxxer.hikari.HikariDataSource - metadata_catalogue - Starting...
2026-08-11 10:19:41 [main] INFO  com.zaxxer.hikari.pool.HikariPool - metadata_catalogue - Added connection org.postgresql.jdbc.PgConnection@4e49ce2b
2026-08-11 10:19:41 [main] INFO  com.zaxxer.hikari.HikariDataSource - metadata_catalogue - Start completed.
2026-08-11 10:19:41 [main] INFO  com.zaxxer.hikari.HikariDataSource - metadata_catalogue - Shutdown initiated...
2026-08-11 10:19:41 [main] INFO  com.zaxxer.hikari.HikariDataSource - metadata_catalogue - Shutdown completed.
2026-08-11 10:20:23 [main] INFO  o.testcontainers.images.PullPolicy - Image pull policy will be performed by: DefaultPullPolicy()
2026-08-11 10:20:23 [main] INFO  o.t.utility.ImageNameSubstitutor - Image name substitution will be performed by: DefaultImageNameSubstitutor (composite of 'ConfigurationFileImageNameSubstitutor' and 'PrefixingImageNameSubstitutor')
2026-08-11 10:20:23 [main] INFO  o.testcontainers.DockerClientFactory - Testcontainers version: 2.0.2
2026-08-11 10:20:23 [main] INFO  o.t.d.DockerClientProviderStrategy - Loaded org.testcontainers.dockerclient.UnixSocketClientProviderStrategy from ~/.testcontainers.properties, will try it first
2026-08-11 10:20:23 [main] INFO  o.t.d.DockerClientProviderStrategy - Found Docker environment with local Unix socket (unix:///var/run/docker.sock)
2026-08-11 10:20:23 [main] INFO  o.testcontainers.DockerClientFactory - Docker host IP address is localhost
2026-08-11 10:20:23 [main] INFO  o.testcontainers.DockerClientFactory - Connected to docker: 
  Server Version: 29.7.2
  API Version: 1.55
  Operating System: Arch Linux
  Total Memory: 63796 MB
2026-08-11 10:20:24 [main] INFO  tc.testcontainers/ryuk:0.13.0 - Creating container for image: testcontainers/ryuk:0.13.0
2026-08-11 10:20:24 [main] INFO  tc.testcontainers/ryuk:0.13.0 - Container testcontainers/ryuk:0.13.0 is starting: 7c4a9cb3d5756351d172c83e8e644c4767e3708c66a36ca79093397975957583
2026-08-11 10:20:24 [main] INFO  tc.testcontainers/ryuk:0.13.0 - Container testcontainers/ryuk:0.13.0 started in PT0.342159951S
2026-08-11 10:20:24 [main] INFO  o.t.utility.RyukResourceReaper - Ryuk started - will monitor and terminate Testcontainers containers on JVM exit
2026-08-11 10:20:24 [main] INFO  o.testcontainers.DockerClientFactory - Checking the system...
2026-08-11 10:20:24 [main] INFO  o.testcontainers.DockerClientFactory - ✔︎ Docker server version should be at least 1.6.0
2026-08-11 10:20:24 [main] INFO  t.g.io/epos-eric/metadata-database/deploy:main - Creating container for image: ghcr.io/epos-eric/metadata-database/deploy:main
2026-08-11 10:20:24 [main] INFO  t.g.io/epos-eric/metadata-database/deploy:main - Container ghcr.io/epos-eric/metadata-database/deploy:main is starting: b88c09a97363eb8c35597d93d4f32e171f0092b820a6f1aa3cd6312225f635fd
2026-08-11 10:20:28 [main] INFO  t.g.io/epos-eric/metadata-database/deploy:main - Container ghcr.io/epos-eric/metadata-database/deploy:main started in PT3.899861658S
2026-08-11 10:20:28 [main] INFO  t.g.io/epos-eric/metadata-database/deploy:main - Container is started (JDBC URL: jdbc:postgresql://localhost:33155/cerif?loggerLevel=OFF)
2026-08-11 10:20:28 [main] INFO  com.zaxxer.hikari.HikariDataSource - metadata_catalogue - Starting...
2026-08-11 10:20:28 [main] INFO  com.zaxxer.hikari.pool.HikariPool - metadata_catalogue - Added connection org.postgresql.jdbc.PgConnection@4e49ce2b
2026-08-11 10:20:28 [main] INFO  com.zaxxer.hikari.HikariDataSource - metadata_catalogue - Start completed.
2026-08-11 10:20:29 [main] INFO  com.zaxxer.hikari.HikariDataSource - metadata_catalogue - Shutdown initiated...
2026-08-11 10:20:29 [main] INFO  com.zaxxer.hikari.HikariDataSource - metadata_catalogue - Shutdown completed.
2026-08-11 10:21:23 [main] INFO  o.testcontainers.images.PullPolicy - Image pull policy will be performed by: DefaultPullPolicy()
2026-08-11 10:21:23 [main] INFO  o.t.utility.ImageNameSubstitutor - Image name substitution will be performed by: DefaultImageNameSubstitutor (composite of 'ConfigurationFileImageNameSubstitutor' and 'PrefixingImageNameSubstitutor')
2026-08-11 10:21:23 [main] INFO  o.testcontainers.DockerClientFactory - Testcontainers version: 2.0.2
2026-08-11 10:21:23 [main] INFO  o.t.d.DockerClientProviderStrategy - Loaded org.testcontainers.dockerclient.UnixSocketClientProviderStrategy from ~/.testcontainers.properties, will try it first
2026-08-11 10:21:23 [main] INFO  o.t.d.DockerClientProviderStrategy - Found Docker environment with local Unix socket (unix:///var/run/docker.sock)
2026-08-11 10:21:23 [main] INFO  o.testcontainers.DockerClientFactory - Docker host IP address is localhost
2026-08-11 10:21:23 [main] INFO  o.testcontainers.DockerClientFactory - Connected to docker: 
  Server Version: 29.7.2
  API Version: 1.55
  Operating System: Arch Linux
  Total Memory: 63796 MB
2026-08-11 10:21:24 [main] INFO  tc.testcontainers/ryuk:0.13.0 - Creating container for image: testcontainers/ryuk:0.13.0
2026-08-11 10:21:24 [main] INFO  tc.testcontainers/ryuk:0.13.0 - Container testcontainers/ryuk:0.13.0 is starting: c4554c549d559996bb0af0f82a1ce9628a2a2bdc9eefff5ab5208fedb279ccde
2026-08-11 10:21:24 [main] INFO  tc.testcontainers/ryuk:0.13.0 - Container testcontainers/ryuk:0.13.0 started in PT0.321330409S
2026-08-11 10:21:24 [main] INFO  o.t.utility.RyukResourceReaper - Ryuk started - will monitor and terminate Testcontainers containers on JVM exit
2026-08-11 10:21:24 [main] INFO  o.testcontainers.DockerClientFactory - Checking the system...
2026-08-11 10:21:24 [main] INFO  o.testcontainers.DockerClientFactory - ✔︎ Docker server version should be at least 1.6.0
2026-08-11 10:21:24 [main] INFO  t.g.io/epos-eric/metadata-database/deploy:main - Creating container for image: ghcr.io/epos-eric/metadata-database/deploy:main
2026-08-11 10:21:24 [main] INFO  t.g.io/epos-eric/metadata-database/deploy:main - Container ghcr.io/epos-eric/metadata-database/deploy:main is starting: 9fbe337037fb050fcfa4bb5546a9bff4e9b2222cbd80473732353d71ee18c2d6
2026-08-11 10:21:29 [main] INFO  t.g.io/epos-eric/metadata-database/deploy:main - Container ghcr.io/epos-eric/metadata-database/deploy:main started in PT4.350740967S
2026-08-11 10:21:29 [main] INFO  t.g.io/epos-eric/metadata-database/deploy:main - Container is started (JDBC URL: jdbc:postgresql://localhost:33157/cerif?loggerLevel=OFF)
2026-08-11 10:21:29 [main] INFO  com.zaxxer.hikari.HikariDataSource - metadata_catalogue - Starting...
2026-08-11 10:21:29 [main] INFO  com.zaxxer.hikari.pool.HikariPool - metadata_catalogue - Added connection org.postgresql.jdbc.PgConnection@39ee94de
2026-08-11 10:21:29 [main] INFO  com.zaxxer.hikari.HikariDataSource - metadata_catalogue - Start completed.
2026-08-11 10:21:29 [main] INFO  com.zaxxer.hikari.HikariDataSource - metadata_catalogue - Shutdown initiated...
2026-08-11 10:21:29 [main] INFO  com.zaxxer.hikari.HikariDataSource - metadata_catalogue - Shutdown completed.
2026-08-11 10:21:30 [main] INFO  t.g.io/epos-eric/metadata-database/deploy:main - Creating container for image: ghcr.io/epos-eric/metadata-database/deploy:main
2026-08-11 10:21:30 [main] INFO  t.g.io/epos-eric/metadata-database/deploy:main - Container ghcr.io/epos-eric/metadata-database/deploy:main is starting: 44538c44c403529e209c5129e27b3e01d3e2be677a06c3cfeb02a95c5a44e320
2026-08-11 10:21:33 [main] INFO  t.g.io/epos-eric/metadata-database/deploy:main - Container ghcr.io/epos-eric/metadata-database/deploy:main started in PT3.867150679S
2026-08-11 10:21:33 [main] INFO  t.g.io/epos-eric/metadata-database/deploy:main - Container is started (JDBC URL: jdbc:postgresql://localhost:33158/cerif?loggerLevel=OFF)
2026-08-11 10:21:33 [main] INFO  com.zaxxer.hikari.HikariDataSource - metadata_catalogue - Starting...
2026-08-11 10:21:34 [main] INFO  com.zaxxer.hikari.pool.HikariPool - metadata_catalogue - Added connection org.postgresql.jdbc.PgConnection@5ad6f98e
2026-08-11 10:21:34 [main] INFO  com.zaxxer.hikari.HikariDataSource - metadata_catalogue - Start completed.
2026-08-11 10:21:35 [main] INFO  com.zaxxer.hikari.HikariDataSource - metadata_catalogue - Shutdown initiated...
2026-08-11 10:21:35 [main] INFO  com.zaxxer.hikari.HikariDataSource - metadata_catalogue - Shutdown completed.
2026-08-11 10:21:36 [main] INFO  t.g.io/epos-eric/metadata-database/deploy:main - Creating container for image: ghcr.io/epos-eric/metadata-database/deploy:main
2026-08-11 10:21:36 [main] INFO  t.g.io/epos-eric/metadata-database/deploy:main - Container ghcr.io/epos-eric/metadata-database/deploy:main is starting: d969dc845c8163f08925cd212a31db21037c0867196c1ea0d7521dfc9179b192
2026-08-11 10:21:40 [main] INFO  t.g.io/epos-eric/metadata-database/deploy:main - Container ghcr.io/epos-eric/metadata-database/deploy:main started in PT4.465534716S
2026-08-11 10:21:40 [main] INFO  t.g.io/epos-eric/metadata-database/deploy:main - Container is started (JDBC URL: jdbc:postgresql://localhost:33159/cerif?loggerLevel=OFF)
2026-08-11 10:21:40 [main] INFO  com.zaxxer.hikari.HikariDataSource - metadata_catalogue - Starting...
2026-08-11 10:21:40 [main] INFO  com.zaxxer.hikari.pool.HikariPool - metadata_catalogue - Added connection org.postgresql.jdbc.PgConnection@40b678b3
2026-08-11 10:21:40 [main] INFO  com.zaxxer.hikari.HikariDataSource - metadata_catalogue - Start completed.
2026-08-11 10:21:40 [main] INFO  com.zaxxer.hikari.HikariDataSource - metadata_catalogue - Shutdown initiated...
2026-08-11 10:21:40 [main] INFO  com.zaxxer.hikari.HikariDataSource - metadata_catalogue - Shutdown completed.
2026-08-11 10:21:41 [main] INFO  t.g.io/epos-eric/metadata-database/deploy:main - Creating container for image: ghcr.io/epos-eric/metadata-database/deploy:main
2026-08-11 10:21:41 [main] INFO  t.g.io/epos-eric/metadata-database/deploy:main - Container ghcr.io/epos-eric/metadata-database/deploy:main is starting: c57bd2903c099e30316687159c4a9c5b83be1301219926d273f505a73b6f7a46
2026-08-11 10:21:46 [main] INFO  t.g.io/epos-eric/metadata-database/deploy:main - Container ghcr.io/epos-eric/metadata-database/deploy:main started in PT4.979472656S
2026-08-11 10:21:46 [main] INFO  t.g.io/epos-eric/metadata-database/deploy:main - Container is started (JDBC URL: jdbc:postgresql://localhost:33160/cerif?loggerLevel=OFF)
2026-08-11 10:21:46 [main] INFO  com.zaxxer.hikari.HikariDataSource - metadata_catalogue - Starting...
2026-08-11 10:21:46 [main] INFO  com.zaxxer.hikari.pool.HikariPool - metadata_catalogue - Added connection org.postgresql.jdbc.PgConnection@3b48361e
2026-08-11 10:21:46 [main] INFO  com.zaxxer.hikari.HikariDataSource - metadata_catalogue - Start completed.
2026-08-11 10:21:46 [main] INFO  com.zaxxer.hikari.HikariDataSource - metadata_catalogue - Shutdown initiated...
2026-08-11 10:21:46 [main] INFO  com.zaxxer.hikari.HikariDataSource - metadata_catalogue - Shutdown completed.
2026-08-11 10:21:46 [main] INFO  t.g.io/epos-eric/metadata-database/deploy:main - Creating container for image: ghcr.io/epos-eric/metadata-database/deploy:main
2026-08-11 10:21:46 [main] INFO  t.g.io/epos-eric/metadata-database/deploy:main - Container ghcr.io/epos-eric/metadata-database/deploy:main is starting: d7b0f5f0bfbfeb6ccd41dd95e26db69175e31860aa23520f205f96a749b5b7f0
2026-08-11 10:21:51 [main] INFO  t.g.io/epos-eric/metadata-database/deploy:main - Container ghcr.io/epos-eric/metadata-database/deploy:main started in PT4.763634405S
2026-08-11 10:21:51 [main] INFO  t.g.io/epos-eric/metadata-database/deploy:main - Container is started (JDBC URL: jdbc:postgresql://localhost:33161/cerif?loggerLevel=OFF)
2026-08-11 10:21:51 [main] INFO  com.zaxxer.hikari.HikariDataSource - metadata_catalogue - Starting...
2026-08-11 10:21:51 [main] INFO  com.zaxxer.hikari.pool.HikariPool - metadata_catalogue - Added connection org.postgresql.jdbc.PgConnection@124b8fe9
2026-08-11 10:21:51 [main] INFO  com.zaxxer.hikari.HikariDataSource - metadata_catalogue - Start completed.
2026-08-11 10:21:51 [main] INFO  com.zaxxer.hikari.HikariDataSource - metadata_catalogue - Shutdown initiated...
2026-08-11 10:21:51 [main] INFO  com.zaxxer.hikari.HikariDataSource - metadata_catalogue - Shutdown completed.
2026-08-11 10:21:51 [main] INFO  t.g.io/epos-eric/metadata-database/deploy:main - Creating container for image: ghcr.io/epos-eric/metadata-database/deploy:main
2026-08-11 10:21:52 [main] INFO  t.g.io/epos-eric/metadata-database/deploy:main - Container ghcr.io/epos-eric/metadata-database/deploy:main is starting: 58564a958c0e7fd34ab09ddc0134d2d9950e5a81ec6172716de2672691eb37fd
2026-08-11 10:21:56 [main] INFO  t.g.io/epos-eric/metadata-database/deploy:main - Container ghcr.io/epos-eric/metadata-database/deploy:main started in PT4.24310732S
2026-08-11 10:21:56 [main] INFO  t.g.io/epos-eric/metadata-database/deploy:main - Container is started (JDBC URL: jdbc:postgresql://localhost:33162/cerif?loggerLevel=OFF)
2026-08-11 10:21:56 [main] INFO  com.zaxxer.hikari.HikariDataSource - metadata_catalogue - Starting...
2026-08-11 10:21:56 [main] INFO  com.zaxxer.hikari.pool.HikariPool - metadata_catalogue - Added connection org.postgresql.jdbc.PgConnection@56d4481f
2026-08-11 10:21:56 [main] INFO  com.zaxxer.hikari.HikariDataSource - metadata_catalogue - Start completed.
2026-08-11 10:21:56 [main] INFO  com.zaxxer.hikari.HikariDataSource - metadata_catalogue - Shutdown initiated...
2026-08-11 10:21:56 [main] INFO  com.zaxxer.hikari.HikariDataSource - metadata_catalogue - Shutdown completed.
2026-08-11 10:21:56 [main] INFO  t.g.io/epos-eric/metadata-database/deploy:main - Creating container for image: ghcr.io/epos-eric/metadata-database/deploy:main
2026-08-11 10:21:56 [main] INFO  t.g.io/epos-eric/metadata-database/deploy:main - Container ghcr.io/epos-eric/metadata-database/deploy:main is starting: 1614369b6272ea8ba9f7735f36364497cd12e462057191d3326acc18c5ca8828
2026-08-11 10:22:01 [main] INFO  t.g.io/epos-eric/metadata-database/deploy:main - Container ghcr.io/epos-eric/metadata-database/deploy:main started in PT4.74734247S
2026-08-11 10:22:01 [main] INFO  t.g.io/epos-eric/metadata-database/deploy:main - Container is started (JDBC URL: jdbc:postgresql://localhost:33163/cerif?loggerLevel=OFF)
2026-08-11 10:22:01 [main] INFO  com.zaxxer.hikari.HikariDataSource - metadata_catalogue - Starting...
2026-08-11 10:22:01 [main] INFO  com.zaxxer.hikari.pool.HikariPool - metadata_catalogue - Added connection org.postgresql.jdbc.PgConnection@4b90f49d
2026-08-11 10:22:01 [main] INFO  com.zaxxer.hikari.HikariDataSource - metadata_catalogue - Start completed.
2026-08-11 10:22:01 [main] INFO  com.zaxxer.hikari.HikariDataSource - metadata_catalogue - Shutdown initiated...
2026-08-11 10:22:01 [main] INFO  com.zaxxer.hikari.HikariDataSource - metadata_catalogue - Shutdown completed.
2026-08-11 10:22:01 [main] INFO  t.g.io/epos-eric/metadata-database/deploy:main - Creating container for image: ghcr.io/epos-eric/metadata-database/deploy:main
2026-08-11 10:22:01 [main] INFO  t.g.io/epos-eric/metadata-database/deploy:main - Container ghcr.io/epos-eric/metadata-database/deploy:main is starting: d582cf8839a3ef8dbe09f9b695ac7822a169e5b368581955e517226e7ed9abde
2026-08-11 10:22:05 [main] INFO  t.g.io/epos-eric/metadata-database/deploy:main - Container ghcr.io/epos-eric/metadata-database/deploy:main started in PT3.506066316S
2026-08-11 10:22:05 [main] INFO  t.g.io/epos-eric/metadata-database/deploy:main - Container is started (JDBC URL: jdbc:postgresql://localhost:33164/cerif?loggerLevel=OFF)
2026-08-11 10:22:05 [main] INFO  com.zaxxer.hikari.HikariDataSource - metadata_catalogue - Starting...
2026-08-11 10:22:05 [main] INFO  com.zaxxer.hikari.pool.HikariPool - metadata_catalogue - Added connection org.postgresql.jdbc.PgConnection@4b6abf4e
2026-08-11 10:22:05 [main] INFO  com.zaxxer.hikari.HikariDataSource - metadata_catalogue - Start completed.
2026-08-11 10:22:05 [main] INFO  com.zaxxer.hikari.HikariDataSource - metadata_catalogue - Shutdown initiated...
2026-08-11 10:22:05 [main] INFO  com.zaxxer.hikari.HikariDataSource - metadata_catalogue - Shutdown completed.
2026-08-11 10:22:05 [main] INFO  t.g.io/epos-eric/metadata-database/deploy:main - Creating container for image: ghcr.io/epos-eric/metadata-database/deploy:main
2026-08-11 10:22:05 [main] INFO  t.g.io/epos-eric/metadata-database/deploy:main - Container ghcr.io/epos-eric/metadata-database/deploy:main is starting: 29908e8d4ed9334c3143cdbbb86451f7f17a285133e8023c1490db72a432b978
2026-08-11 10:22:09 [main] INFO  t.g.io/epos-eric/metadata-database/deploy:main - Container ghcr.io/epos-eric/metadata-database/deploy:main started in PT4.125581825S
2026-08-11 10:22:09 [main] INFO  t.g.io/epos-eric/metadata-database/deploy:main - Container is started (JDBC URL: jdbc:postgresql://localhost:33165/cerif?loggerLevel=OFF)
2026-08-11 10:22:09 [main] INFO  com.zaxxer.hikari.HikariDataSource - metadata_catalogue - Starting...
2026-08-11 10:22:09 [main] INFO  com.zaxxer.hikari.pool.HikariPool - metadata_catalogue - Added connection org.postgresql.jdbc.PgConnection@7f2d681a
2026-08-11 10:22:09 [main] INFO  com.zaxxer.hikari.HikariDataSource - metadata_catalogue - Start completed.
2026-08-11 10:22:10 [main] INFO  com.zaxxer.hikari.HikariDataSource - metadata_catalogue - Shutdown initiated...
2026-08-11 10:22:10 [main] INFO  com.zaxxer.hikari.HikariDataSource - metadata_catalogue - Shutdown completed.
2026-08-11 10:22:10 [main] INFO  t.g.io/epos-eric/metadata-database/deploy:main - Creating container for image: ghcr.io/epos-eric/metadata-database/deploy:main
2026-08-11 10:22:10 [main] INFO  t.g.io/epos-eric/metadata-database/deploy:main - Container ghcr.io/epos-eric/metadata-database/deploy:main is starting: 555666b4ecda53778ee7451be744f28bec52543b668ba88b7e5608c2ce389bf5
2026-08-11 10:22:14 [main] INFO  t.g.io/epos-eric/metadata-database/deploy:main - Container ghcr.io/epos-eric/metadata-database/deploy:main started in PT3.821814815S
2026-08-11 10:22:14 [main] INFO  t.g.io/epos-eric/metadata-database/deploy:main - Container is started (JDBC URL: jdbc:postgresql://localhost:33166/cerif?loggerLevel=OFF)
2026-08-11 10:22:14 [main] INFO  com.zaxxer.hikari.HikariDataSource - metadata_catalogue - Starting...
2026-08-11 10:22:14 [main] INFO  com.zaxxer.hikari.pool.HikariPool - metadata_catalogue - Added connection org.postgresql.jdbc.PgConnection@72b8b04f
2026-08-11 10:22:14 [main] INFO  com.zaxxer.hikari.HikariDataSource - metadata_catalogue - Start completed.
2026-08-11 10:22:14 [main] INFO  com.zaxxer.hikari.HikariDataSource - metadata_catalogue - Shutdown initiated...
2026-08-11 10:22:14 [main] INFO  com.zaxxer.hikari.HikariDataSource - metadata_catalogue - Shutdown completed.
2026-08-11 10:22:14 [main] INFO  t.g.io/epos-eric/metadata-database/deploy:main - Creating container for image: ghcr.io/epos-eric/metadata-database/deploy:main
2026-08-11 10:22:14 [main] INFO  t.g.io/epos-eric/metadata-database/deploy:main - Container ghcr.io/epos-eric/metadata-database/deploy:main is starting: 4cb7ed18f29c038b458dc4e2045a91c874eca9d4593ca5072874238990b99791
2026-08-11 10:22:18 [main] INFO  t.g.io/epos-eric/metadata-database/deploy:main - Container ghcr.io/epos-eric/metadata-database/deploy:main started in PT4.016425147S
2026-08-11 10:22:18 [main] INFO  t.g.io/epos-eric/metadata-database/deploy:main - Container is started (JDBC URL: jdbc:postgresql://localhost:33167/cerif?loggerLevel=OFF)
2026-08-11 10:22:18 [main] INFO  com.zaxxer.hikari.HikariDataSource - metadata_catalogue - Starting...
2026-08-11 10:22:18 [main] INFO  com.zaxxer.hikari.pool.HikariPool - metadata_catalogue - Added connection org.postgresql.jdbc.PgConnection@3af30ab8
2026-08-11 10:22:18 [main] INFO  com.zaxxer.hikari.HikariDataSource - metadata_catalogue - Start completed.
2026-08-11 10:22:19 [main] INFO  com.zaxxer.hikari.HikariDataSource - metadata_catalogue - Shutdown initiated...
2026-08-11 10:22:19 [main] INFO  com.zaxxer.hikari.HikariDataSource - metadata_catalogue - Shutdown completed.
2026-08-11 10:22:19 [main] INFO  t.g.io/epos-eric/metadata-database/deploy:main - Creating container for image: ghcr.io/epos-eric/metadata-database/deploy:main
2026-08-11 10:22:19 [main] INFO  t.g.io/epos-eric/metadata-database/deploy:main - Container ghcr.io/epos-eric/metadata-database/deploy:main is starting: 5036a92d23f77776cffb8668169c904233c437a127ef186dd4bb0269b49970c1
2026-08-11 10:22:23 [main] INFO  t.g.io/epos-eric/metadata-database/deploy:main - Container ghcr.io/epos-eric/metadata-database/deploy:main started in PT3.957556346S
2026-08-11 10:22:23 [main] INFO  t.g.io/epos-eric/metadata-database/deploy:main - Container is started (JDBC URL: jdbc:postgresql://localhost:33168/cerif?loggerLevel=OFF)
2026-08-11 10:22:23 [main] INFO  com.zaxxer.hikari.HikariDataSource - metadata_catalogue - Starting...
2026-08-11 10:22:23 [main] INFO  com.zaxxer.hikari.pool.HikariPool - metadata_catalogue - Added connection org.postgresql.jdbc.PgConnection@5fd40d2e
2026-08-11 10:22:23 [main] INFO  com.zaxxer.hikari.HikariDataSource - metadata_catalogue - Start completed.
2026-08-11 10:22:23 [main] INFO  com.zaxxer.hikari.HikariDataSource - metadata_catalogue - Shutdown initiated...
2026-08-11 10:22:23 [main] INFO  com.zaxxer.hikari.HikariDataSource - metadata_catalogue - Shutdown completed.
2026-08-11 10:22:23 [main] INFO  t.g.io/epos-eric/metadata-database/deploy:main - Creating container for image: ghcr.io/epos-eric/metadata-database/deploy:main
2026-08-11 10:22:23 [main] INFO  t.g.io/epos-eric/metadata-database/deploy:main - Container ghcr.io/epos-eric/metadata-database/deploy:main is starting: 8be29fec1cc6a14b83cfd10fab3f0bf51b81a54c0be27d6e0158f6b58c1a4070
2026-08-11 10:22:27 [main] INFO  t.g.io/epos-eric/metadata-database/deploy:main - Container ghcr.io/epos-eric/metadata-database/deploy:main started in PT3.920679057S
2026-08-11 10:22:27 [main] INFO  t.g.io/epos-eric/metadata-database/deploy:main - Container is started (JDBC URL: jdbc:postgresql://localhost:33169/cerif?loggerLevel=OFF)
2026-08-11 10:22:27 [main] INFO  com.zaxxer.hikari.HikariDataSource - metadata_catalogue - Starting...
2026-08-11 10:22:27 [main] INFO  com.zaxxer.hikari.pool.HikariPool - metadata_catalogue - Added connection org.postgresql.jdbc.PgConnection@7988978a
2026-08-11 10:22:27 [main] INFO  com.zaxxer.hikari.HikariDataSource - metadata_catalogue - Start completed.
2026-08-11 10:22:28 [main] INFO  com.zaxxer.hikari.HikariDataSource - metadata_catalogue - Shutdown initiated...
2026-08-11 10:22:28 [main] INFO  com.zaxxer.hikari.HikariDataSource - metadata_catalogue - Shutdown completed.
2026-08-11 10:22:28 [main] INFO  t.g.io/epos-eric/metadata-database/deploy:main - Creating container for image: ghcr.io/epos-eric/metadata-database/deploy:main
2026-08-11 10:22:28 [main] INFO  t.g.io/epos-eric/metadata-database/deploy:main - Container ghcr.io/epos-eric/metadata-database/deploy:main is starting: 3b3c1b1a2ef2975e0c9c7bd35f955aa4813f60bfc6c2cb9ddaf0c9c3c6326c97
2026-08-11 10:22:32 [main] INFO  t.g.io/epos-eric/metadata-database/deploy:main - Container ghcr.io/epos-eric/metadata-database/deploy:main started in PT3.944624341S
2026-08-11 10:22:32 [main] INFO  t.g.io/epos-eric/metadata-database/deploy:main - Container is started (JDBC URL: jdbc:postgresql://localhost:33170/cerif?loggerLevel=OFF)
2026-08-11 10:22:32 [main] INFO  com.zaxxer.hikari.HikariDataSource - metadata_catalogue - Starting...
2026-08-11 10:22:32 [main] INFO  com.zaxxer.hikari.pool.HikariPool - metadata_catalogue - Added connection org.postgresql.jdbc.PgConnection@77d68b94
2026-08-11 10:22:32 [main] INFO  com.zaxxer.hikari.HikariDataSource - metadata_catalogue - Start completed.
2026-08-11 10:22:34 [main] INFO  com.zaxxer.hikari.HikariDataSource - metadata_catalogue - Shutdown initiated...
2026-08-11 10:22:34 [main] INFO  com.zaxxer.hikari.HikariDataSource - metadata_catalogue - Shutdown completed.
2026-08-11 10:22:34 [main] INFO  t.g.io/epos-eric/metadata-database/deploy:main - Creating container for image: ghcr.io/epos-eric/metadata-database/deploy:main
2026-08-11 10:22:34 [main] INFO  t.g.io/epos-eric/metadata-database/deploy:main - Container ghcr.io/epos-eric/metadata-database/deploy:main is starting: 53f48fb8eea8aa6610a76b0c95e32a3b77c05ed619b216483bdd2c8092823262
2026-08-11 10:22:38 [main] INFO  t.g.io/epos-eric/metadata-database/deploy:main - Container ghcr.io/epos-eric/metadata-database/deploy:main started in PT4.114398573S
2026-08-11 10:22:38 [main] INFO  t.g.io/epos-eric/metadata-database/deploy:main - Container is started (JDBC URL: jdbc:postgresql://localhost:33171/cerif?loggerLevel=OFF)
2026-08-11 10:22:38 [main] INFO  com.zaxxer.hikari.HikariDataSource - metadata_catalogue - Starting...
2026-08-11 10:22:38 [main] INFO  com.zaxxer.hikari.pool.HikariPool - metadata_catalogue - Added connection org.postgresql.jdbc.PgConnection@78b9c5d8
2026-08-11 10:22:38 [main] INFO  com.zaxxer.hikari.HikariDataSource - metadata_catalogue - Start completed.
2026-08-11 10:22:38 [main] INFO  com.zaxxer.hikari.HikariDataSource - metadata_catalogue - Shutdown initiated...
2026-08-11 10:22:38 [main] INFO  com.zaxxer.hikari.HikariDataSource - metadata_catalogue - Shutdown completed.
2026-08-11 10:22:38 [main] INFO  t.g.io/epos-eric/metadata-database/deploy:main - Creating container for image: ghcr.io/epos-eric/metadata-database/deploy:main
2026-08-11 10:22:38 [main] INFO  t.g.io/epos-eric/metadata-database/deploy:main - Container ghcr.io/epos-eric/metadata-database/deploy:main is starting: 79279033c873fca4d80e51c913a07843ef7ceeac74982ea1b19650eb66320302
2026-08-11 10:22:43 [main] INFO  t.g.io/epos-eric/metadata-database/deploy:main - Container ghcr.io/epos-eric/metadata-database/deploy:main started in PT4.801403021S
2026-08-11 10:22:43 [main] INFO  t.g.io/epos-eric/metadata-database/deploy:main - Container is started (JDBC URL: jdbc:postgresql://localhost:33172/cerif?loggerLevel=OFF)
2026-08-11 10:22:43 [main] INFO  com.zaxxer.hikari.HikariDataSource - metadata_catalogue - Starting...
2026-08-11 10:22:43 [main] INFO  com.zaxxer.hikari.pool.HikariPool - metadata_catalogue - Added connection org.postgresql.jdbc.PgConnection@605bfc81
2026-08-11 10:22:43 [main] INFO  com.zaxxer.hikari.HikariDataSource - metadata_catalogue - Start completed.
2026-08-11 10:22:44 [main] INFO  com.zaxxer.hikari.HikariDataSource - metadata_catalogue - Shutdown initiated...
2026-08-11 10:22:44 [main] INFO  com.zaxxer.hikari.HikariDataSource - metadata_catalogue - Shutdown completed.
2026-08-11 10:22:45 [main] INFO  t.g.io/epos-eric/metadata-database/deploy:main - Creating container for image: ghcr.io/epos-eric/metadata-database/deploy:main
2026-08-11 10:22:45 [main] INFO  t.g.io/epos-eric/metadata-database/deploy:main - Container ghcr.io/epos-eric/metadata-database/deploy:main is starting: 352d9b6fbb766c33582e2958b129724ac1b407f67768220cb9f4751c9f51eb6c
2026-08-11 10:22:48 [main] INFO  t.g.io/epos-eric/metadata-database/deploy:main - Container ghcr.io/epos-eric/metadata-database/deploy:main started in PT3.887179865S
2026-08-11 10:22:48 [main] INFO  t.g.io/epos-eric/metadata-database/deploy:main - Container is started (JDBC URL: jdbc:postgresql://localhost:33173/cerif?loggerLevel=OFF)
2026-08-11 10:22:48 [main] INFO  com.zaxxer.hikari.HikariDataSource - metadata_catalogue - Starting...
2026-08-11 10:22:48 [main] INFO  com.zaxxer.hikari.pool.HikariPool - metadata_catalogue - Added connection org.postgresql.jdbc.PgConnection@51dd6ef7
2026-08-11 10:22:48 [main] INFO  com.zaxxer.hikari.HikariDataSource - metadata_catalogue - Start completed.
2026-08-11 10:22:49 [main] INFO  com.zaxxer.hikari.HikariDataSource - metadata_catalogue - Shutdown initiated...
2026-08-11 10:22:49 [main] INFO  com.zaxxer.hikari.HikariDataSource - metadata_catalogue - Shutdown completed.
2026-08-11 10:22:49 [main] INFO  t.g.io/epos-eric/metadata-database/deploy:main - Creating container for image: ghcr.io/epos-eric/metadata-database/deploy:main
2026-08-11 10:22:49 [main] INFO  t.g.io/epos-eric/metadata-database/deploy:main - Container ghcr.io/epos-eric/metadata-database/deploy:main is starting: 15b9b883e5a780ae14df5679918e6b4d96833fb56435faa18ce5dbffa650bf34
2026-08-11 10:22:54 [main] INFO  t.g.io/epos-eric/metadata-database/deploy:main - Container ghcr.io/epos-eric/metadata-database/deploy:main started in PT4.721260434S
2026-08-11 10:22:54 [main] INFO  t.g.io/epos-eric/metadata-database/deploy:main - Container is started (JDBC URL: jdbc:postgresql://localhost:33174/cerif?loggerLevel=OFF)
2026-08-11 10:22:54 [main] INFO  com.zaxxer.hikari.HikariDataSource - metadata_catalogue - Starting...
2026-08-11 10:22:54 [main] INFO  com.zaxxer.hikari.pool.HikariPool - metadata_catalogue - Added connection org.postgresql.jdbc.PgConnection@36ee9dfc
2026-08-11 10:22:54 [main] INFO  com.zaxxer.hikari.HikariDataSource - metadata_catalogue - Start completed.
2026-08-11 10:22:54 [main] INFO  com.zaxxer.hikari.HikariDataSource - metadata_catalogue - Shutdown initiated...
2026-08-11 10:22:54 [main] INFO  com.zaxxer.hikari.HikariDataSource - metadata_catalogue - Shutdown completed.
2026-08-11 10:22:54 [main] INFO  t.g.io/epos-eric/metadata-database/deploy:main - Creating container for image: ghcr.io/epos-eric/metadata-database/deploy:main
2026-08-11 10:22:54 [main] INFO  t.g.io/epos-eric/metadata-database/deploy:main - Container ghcr.io/epos-eric/metadata-database/deploy:main is starting: 3029f05197658891ff9c3d04d35889bb83c625b6cc2198f746089c1c18bec257
2026-08-11 10:22:58 [main] INFO  t.g.io/epos-eric/metadata-database/deploy:main - Container ghcr.io/epos-eric/metadata-database/deploy:main started in PT3.643988238S
2026-08-11 10:22:58 [main] INFO  t.g.io/epos-eric/metadata-database/deploy:main - Container is started (JDBC URL: jdbc:postgresql://localhost:33175/cerif?loggerLevel=OFF)
2026-08-11 10:22:58 [main] INFO  com.zaxxer.hikari.HikariDataSource - metadata_catalogue - Starting...
2026-08-11 10:22:58 [main] INFO  com.zaxxer.hikari.pool.HikariPool - metadata_catalogue - Added connection org.postgresql.jdbc.PgConnection@4009d97f
2026-08-11 10:22:58 [main] INFO  com.zaxxer.hikari.HikariDataSource - metadata_catalogue - Start completed.
2026-08-11 10:22:58 [main] INFO  com.zaxxer.hikari.HikariDataSource - metadata_catalogue - Shutdown initiated...
2026-08-11 10:22:58 [main] INFO  com.zaxxer.hikari.HikariDataSource - metadata_catalogue - Shutdown completed.
2026-08-11 10:22:58 [main] INFO  t.g.io/epos-eric/metadata-database/deploy:main - Creating container for image: ghcr.io/epos-eric/metadata-database/deploy:main
2026-08-11 10:22:58 [main] INFO  t.g.io/epos-eric/metadata-database/deploy:main - Container ghcr.io/epos-eric/metadata-database/deploy:main is starting: fda32dbfd348c5ad2dc079332ee59ae8d8d4bf1cc4f8bf85ff22bfe65ef78f52
2026-08-11 10:23:02 [main] INFO  t.g.io/epos-eric/metadata-database/deploy:main - Container ghcr.io/epos-eric/metadata-database/deploy:main started in PT3.819296105S
2026-08-11 10:23:02 [main] INFO  t.g.io/epos-eric/metadata-database/deploy:main - Container is started (JDBC URL: jdbc:postgresql://localhost:33176/cerif?loggerLevel=OFF)
2026-08-11 10:23:02 [main] INFO  com.zaxxer.hikari.HikariDataSource - metadata_catalogue - Starting...
2026-08-11 10:23:02 [main] INFO  com.zaxxer.hikari.pool.HikariPool - metadata_catalogue - Added connection org.postgresql.jdbc.PgConnection@2c646678
2026-08-11 10:23:02 [main] INFO  com.zaxxer.hikari.HikariDataSource - metadata_catalogue - Start completed.
2026-08-11 10:23:02 [main] INFO  com.zaxxer.hikari.HikariDataSource - metadata_catalogue - Shutdown initiated...
2026-08-11 10:23:02 [main] INFO  com.zaxxer.hikari.HikariDataSource - metadata_catalogue - Shutdown completed.
2026-08-11 10:23:02 [main] INFO  t.g.io/epos-eric/metadata-database/deploy:main - Creating container for image: ghcr.io/epos-eric/metadata-database/deploy:main
2026-08-11 10:23:02 [main] INFO  t.g.io/epos-eric/metadata-database/deploy:main - Container ghcr.io/epos-eric/metadata-database/deploy:main is starting: 7008a796d89f6debe5df157a0705f9d46dca222698913033bb9eefc6a36294e4
2026-08-11 10:23:06 [main] INFO  t.g.io/epos-eric/metadata-database/deploy:main - Container ghcr.io/epos-eric/metadata-database/deploy:main started in PT3.750269711S
2026-08-11 10:23:06 [main] INFO  t.g.io/epos-eric/metadata-database/deploy:main - Container is started (JDBC URL: jdbc:postgresql://localhost:33177/cerif?loggerLevel=OFF)
2026-08-11 10:23:06 [main] INFO  com.zaxxer.hikari.HikariDataSource - metadata_catalogue - Starting...
2026-08-11 10:23:06 [main] INFO  com.zaxxer.hikari.pool.HikariPool - metadata_catalogue - Added connection org.postgresql.jdbc.PgConnection@5daa5cce
2026-08-11 10:23:06 [main] INFO  com.zaxxer.hikari.HikariDataSource - metadata_catalogue - Start completed.
2026-08-11 10:23:06 [main] INFO  com.zaxxer.hikari.HikariDataSource - metadata_catalogue - Shutdown initiated...
2026-08-11 10:23:06 [main] INFO  com.zaxxer.hikari.HikariDataSource - metadata_catalogue - Shutdown completed.
2026-08-11 10:23:07 [main] INFO  t.g.io/epos-eric/metadata-database/deploy:main - Creating container for image: ghcr.io/epos-eric/metadata-database/deploy:main
2026-08-11 10:23:07 [main] INFO  t.g.io/epos-eric/metadata-database/deploy:main - Container ghcr.io/epos-eric/metadata-database/deploy:main is starting: 42dfc2046a05e8d656c61f3583eac7d7d246adc3fbe71dc79a2eeb6c952b6a52
2026-08-11 10:23:11 [main] INFO  t.g.io/epos-eric/metadata-database/deploy:main - Container ghcr.io/epos-eric/metadata-database/deploy:main started in PT3.993919495S
2026-08-11 10:23:11 [main] INFO  t.g.io/epos-eric/metadata-database/deploy:main - Container is started (JDBC URL: jdbc:postgresql://localhost:33178/cerif?loggerLevel=OFF)
2026-08-11 10:23:11 [main] INFO  com.zaxxer.hikari.HikariDataSource - metadata_catalogue - Starting...
2026-08-11 10:23:11 [main] INFO  com.zaxxer.hikari.pool.HikariPool - metadata_catalogue - Added connection org.postgresql.jdbc.PgConnection@2bceb119
2026-08-11 10:23:11 [main] INFO  com.zaxxer.hikari.HikariDataSource - metadata_catalogue - Start completed.
2026-08-11 10:23:12 [main] INFO  com.zaxxer.hikari.HikariDataSource - metadata_catalogue - Shutdown initiated...
2026-08-11 10:23:12 [main] INFO  com.zaxxer.hikari.HikariDataSource - metadata_catalogue - Shutdown completed.
2026-08-11 10:23:12 [main] INFO  t.g.io/epos-eric/metadata-database/deploy:main - Creating container for image: ghcr.io/epos-eric/metadata-database/deploy:main
2026-08-11 10:23:12 [main] INFO  t.g.io/epos-eric/metadata-database/deploy:main - Container ghcr.io/epos-eric/metadata-database/deploy:main is starting: 7cfe5165585c3dd53b741d5f3ebee55228bbdcd5ace16f9721eb6e10f56870c0
2026-08-11 10:23:17 [main] INFO  t.g.io/epos-eric/metadata-database/deploy:main - Container ghcr.io/epos-eric/metadata-database/deploy:main started in PT4.69616327S
2026-08-11 10:23:17 [main] INFO  t.g.io/epos-eric/metadata-database/deploy:main - Container is started (JDBC URL: jdbc:postgresql://localhost:33179/cerif?loggerLevel=OFF)
2026-08-11 10:23:17 [main] INFO  com.zaxxer.hikari.HikariDataSource - metadata_catalogue - Starting...
2026-08-11 10:23:17 [main] INFO  com.zaxxer.hikari.pool.HikariPool - metadata_catalogue - Added connection org.postgresql.jdbc.PgConnection@6d183621
2026-08-11 10:23:17 [main] INFO  com.zaxxer.hikari.HikariDataSource - metadata_catalogue - Start completed.
2026-08-11 10:23:17 [main] INFO  com.zaxxer.hikari.HikariDataSource - metadata_catalogue - Shutdown initiated...
2026-08-11 10:23:17 [main] INFO  com.zaxxer.hikari.HikariDataSource - metadata_catalogue - Shutdown completed.
2026-08-11 10:23:17 [main] INFO  t.g.io/epos-eric/metadata-database/deploy:main - Creating container for image: ghcr.io/epos-eric/metadata-database/deploy:main
2026-08-11 10:23:17 [main] INFO  t.g.io/epos-eric/metadata-database/deploy:main - Container ghcr.io/epos-eric/metadata-database/deploy:main is starting: 6958925e4be63c2e06abaa1dab4300c1aeb0e533e1b522d4b03c9b96133ceff6
2026-08-11 10:23:21 [main] INFO  t.g.io/epos-eric/metadata-database/deploy:main - Container ghcr.io/epos-eric/metadata-database/deploy:main started in PT3.800074125S
2026-08-11 10:23:21 [main] INFO  t.g.io/epos-eric/metadata-database/deploy:main - Container is started (JDBC URL: jdbc:postgresql://localhost:33180/cerif?loggerLevel=OFF)
2026-08-11 10:23:21 [main] INFO  com.zaxxer.hikari.HikariDataSource - metadata_catalogue - Starting...
2026-08-11 10:23:21 [main] INFO  com.zaxxer.hikari.pool.HikariPool - metadata_catalogue - Added connection org.postgresql.jdbc.PgConnection@5a6c7f73
2026-08-11 10:23:21 [main] INFO  com.zaxxer.hikari.HikariDataSource - metadata_catalogue - Start completed.
2026-08-11 10:23:21 [main] INFO  com.zaxxer.hikari.HikariDataSource - metadata_catalogue - Shutdown initiated...
2026-08-11 10:23:21 [main] INFO  com.zaxxer.hikari.HikariDataSource - metadata_catalogue - Shutdown completed.
2026-08-11 10:23:22 [main] INFO  t.g.io/epos-eric/metadata-database/deploy:main - Creating container for image: ghcr.io/epos-eric/metadata-database/deploy:main
2026-08-11 10:23:22 [main] INFO  t.g.io/epos-eric/metadata-database/deploy:main - Container ghcr.io/epos-eric/metadata-database/deploy:main is starting: 2aaad48a634a91b72d677b5968f9ecc257e7d345dacf5c2cda9ab194fdcfadcf
2026-08-11 10:23:26 [main] INFO  t.g.io/epos-eric/metadata-database/deploy:main - Container ghcr.io/epos-eric/metadata-database/deploy:main started in PT4.027888972S
2026-08-11 10:23:26 [main] INFO  t.g.io/epos-eric/metadata-database/deploy:main - Container is started (JDBC URL: jdbc:postgresql://localhost:33181/cerif?loggerLevel=OFF)
2026-08-11 10:23:26 [main] INFO  com.zaxxer.hikari.HikariDataSource - metadata_catalogue - Starting...
2026-08-11 10:23:26 [main] INFO  com.zaxxer.hikari.pool.HikariPool - metadata_catalogue - Added connection org.postgresql.jdbc.PgConnection@6613043
2026-08-11 10:23:26 [main] INFO  com.zaxxer.hikari.HikariDataSource - metadata_catalogue - Start completed.
2026-08-11 10:23:28 [main] INFO  com.zaxxer.hikari.HikariDataSource - metadata_catalogue - Shutdown initiated...
2026-08-11 10:23:28 [main] INFO  com.zaxxer.hikari.HikariDataSource - metadata_catalogue - Shutdown completed.
2026-08-11 10:23:29 [main] INFO  t.g.io/epos-eric/metadata-database/deploy:main - Creating container for image: ghcr.io/epos-eric/metadata-database/deploy:main
2026-08-11 10:23:29 [main] INFO  t.g.io/epos-eric/metadata-database/deploy:main - Container ghcr.io/epos-eric/metadata-database/deploy:main is starting: e82697522b33f16c1c0427e05697c12a201a17537fba50a6cb7df9a6ae44f1d2
2026-08-11 10:23:32 [main] INFO  t.g.io/epos-eric/metadata-database/deploy:main - Container ghcr.io/epos-eric/metadata-database/deploy:main started in PT3.742040691S
2026-08-11 10:23:32 [main] INFO  t.g.io/epos-eric/metadata-database/deploy:main - Container is started (JDBC URL: jdbc:postgresql://localhost:33182/cerif?loggerLevel=OFF)
2026-08-11 10:23:32 [main] INFO  com.zaxxer.hikari.HikariDataSource - metadata_catalogue - Starting...
2026-08-11 10:23:32 [main] INFO  com.zaxxer.hikari.pool.HikariPool - metadata_catalogue - Added connection org.postgresql.jdbc.PgConnection@bed0f9c
2026-08-11 10:23:32 [main] INFO  com.zaxxer.hikari.HikariDataSource - metadata_catalogue - Start completed.
2026-08-11 10:23:33 [main] INFO  com.zaxxer.hikari.HikariDataSource - metadata_catalogue - Shutdown initiated...
2026-08-11 10:23:33 [main] INFO  com.zaxxer.hikari.HikariDataSource - metadata_catalogue - Shutdown completed.
2026-08-11 10:23:33 [main] INFO  t.g.io/epos-eric/metadata-database/deploy:main - Creating container for image: ghcr.io/epos-eric/metadata-database/deploy:main
2026-08-11 10:23:33 [main] INFO  t.g.io/epos-eric/metadata-database/deploy:main - Container ghcr.io/epos-eric/metadata-database/deploy:main is starting: 2c9f690442acee45c4c81da283abc6b3538da694f9ae78fc5da4adf190ae47d0
2026-08-11 10:23:37 [main] INFO  t.g.io/epos-eric/metadata-database/deploy:main - Container ghcr.io/epos-eric/metadata-database/deploy:main started in PT4.080407215S
2026-08-11 10:23:37 [main] INFO  t.g.io/epos-eric/metadata-database/deploy:main - Container is started (JDBC URL: jdbc:postgresql://localhost:33183/cerif?loggerLevel=OFF)
2026-08-11 10:23:37 [main] INFO  com.zaxxer.hikari.HikariDataSource - metadata_catalogue - Starting...
2026-08-11 10:23:37 [main] INFO  com.zaxxer.hikari.pool.HikariPool - metadata_catalogue - Added connection org.postgresql.jdbc.PgConnection@27a1fe7a
2026-08-11 10:23:37 [main] INFO  com.zaxxer.hikari.HikariDataSource - metadata_catalogue - Start completed.
2026-08-11 10:23:37 [main] INFO  com.zaxxer.hikari.HikariDataSource - metadata_catalogue - Shutdown initiated...
2026-08-11 10:23:37 [main] INFO  com.zaxxer.hikari.HikariDataSource - metadata_catalogue - Shutdown completed.
2026-08-11 10:23:37 [main] INFO  t.g.io/epos-eric/metadata-database/deploy:main - Creating container for image: ghcr.io/epos-eric/metadata-database/deploy:main
2026-08-11 10:23:37 [main] INFO  t.g.io/epos-eric/metadata-database/deploy:main - Container ghcr.io/epos-eric/metadata-database/deploy:main is starting: 55b87c2921910de82d0a0359edd05e5ab2246b1593f12b8b934bf9ea9fbc9794
2026-08-11 10:23:41 [main] INFO  t.g.io/epos-eric/metadata-database/deploy:main - Container ghcr.io/epos-eric/metadata-database/deploy:main started in PT3.763107054S
2026-08-11 10:23:41 [main] INFO  t.g.io/epos-eric/metadata-database/deploy:main - Container is started (JDBC URL: jdbc:postgresql://localhost:33184/cerif?loggerLevel=OFF)
2026-08-11 10:23:41 [main] INFO  com.zaxxer.hikari.HikariDataSource - metadata_catalogue - Starting...
2026-08-11 10:23:41 [main] INFO  com.zaxxer.hikari.pool.HikariPool - metadata_catalogue - Added connection org.postgresql.jdbc.PgConnection@5f610784
2026-08-11 10:23:41 [main] INFO  com.zaxxer.hikari.HikariDataSource - metadata_catalogue - Start completed.
2026-08-11 10:23:41 [main] INFO  com.zaxxer.hikari.HikariDataSource - metadata_catalogue - Shutdown initiated...
2026-08-11 10:23:41 [main] INFO  com.zaxxer.hikari.HikariDataSource - metadata_catalogue - Shutdown completed.
2026-08-11 10:23:42 [main] INFO  t.g.io/epos-eric/metadata-database/deploy:main - Creating container for image: ghcr.io/epos-eric/metadata-database/deploy:main
2026-08-11 10:23:42 [main] INFO  t.g.io/epos-eric/metadata-database/deploy:main - Container ghcr.io/epos-eric/metadata-database/deploy:main is starting: ddf699653fd46770a7ad71de0a61ca9fd8ccc1136d430a29af43f8c794cd334f
2026-08-11 10:23:45 [main] INFO  t.g.io/epos-eric/metadata-database/deploy:main - Container ghcr.io/epos-eric/metadata-database/deploy:main started in PT3.72630818S
2026-08-11 10:23:45 [main] INFO  t.g.io/epos-eric/metadata-database/deploy:main - Container is started (JDBC URL: jdbc:postgresql://localhost:33185/cerif?loggerLevel=OFF)
2026-08-11 10:23:45 [main] INFO  com.zaxxer.hikari.HikariDataSource - metadata_catalogue - Starting...
2026-08-11 10:23:45 [main] INFO  com.zaxxer.hikari.pool.HikariPool - metadata_catalogue - Added connection org.postgresql.jdbc.PgConnection@3013568a
2026-08-11 10:23:45 [main] INFO  com.zaxxer.hikari.HikariDataSource - metadata_catalogue - Start completed.
2026-08-11 10:23:45 [main] INFO  com.zaxxer.hikari.HikariDataSource - metadata_catalogue - Shutdown initiated...
2026-08-11 10:23:45 [main] INFO  com.zaxxer.hikari.HikariDataSource - metadata_catalogue - Shutdown completed.
2026-08-11 10:23:46 [main] INFO  t.g.io/epos-eric/metadata-database/deploy:main - Creating container for image: ghcr.io/epos-eric/metadata-database/deploy:main
2026-08-11 10:23:46 [main] INFO  t.g.io/epos-eric/metadata-database/deploy:main - Container ghcr.io/epos-eric/metadata-database/deploy:main is starting: 27c53d39669b9154e5f8d48824305d98c160e1b06b10ddc43603cdeae42ef2cc
2026-08-11 10:23:50 [main] INFO  t.g.io/epos-eric/metadata-database/deploy:main - Container ghcr.io/epos-eric/metadata-database/deploy:main started in PT4.62640815S
2026-08-11 10:23:50 [main] INFO  t.g.io/epos-eric/metadata-database/deploy:main - Container is started (JDBC URL: jdbc:postgresql://localhost:33186/cerif?loggerLevel=OFF)
2026-08-11 10:23:50 [main] INFO  com.zaxxer.hikari.HikariDataSource - metadata_catalogue - Starting...
2026-08-11 10:23:50 [main] INFO  com.zaxxer.hikari.pool.HikariPool - metadata_catalogue - Added connection org.postgresql.jdbc.PgConnection@395b82e9
2026-08-11 10:23:50 [main] INFO  com.zaxxer.hikari.HikariDataSource - metadata_catalogue - Start completed.
2026-08-11 10:24:11 [main] INFO  com.zaxxer.hikari.HikariDataSource - metadata_catalogue - Shutdown initiated...
2026-08-11 10:24:11 [main] INFO  com.zaxxer.hikari.HikariDataSource - metadata_catalogue - Shutdown completed.
2026-08-11 10:24:11 [main] INFO  t.g.io/epos-eric/metadata-database/deploy:main - Creating container for image: ghcr.io/epos-eric/metadata-database/deploy:main
2026-08-11 10:24:11 [main] INFO  t.g.io/epos-eric/metadata-database/deploy:main - Container ghcr.io/epos-eric/metadata-database/deploy:main is starting: d8333dc173ba92d76c92dc218ca2afcb45d648ac3dda0ff0915dbbe2dbdfff2b
2026-08-11 10:24:15 [main] INFO  t.g.io/epos-eric/metadata-database/deploy:main - Container ghcr.io/epos-eric/metadata-database/deploy:main started in PT3.633230721S
2026-08-11 10:24:15 [main] INFO  t.g.io/epos-eric/metadata-database/deploy:main - Container is started (JDBC URL: jdbc:postgresql://localhost:33187/cerif?loggerLevel=OFF)
2026-08-11 10:24:15 [main] INFO  com.zaxxer.hikari.HikariDataSource - metadata_catalogue - Starting...
2026-08-11 10:24:15 [main] INFO  com.zaxxer.hikari.pool.HikariPool - metadata_catalogue - Added connection org.postgresql.jdbc.PgConnection@4d0fe7
2026-08-11 10:24:15 [main] INFO  com.zaxxer.hikari.HikariDataSource - metadata_catalogue - Start completed.
2026-08-11 10:24:15 [main] INFO  com.zaxxer.hikari.HikariDataSource - metadata_catalogue - Shutdown initiated...
2026-08-11 10:24:15 [main] INFO  com.zaxxer.hikari.HikariDataSource - metadata_catalogue - Shutdown completed.
2026-08-11 10:24:15 [main] INFO  t.g.io/epos-eric/metadata-database/deploy:main - Creating container for image: ghcr.io/epos-eric/metadata-database/deploy:main
2026-08-11 10:24:15 [main] INFO  t.g.io/epos-eric/metadata-database/deploy:main - Container ghcr.io/epos-eric/metadata-database/deploy:main is starting: 49a844f59b57e9b2cc37c357357d7d265900583511fa9b0fff98ebfb0f7fd888
2026-08-11 10:24:19 [main] INFO  t.g.io/epos-eric/metadata-database/deploy:main - Container ghcr.io/epos-eric/metadata-database/deploy:main started in PT3.785851408S
2026-08-11 10:24:19 [main] INFO  t.g.io/epos-eric/metadata-database/deploy:main - Container is started (JDBC URL: jdbc:postgresql://localhost:33188/cerif?loggerLevel=OFF)
2026-08-11 10:24:19 [main] INFO  com.zaxxer.hikari.HikariDataSource - metadata_catalogue - Starting...
2026-08-11 10:24:19 [main] INFO  com.zaxxer.hikari.pool.HikariPool - metadata_catalogue - Added connection org.postgresql.jdbc.PgConnection@32bccf27
2026-08-11 10:24:19 [main] INFO  com.zaxxer.hikari.HikariDataSource - metadata_catalogue - Start completed.
2026-08-11 10:24:20 [main] INFO  com.zaxxer.hikari.HikariDataSource - metadata_catalogue - Shutdown initiated...
2026-08-11 10:24:20 [main] INFO  com.zaxxer.hikari.HikariDataSource - metadata_catalogue - Shutdown completed.
2026-08-11 10:24:20 [main] INFO  t.g.io/epos-eric/metadata-database/deploy:main - Creating container for image: ghcr.io/epos-eric/metadata-database/deploy:main
2026-08-11 10:24:20 [main] INFO  t.g.io/epos-eric/metadata-database/deploy:main - Container ghcr.io/epos-eric/metadata-database/deploy:main is starting: 76051fb46a35cb9a49c0c0d55b82ad78beb77d143c1abf7f18ecca5b07b5a361
2026-08-11 10:24:24 [main] INFO  t.g.io/epos-eric/metadata-database/deploy:main - Container ghcr.io/epos-eric/metadata-database/deploy:main started in PT3.773190648S
2026-08-11 10:24:24 [main] INFO  t.g.io/epos-eric/metadata-database/deploy:main - Container is started (JDBC URL: jdbc:postgresql://localhost:33189/cerif?loggerLevel=OFF)
2026-08-11 10:24:24 [main] INFO  com.zaxxer.hikari.HikariDataSource - metadata_catalogue - Starting...
2026-08-11 10:24:24 [main] INFO  com.zaxxer.hikari.pool.HikariPool - metadata_catalogue - Added connection org.postgresql.jdbc.PgConnection@212da7cc
2026-08-11 10:24:24 [main] INFO  com.zaxxer.hikari.HikariDataSource - metadata_catalogue - Start completed.
2026-08-11 10:24:24 [main] INFO  com.zaxxer.hikari.HikariDataSource - metadata_catalogue - Shutdown initiated...
2026-08-11 10:24:24 [main] INFO  com.zaxxer.hikari.HikariDataSource - metadata_catalogue - Shutdown completed.
2026-08-11 10:24:24 [main] INFO  t.g.io/epos-eric/metadata-database/deploy:main - Creating container for image: ghcr.io/epos-eric/metadata-database/deploy:main
2026-08-11 10:24:24 [main] INFO  t.g.io/epos-eric/metadata-database/deploy:main - Container ghcr.io/epos-eric/metadata-database/deploy:main is starting: 060ef112a250775e522661bccaaa1ecb72c0e5cc8add696cb7751734778c915b
2026-08-11 10:24:28 [main] INFO  t.g.io/epos-eric/metadata-database/deploy:main - Container ghcr.io/epos-eric/metadata-database/deploy:main started in PT3.984953316S
2026-08-11 10:24:28 [main] INFO  t.g.io/epos-eric/metadata-database/deploy:main - Container is started (JDBC URL: jdbc:postgresql://localhost:33190/cerif?loggerLevel=OFF)
2026-08-11 10:24:28 [main] INFO  com.zaxxer.hikari.HikariDataSource - metadata_catalogue - Starting...
2026-08-11 10:24:28 [main] INFO  com.zaxxer.hikari.pool.HikariPool - metadata_catalogue - Added connection org.postgresql.jdbc.PgConnection@74722805
2026-08-11 10:24:28 [main] INFO  com.zaxxer.hikari.HikariDataSource - metadata_catalogue - Start completed.
2026-08-11 10:24:28 [main] INFO  com.zaxxer.hikari.HikariDataSource - metadata_catalogue - Shutdown initiated...
2026-08-11 10:24:28 [main] INFO  com.zaxxer.hikari.HikariDataSource - metadata_catalogue - Shutdown completed.
2026-08-11 10:24:29 [main] INFO  t.g.io/epos-eric/metadata-database/deploy:main - Creating container for image: ghcr.io/epos-eric/metadata-database/deploy:main
2026-08-11 10:24:29 [main] INFO  t.g.io/epos-eric/metadata-database/deploy:main - Container ghcr.io/epos-eric/metadata-database/deploy:main is starting: 519c43dfb5db4a44d156b0ee5b327a1e31d0cf6215dd4e3898d64475723b27a2
2026-08-11 10:24:33 [main] INFO  t.g.io/epos-eric/metadata-database/deploy:main - Container ghcr.io/epos-eric/metadata-database/deploy:main started in PT3.962599134S
2026-08-11 10:24:33 [main] INFO  t.g.io/epos-eric/metadata-database/deploy:main - Container is started (JDBC URL: jdbc:postgresql://localhost:33191/cerif?loggerLevel=OFF)
2026-08-11 10:24:33 [main] INFO  com.zaxxer.hikari.HikariDataSource - metadata_catalogue - Starting...
2026-08-11 10:24:33 [main] INFO  com.zaxxer.hikari.pool.HikariPool - metadata_catalogue - Added connection org.postgresql.jdbc.PgConnection@591d1056
2026-08-11 10:24:33 [main] INFO  com.zaxxer.hikari.HikariDataSource - metadata_catalogue - Start completed.
2026-08-11 10:24:33 [main] INFO  com.zaxxer.hikari.HikariDataSource - metadata_catalogue - Shutdown initiated...
2026-08-11 10:24:33 [main] INFO  com.zaxxer.hikari.HikariDataSource - metadata_catalogue - Shutdown completed.
2026-08-11 10:24:33 [main] INFO  t.g.io/epos-eric/metadata-database/deploy:main - Creating container for image: ghcr.io/epos-eric/metadata-database/deploy:main
2026-08-11 10:24:33 [main] INFO  t.g.io/epos-eric/metadata-database/deploy:main - Container ghcr.io/epos-eric/metadata-database/deploy:main is starting: fe35be2310c7c66f07be7f738c4b797bff862b10127eba0b06ea2f5edd635f6b
2026-08-11 10:24:37 [main] INFO  t.g.io/epos-eric/metadata-database/deploy:main - Container ghcr.io/epos-eric/metadata-database/deploy:main started in PT3.86799093S
2026-08-11 10:24:37 [main] INFO  t.g.io/epos-eric/metadata-database/deploy:main - Container is started (JDBC URL: jdbc:postgresql://localhost:33192/cerif?loggerLevel=OFF)
2026-08-11 10:24:37 [main] INFO  com.zaxxer.hikari.HikariDataSource - metadata_catalogue - Starting...
2026-08-11 10:24:37 [main] INFO  com.zaxxer.hikari.pool.HikariPool - metadata_catalogue - Added connection org.postgresql.jdbc.PgConnection@b04cc6b
2026-08-11 10:24:37 [main] INFO  com.zaxxer.hikari.HikariDataSource - metadata_catalogue - Start completed.
2026-08-11 10:24:37 [main] INFO  com.zaxxer.hikari.HikariDataSource - metadata_catalogue - Shutdown initiated...
2026-08-11 10:24:37 [main] INFO  com.zaxxer.hikari.HikariDataSource - metadata_catalogue - Shutdown completed.
2026-08-11 10:24:38 [main] INFO  t.g.io/epos-eric/metadata-database/deploy:main - Creating container for image: ghcr.io/epos-eric/metadata-database/deploy:main
2026-08-11 10:24:38 [main] INFO  t.g.io/epos-eric/metadata-database/deploy:main - Container ghcr.io/epos-eric/metadata-database/deploy:main is starting: 7df9402ee282ee8aaeddb78ec3b9004fa8c5880be378a2163215a1cdee181181
2026-08-11 10:24:42 [main] INFO  t.g.io/epos-eric/metadata-database/deploy:main - Container ghcr.io/epos-eric/metadata-database/deploy:main started in PT4.019837107S
2026-08-11 10:24:42 [main] INFO  t.g.io/epos-eric/metadata-database/deploy:main - Container is started (JDBC URL: jdbc:postgresql://localhost:33193/cerif?loggerLevel=OFF)
2026-08-11 10:24:42 [main] INFO  com.zaxxer.hikari.HikariDataSource - metadata_catalogue - Starting...
2026-08-11 10:24:42 [main] INFO  com.zaxxer.hikari.pool.HikariPool - metadata_catalogue - Added connection org.postgresql.jdbc.PgConnection@5795dcea
2026-08-11 10:24:42 [main] INFO  com.zaxxer.hikari.HikariDataSource - metadata_catalogue - Start completed.
2026-08-11 10:24:42 [main] INFO  com.zaxxer.hikari.HikariDataSource - metadata_catalogue - Shutdown initiated...
2026-08-11 10:24:42 [main] INFO  com.zaxxer.hikari.HikariDataSource - metadata_catalogue - Shutdown completed.
2026-08-11 10:24:42 [main] INFO  t.g.io/epos-eric/metadata-database/deploy:main - Creating container for image: ghcr.io/epos-eric/metadata-database/deploy:main
2026-08-11 10:24:42 [main] INFO  t.g.io/epos-eric/metadata-database/deploy:main - Container ghcr.io/epos-eric/metadata-database/deploy:main is starting: df79c9a01453d90ff36324f6fbf6b6e4ad832b7bba9d83652e94eb77ac71c811
2026-08-11 10:24:46 [main] INFO  t.g.io/epos-eric/metadata-database/deploy:main - Container ghcr.io/epos-eric/metadata-database/deploy:main started in PT3.81199824S
2026-08-11 10:24:46 [main] INFO  t.g.io/epos-eric/metadata-database/deploy:main - Container is started (JDBC URL: jdbc:postgresql://localhost:33194/cerif?loggerLevel=OFF)
2026-08-11 10:24:46 [main] INFO  com.zaxxer.hikari.HikariDataSource - metadata_catalogue - Starting...
2026-08-11 10:24:46 [main] INFO  com.zaxxer.hikari.pool.HikariPool - metadata_catalogue - Added connection org.postgresql.jdbc.PgConnection@dbd4ab1
2026-08-11 10:24:46 [main] INFO  com.zaxxer.hikari.HikariDataSource - metadata_catalogue - Start completed.
2026-08-11 10:24:47 [main] INFO  com.zaxxer.hikari.HikariDataSource - metadata_catalogue - Shutdown initiated...
2026-08-11 10:24:47 [main] INFO  com.zaxxer.hikari.HikariDataSource - metadata_catalogue - Shutdown completed.
2026-08-11 10:24:47 [main] INFO  t.g.io/epos-eric/metadata-database/deploy:main - Creating container for image: ghcr.io/epos-eric/metadata-database/deploy:main
2026-08-11 10:24:47 [main] INFO  t.g.io/epos-eric/metadata-database/deploy:main - Container ghcr.io/epos-eric/metadata-database/deploy:main is starting: 5afcb9695c89241eb18b82e01f177710464cb8ee191724d89b5f774036e64570
2026-08-11 10:24:51 [main] INFO  t.g.io/epos-eric/metadata-database/deploy:main - Container ghcr.io/epos-eric/metadata-database/deploy:main started in PT3.965321646S
2026-08-11 10:24:51 [main] INFO  t.g.io/epos-eric/metadata-database/deploy:main - Container is started (JDBC URL: jdbc:postgresql://localhost:33195/cerif?loggerLevel=OFF)
2026-08-11 10:24:51 [main] INFO  com.zaxxer.hikari.HikariDataSource - metadata_catalogue - Starting...
2026-08-11 10:24:51 [main] INFO  com.zaxxer.hikari.pool.HikariPool - metadata_catalogue - Added connection org.postgresql.jdbc.PgConnection@19e995e9
2026-08-11 10:24:51 [main] INFO  com.zaxxer.hikari.HikariDataSource - metadata_catalogue - Start completed.
2026-08-11 10:24:51 [main] INFO  com.zaxxer.hikari.HikariDataSource - metadata_catalogue - Shutdown initiated...
2026-08-11 10:24:51 [main] INFO  com.zaxxer.hikari.HikariDataSource - metadata_catalogue - Shutdown completed.
2026-08-11 10:24:51 [main] INFO  t.g.io/epos-eric/metadata-database/deploy:main - Creating container for image: ghcr.io/epos-eric/metadata-database/deploy:main
2026-08-11 10:24:51 [main] INFO  t.g.io/epos-eric/metadata-database/deploy:main - Container ghcr.io/epos-eric/metadata-database/deploy:main is starting: b49a52d2c4c7ec5e27fe2f0317e2d546c43b3e8cbda2029d3e92386a51314b18
2026-08-11 10:24:55 [main] INFO  t.g.io/epos-eric/metadata-database/deploy:main - Container ghcr.io/epos-eric/metadata-database/deploy:main started in PT3.867378396S
2026-08-11 10:24:55 [main] INFO  t.g.io/epos-eric/metadata-database/deploy:main - Container is started (JDBC URL: jdbc:postgresql://localhost:33196/cerif?loggerLevel=OFF)
2026-08-11 10:24:55 [main] INFO  com.zaxxer.hikari.HikariDataSource - metadata_catalogue - Starting...
2026-08-11 10:24:55 [main] INFO  com.zaxxer.hikari.pool.HikariPool - metadata_catalogue - Added connection org.postgresql.jdbc.PgConnection@4e50746c
2026-08-11 10:24:55 [main] INFO  com.zaxxer.hikari.HikariDataSource - metadata_catalogue - Start completed.
2026-08-11 10:24:55 [main] INFO  com.zaxxer.hikari.HikariDataSource - metadata_catalogue - Shutdown initiated...
2026-08-11 10:24:55 [main] INFO  com.zaxxer.hikari.HikariDataSource - metadata_catalogue - Shutdown completed.
2026-08-11 10:24:56 [main] INFO  t.g.io/epos-eric/metadata-database/deploy:main - Creating container for image: ghcr.io/epos-eric/metadata-database/deploy:main
2026-08-11 10:24:56 [main] INFO  t.g.io/epos-eric/metadata-database/deploy:main - Container ghcr.io/epos-eric/metadata-database/deploy:main is starting: 908fc475b7bebbdfbcda67c5cb483cf7fba7f2e05fbc4a93f55af3a4c2fbd84c
2026-08-11 10:24:59 [main] INFO  t.g.io/epos-eric/metadata-database/deploy:main - Container ghcr.io/epos-eric/metadata-database/deploy:main started in PT3.767129861S
2026-08-11 10:24:59 [main] INFO  t.g.io/epos-eric/metadata-database/deploy:main - Container is started (JDBC URL: jdbc:postgresql://localhost:33197/cerif?loggerLevel=OFF)
2026-08-11 10:24:59 [main] INFO  com.zaxxer.hikari.HikariDataSource - metadata_catalogue - Starting...
2026-08-11 10:24:59 [main] INFO  com.zaxxer.hikari.pool.HikariPool - metadata_catalogue - Added connection org.postgresql.jdbc.PgConnection@6d6e8e21
2026-08-11 10:24:59 [main] INFO  com.zaxxer.hikari.HikariDataSource - metadata_catalogue - Start completed.
2026-08-11 10:25:00 [main] INFO  com.zaxxer.hikari.HikariDataSource - metadata_catalogue - Shutdown initiated...
2026-08-11 10:25:00 [main] INFO  com.zaxxer.hikari.HikariDataSource - metadata_catalogue - Shutdown completed.
2026-08-11 10:25:00 [main] INFO  t.g.io/epos-eric/metadata-database/deploy:main - Creating container for image: ghcr.io/epos-eric/metadata-database/deploy:main
2026-08-11 10:25:00 [main] INFO  t.g.io/epos-eric/metadata-database/deploy:main - Container ghcr.io/epos-eric/metadata-database/deploy:main is starting: 5d302f725a8d8f02ae7b157917a500ccff70f2d41409f8478b1d12ac1c5a4cfe
2026-08-11 10:25:04 [main] INFO  t.g.io/epos-eric/metadata-database/deploy:main - Container ghcr.io/epos-eric/metadata-database/deploy:main started in PT3.707624483S
2026-08-11 10:25:04 [main] INFO  t.g.io/epos-eric/metadata-database/deploy:main - Container is started (JDBC URL: jdbc:postgresql://localhost:33198/cerif?loggerLevel=OFF)
2026-08-11 10:25:04 [main] INFO  com.zaxxer.hikari.HikariDataSource - metadata_catalogue - Starting...
2026-08-11 10:25:04 [main] INFO  com.zaxxer.hikari.pool.HikariPool - metadata_catalogue - Added connection org.postgresql.jdbc.PgConnection@78568d35
2026-08-11 10:25:04 [main] INFO  com.zaxxer.hikari.HikariDataSource - metadata_catalogue - Start completed.
2026-08-11 10:25:04 [main] INFO  com.zaxxer.hikari.HikariDataSource - metadata_catalogue - Shutdown initiated...
2026-08-11 10:25:04 [main] INFO  com.zaxxer.hikari.HikariDataSource - metadata_catalogue - Shutdown completed.
2026-08-11 10:25:04 [main] INFO  t.g.io/epos-eric/metadata-database/deploy:main - Creating container for image: ghcr.io/epos-eric/metadata-database/deploy:main
2026-08-11 10:25:04 [main] INFO  t.g.io/epos-eric/metadata-database/deploy:main - Container ghcr.io/epos-eric/metadata-database/deploy:main is starting: 10aec40e9f8ac672e9976fb0b9e439a702b3ca375ea5ec59d072006f8f1563cf
2026-08-11 10:25:08 [main] INFO  t.g.io/epos-eric/metadata-database/deploy:main - Container ghcr.io/epos-eric/metadata-database/deploy:main started in PT3.696633298S
2026-08-11 10:25:08 [main] INFO  t.g.io/epos-eric/metadata-database/deploy:main - Container is started (JDBC URL: jdbc:postgresql://localhost:33199/cerif?loggerLevel=OFF)
2026-08-11 10:25:08 [main] INFO  com.zaxxer.hikari.HikariDataSource - metadata_catalogue - Starting...
2026-08-11 10:25:08 [main] INFO  com.zaxxer.hikari.pool.HikariPool - metadata_catalogue - Added connection org.postgresql.jdbc.PgConnection@4767e845
2026-08-11 10:25:08 [main] INFO  com.zaxxer.hikari.HikariDataSource - metadata_catalogue - Start completed.
2026-08-11 10:25:08 [main] INFO  com.zaxxer.hikari.HikariDataSource - metadata_catalogue - Shutdown initiated...
2026-08-11 10:25:08 [main] INFO  com.zaxxer.hikari.HikariDataSource - metadata_catalogue - Shutdown completed.
2026-08-11 10:25:08 [main] INFO  t.g.io/epos-eric/metadata-database/deploy:main - Creating container for image: ghcr.io/epos-eric/metadata-database/deploy:main
2026-08-11 10:25:09 [main] INFO  t.g.io/epos-eric/metadata-database/deploy:main - Container ghcr.io/epos-eric/metadata-database/deploy:main is starting: 682f605ada9997ab77d0e9261cabeab1b03d52aceae6dc944fce63efd7689685
2026-08-11 10:25:13 [main] INFO  t.g.io/epos-eric/metadata-database/deploy:main - Container ghcr.io/epos-eric/metadata-database/deploy:main started in PT4.951149388S
2026-08-11 10:25:13 [main] INFO  t.g.io/epos-eric/metadata-database/deploy:main - Container is started (JDBC URL: jdbc:postgresql://localhost:33200/cerif?loggerLevel=OFF)
2026-08-11 10:25:13 [main] INFO  com.zaxxer.hikari.HikariDataSource - metadata_catalogue - Starting...
2026-08-11 10:25:13 [main] INFO  com.zaxxer.hikari.pool.HikariPool - metadata_catalogue - Added connection org.postgresql.jdbc.PgConnection@11f7c8e0
2026-08-11 10:25:13 [main] INFO  com.zaxxer.hikari.HikariDataSource - metadata_catalogue - Start completed.
2026-08-11 10:25:14 [main] INFO  com.zaxxer.hikari.HikariDataSource - metadata_catalogue - Shutdown initiated...
2026-08-11 10:25:14 [main] INFO  com.zaxxer.hikari.HikariDataSource - metadata_catalogue - Shutdown completed.
2026-08-11 10:25:14 [main] INFO  t.g.io/epos-eric/metadata-database/deploy:main - Creating container for image: ghcr.io/epos-eric/metadata-database/deploy:main
2026-08-11 10:25:14 [main] INFO  t.g.io/epos-eric/metadata-database/deploy:main - Container ghcr.io/epos-eric/metadata-database/deploy:main is starting: f6d588cf6756fdada29d84eda8fc5bf041a3d403f1854aa6823e755f2da3d00d
2026-08-11 10:25:18 [main] INFO  t.g.io/epos-eric/metadata-database/deploy:main - Container ghcr.io/epos-eric/metadata-database/deploy:main started in PT3.93016211S
2026-08-11 10:25:18 [main] INFO  t.g.io/epos-eric/metadata-database/deploy:main - Container is started (JDBC URL: jdbc:postgresql://localhost:33201/cerif?loggerLevel=OFF)
2026-08-11 10:25:18 [main] INFO  com.zaxxer.hikari.HikariDataSource - metadata_catalogue - Starting...
2026-08-11 10:25:18 [main] INFO  com.zaxxer.hikari.pool.HikariPool - metadata_catalogue - Added connection org.postgresql.jdbc.PgConnection@520f0c9c
2026-08-11 10:25:18 [main] INFO  com.zaxxer.hikari.HikariDataSource - metadata_catalogue - Start completed.
2026-08-11 10:25:18 [main] INFO  com.zaxxer.hikari.HikariDataSource - metadata_catalogue - Shutdown initiated...
2026-08-11 10:25:18 [main] INFO  com.zaxxer.hikari.HikariDataSource - metadata_catalogue - Shutdown completed.
2026-08-11 10:25:18 [main] INFO  t.g.io/epos-eric/metadata-database/deploy:main - Creating container for image: ghcr.io/epos-eric/metadata-database/deploy:main
2026-08-11 10:25:18 [main] INFO  t.g.io/epos-eric/metadata-database/deploy:main - Container ghcr.io/epos-eric/metadata-database/deploy:main is starting: b69813f267c7bce9f98bed7627b283f75f7ead7c518c1a62fa019e6f11034bca
2026-08-11 10:25:22 [main] INFO  t.g.io/epos-eric/metadata-database/deploy:main - Container ghcr.io/epos-eric/metadata-database/deploy:main started in PT3.841198375S
2026-08-11 10:25:22 [main] INFO  t.g.io/epos-eric/metadata-database/deploy:main - Container is started (JDBC URL: jdbc:postgresql://localhost:33202/cerif?loggerLevel=OFF)
2026-08-11 10:25:22 [main] INFO  com.zaxxer.hikari.HikariDataSource - metadata_catalogue - Starting...
2026-08-11 10:25:22 [main] INFO  com.zaxxer.hikari.pool.HikariPool - metadata_catalogue - Added connection org.postgresql.jdbc.PgConnection@220bfa95
2026-08-11 10:25:22 [main] INFO  com.zaxxer.hikari.HikariDataSource - metadata_catalogue - Start completed.
2026-08-11 10:25:23 [main] INFO  com.zaxxer.hikari.HikariDataSource - metadata_catalogue - Shutdown initiated...
2026-08-11 10:25:23 [main] INFO  com.zaxxer.hikari.HikariDataSource - metadata_catalogue - Shutdown completed.
2026-08-11 10:25:23 [main] INFO  t.g.io/epos-eric/metadata-database/deploy:main - Creating container for image: ghcr.io/epos-eric/metadata-database/deploy:main
2026-08-11 10:25:24 [main] INFO  t.g.io/epos-eric/metadata-database/deploy:main - Container ghcr.io/epos-eric/metadata-database/deploy:main is starting: 4a426da5c947dae2661c4a2291e2998de8826019c5a782c4500403e2029ce4a3
2026-08-11 10:25:27 [main] INFO  t.g.io/epos-eric/metadata-database/deploy:main - Container ghcr.io/epos-eric/metadata-database/deploy:main started in PT3.973453871S
2026-08-11 10:25:27 [main] INFO  t.g.io/epos-eric/metadata-database/deploy:main - Container is started (JDBC URL: jdbc:postgresql://localhost:33203/cerif?loggerLevel=OFF)
2026-08-11 10:25:27 [main] INFO  com.zaxxer.hikari.HikariDataSource - metadata_catalogue - Starting...
2026-08-11 10:25:27 [main] INFO  com.zaxxer.hikari.pool.HikariPool - metadata_catalogue - Added connection org.postgresql.jdbc.PgConnection@1afcefae
2026-08-11 10:25:27 [main] INFO  com.zaxxer.hikari.HikariDataSource - metadata_catalogue - Start completed.
2026-08-11 10:25:28 [main] INFO  com.zaxxer.hikari.HikariDataSource - metadata_catalogue - Shutdown initiated...
2026-08-11 10:25:28 [main] INFO  com.zaxxer.hikari.HikariDataSource - metadata_catalogue - Shutdown completed.
2026-08-11 10:25:28 [main] INFO  t.g.io/epos-eric/metadata-database/deploy:main - Creating container for image: ghcr.io/epos-eric/metadata-database/deploy:main
2026-08-11 10:25:28 [main] INFO  t.g.io/epos-eric/metadata-database/deploy:main - Container ghcr.io/epos-eric/metadata-database/deploy:main is starting: 53f179c75470ac93c4706bf50db3551c5514b467a4e049aac380f6b30d24b6e2
2026-08-11 10:25:32 [main] INFO  t.g.io/epos-eric/metadata-database/deploy:main - Container ghcr.io/epos-eric/metadata-database/deploy:main started in PT3.850444742S
2026-08-11 10:25:32 [main] INFO  t.g.io/epos-eric/metadata-database/deploy:main - Container is started (JDBC URL: jdbc:postgresql://localhost:33204/cerif?loggerLevel=OFF)
2026-08-11 10:25:32 [main] INFO  com.zaxxer.hikari.HikariDataSource - metadata_catalogue - Starting...
2026-08-11 10:25:32 [main] INFO  com.zaxxer.hikari.pool.HikariPool - metadata_catalogue - Added connection org.postgresql.jdbc.PgConnection@2bff0e2d
2026-08-11 10:25:32 [main] INFO  com.zaxxer.hikari.HikariDataSource - metadata_catalogue - Start completed.
2026-08-11 10:25:32 [main] INFO  com.zaxxer.hikari.HikariDataSource - metadata_catalogue - Shutdown initiated...
2026-08-11 10:25:32 [main] INFO  com.zaxxer.hikari.HikariDataSource - metadata_catalogue - Shutdown completed.
2026-08-11 10:25:32 [main] INFO  t.g.io/epos-eric/metadata-database/deploy:main - Creating container for image: ghcr.io/epos-eric/metadata-database/deploy:main
2026-08-11 10:25:32 [main] INFO  t.g.io/epos-eric/metadata-database/deploy:main - Container ghcr.io/epos-eric/metadata-database/deploy:main is starting: cf9bdd2d9daa6b49a8c35d364cffa8278891b2ae0ebcab8178bfc8b27640586c
2026-08-11 10:25:37 [main] INFO  t.g.io/epos-eric/metadata-database/deploy:main - Container ghcr.io/epos-eric/metadata-database/deploy:main started in PT4.70689847S
2026-08-11 10:25:37 [main] INFO  t.g.io/epos-eric/metadata-database/deploy:main - Container is started (JDBC URL: jdbc:postgresql://localhost:33205/cerif?loggerLevel=OFF)
2026-08-11 10:25:37 [main] INFO  com.zaxxer.hikari.HikariDataSource - metadata_catalogue - Starting...
2026-08-11 10:25:37 [main] INFO  com.zaxxer.hikari.pool.HikariPool - metadata_catalogue - Added connection org.postgresql.jdbc.PgConnection@24861d1b
2026-08-11 10:25:37 [main] INFO  com.zaxxer.hikari.HikariDataSource - metadata_catalogue - Start completed.
2026-08-11 10:25:38 [main] INFO  com.zaxxer.hikari.HikariDataSource - metadata_catalogue - Shutdown initiated...
2026-08-11 10:25:38 [main] INFO  com.zaxxer.hikari.HikariDataSource - metadata_catalogue - Shutdown completed.
2026-08-11 10:25:39 [main] INFO  t.g.io/epos-eric/metadata-database/deploy:main - Creating container for image: ghcr.io/epos-eric/metadata-database/deploy:main
2026-08-11 10:25:39 [main] INFO  t.g.io/epos-eric/metadata-database/deploy:main - Container ghcr.io/epos-eric/metadata-database/deploy:main is starting: ac616c92f7b1246634227c08457bd0b6de2573e4764aaab746d6454ff315ea43
2026-08-11 10:25:43 [main] INFO  t.g.io/epos-eric/metadata-database/deploy:main - Container ghcr.io/epos-eric/metadata-database/deploy:main started in PT3.924369462S
2026-08-11 10:25:43 [main] INFO  t.g.io/epos-eric/metadata-database/deploy:main - Container is started (JDBC URL: jdbc:postgresql://localhost:33206/cerif?loggerLevel=OFF)
2026-08-11 10:25:43 [main] INFO  com.zaxxer.hikari.HikariDataSource - metadata_catalogue - Starting...
2026-08-11 10:25:43 [main] INFO  com.zaxxer.hikari.pool.HikariPool - metadata_catalogue - Added connection org.postgresql.jdbc.PgConnection@50e5b82b
2026-08-11 10:25:43 [main] INFO  com.zaxxer.hikari.HikariDataSource - metadata_catalogue - Start completed.
2026-08-11 10:25:43 [main] INFO  com.zaxxer.hikari.HikariDataSource - metadata_catalogue - Shutdown initiated...
2026-08-11 10:25:43 [main] INFO  com.zaxxer.hikari.HikariDataSource - metadata_catalogue - Shutdown completed.
2026-08-11 10:25:43 [main] INFO  t.g.io/epos-eric/metadata-database/deploy:main - Creating container for image: ghcr.io/epos-eric/metadata-database/deploy:main
2026-08-11 10:25:43 [main] INFO  t.g.io/epos-eric/metadata-database/deploy:main - Container ghcr.io/epos-eric/metadata-database/deploy:main is starting: b9ff96c904a0ad0da57b33ea3b6afe79a1d4111f058efd102b2086ed70257510
2026-08-11 10:25:48 [main] INFO  t.g.io/epos-eric/metadata-database/deploy:main - Container ghcr.io/epos-eric/metadata-database/deploy:main started in PT4.889767733S
2026-08-11 10:25:48 [main] INFO  t.g.io/epos-eric/metadata-database/deploy:main - Container is started (JDBC URL: jdbc:postgresql://localhost:33207/cerif?loggerLevel=OFF)
2026-08-11 10:25:48 [main] INFO  com.zaxxer.hikari.HikariDataSource - metadata_catalogue - Starting...
2026-08-11 10:25:48 [main] INFO  com.zaxxer.hikari.pool.HikariPool - metadata_catalogue - Added connection org.postgresql.jdbc.PgConnection@61415c5c
2026-08-11 10:25:48 [main] INFO  com.zaxxer.hikari.HikariDataSource - metadata_catalogue - Start completed.
2026-08-11 10:25:49 [main] INFO  com.zaxxer.hikari.HikariDataSource - metadata_catalogue - Shutdown initiated...
2026-08-11 10:25:49 [main] INFO  com.zaxxer.hikari.HikariDataSource - metadata_catalogue - Shutdown completed.
2026-08-11 10:25:49 [main] INFO  t.g.io/epos-eric/metadata-database/deploy:main - Creating container for image: ghcr.io/epos-eric/metadata-database/deploy:main
2026-08-11 10:25:49 [main] INFO  t.g.io/epos-eric/metadata-database/deploy:main - Container ghcr.io/epos-eric/metadata-database/deploy:main is starting: c7ceba23e026fa7f540d3d171b4b8580c947ecd56251db22373baaf0b64837bd
2026-08-11 10:25:53 [main] INFO  t.g.io/epos-eric/metadata-database/deploy:main - Container ghcr.io/epos-eric/metadata-database/deploy:main started in PT3.868970714S
2026-08-11 10:25:53 [main] INFO  t.g.io/epos-eric/metadata-database/deploy:main - Container is started (JDBC URL: jdbc:postgresql://localhost:33208/cerif?loggerLevel=OFF)
2026-08-11 10:25:53 [main] INFO  com.zaxxer.hikari.HikariDataSource - metadata_catalogue - Starting...
2026-08-11 10:25:53 [main] INFO  com.zaxxer.hikari.pool.HikariPool - metadata_catalogue - Added connection org.postgresql.jdbc.PgConnection@6cfea63e
2026-08-11 10:25:53 [main] INFO  com.zaxxer.hikari.HikariDataSource - metadata_catalogue - Start completed.
2026-08-11 10:25:53 [main] INFO  com.zaxxer.hikari.HikariDataSource - metadata_catalogue - Shutdown initiated...
2026-08-11 10:25:53 [main] INFO  com.zaxxer.hikari.HikariDataSource - metadata_catalogue - Shutdown completed.
2026-08-11 10:25:53 [main] INFO  t.g.io/epos-eric/metadata-database/deploy:main - Creating container for image: ghcr.io/epos-eric/metadata-database/deploy:main
2026-08-11 10:25:53 [main] INFO  t.g.io/epos-eric/metadata-database/deploy:main - Container ghcr.io/epos-eric/metadata-database/deploy:main is starting: fa3ec71768e42e024ecd473c30ef51b8a4a68caeedc8f0b0d60a2087a5ee906f
2026-08-11 10:25:57 [main] INFO  t.g.io/epos-eric/metadata-database/deploy:main - Container ghcr.io/epos-eric/metadata-database/deploy:main started in PT3.839874666S
2026-08-11 10:25:57 [main] INFO  t.g.io/epos-eric/metadata-database/deploy:main - Container is started (JDBC URL: jdbc:postgresql://localhost:33209/cerif?loggerLevel=OFF)
2026-08-11 10:25:57 [main] INFO  com.zaxxer.hikari.HikariDataSource - metadata_catalogue - Starting...
2026-08-11 10:25:57 [main] INFO  com.zaxxer.hikari.pool.HikariPool - metadata_catalogue - Added connection org.postgresql.jdbc.PgConnection@484f9620
2026-08-11 10:25:57 [main] INFO  com.zaxxer.hikari.HikariDataSource - metadata_catalogue - Start completed.
2026-08-11 10:25:57 [main] INFO  com.zaxxer.hikari.HikariDataSource - metadata_catalogue - Shutdown initiated...
2026-08-11 10:25:57 [main] INFO  com.zaxxer.hikari.HikariDataSource - metadata_catalogue - Shutdown completed.
2026-08-11 10:25:57 [main] INFO  t.g.io/epos-eric/metadata-database/deploy:main - Creating container for image: ghcr.io/epos-eric/metadata-database/deploy:main
2026-08-11 10:25:58 [main] INFO  t.g.io/epos-eric/metadata-database/deploy:main - Container ghcr.io/epos-eric/metadata-database/deploy:main is starting: dbe1b5c5f12ecde471767562892ff12246518def10469715616159e152f1ef77
2026-08-11 10:26:01 [main] INFO  t.g.io/epos-eric/metadata-database/deploy:main - Container ghcr.io/epos-eric/metadata-database/deploy:main started in PT3.810229674S
2026-08-11 10:26:01 [main] INFO  t.g.io/epos-eric/metadata-database/deploy:main - Container is started (JDBC URL: jdbc:postgresql://localhost:33210/cerif?loggerLevel=OFF)
2026-08-11 10:26:01 [main] INFO  com.zaxxer.hikari.HikariDataSource - metadata_catalogue - Starting...
2026-08-11 10:26:01 [main] INFO  com.zaxxer.hikari.pool.HikariPool - metadata_catalogue - Added connection org.postgresql.jdbc.PgConnection@5159736
2026-08-11 10:26:01 [main] INFO  com.zaxxer.hikari.HikariDataSource - metadata_catalogue - Start completed.
2026-08-11 10:26:01 [main] INFO  com.zaxxer.hikari.HikariDataSource - metadata_catalogue - Shutdown initiated...
2026-08-11 10:26:01 [main] INFO  com.zaxxer.hikari.HikariDataSource - metadata_catalogue - Shutdown completed.
2026-08-11 10:26:02 [main] INFO  t.g.io/epos-eric/metadata-database/deploy:main - Creating container for image: ghcr.io/epos-eric/metadata-database/deploy:main
2026-08-11 10:26:02 [main] INFO  t.g.io/epos-eric/metadata-database/deploy:main - Container ghcr.io/epos-eric/metadata-database/deploy:main is starting: 7e1e75cbe53a9e94c08d3d2a1aa56e1e7c783c9a1681bec86f80e43340213e09
2026-08-11 10:26:06 [main] INFO  t.g.io/epos-eric/metadata-database/deploy:main - Container ghcr.io/epos-eric/metadata-database/deploy:main started in PT3.910158585S
2026-08-11 10:26:06 [main] INFO  t.g.io/epos-eric/metadata-database/deploy:main - Container is started (JDBC URL: jdbc:postgresql://localhost:33211/cerif?loggerLevel=OFF)
2026-08-11 10:26:06 [main] INFO  com.zaxxer.hikari.HikariDataSource - metadata_catalogue - Starting...
2026-08-11 10:26:06 [main] INFO  com.zaxxer.hikari.pool.HikariPool - metadata_catalogue - Added connection org.postgresql.jdbc.PgConnection@16b8b4a4
2026-08-11 10:26:06 [main] INFO  com.zaxxer.hikari.HikariDataSource - metadata_catalogue - Start completed.
2026-08-11 10:26:06 [main] INFO  com.zaxxer.hikari.HikariDataSource - metadata_catalogue - Shutdown initiated...
2026-08-11 10:26:06 [main] INFO  com.zaxxer.hikari.HikariDataSource - metadata_catalogue - Shutdown completed.
2026-08-11 10:26:06 [main] INFO  t.g.io/epos-eric/metadata-database/deploy:main - Creating container for image: ghcr.io/epos-eric/metadata-database/deploy:main
2026-08-11 10:26:06 [main] INFO  t.g.io/epos-eric/metadata-database/deploy:main - Container ghcr.io/epos-eric/metadata-database/deploy:main is starting: 2e36affa134cd71db9cb52406580be6f365b3536ea99d798eb486fb33670b89e
2026-08-11 10:26:11 [main] INFO  t.g.io/epos-eric/metadata-database/deploy:main - Container ghcr.io/epos-eric/metadata-database/deploy:main started in PT4.676560687S
2026-08-11 10:26:11 [main] INFO  t.g.io/epos-eric/metadata-database/deploy:main - Container is started (JDBC URL: jdbc:postgresql://localhost:33212/cerif?loggerLevel=OFF)
2026-08-11 10:26:11 [main] INFO  com.zaxxer.hikari.HikariDataSource - metadata_catalogue - Starting...
2026-08-11 10:26:11 [main] INFO  com.zaxxer.hikari.pool.HikariPool - metadata_catalogue - Added connection org.postgresql.jdbc.PgConnection@68d7dfa6
2026-08-11 10:26:11 [main] INFO  com.zaxxer.hikari.HikariDataSource - metadata_catalogue - Start completed.
2026-08-11 10:26:11 [main] INFO  com.zaxxer.hikari.HikariDataSource - metadata_catalogue - Shutdown initiated...
2026-08-11 10:26:11 [main] INFO  com.zaxxer.hikari.HikariDataSource - metadata_catalogue - Shutdown completed.
2026-08-11 10:26:11 [main] INFO  t.g.io/epos-eric/metadata-database/deploy:main - Creating container for image: ghcr.io/epos-eric/metadata-database/deploy:main
2026-08-11 10:26:11 [main] INFO  t.g.io/epos-eric/metadata-database/deploy:main - Container ghcr.io/epos-eric/metadata-database/deploy:main is starting: b28430af843462d447ead42292b0827132bf87b371594e2439b2b3b2f409971b
2026-08-11 10:26:15 [main] INFO  t.g.io/epos-eric/metadata-database/deploy:main - Container ghcr.io/epos-eric/metadata-database/deploy:main started in PT3.94781779S
2026-08-11 10:26:15 [main] INFO  t.g.io/epos-eric/metadata-database/deploy:main - Container is started (JDBC URL: jdbc:postgresql://localhost:33213/cerif?loggerLevel=OFF)
2026-08-11 10:26:15 [main] INFO  com.zaxxer.hikari.HikariDataSource - metadata_catalogue - Starting...
2026-08-11 10:26:15 [main] INFO  com.zaxxer.hikari.pool.HikariPool - metadata_catalogue - Added connection org.postgresql.jdbc.PgConnection@7e41f2a4
2026-08-11 10:26:15 [main] INFO  com.zaxxer.hikari.HikariDataSource - metadata_catalogue - Start completed.
2026-08-11 10:26:16 [main] INFO  com.zaxxer.hikari.HikariDataSource - metadata_catalogue - Shutdown initiated...
2026-08-11 10:26:16 [main] INFO  com.zaxxer.hikari.HikariDataSource - metadata_catalogue - Shutdown completed.
2026-08-11 10:26:16 [main] INFO  t.g.io/epos-eric/metadata-database/deploy:main - Creating container for image: ghcr.io/epos-eric/metadata-database/deploy:main
2026-08-11 10:26:16 [main] INFO  t.g.io/epos-eric/metadata-database/deploy:main - Container ghcr.io/epos-eric/metadata-database/deploy:main is starting: 25b2293dd1baf1dfe26ca6408cdb5a07cf52fdebb74f46d588bc2e222f1c9671
2026-08-11 10:26:20 [main] INFO  t.g.io/epos-eric/metadata-database/deploy:main - Container ghcr.io/epos-eric/metadata-database/deploy:main started in PT3.995648759S
2026-08-11 10:26:20 [main] INFO  t.g.io/epos-eric/metadata-database/deploy:main - Container is started (JDBC URL: jdbc:postgresql://localhost:33214/cerif?loggerLevel=OFF)
2026-08-11 10:26:20 [main] INFO  com.zaxxer.hikari.HikariDataSource - metadata_catalogue - Starting...
2026-08-11 10:26:20 [main] INFO  com.zaxxer.hikari.pool.HikariPool - metadata_catalogue - Added connection org.postgresql.jdbc.PgConnection@60060320
2026-08-11 10:26:20 [main] INFO  com.zaxxer.hikari.HikariDataSource - metadata_catalogue - Start completed.
2026-08-11 10:26:21 [main] INFO  com.zaxxer.hikari.HikariDataSource - metadata_catalogue - Shutdown initiated...
2026-08-11 10:26:21 [main] INFO  com.zaxxer.hikari.HikariDataSource - metadata_catalogue - Shutdown completed.
2026-08-11 10:26:21 [main] INFO  t.g.io/epos-eric/metadata-database/deploy:main - Creating container for image: ghcr.io/epos-eric/metadata-database/deploy:main
2026-08-11 10:26:21 [main] INFO  t.g.io/epos-eric/metadata-database/deploy:main - Container ghcr.io/epos-eric/metadata-database/deploy:main is starting: 5565b9766890e1e105f308ec7aa7ed4506f856c929d33524b98b5dfb13ceba68
2026-08-11 10:26:25 [main] INFO  t.g.io/epos-eric/metadata-database/deploy:main - Container ghcr.io/epos-eric/metadata-database/deploy:main started in PT3.815244165S
2026-08-11 10:26:25 [main] INFO  t.g.io/epos-eric/metadata-database/deploy:main - Container is started (JDBC URL: jdbc:postgresql://localhost:33215/cerif?loggerLevel=OFF)
2026-08-11 10:26:25 [main] INFO  com.zaxxer.hikari.HikariDataSource - metadata_catalogue - Starting...
2026-08-11 10:26:25 [main] INFO  com.zaxxer.hikari.pool.HikariPool - metadata_catalogue - Added connection org.postgresql.jdbc.PgConnection@a7280b4
2026-08-11 10:26:25 [main] INFO  com.zaxxer.hikari.HikariDataSource - metadata_catalogue - Start completed.
2026-08-11 10:26:26 [main] INFO  com.zaxxer.hikari.HikariDataSource - metadata_catalogue - Shutdown initiated...
2026-08-11 10:26:26 [main] INFO  com.zaxxer.hikari.HikariDataSource - metadata_catalogue - Shutdown completed.
2026-08-11 10:26:26 [main] INFO  t.g.io/epos-eric/metadata-database/deploy:main - Creating container for image: ghcr.io/epos-eric/metadata-database/deploy:main
2026-08-11 10:26:27 [main] INFO  t.g.io/epos-eric/metadata-database/deploy:main - Container ghcr.io/epos-eric/metadata-database/deploy:main is starting: 3f941acdcc4230979d8f57e7addddb262675bc528212098191fd0d6ac3ca5805
2026-08-11 10:26:30 [main] INFO  t.g.io/epos-eric/metadata-database/deploy:main - Container ghcr.io/epos-eric/metadata-database/deploy:main started in PT4.058672607S
2026-08-11 10:26:30 [main] INFO  t.g.io/epos-eric/metadata-database/deploy:main - Container is started (JDBC URL: jdbc:postgresql://localhost:33216/cerif?loggerLevel=OFF)
2026-08-11 10:26:30 [main] INFO  com.zaxxer.hikari.HikariDataSource - metadata_catalogue - Starting...
2026-08-11 10:26:30 [main] INFO  com.zaxxer.hikari.pool.HikariPool - metadata_catalogue - Added connection org.postgresql.jdbc.PgConnection@6d9c8459
2026-08-11 10:26:30 [main] INFO  com.zaxxer.hikari.HikariDataSource - metadata_catalogue - Start completed.
2026-08-11 10:26:31 [main] INFO  com.zaxxer.hikari.HikariDataSource - metadata_catalogue - Shutdown initiated...
2026-08-11 10:26:31 [main] INFO  com.zaxxer.hikari.HikariDataSource - metadata_catalogue - Shutdown completed.
2026-08-11 10:26:32 [main] INFO  t.g.io/epos-eric/metadata-database/deploy:main - Creating container for image: ghcr.io/epos-eric/metadata-database/deploy:main
2026-08-11 10:26:32 [main] INFO  t.g.io/epos-eric/metadata-database/deploy:main - Container ghcr.io/epos-eric/metadata-database/deploy:main is starting: ff569333c5a8095986843a2c4543397bca6d7128aac1978fd9d045a955075321
2026-08-11 10:26:35 [main] INFO  t.g.io/epos-eric/metadata-database/deploy:main - Container ghcr.io/epos-eric/metadata-database/deploy:main started in PT3.864978384S
2026-08-11 10:26:35 [main] INFO  t.g.io/epos-eric/metadata-database/deploy:main - Container is started (JDBC URL: jdbc:postgresql://localhost:33217/cerif?loggerLevel=OFF)
2026-08-11 10:26:35 [main] INFO  com.zaxxer.hikari.HikariDataSource - metadata_catalogue - Starting...
2026-08-11 10:26:35 [main] INFO  com.zaxxer.hikari.pool.HikariPool - metadata_catalogue - Added connection org.postgresql.jdbc.PgConnection@14414c52
2026-08-11 10:26:35 [main] INFO  com.zaxxer.hikari.HikariDataSource - metadata_catalogue - Start completed.
2026-08-11 10:26:36 [main] INFO  com.zaxxer.hikari.HikariDataSource - metadata_catalogue - Shutdown initiated...
2026-08-11 10:26:36 [main] INFO  com.zaxxer.hikari.HikariDataSource - metadata_catalogue - Shutdown completed.
2026-08-11 10:26:36 [main] INFO  t.g.io/epos-eric/metadata-database/deploy:main - Creating container for image: ghcr.io/epos-eric/metadata-database/deploy:main
2026-08-11 10:26:36 [main] INFO  t.g.io/epos-eric/metadata-database/deploy:main - Container ghcr.io/epos-eric/metadata-database/deploy:main is starting: efde5335d8c83d52eebb1ad28cd3da424c335dbee8f0ec77f15f83448c4aab88
2026-08-11 10:26:40 [main] INFO  t.g.io/epos-eric/metadata-database/deploy:main - Container ghcr.io/epos-eric/metadata-database/deploy:main started in PT3.90716654S
2026-08-11 10:26:40 [main] INFO  t.g.io/epos-eric/metadata-database/deploy:main - Container is started (JDBC URL: jdbc:postgresql://localhost:33218/cerif?loggerLevel=OFF)
2026-08-11 10:26:40 [main] INFO  com.zaxxer.hikari.HikariDataSource - metadata_catalogue - Starting...
2026-08-11 10:26:40 [main] INFO  com.zaxxer.hikari.pool.HikariPool - metadata_catalogue - Added connection org.postgresql.jdbc.PgConnection@c469de0
2026-08-11 10:26:40 [main] INFO  com.zaxxer.hikari.HikariDataSource - metadata_catalogue - Start completed.
2026-08-11 10:26:40 [main] INFO  com.zaxxer.hikari.HikariDataSource - metadata_catalogue - Shutdown initiated...
2026-08-11 10:26:40 [main] INFO  com.zaxxer.hikari.HikariDataSource - metadata_catalogue - Shutdown completed.
2026-08-11 10:26:41 [main] INFO  t.g.io/epos-eric/metadata-database/deploy:main - Creating container for image: ghcr.io/epos-eric/metadata-database/deploy:main
2026-08-11 10:26:41 [main] INFO  t.g.io/epos-eric/metadata-database/deploy:main - Container ghcr.io/epos-eric/metadata-database/deploy:main is starting: e41c16daea85625053d007974a2683e16be42a087fdeb3fd9bccc8e1e1fd0f15
2026-08-11 10:26:45 [main] INFO  t.g.io/epos-eric/metadata-database/deploy:main - Container ghcr.io/epos-eric/metadata-database/deploy:main started in PT3.941174638S
2026-08-11 10:26:45 [main] INFO  t.g.io/epos-eric/metadata-database/deploy:main - Container is started (JDBC URL: jdbc:postgresql://localhost:33219/cerif?loggerLevel=OFF)
2026-08-11 10:26:45 [main] INFO  com.zaxxer.hikari.HikariDataSource - metadata_catalogue - Starting...
2026-08-11 10:26:45 [main] INFO  com.zaxxer.hikari.pool.HikariPool - metadata_catalogue - Added connection org.postgresql.jdbc.PgConnection@41e279fa
2026-08-11 10:26:45 [main] INFO  com.zaxxer.hikari.HikariDataSource - metadata_catalogue - Start completed.
2026-08-11 10:26:45 [main] INFO  com.zaxxer.hikari.HikariDataSource - metadata_catalogue - Shutdown initiated...
2026-08-11 10:26:45 [main] INFO  com.zaxxer.hikari.HikariDataSource - metadata_catalogue - Shutdown completed.
2026-08-11 10:26:45 [main] INFO  t.g.io/epos-eric/metadata-database/deploy:main - Creating container for image: ghcr.io/epos-eric/metadata-database/deploy:main
2026-08-11 10:26:45 [main] INFO  t.g.io/epos-eric/metadata-database/deploy:main - Container ghcr.io/epos-eric/metadata-database/deploy:main is starting: 51b4a25c56621a1d665311dc50b393ae6469fbae922fa102056653c5d1fd5606
2026-08-11 10:26:49 [main] INFO  t.g.io/epos-eric/metadata-database/deploy:main - Container ghcr.io/epos-eric/metadata-database/deploy:main started in PT4.001956709S
2026-08-11 10:26:49 [main] INFO  t.g.io/epos-eric/metadata-database/deploy:main - Container is started (JDBC URL: jdbc:postgresql://localhost:33220/cerif?loggerLevel=OFF)
2026-08-11 10:26:49 [main] INFO  com.zaxxer.hikari.HikariDataSource - metadata_catalogue - Starting...
2026-08-11 10:26:49 [main] INFO  com.zaxxer.hikari.pool.HikariPool - metadata_catalogue - Added connection org.postgresql.jdbc.PgConnection@6d1d7f56
2026-08-11 10:26:49 [main] INFO  com.zaxxer.hikari.HikariDataSource - metadata_catalogue - Start completed.
2026-08-11 10:26:50 [main] INFO  com.zaxxer.hikari.HikariDataSource - metadata_catalogue - Shutdown initiated...
2026-08-11 10:26:50 [main] INFO  com.zaxxer.hikari.HikariDataSource - metadata_catalogue - Shutdown completed.
2026-08-11 10:26:50 [main] INFO  t.g.io/epos-eric/metadata-database/deploy:main - Creating container for image: ghcr.io/epos-eric/metadata-database/deploy:main
2026-08-11 10:26:50 [main] INFO  t.g.io/epos-eric/metadata-database/deploy:main - Container ghcr.io/epos-eric/metadata-database/deploy:main is starting: bb71faeed5d5a30b8b6dbde5b70a72678c1ac63b33db747bf12f64750253dcfa
2026-08-11 10:26:54 [main] INFO  t.g.io/epos-eric/metadata-database/deploy:main - Container ghcr.io/epos-eric/metadata-database/deploy:main started in PT4.563112199S
2026-08-11 10:26:54 [main] INFO  t.g.io/epos-eric/metadata-database/deploy:main - Container is started (JDBC URL: jdbc:postgresql://localhost:33221/cerif?loggerLevel=OFF)
2026-08-11 10:26:54 [main] INFO  com.zaxxer.hikari.HikariDataSource - metadata_catalogue - Starting...
2026-08-11 10:26:54 [main] INFO  com.zaxxer.hikari.pool.HikariPool - metadata_catalogue - Added connection org.postgresql.jdbc.PgConnection@5a710431
2026-08-11 10:26:54 [main] INFO  com.zaxxer.hikari.HikariDataSource - metadata_catalogue - Start completed.
2026-08-11 10:26:55 [main] INFO  com.zaxxer.hikari.HikariDataSource - metadata_catalogue - Shutdown initiated...
2026-08-11 10:26:55 [main] INFO  com.zaxxer.hikari.HikariDataSource - metadata_catalogue - Shutdown completed.
2026-08-11 10:26:55 [main] INFO  t.g.io/epos-eric/metadata-database/deploy:main - Creating container for image: ghcr.io/epos-eric/metadata-database/deploy:main
2026-08-11 10:26:55 [main] INFO  t.g.io/epos-eric/metadata-database/deploy:main - Container ghcr.io/epos-eric/metadata-database/deploy:main is starting: e8b2aaa8547053a4cfd234523577f791eb273eb976009250added264d4ed18ef
2026-08-11 10:26:59 [main] INFO  t.g.io/epos-eric/metadata-database/deploy:main - Container ghcr.io/epos-eric/metadata-database/deploy:main started in PT3.772497241S
2026-08-11 10:26:59 [main] INFO  t.g.io/epos-eric/metadata-database/deploy:main - Container is started (JDBC URL: jdbc:postgresql://localhost:33222/cerif?loggerLevel=OFF)
2026-08-11 10:26:59 [main] INFO  com.zaxxer.hikari.HikariDataSource - metadata_catalogue - Starting...
2026-08-11 10:26:59 [main] INFO  com.zaxxer.hikari.pool.HikariPool - metadata_catalogue - Added connection org.postgresql.jdbc.PgConnection@1bcca23b
2026-08-11 10:26:59 [main] INFO  com.zaxxer.hikari.HikariDataSource - metadata_catalogue - Start completed.
2026-08-11 10:26:59 [main] INFO  com.zaxxer.hikari.HikariDataSource - metadata_catalogue - Shutdown initiated...
2026-08-11 10:26:59 [main] INFO  com.zaxxer.hikari.HikariDataSource - metadata_catalogue - Shutdown completed.
2026-08-11 10:26:59 [main] INFO  t.g.io/epos-eric/metadata-database/deploy:main - Creating container for image: ghcr.io/epos-eric/metadata-database/deploy:main
2026-08-11 10:26:59 [main] INFO  t.g.io/epos-eric/metadata-database/deploy:main - Container ghcr.io/epos-eric/metadata-database/deploy:main is starting: 8780dae696e12e13210a2986cddafc0778135e097c8f20bf57b9d15c607df374
2026-08-11 10:27:04 [main] INFO  t.g.io/epos-eric/metadata-database/deploy:main - Container ghcr.io/epos-eric/metadata-database/deploy:main started in PT4.619979996S
2026-08-11 10:27:04 [main] INFO  t.g.io/epos-eric/metadata-database/deploy:main - Container is started (JDBC URL: jdbc:postgresql://localhost:33223/cerif?loggerLevel=OFF)
2026-08-11 10:27:04 [main] INFO  com.zaxxer.hikari.HikariDataSource - metadata_catalogue - Starting...
2026-08-11 10:27:04 [main] INFO  com.zaxxer.hikari.pool.HikariPool - metadata_catalogue - Added connection org.postgresql.jdbc.PgConnection@1fd2765a
2026-08-11 10:27:04 [main] INFO  com.zaxxer.hikari.HikariDataSource - metadata_catalogue - Start completed.
2026-08-11 10:27:04 [main] INFO  com.zaxxer.hikari.HikariDataSource - metadata_catalogue - Shutdown initiated...
2026-08-11 10:27:04 [main] INFO  com.zaxxer.hikari.HikariDataSource - metadata_catalogue - Shutdown completed.
2026-08-11 10:27:04 [main] INFO  t.g.io/epos-eric/metadata-database/deploy:main - Creating container for image: ghcr.io/epos-eric/metadata-database/deploy:main
2026-08-11 10:27:04 [main] INFO  t.g.io/epos-eric/metadata-database/deploy:main - Container ghcr.io/epos-eric/metadata-database/deploy:main is starting: b9f9f274b071d65e759433b0c5b3fbc60073854346d9ee5b5daeb683db732157
2026-08-11 10:27:08 [main] INFO  t.g.io/epos-eric/metadata-database/deploy:main - Container ghcr.io/epos-eric/metadata-database/deploy:main started in PT3.841018926S
2026-08-11 10:27:08 [main] INFO  t.g.io/epos-eric/metadata-database/deploy:main - Container is started (JDBC URL: jdbc:postgresql://localhost:33224/cerif?loggerLevel=OFF)
2026-08-11 10:27:08 [main] INFO  com.zaxxer.hikari.HikariDataSource - metadata_catalogue - Starting...
2026-08-11 10:27:08 [main] INFO  com.zaxxer.hikari.pool.HikariPool - metadata_catalogue - Added connection org.postgresql.jdbc.PgConnection@2f537f6f
2026-08-11 10:27:08 [main] INFO  com.zaxxer.hikari.HikariDataSource - metadata_catalogue - Start completed.
2026-08-11 10:27:08 [main] INFO  com.zaxxer.hikari.HikariDataSource - metadata_catalogue - Shutdown initiated...
2026-08-11 10:27:08 [main] INFO  com.zaxxer.hikari.HikariDataSource - metadata_catalogue - Shutdown completed.
2026-08-11 10:27:09 [main] INFO  t.g.io/epos-eric/metadata-database/deploy:main - Creating container for image: ghcr.io/epos-eric/metadata-database/deploy:main
2026-08-11 10:27:09 [main] INFO  t.g.io/epos-eric/metadata-database/deploy:main - Container ghcr.io/epos-eric/metadata-database/deploy:main is starting: 0809e0dfecd81b92ab59d9e9b114a8834ac30741b167ffdf4d53928b55a052a6
2026-08-11 10:27:13 [main] INFO  t.g.io/epos-eric/metadata-database/deploy:main - Container ghcr.io/epos-eric/metadata-database/deploy:main started in PT4.765581967S
2026-08-11 10:27:13 [main] INFO  t.g.io/epos-eric/metadata-database/deploy:main - Container is started (JDBC URL: jdbc:postgresql://localhost:33225/cerif?loggerLevel=OFF)
2026-08-11 10:27:13 [main] INFO  com.zaxxer.hikari.HikariDataSource - metadata_catalogue - Starting...
2026-08-11 10:27:13 [main] INFO  com.zaxxer.hikari.pool.HikariPool - metadata_catalogue - Added connection org.postgresql.jdbc.PgConnection@3099249c
2026-08-11 10:27:13 [main] INFO  com.zaxxer.hikari.HikariDataSource - metadata_catalogue - Start completed.
2026-08-11 10:27:14 [main] INFO  com.zaxxer.hikari.HikariDataSource - metadata_catalogue - Shutdown initiated...
2026-08-11 10:27:14 [main] INFO  com.zaxxer.hikari.HikariDataSource - metadata_catalogue - Shutdown completed.
2026-08-11 10:27:14 [main] INFO  t.g.io/epos-eric/metadata-database/deploy:main - Creating container for image: ghcr.io/epos-eric/metadata-database/deploy:main
2026-08-11 10:27:14 [main] INFO  t.g.io/epos-eric/metadata-database/deploy:main - Container ghcr.io/epos-eric/metadata-database/deploy:main is starting: 0f123edc7fe652060fae9af4270a306566dc5b714927f67e6c0e36a84fe85575
2026-08-11 10:27:18 [main] INFO  t.g.io/epos-eric/metadata-database/deploy:main - Container ghcr.io/epos-eric/metadata-database/deploy:main started in PT3.902630603S
2026-08-11 10:27:18 [main] INFO  t.g.io/epos-eric/metadata-database/deploy:main - Container is started (JDBC URL: jdbc:postgresql://localhost:33226/cerif?loggerLevel=OFF)
2026-08-11 10:27:18 [main] INFO  com.zaxxer.hikari.HikariDataSource - metadata_catalogue - Starting...
2026-08-11 10:27:18 [main] INFO  com.zaxxer.hikari.pool.HikariPool - metadata_catalogue - Added connection org.postgresql.jdbc.PgConnection@2cfd4023
2026-08-11 10:27:18 [main] INFO  com.zaxxer.hikari.HikariDataSource - metadata_catalogue - Start completed.
2026-08-11 10:27:18 [main] INFO  com.zaxxer.hikari.HikariDataSource - metadata_catalogue - Shutdown initiated...
2026-08-11 10:27:18 [main] INFO  com.zaxxer.hikari.HikariDataSource - metadata_catalogue - Shutdown completed.
2026-08-11 10:27:19 [main] INFO  t.g.io/epos-eric/metadata-database/deploy:main - Creating container for image: ghcr.io/epos-eric/metadata-database/deploy:main
2026-08-11 10:27:19 [main] INFO  t.g.io/epos-eric/metadata-database/deploy:main - Container ghcr.io/epos-eric/metadata-database/deploy:main is starting: 0d2f0fb2063f34b33133642d01552237eecea0b2789f36244827056a9dc74ec6
2026-08-11 10:27:23 [main] INFO  t.g.io/epos-eric/metadata-database/deploy:main - Container ghcr.io/epos-eric/metadata-database/deploy:main started in PT4.087915373S
2026-08-11 10:27:23 [main] INFO  t.g.io/epos-eric/metadata-database/deploy:main - Container is started (JDBC URL: jdbc:postgresql://localhost:33227/cerif?loggerLevel=OFF)
2026-08-11 10:27:23 [main] INFO  com.zaxxer.hikari.HikariDataSource - metadata_catalogue - Starting...
2026-08-11 10:27:23 [main] INFO  com.zaxxer.hikari.pool.HikariPool - metadata_catalogue - Added connection org.postgresql.jdbc.PgConnection@3c146b97
2026-08-11 10:27:23 [main] INFO  com.zaxxer.hikari.HikariDataSource - metadata_catalogue - Start completed.
2026-08-11 10:27:23 [main] INFO  com.zaxxer.hikari.HikariDataSource - metadata_catalogue - Shutdown initiated...
2026-08-11 10:27:23 [main] INFO  com.zaxxer.hikari.HikariDataSource - metadata_catalogue - Shutdown completed.
2026-08-11 10:27:23 [main] INFO  t.g.io/epos-eric/metadata-database/deploy:main - Creating container for image: ghcr.io/epos-eric/metadata-database/deploy:main
2026-08-11 10:27:24 [main] INFO  t.g.io/epos-eric/metadata-database/deploy:main - Container ghcr.io/epos-eric/metadata-database/deploy:main is starting: 316082bee945fc5e87e1c1dcdd4063e8a509ae58aed2338d1a47a73bb188fa05
2026-08-11 10:27:29 [main] INFO  t.g.io/epos-eric/metadata-database/deploy:main - Container ghcr.io/epos-eric/metadata-database/deploy:main started in PT5.729963718S
2026-08-11 10:27:29 [main] INFO  t.g.io/epos-eric/metadata-database/deploy:main - Container is started (JDBC URL: jdbc:postgresql://localhost:33228/cerif?loggerLevel=OFF)
2026-08-11 10:27:29 [main] INFO  com.zaxxer.hikari.HikariDataSource - metadata_catalogue - Starting...
2026-08-11 10:27:29 [main] INFO  com.zaxxer.hikari.pool.HikariPool - metadata_catalogue - Added connection org.postgresql.jdbc.PgConnection@28097f35
2026-08-11 10:27:29 [main] INFO  com.zaxxer.hikari.HikariDataSource - metadata_catalogue - Start completed.
2026-08-11 10:27:30 [main] INFO  com.zaxxer.hikari.HikariDataSource - metadata_catalogue - Shutdown initiated...
2026-08-11 10:27:30 [main] INFO  com.zaxxer.hikari.HikariDataSource - metadata_catalogue - Shutdown completed.
2026-08-11 10:27:30 [main] INFO  t.g.io/epos-eric/metadata-database/deploy:main - Creating container for image: ghcr.io/epos-eric/metadata-database/deploy:main
2026-08-11 10:27:30 [main] INFO  t.g.io/epos-eric/metadata-database/deploy:main - Container ghcr.io/epos-eric/metadata-database/deploy:main is starting: 53d48d03cff04a9237ea1217f8aa75927c13757fa28cac08f9edb07909f46654
2026-08-11 10:27:34 [main] INFO  t.g.io/epos-eric/metadata-database/deploy:main - Container ghcr.io/epos-eric/metadata-database/deploy:main started in PT4.433451243S
2026-08-11 10:27:34 [main] INFO  t.g.io/epos-eric/metadata-database/deploy:main - Container is started (JDBC URL: jdbc:postgresql://localhost:33229/cerif?loggerLevel=OFF)
2026-08-11 10:27:34 [main] INFO  com.zaxxer.hikari.HikariDataSource - metadata_catalogue - Starting...
2026-08-11 10:27:34 [main] INFO  com.zaxxer.hikari.pool.HikariPool - metadata_catalogue - Added connection org.postgresql.jdbc.PgConnection@33af0455
2026-08-11 10:27:34 [main] INFO  com.zaxxer.hikari.HikariDataSource - metadata_catalogue - Start completed.
2026-08-11 10:27:34 [main] INFO  com.zaxxer.hikari.HikariDataSource - metadata_catalogue - Shutdown initiated...
2026-08-11 10:27:35 [main] INFO  com.zaxxer.hikari.HikariDataSource - metadata_catalogue - Shutdown completed.
2026-08-11 10:27:35 [main] INFO  t.g.io/epos-eric/metadata-database/deploy:main - Creating container for image: ghcr.io/epos-eric/metadata-database/deploy:main
2026-08-11 10:27:35 [main] INFO  t.g.io/epos-eric/metadata-database/deploy:main - Container ghcr.io/epos-eric/metadata-database/deploy:main is starting: c65b54cd7ec24a87f522034af6e470a21b3496a51fd5d11864783b557fa6ed4c
2026-08-11 10:27:39 [main] INFO  t.g.io/epos-eric/metadata-database/deploy:main - Container ghcr.io/epos-eric/metadata-database/deploy:main started in PT4.107227073S
2026-08-11 10:27:39 [main] INFO  t.g.io/epos-eric/metadata-database/deploy:main - Container is started (JDBC URL: jdbc:postgresql://localhost:33230/cerif?loggerLevel=OFF)
2026-08-11 10:27:39 [main] INFO  com.zaxxer.hikari.HikariDataSource - metadata_catalogue - Starting...
2026-08-11 10:27:39 [main] INFO  com.zaxxer.hikari.pool.HikariPool - metadata_catalogue - Added connection org.postgresql.jdbc.PgConnection@55f36c60
2026-08-11 10:27:39 [main] INFO  com.zaxxer.hikari.HikariDataSource - metadata_catalogue - Start completed.
2026-08-11 10:27:39 [main] INFO  com.zaxxer.hikari.HikariDataSource - metadata_catalogue - Shutdown initiated...
2026-08-11 10:27:40 [main] INFO  com.zaxxer.hikari.HikariDataSource - metadata_catalogue - Shutdown completed.
2026-08-11 10:27:40 [main] INFO  t.g.io/epos-eric/metadata-database/deploy:main - Creating container for image: ghcr.io/epos-eric/metadata-database/deploy:main
2026-08-11 10:27:40 [main] INFO  t.g.io/epos-eric/metadata-database/deploy:main - Container ghcr.io/epos-eric/metadata-database/deploy:main is starting: dd37cd36bea90d903c1a78799af79adcffa16bc8a9a670ceb0d6cc4188e2a75a
2026-08-11 10:27:45 [main] INFO  t.g.io/epos-eric/metadata-database/deploy:main - Container ghcr.io/epos-eric/metadata-database/deploy:main started in PT4.91357005S
2026-08-11 10:27:45 [main] INFO  t.g.io/epos-eric/metadata-database/deploy:main - Container is started (JDBC URL: jdbc:postgresql://localhost:33231/cerif?loggerLevel=OFF)
2026-08-11 10:27:45 [main] INFO  com.zaxxer.hikari.HikariDataSource - metadata_catalogue - Starting...
2026-08-11 10:27:45 [main] INFO  com.zaxxer.hikari.pool.HikariPool - metadata_catalogue - Added connection org.postgresql.jdbc.PgConnection@c2f6c8a
2026-08-11 10:27:45 [main] INFO  com.zaxxer.hikari.HikariDataSource - metadata_catalogue - Start completed.
2026-08-11 10:27:45 [main] INFO  com.zaxxer.hikari.HikariDataSource - metadata_catalogue - Shutdown initiated...
2026-08-11 10:27:45 [main] INFO  com.zaxxer.hikari.HikariDataSource - metadata_catalogue - Shutdown completed.
2026-08-11 10:27:46 [main] INFO  t.g.io/epos-eric/metadata-database/deploy:main - Creating container for image: ghcr.io/epos-eric/metadata-database/deploy:main
2026-08-11 10:27:46 [main] INFO  t.g.io/epos-eric/metadata-database/deploy:main - Container ghcr.io/epos-eric/metadata-database/deploy:main is starting: b35247164cfe719a8ed8b7e313370048ced8cac5f51820b1bfdaec2fb02fe100
2026-08-11 10:27:52 [main] INFO  t.g.io/epos-eric/metadata-database/deploy:main - Container ghcr.io/epos-eric/metadata-database/deploy:main started in PT5.887928485S
2026-08-11 10:27:52 [main] INFO  t.g.io/epos-eric/metadata-database/deploy:main - Container is started (JDBC URL: jdbc:postgresql://localhost:33232/cerif?loggerLevel=OFF)
2026-08-11 10:27:52 [main] INFO  com.zaxxer.hikari.HikariDataSource - metadata_catalogue - Starting...
2026-08-11 10:27:52 [main] INFO  com.zaxxer.hikari.pool.HikariPool - metadata_catalogue - Added connection org.postgresql.jdbc.PgConnection@3a3baf87
2026-08-11 10:27:52 [main] INFO  com.zaxxer.hikari.HikariDataSource - metadata_catalogue - Start completed.
2026-08-11 10:27:52 [main] INFO  com.zaxxer.hikari.HikariDataSource - metadata_catalogue - Shutdown initiated...
2026-08-11 10:27:52 [main] INFO  com.zaxxer.hikari.HikariDataSource - metadata_catalogue - Shutdown completed.
2026-08-11 10:27:52 [main] INFO  t.g.io/epos-eric/metadata-database/deploy:main - Creating container for image: ghcr.io/epos-eric/metadata-database/deploy:main
2026-08-11 10:27:53 [main] INFO  t.g.io/epos-eric/metadata-database/deploy:main - Container ghcr.io/epos-eric/metadata-database/deploy:main is starting: 63254fdd5704d16853e5395ef7c20f692186ad8c5574cd6216f1e2ae6ee74830
2026-08-11 10:27:57 [main] INFO  t.g.io/epos-eric/metadata-database/deploy:main - Container ghcr.io/epos-eric/metadata-database/deploy:main started in PT4.725797018S
2026-08-11 10:27:57 [main] INFO  t.g.io/epos-eric/metadata-database/deploy:main - Container is started (JDBC URL: jdbc:postgresql://localhost:33233/cerif?loggerLevel=OFF)
2026-08-11 10:27:57 [main] INFO  com.zaxxer.hikari.HikariDataSource - metadata_catalogue - Starting...
2026-08-11 10:27:57 [main] INFO  com.zaxxer.hikari.pool.HikariPool - metadata_catalogue - Added connection org.postgresql.jdbc.PgConnection@7486f86c
2026-08-11 10:27:57 [main] INFO  com.zaxxer.hikari.HikariDataSource - metadata_catalogue - Start completed.
2026-08-11 10:27:58 [main] INFO  com.zaxxer.hikari.HikariDataSource - metadata_catalogue - Shutdown initiated...
2026-08-11 10:27:58 [main] INFO  com.zaxxer.hikari.HikariDataSource - metadata_catalogue - Shutdown completed.
2026-08-11 10:27:58 [main] INFO  t.g.io/epos-eric/metadata-database/deploy:main - Creating container for image: ghcr.io/epos-eric/metadata-database/deploy:main
2026-08-11 10:27:58 [main] INFO  t.g.io/epos-eric/metadata-database/deploy:main - Container ghcr.io/epos-eric/metadata-database/deploy:main is starting: b35ec1735ef0dd3ca988dc02fc8a35f08aabb85892946eb07ce584ae65be5cec
2026-08-11 10:28:04 [main] INFO  t.g.io/epos-eric/metadata-database/deploy:main - Container ghcr.io/epos-eric/metadata-database/deploy:main started in PT5.832271759S
2026-08-11 10:28:04 [main] INFO  t.g.io/epos-eric/metadata-database/deploy:main - Container is started (JDBC URL: jdbc:postgresql://localhost:33234/cerif?loggerLevel=OFF)
2026-08-11 10:28:04 [main] INFO  com.zaxxer.hikari.HikariDataSource - metadata_catalogue - Starting...
2026-08-11 10:28:04 [main] INFO  com.zaxxer.hikari.pool.HikariPool - metadata_catalogue - Added connection org.postgresql.jdbc.PgConnection@41d437e
2026-08-11 10:28:04 [main] INFO  com.zaxxer.hikari.HikariDataSource - metadata_catalogue - Start completed.
2026-08-11 10:28:04 [main] INFO  com.zaxxer.hikari.HikariDataSource - metadata_catalogue - Shutdown initiated...
2026-08-11 10:28:04 [main] INFO  com.zaxxer.hikari.HikariDataSource - metadata_catalogue - Shutdown completed.
2026-08-11 10:28:04 [main] INFO  t.g.io/epos-eric/metadata-database/deploy:main - Creating container for image: ghcr.io/epos-eric/metadata-database/deploy:main
2026-08-11 10:28:04 [main] INFO  t.g.io/epos-eric/metadata-database/deploy:main - Container ghcr.io/epos-eric/metadata-database/deploy:main is starting: 5ac6b6aaa51583057c9bda2bfd6f7062fbaeb3f271820f19b2139557b48d906a
2026-08-11 10:28:08 [main] INFO  t.g.io/epos-eric/metadata-database/deploy:main - Container ghcr.io/epos-eric/metadata-database/deploy:main started in PT3.590675251S
2026-08-11 10:28:08 [main] INFO  t.g.io/epos-eric/metadata-database/deploy:main - Container is started (JDBC URL: jdbc:postgresql://localhost:33235/cerif?loggerLevel=OFF)
2026-08-11 10:28:08 [main] INFO  com.zaxxer.hikari.HikariDataSource - metadata_catalogue - Starting...
2026-08-11 10:28:08 [main] INFO  com.zaxxer.hikari.pool.HikariPool - metadata_catalogue - Added connection org.postgresql.jdbc.PgConnection@29ae2b9
2026-08-11 10:28:08 [main] INFO  com.zaxxer.hikari.HikariDataSource - metadata_catalogue - Start completed.
2026-08-11 10:28:08 [main] INFO  com.zaxxer.hikari.HikariDataSource - metadata_catalogue - Shutdown initiated...
2026-08-11 10:28:08 [main] INFO  com.zaxxer.hikari.HikariDataSource - metadata_catalogue - Shutdown completed.
2026-08-11 10:28:08 [main] INFO  t.g.io/epos-eric/metadata-database/deploy:main - Creating container for image: ghcr.io/epos-eric/metadata-database/deploy:main
2026-08-11 10:28:08 [main] INFO  t.g.io/epos-eric/metadata-database/deploy:main - Container ghcr.io/epos-eric/metadata-database/deploy:main is starting: 5a1fe12335bbd5df5c91ed583ba007fe3bb4f4eb4c0676360dbc364dd4739c20
2026-08-11 10:28:13 [main] INFO  t.g.io/epos-eric/metadata-database/deploy:main - Container ghcr.io/epos-eric/metadata-database/deploy:main started in PT4.410575201S
2026-08-11 10:28:13 [main] INFO  t.g.io/epos-eric/metadata-database/deploy:main - Container is started (JDBC URL: jdbc:postgresql://localhost:33236/cerif?loggerLevel=OFF)
2026-08-11 10:28:13 [main] INFO  com.zaxxer.hikari.HikariDataSource - metadata_catalogue - Starting...
2026-08-11 10:28:13 [main] INFO  com.zaxxer.hikari.pool.HikariPool - metadata_catalogue - Added connection org.postgresql.jdbc.PgConnection@620d9013
2026-08-11 10:28:13 [main] INFO  com.zaxxer.hikari.HikariDataSource - metadata_catalogue - Start completed.
2026-08-11 10:28:13 [main] INFO  com.zaxxer.hikari.HikariDataSource - metadata_catalogue - Shutdown initiated...
2026-08-11 10:28:13 [main] INFO  com.zaxxer.hikari.HikariDataSource - metadata_catalogue - Shutdown completed.
2026-08-11 10:28:13 [main] INFO  t.g.io/epos-eric/metadata-database/deploy:main - Creating container for image: ghcr.io/epos-eric/metadata-database/deploy:main
2026-08-11 10:28:14 [main] INFO  t.g.io/epos-eric/metadata-database/deploy:main - Container ghcr.io/epos-eric/metadata-database/deploy:main is starting: cf75e71c7a087bf5cf6b50146bccb565b7a30941a2d3707e63d5f6bf64f98d4e
2026-08-11 10:28:18 [main] INFO  t.g.io/epos-eric/metadata-database/deploy:main - Container ghcr.io/epos-eric/metadata-database/deploy:main started in PT4.398516127S
2026-08-11 10:28:18 [main] INFO  t.g.io/epos-eric/metadata-database/deploy:main - Container is started (JDBC URL: jdbc:postgresql://localhost:33237/cerif?loggerLevel=OFF)
2026-08-11 10:28:18 [main] INFO  com.zaxxer.hikari.HikariDataSource - metadata_catalogue - Starting...
2026-08-11 10:28:18 [main] INFO  com.zaxxer.hikari.pool.HikariPool - metadata_catalogue - Added connection org.postgresql.jdbc.PgConnection@c06bfb3
2026-08-11 10:28:18 [main] INFO  com.zaxxer.hikari.HikariDataSource - metadata_catalogue - Start completed.
2026-08-11 10:28:18 [main] INFO  com.zaxxer.hikari.HikariDataSource - metadata_catalogue - Shutdown initiated...
2026-08-11 10:28:18 [main] INFO  com.zaxxer.hikari.HikariDataSource - metadata_catalogue - Shutdown completed.
2026-08-11 10:28:18 [main] INFO  t.g.io/epos-eric/metadata-database/deploy:main - Creating container for image: ghcr.io/epos-eric/metadata-database/deploy:main
2026-08-11 10:28:18 [main] INFO  t.g.io/epos-eric/metadata-database/deploy:main - Container ghcr.io/epos-eric/metadata-database/deploy:main is starting: f86fd10ae03bd99a759a995197302b5e951dbe38fe57c0d0397ca22c5dc7d5ee
2026-08-11 10:28:23 [main] INFO  t.g.io/epos-eric/metadata-database/deploy:main - Container ghcr.io/epos-eric/metadata-database/deploy:main started in PT4.892996608S
2026-08-11 10:28:23 [main] INFO  t.g.io/epos-eric/metadata-database/deploy:main - Container is started (JDBC URL: jdbc:postgresql://localhost:33238/cerif?loggerLevel=OFF)
2026-08-11 10:28:23 [main] INFO  com.zaxxer.hikari.HikariDataSource - metadata_catalogue - Starting...
2026-08-11 10:28:23 [main] INFO  com.zaxxer.hikari.pool.HikariPool - metadata_catalogue - Added connection org.postgresql.jdbc.PgConnection@1b7d9a6d
2026-08-11 10:28:23 [main] INFO  com.zaxxer.hikari.HikariDataSource - metadata_catalogue - Start completed.
2026-08-11 10:28:23 [main] INFO  com.zaxxer.hikari.HikariDataSource - metadata_catalogue - Shutdown initiated...
2026-08-11 10:28:23 [main] INFO  com.zaxxer.hikari.HikariDataSource - metadata_catalogue - Shutdown completed.
2026-08-11 10:28:24 [main] INFO  t.g.io/epos-eric/metadata-database/deploy:main - Creating container for image: ghcr.io/epos-eric/metadata-database/deploy:main
2026-08-11 10:28:24 [main] INFO  t.g.io/epos-eric/metadata-database/deploy:main - Container ghcr.io/epos-eric/metadata-database/deploy:main is starting: 6326b2ee9fb2bb9a13cc6b8bbcae14b7b1398e7219d1cbc0fd8394857960741e
2026-08-11 10:28:28 [main] INFO  t.g.io/epos-eric/metadata-database/deploy:main - Container ghcr.io/epos-eric/metadata-database/deploy:main started in PT4.051265888S
2026-08-11 10:28:28 [main] INFO  t.g.io/epos-eric/metadata-database/deploy:main - Container is started (JDBC URL: jdbc:postgresql://localhost:33239/cerif?loggerLevel=OFF)
2026-08-11 10:28:28 [main] INFO  com.zaxxer.hikari.HikariDataSource - metadata_catalogue - Starting...
2026-08-11 10:28:28 [main] INFO  com.zaxxer.hikari.pool.HikariPool - metadata_catalogue - Added connection org.postgresql.jdbc.PgConnection@1cc8a0cc
2026-08-11 10:28:28 [main] INFO  com.zaxxer.hikari.HikariDataSource - metadata_catalogue - Start completed.
2026-08-11 10:28:28 [main] INFO  com.zaxxer.hikari.HikariDataSource - metadata_catalogue - Shutdown initiated...
2026-08-11 10:28:28 [main] INFO  com.zaxxer.hikari.HikariDataSource - metadata_catalogue - Shutdown completed.
2026-08-11 10:28:29 [main] INFO  t.g.io/epos-eric/metadata-database/deploy:main - Creating container for image: ghcr.io/epos-eric/metadata-database/deploy:main
2026-08-11 10:28:29 [main] INFO  t.g.io/epos-eric/metadata-database/deploy:main - Container ghcr.io/epos-eric/metadata-database/deploy:main is starting: 34b43dbba5f29f6e6cbc9d8c1246b1674070a5298c0ea2c490e202ab8b7590b8
2026-08-11 10:28:33 [main] INFO  t.g.io/epos-eric/metadata-database/deploy:main - Container ghcr.io/epos-eric/metadata-database/deploy:main started in PT4.274170835S
2026-08-11 10:28:33 [main] INFO  t.g.io/epos-eric/metadata-database/deploy:main - Container is started (JDBC URL: jdbc:postgresql://localhost:33240/cerif?loggerLevel=OFF)
2026-08-11 10:28:33 [main] INFO  com.zaxxer.hikari.HikariDataSource - metadata_catalogue - Starting...
2026-08-11 10:28:33 [main] INFO  com.zaxxer.hikari.pool.HikariPool - metadata_catalogue - Added connection org.postgresql.jdbc.PgConnection@2c07fb67
2026-08-11 10:28:33 [main] INFO  com.zaxxer.hikari.HikariDataSource - metadata_catalogue - Start completed.
2026-08-11 10:28:33 [main] INFO  com.zaxxer.hikari.HikariDataSource - metadata_catalogue - Shutdown initiated...
2026-08-11 10:28:33 [main] INFO  com.zaxxer.hikari.HikariDataSource - metadata_catalogue - Shutdown completed.
2026-08-11 10:28:34 [main] INFO  t.g.io/epos-eric/metadata-database/deploy:main - Creating container for image: ghcr.io/epos-eric/metadata-database/deploy:main
2026-08-11 10:28:34 [main] INFO  t.g.io/epos-eric/metadata-database/deploy:main - Container ghcr.io/epos-eric/metadata-database/deploy:main is starting: 6dbff565055b38cccb5cba219efa58e38808a2e2e5e68aaba63bc4d351b029c8
2026-08-11 10:28:38 [main] INFO  t.g.io/epos-eric/metadata-database/deploy:main - Container ghcr.io/epos-eric/metadata-database/deploy:main started in PT4.385749902S
2026-08-11 10:28:38 [main] INFO  t.g.io/epos-eric/metadata-database/deploy:main - Container is started (JDBC URL: jdbc:postgresql://localhost:33241/cerif?loggerLevel=OFF)
2026-08-11 10:28:38 [main] INFO  com.zaxxer.hikari.HikariDataSource - metadata_catalogue - Starting...
2026-08-11 10:28:38 [main] INFO  com.zaxxer.hikari.pool.HikariPool - metadata_catalogue - Added connection org.postgresql.jdbc.PgConnection@59ed8d16
2026-08-11 10:28:38 [main] INFO  com.zaxxer.hikari.HikariDataSource - metadata_catalogue - Start completed.
2026-08-11 10:28:38 [main] INFO  com.zaxxer.hikari.HikariDataSource - metadata_catalogue - Shutdown initiated...
2026-08-11 10:28:38 [main] INFO  com.zaxxer.hikari.HikariDataSource - metadata_catalogue - Shutdown completed.
2026-08-11 10:28:39 [main] INFO  t.g.io/epos-eric/metadata-database/deploy:main - Creating container for image: ghcr.io/epos-eric/metadata-database/deploy:main
2026-08-11 10:28:39 [main] INFO  t.g.io/epos-eric/metadata-database/deploy:main - Container ghcr.io/epos-eric/metadata-database/deploy:main is starting: dea1c074bf2263a8d8e49b40e3b9219ddaa2cf034e15bc47dfee6f55c5e85ae5
2026-08-11 10:28:43 [main] INFO  t.g.io/epos-eric/metadata-database/deploy:main - Container ghcr.io/epos-eric/metadata-database/deploy:main started in PT4.305991155S
2026-08-11 10:28:43 [main] INFO  t.g.io/epos-eric/metadata-database/deploy:main - Container is started (JDBC URL: jdbc:postgresql://localhost:33242/cerif?loggerLevel=OFF)
2026-08-11 10:28:43 [main] INFO  com.zaxxer.hikari.HikariDataSource - metadata_catalogue - Starting...
2026-08-11 10:28:43 [main] INFO  com.zaxxer.hikari.pool.HikariPool - metadata_catalogue - Added connection org.postgresql.jdbc.PgConnection@721d742c
2026-08-11 10:28:43 [main] INFO  com.zaxxer.hikari.HikariDataSource - metadata_catalogue - Start completed.
2026-08-11 10:28:43 [main] INFO  com.zaxxer.hikari.HikariDataSource - metadata_catalogue - Shutdown initiated...
2026-08-11 10:28:43 [main] INFO  com.zaxxer.hikari.HikariDataSource - metadata_catalogue - Shutdown completed.
