2026-08-21 10:59:38 [main] INFO  o.testcontainers.images.PullPolicy - Image pull policy will be performed by: DefaultPullPolicy()
2026-08-21 10:59:38 [main] INFO  o.t.utility.ImageNameSubstitutor - Image name substitution will be performed by: DefaultImageNameSubstitutor (composite of 'ConfigurationFileImageNameSubstitutor' and 'PrefixingImageNameSubstitutor')
2026-08-21 10:59:38 [main] INFO  o.testcontainers.DockerClientFactory - Testcontainers version: 2.0.2
2026-08-21 10:59:38 [main] INFO  o.t.d.DockerClientProviderStrategy - Loaded org.testcontainers.dockerclient.UnixSocketClientProviderStrategy from ~/.testcontainers.properties, will try it first
2026-08-21 10:59:38 [main] INFO  o.t.d.DockerClientProviderStrategy - Found Docker environment with local Unix socket (unix:///var/run/docker.sock)
2026-08-21 10:59:38 [main] INFO  o.testcontainers.DockerClientFactory - Docker host IP address is localhost
2026-08-21 10:59:38 [main] INFO  o.testcontainers.DockerClientFactory - Connected to docker: 
  Server Version: 29.7.2
  API Version: 1.55
  Operating System: Arch Linux
  Total Memory: 63796 MB
2026-08-21 10:59:39 [main] INFO  tc.testcontainers/ryuk:0.13.0 - Creating container for image: testcontainers/ryuk:0.13.0
2026-08-21 10:59:39 [main] INFO  tc.testcontainers/ryuk:0.13.0 - Container testcontainers/ryuk:0.13.0 is starting: ce7b5a6bda6d94f14816fa61131dff43a2acfbc3c8f9b8ff1b031e4da8ede0ee
2026-08-21 10:59:39 [main] INFO  tc.testcontainers/ryuk:0.13.0 - Container testcontainers/ryuk:0.13.0 started in PT0.300782638S
2026-08-21 10:59:39 [main] INFO  o.t.utility.RyukResourceReaper - Ryuk started - will monitor and terminate Testcontainers containers on JVM exit
2026-08-21 10:59:39 [main] INFO  o.testcontainers.DockerClientFactory - Checking the system...
2026-08-21 10:59:39 [main] INFO  o.testcontainers.DockerClientFactory - ✔︎ Docker server version should be at least 1.6.0
2026-08-21 10:59:39 [main] INFO  t.g.io/epos-eric/metadata-database/deploy:main - Creating container for image: ghcr.io/epos-eric/metadata-database/deploy:main
2026-08-21 10:59:39 [main] INFO  t.g.io/epos-eric/metadata-database/deploy:main - Container ghcr.io/epos-eric/metadata-database/deploy:main is starting: 28d7e3fea1d5730c68b698f2e8c8b92664c2a12146b131f5355c62a63c4395b6
2026-08-21 10:59:42 [main] INFO  t.g.io/epos-eric/metadata-database/deploy:main - Container ghcr.io/epos-eric/metadata-database/deploy:main started in PT3.444468582S
2026-08-21 10:59:42 [main] INFO  t.g.io/epos-eric/metadata-database/deploy:main - Container is started (JDBC URL: jdbc:postgresql://localhost:32785/cerif?loggerLevel=OFF)
2026-08-21 10:59:42 [main] INFO  com.zaxxer.hikari.HikariDataSource - metadata_catalogue - Starting...
2026-08-21 10:59:43 [main] INFO  com.zaxxer.hikari.pool.HikariPool - metadata_catalogue - Added connection org.postgresql.jdbc.PgConnection@7ba93755
2026-08-21 10:59:43 [main] INFO  com.zaxxer.hikari.HikariDataSource - metadata_catalogue - Start completed.
2026-08-21 10:59:43 [main] INFO  com.zaxxer.hikari.HikariDataSource - metadata_catalogue - Shutdown initiated...
2026-08-21 10:59:43 [main] INFO  com.zaxxer.hikari.HikariDataSource - metadata_catalogue - Shutdown completed.
2026-08-21 10:59:43 [main] INFO  t.g.io/epos-eric/metadata-database/deploy:main - Creating container for image: ghcr.io/epos-eric/metadata-database/deploy:main
2026-08-21 10:59:44 [main] INFO  t.g.io/epos-eric/metadata-database/deploy:main - Container ghcr.io/epos-eric/metadata-database/deploy:main is starting: bace89adb21c1e09f3f5aa071abd73284f4386ea5a75a86aae3698129ba75141
2026-08-21 10:59:47 [main] INFO  t.g.io/epos-eric/metadata-database/deploy:main - Container ghcr.io/epos-eric/metadata-database/deploy:main started in PT3.673287707S
2026-08-21 10:59:47 [main] INFO  t.g.io/epos-eric/metadata-database/deploy:main - Container is started (JDBC URL: jdbc:postgresql://localhost:32786/cerif?loggerLevel=OFF)
2026-08-21 10:59:47 [main] INFO  com.zaxxer.hikari.HikariDataSource - metadata_catalogue - Starting...
2026-08-21 10:59:47 [main] INFO  com.zaxxer.hikari.pool.HikariPool - metadata_catalogue - Added connection org.postgresql.jdbc.PgConnection@43755e2f
2026-08-21 10:59:47 [main] INFO  com.zaxxer.hikari.HikariDataSource - metadata_catalogue - Start completed.
2026-08-21 10:59:48 [main] INFO  com.zaxxer.hikari.HikariDataSource - metadata_catalogue - Shutdown initiated...
2026-08-21 10:59:48 [main] INFO  com.zaxxer.hikari.HikariDataSource - metadata_catalogue - Shutdown completed.
2026-08-21 10:59:48 [main] INFO  t.g.io/epos-eric/metadata-database/deploy:main - Creating container for image: ghcr.io/epos-eric/metadata-database/deploy:main
2026-08-21 10:59:48 [main] INFO  t.g.io/epos-eric/metadata-database/deploy:main - Container ghcr.io/epos-eric/metadata-database/deploy:main is starting: 375578fe00179af5e07661370be1e9f735bbbd37194e65205c8567151a5d6616
2026-08-21 10:59:52 [main] INFO  t.g.io/epos-eric/metadata-database/deploy:main - Container ghcr.io/epos-eric/metadata-database/deploy:main started in PT4.204681422S
2026-08-21 10:59:52 [main] INFO  t.g.io/epos-eric/metadata-database/deploy:main - Container is started (JDBC URL: jdbc:postgresql://localhost:32787/cerif?loggerLevel=OFF)
2026-08-21 10:59:52 [main] INFO  com.zaxxer.hikari.HikariDataSource - metadata_catalogue - Starting...
2026-08-21 10:59:52 [main] INFO  com.zaxxer.hikari.pool.HikariPool - metadata_catalogue - Added connection org.postgresql.jdbc.PgConnection@39f4a7c4
2026-08-21 10:59:52 [main] INFO  com.zaxxer.hikari.HikariDataSource - metadata_catalogue - Start completed.
2026-08-21 10:59:53 [main] INFO  com.zaxxer.hikari.HikariDataSource - metadata_catalogue - Shutdown initiated...
2026-08-21 10:59:53 [main] INFO  com.zaxxer.hikari.HikariDataSource - metadata_catalogue - Shutdown completed.
2026-08-21 10:59:53 [main] INFO  t.g.io/epos-eric/metadata-database/deploy:main - Creating container for image: ghcr.io/epos-eric/metadata-database/deploy:main
2026-08-21 10:59:53 [main] INFO  t.g.io/epos-eric/metadata-database/deploy:main - Container ghcr.io/epos-eric/metadata-database/deploy:main is starting: debfe5e24da5cfe7dcacc1b97c0535b41147463d9a97147241d9717992f7e638
2026-08-21 10:59:57 [main] INFO  t.g.io/epos-eric/metadata-database/deploy:main - Container ghcr.io/epos-eric/metadata-database/deploy:main started in PT3.823275301S
2026-08-21 10:59:57 [main] INFO  t.g.io/epos-eric/metadata-database/deploy:main - Container is started (JDBC URL: jdbc:postgresql://localhost:32788/cerif?loggerLevel=OFF)
2026-08-21 10:59:57 [main] INFO  com.zaxxer.hikari.HikariDataSource - metadata_catalogue - Starting...
2026-08-21 10:59:57 [main] INFO  com.zaxxer.hikari.pool.HikariPool - metadata_catalogue - Added connection org.postgresql.jdbc.PgConnection@e2f6e13
2026-08-21 10:59:57 [main] INFO  com.zaxxer.hikari.HikariDataSource - metadata_catalogue - Start completed.
2026-08-21 10:59:58 [main] INFO  com.zaxxer.hikari.HikariDataSource - metadata_catalogue - Shutdown initiated...
2026-08-21 10:59:58 [main] INFO  com.zaxxer.hikari.HikariDataSource - metadata_catalogue - Shutdown completed.
2026-08-21 10:59:58 [main] INFO  t.g.io/epos-eric/metadata-database/deploy:main - Creating container for image: ghcr.io/epos-eric/metadata-database/deploy:main
2026-08-21 10:59:58 [main] INFO  t.g.io/epos-eric/metadata-database/deploy:main - Container ghcr.io/epos-eric/metadata-database/deploy:main is starting: e906a82bf7275e1a9f4a99ba4ff83d17c92afe993384c0933a9b63a5c289de51
2026-08-21 11:00:02 [main] INFO  t.g.io/epos-eric/metadata-database/deploy:main - Container ghcr.io/epos-eric/metadata-database/deploy:main started in PT3.770244524S
2026-08-21 11:00:02 [main] INFO  t.g.io/epos-eric/metadata-database/deploy:main - Container is started (JDBC URL: jdbc:postgresql://localhost:32789/cerif?loggerLevel=OFF)
2026-08-21 11:00:02 [main] INFO  com.zaxxer.hikari.HikariDataSource - metadata_catalogue - Starting...
2026-08-21 11:00:02 [main] INFO  com.zaxxer.hikari.pool.HikariPool - metadata_catalogue - Added connection org.postgresql.jdbc.PgConnection@54c37dab
2026-08-21 11:00:02 [main] INFO  com.zaxxer.hikari.HikariDataSource - metadata_catalogue - Start completed.
2026-08-21 11:00:02 [main] INFO  com.zaxxer.hikari.HikariDataSource - metadata_catalogue - Shutdown initiated...
2026-08-21 11:00:02 [main] INFO  com.zaxxer.hikari.HikariDataSource - metadata_catalogue - Shutdown completed.
2026-08-21 11:00:02 [main] INFO  t.g.io/epos-eric/metadata-database/deploy:main - Creating container for image: ghcr.io/epos-eric/metadata-database/deploy:main
2026-08-21 11:00:03 [main] INFO  t.g.io/epos-eric/metadata-database/deploy:main - Container ghcr.io/epos-eric/metadata-database/deploy:main is starting: 9512ecbb126168688af28186e25e75246890df961992723ebdf3d3b040f6352d
2026-08-21 11:00:06 [main] INFO  t.g.io/epos-eric/metadata-database/deploy:main - Container ghcr.io/epos-eric/metadata-database/deploy:main started in PT3.85869982S
2026-08-21 11:00:06 [main] INFO  t.g.io/epos-eric/metadata-database/deploy:main - Container is started (JDBC URL: jdbc:postgresql://localhost:32790/cerif?loggerLevel=OFF)
2026-08-21 11:00:06 [main] INFO  com.zaxxer.hikari.HikariDataSource - metadata_catalogue - Starting...
2026-08-21 11:00:06 [main] INFO  com.zaxxer.hikari.pool.HikariPool - metadata_catalogue - Added connection org.postgresql.jdbc.PgConnection@3183a37c
2026-08-21 11:00:06 [main] INFO  com.zaxxer.hikari.HikariDataSource - metadata_catalogue - Start completed.
2026-08-21 11:00:07 [main] INFO  com.zaxxer.hikari.HikariDataSource - metadata_catalogue - Shutdown initiated...
2026-08-21 11:00:07 [main] INFO  com.zaxxer.hikari.HikariDataSource - metadata_catalogue - Shutdown completed.
2026-08-21 11:00:07 [main] INFO  t.g.io/epos-eric/metadata-database/deploy:main - Creating container for image: ghcr.io/epos-eric/metadata-database/deploy:main
2026-08-21 11:00:07 [main] INFO  t.g.io/epos-eric/metadata-database/deploy:main - Container ghcr.io/epos-eric/metadata-database/deploy:main is starting: f47d05970621da33093de55ccd785c5b3ad03579b64aeb85c095e06a3b6ce85e
2026-08-21 11:00:11 [main] INFO  t.g.io/epos-eric/metadata-database/deploy:main - Container ghcr.io/epos-eric/metadata-database/deploy:main started in PT3.909003603S
2026-08-21 11:00:11 [main] INFO  t.g.io/epos-eric/metadata-database/deploy:main - Container is started (JDBC URL: jdbc:postgresql://localhost:32791/cerif?loggerLevel=OFF)
2026-08-21 11:00:11 [main] INFO  com.zaxxer.hikari.HikariDataSource - metadata_catalogue - Starting...
2026-08-21 11:00:11 [main] INFO  com.zaxxer.hikari.pool.HikariPool - metadata_catalogue - Added connection org.postgresql.jdbc.PgConnection@689eab53
2026-08-21 11:00:11 [main] INFO  com.zaxxer.hikari.HikariDataSource - metadata_catalogue - Start completed.
2026-08-21 11:00:11 [main] INFO  com.zaxxer.hikari.HikariDataSource - metadata_catalogue - Shutdown initiated...
2026-08-21 11:00:11 [main] INFO  com.zaxxer.hikari.HikariDataSource - metadata_catalogue - Shutdown completed.
2026-08-21 11:00:11 [main] INFO  t.g.io/epos-eric/metadata-database/deploy:main - Creating container for image: ghcr.io/epos-eric/metadata-database/deploy:main
2026-08-21 11:00:12 [main] INFO  t.g.io/epos-eric/metadata-database/deploy:main - Container ghcr.io/epos-eric/metadata-database/deploy:main is starting: 996a0260299459e6c1ec0582f9426ed33e97e97703524c21b400043859f4c1e7
2026-08-21 11:00:15 [main] INFO  t.g.io/epos-eric/metadata-database/deploy:main - Container ghcr.io/epos-eric/metadata-database/deploy:main started in PT3.928700753S
2026-08-21 11:00:15 [main] INFO  t.g.io/epos-eric/metadata-database/deploy:main - Container is started (JDBC URL: jdbc:postgresql://localhost:32792/cerif?loggerLevel=OFF)
2026-08-21 11:00:15 [main] INFO  com.zaxxer.hikari.HikariDataSource - metadata_catalogue - Starting...
2026-08-21 11:00:15 [main] INFO  com.zaxxer.hikari.pool.HikariPool - metadata_catalogue - Added connection org.postgresql.jdbc.PgConnection@25134e01
2026-08-21 11:00:15 [main] INFO  com.zaxxer.hikari.HikariDataSource - metadata_catalogue - Start completed.
2026-08-21 11:00:16 [main] INFO  com.zaxxer.hikari.HikariDataSource - metadata_catalogue - Shutdown initiated...
2026-08-21 11:00:16 [main] INFO  com.zaxxer.hikari.HikariDataSource - metadata_catalogue - Shutdown completed.
2026-08-21 11:00:16 [main] INFO  t.g.io/epos-eric/metadata-database/deploy:main - Creating container for image: ghcr.io/epos-eric/metadata-database/deploy:main
2026-08-21 11:00:16 [main] INFO  t.g.io/epos-eric/metadata-database/deploy:main - Container ghcr.io/epos-eric/metadata-database/deploy:main is starting: c26e48f989bbf26979febf43046c700f4e6eb6d9cab0f85571714dbc0710f6f5
2026-08-21 11:00:20 [main] INFO  t.g.io/epos-eric/metadata-database/deploy:main - Container ghcr.io/epos-eric/metadata-database/deploy:main started in PT3.86817931S
2026-08-21 11:00:20 [main] INFO  t.g.io/epos-eric/metadata-database/deploy:main - Container is started (JDBC URL: jdbc:postgresql://localhost:32793/cerif?loggerLevel=OFF)
2026-08-21 11:00:20 [main] INFO  com.zaxxer.hikari.HikariDataSource - metadata_catalogue - Starting...
2026-08-21 11:00:20 [main] INFO  com.zaxxer.hikari.pool.HikariPool - metadata_catalogue - Added connection org.postgresql.jdbc.PgConnection@5a183fa6
2026-08-21 11:00:20 [main] INFO  com.zaxxer.hikari.HikariDataSource - metadata_catalogue - Start completed.
2026-08-21 11:00:20 [main] INFO  com.zaxxer.hikari.HikariDataSource - metadata_catalogue - Shutdown initiated...
2026-08-21 11:00:20 [main] INFO  com.zaxxer.hikari.HikariDataSource - metadata_catalogue - Shutdown completed.
2026-08-21 11:00:20 [main] INFO  t.g.io/epos-eric/metadata-database/deploy:main - Creating container for image: ghcr.io/epos-eric/metadata-database/deploy:main
2026-08-21 11:00:20 [main] INFO  t.g.io/epos-eric/metadata-database/deploy:main - Container ghcr.io/epos-eric/metadata-database/deploy:main is starting: d2363d76cb631731a356d1bee89cd600768f45e61a27593411f05a0306d509ff
2026-08-21 11:00:24 [main] INFO  t.g.io/epos-eric/metadata-database/deploy:main - Container ghcr.io/epos-eric/metadata-database/deploy:main started in PT3.930168168S
2026-08-21 11:00:24 [main] INFO  t.g.io/epos-eric/metadata-database/deploy:main - Container is started (JDBC URL: jdbc:postgresql://localhost:32794/cerif?loggerLevel=OFF)
2026-08-21 11:00:24 [main] INFO  com.zaxxer.hikari.HikariDataSource - metadata_catalogue - Starting...
2026-08-21 11:00:24 [main] INFO  com.zaxxer.hikari.pool.HikariPool - metadata_catalogue - Added connection org.postgresql.jdbc.PgConnection@eb5471c
2026-08-21 11:00:24 [main] INFO  com.zaxxer.hikari.HikariDataSource - metadata_catalogue - Start completed.
2026-08-21 11:00:24 [main] INFO  com.zaxxer.hikari.HikariDataSource - metadata_catalogue - Shutdown initiated...
2026-08-21 11:00:24 [main] INFO  com.zaxxer.hikari.HikariDataSource - metadata_catalogue - Shutdown completed.
2026-08-21 11:00:25 [main] INFO  t.g.io/epos-eric/metadata-database/deploy:main - Creating container for image: ghcr.io/epos-eric/metadata-database/deploy:main
2026-08-21 11:00:25 [main] INFO  t.g.io/epos-eric/metadata-database/deploy:main - Container ghcr.io/epos-eric/metadata-database/deploy:main is starting: 5a5de14474400a97f3d32893742208f71bd9dbfb189565150fe01395d3536d4d
2026-08-21 11:00:29 [main] INFO  t.g.io/epos-eric/metadata-database/deploy:main - Container ghcr.io/epos-eric/metadata-database/deploy:main started in PT4.302302269S
2026-08-21 11:00:29 [main] INFO  t.g.io/epos-eric/metadata-database/deploy:main - Container is started (JDBC URL: jdbc:postgresql://localhost:32795/cerif?loggerLevel=OFF)
2026-08-21 11:00:29 [main] INFO  com.zaxxer.hikari.HikariDataSource - metadata_catalogue - Starting...
2026-08-21 11:00:29 [main] INFO  com.zaxxer.hikari.pool.HikariPool - metadata_catalogue - Added connection org.postgresql.jdbc.PgConnection@1b7648f
2026-08-21 11:00:29 [main] INFO  com.zaxxer.hikari.HikariDataSource - metadata_catalogue - Start completed.
2026-08-21 11:00:29 [main] INFO  com.zaxxer.hikari.HikariDataSource - metadata_catalogue - Shutdown initiated...
2026-08-21 11:00:29 [main] INFO  com.zaxxer.hikari.HikariDataSource - metadata_catalogue - Shutdown completed.
2026-08-21 11:00:30 [main] INFO  t.g.io/epos-eric/metadata-database/deploy:main - Creating container for image: ghcr.io/epos-eric/metadata-database/deploy:main
2026-08-21 11:00:30 [main] INFO  t.g.io/epos-eric/metadata-database/deploy:main - Container ghcr.io/epos-eric/metadata-database/deploy:main is starting: 6cf4e96a50a5910b6ed13202135eedbaf7fe00c24879964591f7fd7acd71ceeb
2026-08-21 11:00:34 [main] INFO  t.g.io/epos-eric/metadata-database/deploy:main - Container ghcr.io/epos-eric/metadata-database/deploy:main started in PT3.982437341S
2026-08-21 11:00:34 [main] INFO  t.g.io/epos-eric/metadata-database/deploy:main - Container is started (JDBC URL: jdbc:postgresql://localhost:32796/cerif?loggerLevel=OFF)
2026-08-21 11:00:34 [main] INFO  com.zaxxer.hikari.HikariDataSource - metadata_catalogue - Starting...
2026-08-21 11:00:34 [main] INFO  com.zaxxer.hikari.pool.HikariPool - metadata_catalogue - Added connection org.postgresql.jdbc.PgConnection@26f50a28
2026-08-21 11:00:34 [main] INFO  com.zaxxer.hikari.HikariDataSource - metadata_catalogue - Start completed.
2026-08-21 11:00:34 [main] INFO  com.zaxxer.hikari.HikariDataSource - metadata_catalogue - Shutdown initiated...
2026-08-21 11:00:34 [main] INFO  com.zaxxer.hikari.HikariDataSource - metadata_catalogue - Shutdown completed.
2026-08-21 11:00:34 [main] INFO  t.g.io/epos-eric/metadata-database/deploy:main - Creating container for image: ghcr.io/epos-eric/metadata-database/deploy:main
2026-08-21 11:00:35 [main] INFO  t.g.io/epos-eric/metadata-database/deploy:main - Container ghcr.io/epos-eric/metadata-database/deploy:main is starting: 94eae2e69a15c563482fc4f5dd3dbb63776212e3d6c93ea086d6cee99ac23fb3
2026-08-21 11:00:38 [main] INFO  t.g.io/epos-eric/metadata-database/deploy:main - Container ghcr.io/epos-eric/metadata-database/deploy:main started in PT3.94809735S
2026-08-21 11:00:38 [main] INFO  t.g.io/epos-eric/metadata-database/deploy:main - Container is started (JDBC URL: jdbc:postgresql://localhost:32797/cerif?loggerLevel=OFF)
2026-08-21 11:00:38 [main] INFO  com.zaxxer.hikari.HikariDataSource - metadata_catalogue - Starting...
2026-08-21 11:00:38 [main] INFO  com.zaxxer.hikari.pool.HikariPool - metadata_catalogue - Added connection org.postgresql.jdbc.PgConnection@2b85fc
2026-08-21 11:00:38 [main] INFO  com.zaxxer.hikari.HikariDataSource - metadata_catalogue - Start completed.
2026-08-21 11:00:39 [main] INFO  com.zaxxer.hikari.HikariDataSource - metadata_catalogue - Shutdown initiated...
2026-08-21 11:00:39 [main] INFO  com.zaxxer.hikari.HikariDataSource - metadata_catalogue - Shutdown completed.
2026-08-21 11:00:39 [main] INFO  t.g.io/epos-eric/metadata-database/deploy:main - Creating container for image: ghcr.io/epos-eric/metadata-database/deploy:main
2026-08-21 11:00:39 [main] INFO  t.g.io/epos-eric/metadata-database/deploy:main - Container ghcr.io/epos-eric/metadata-database/deploy:main is starting: 731db60d6f4ac46a1c8a8cde45c4dc2bb00b082b537b71c475d43a66d9fd7204
2026-08-21 11:00:43 [main] INFO  t.g.io/epos-eric/metadata-database/deploy:main - Container ghcr.io/epos-eric/metadata-database/deploy:main started in PT4.046326612S
2026-08-21 11:00:43 [main] INFO  t.g.io/epos-eric/metadata-database/deploy:main - Container is started (JDBC URL: jdbc:postgresql://localhost:32798/cerif?loggerLevel=OFF)
2026-08-21 11:00:43 [main] INFO  com.zaxxer.hikari.HikariDataSource - metadata_catalogue - Starting...
2026-08-21 11:00:43 [main] INFO  com.zaxxer.hikari.pool.HikariPool - metadata_catalogue - Added connection org.postgresql.jdbc.PgConnection@51d2218e
2026-08-21 11:00:43 [main] INFO  com.zaxxer.hikari.HikariDataSource - metadata_catalogue - Start completed.
2026-08-21 11:00:44 [main] INFO  com.zaxxer.hikari.HikariDataSource - metadata_catalogue - Shutdown initiated...
2026-08-21 11:00:44 [main] INFO  com.zaxxer.hikari.HikariDataSource - metadata_catalogue - Shutdown completed.
2026-08-21 11:00:44 [main] INFO  t.g.io/epos-eric/metadata-database/deploy:main - Creating container for image: ghcr.io/epos-eric/metadata-database/deploy:main
2026-08-21 11:00:44 [main] INFO  t.g.io/epos-eric/metadata-database/deploy:main - Container ghcr.io/epos-eric/metadata-database/deploy:main is starting: fc51defa96c5b1a2310a29ed9f9cad8f2cc7d2b53a01487b29dc3e4f1f800a8d
2026-08-21 11:00:48 [main] INFO  t.g.io/epos-eric/metadata-database/deploy:main - Container ghcr.io/epos-eric/metadata-database/deploy:main started in PT3.872645189S
2026-08-21 11:00:48 [main] INFO  t.g.io/epos-eric/metadata-database/deploy:main - Container is started (JDBC URL: jdbc:postgresql://localhost:32799/cerif?loggerLevel=OFF)
2026-08-21 11:00:48 [main] INFO  com.zaxxer.hikari.HikariDataSource - metadata_catalogue - Starting...
2026-08-21 11:00:48 [main] INFO  com.zaxxer.hikari.pool.HikariPool - metadata_catalogue - Added connection org.postgresql.jdbc.PgConnection@3e590067
2026-08-21 11:00:48 [main] INFO  com.zaxxer.hikari.HikariDataSource - metadata_catalogue - Start completed.
2026-08-21 11:00:48 [main] INFO  com.zaxxer.hikari.HikariDataSource - metadata_catalogue - Shutdown initiated...
2026-08-21 11:00:48 [main] INFO  com.zaxxer.hikari.HikariDataSource - metadata_catalogue - Shutdown completed.
2026-08-21 11:00:48 [main] INFO  t.g.io/epos-eric/metadata-database/deploy:main - Creating container for image: ghcr.io/epos-eric/metadata-database/deploy:main
2026-08-21 11:00:49 [main] INFO  t.g.io/epos-eric/metadata-database/deploy:main - Container ghcr.io/epos-eric/metadata-database/deploy:main is starting: b3dcb0aa0575ba8fef04d0ed5c787e9e97c7fdb04740413d47894e5b285e6f9c
2026-08-21 11:00:52 [main] INFO  t.g.io/epos-eric/metadata-database/deploy:main - Container ghcr.io/epos-eric/metadata-database/deploy:main started in PT3.935674803S
2026-08-21 11:00:52 [main] INFO  t.g.io/epos-eric/metadata-database/deploy:main - Container is started (JDBC URL: jdbc:postgresql://localhost:32800/cerif?loggerLevel=OFF)
2026-08-21 11:00:52 [main] INFO  com.zaxxer.hikari.HikariDataSource - metadata_catalogue - Starting...
2026-08-21 11:00:52 [main] INFO  com.zaxxer.hikari.pool.HikariPool - metadata_catalogue - Added connection org.postgresql.jdbc.PgConnection@1791040d
2026-08-21 11:00:52 [main] INFO  com.zaxxer.hikari.HikariDataSource - metadata_catalogue - Start completed.
2026-08-21 11:00:53 [main] INFO  com.zaxxer.hikari.HikariDataSource - metadata_catalogue - Shutdown initiated...
2026-08-21 11:00:53 [main] INFO  com.zaxxer.hikari.HikariDataSource - metadata_catalogue - Shutdown completed.
2026-08-21 11:00:53 [main] INFO  t.g.io/epos-eric/metadata-database/deploy:main - Creating container for image: ghcr.io/epos-eric/metadata-database/deploy:main
2026-08-21 11:00:53 [main] INFO  t.g.io/epos-eric/metadata-database/deploy:main - Container ghcr.io/epos-eric/metadata-database/deploy:main is starting: 48a7382f2dd72657437462b7631ba7b06370962ec8f6272f19cbb0242ff5d042
2026-08-21 11:00:57 [main] INFO  t.g.io/epos-eric/metadata-database/deploy:main - Container ghcr.io/epos-eric/metadata-database/deploy:main started in PT4.20948363S
2026-08-21 11:00:57 [main] INFO  t.g.io/epos-eric/metadata-database/deploy:main - Container is started (JDBC URL: jdbc:postgresql://localhost:32801/cerif?loggerLevel=OFF)
2026-08-21 11:00:57 [main] INFO  com.zaxxer.hikari.HikariDataSource - metadata_catalogue - Starting...
2026-08-21 11:00:57 [main] INFO  com.zaxxer.hikari.pool.HikariPool - metadata_catalogue - Added connection org.postgresql.jdbc.PgConnection@4d0ec988
2026-08-21 11:00:57 [main] INFO  com.zaxxer.hikari.HikariDataSource - metadata_catalogue - Start completed.
2026-08-21 11:00:58 [main] INFO  com.zaxxer.hikari.HikariDataSource - metadata_catalogue - Shutdown initiated...
2026-08-21 11:00:58 [main] INFO  com.zaxxer.hikari.HikariDataSource - metadata_catalogue - Shutdown completed.
2026-08-21 11:00:58 [main] INFO  t.g.io/epos-eric/metadata-database/deploy:main - Creating container for image: ghcr.io/epos-eric/metadata-database/deploy:main
2026-08-21 11:00:58 [main] INFO  t.g.io/epos-eric/metadata-database/deploy:main - Container ghcr.io/epos-eric/metadata-database/deploy:main is starting: 6f2f3e70cae2ced4ce00eba0b063e6074fc77ac09d2e77bd06b0e458190c0798
2026-08-21 11:01:02 [main] INFO  t.g.io/epos-eric/metadata-database/deploy:main - Container ghcr.io/epos-eric/metadata-database/deploy:main started in PT3.796218704S
2026-08-21 11:01:02 [main] INFO  t.g.io/epos-eric/metadata-database/deploy:main - Container is started (JDBC URL: jdbc:postgresql://localhost:32802/cerif?loggerLevel=OFF)
2026-08-21 11:01:02 [main] INFO  com.zaxxer.hikari.HikariDataSource - metadata_catalogue - Starting...
2026-08-21 11:01:02 [main] INFO  com.zaxxer.hikari.pool.HikariPool - metadata_catalogue - Added connection org.postgresql.jdbc.PgConnection@39088acb
2026-08-21 11:01:02 [main] INFO  com.zaxxer.hikari.HikariDataSource - metadata_catalogue - Start completed.
2026-08-21 11:01:03 [main] INFO  com.zaxxer.hikari.HikariDataSource - metadata_catalogue - Shutdown initiated...
2026-08-21 11:01:03 [main] INFO  com.zaxxer.hikari.HikariDataSource - metadata_catalogue - Shutdown completed.
2026-08-21 11:01:03 [main] INFO  t.g.io/epos-eric/metadata-database/deploy:main - Creating container for image: ghcr.io/epos-eric/metadata-database/deploy:main
2026-08-21 11:01:03 [main] INFO  t.g.io/epos-eric/metadata-database/deploy:main - Container ghcr.io/epos-eric/metadata-database/deploy:main is starting: 77b8c4e005694063395dd36c8b4feb8effc9c3fbfcc0a9409f9cb971b4f4f81c
2026-08-21 11:01:07 [main] INFO  t.g.io/epos-eric/metadata-database/deploy:main - Container ghcr.io/epos-eric/metadata-database/deploy:main started in PT4.183714904S
2026-08-21 11:01:07 [main] INFO  t.g.io/epos-eric/metadata-database/deploy:main - Container is started (JDBC URL: jdbc:postgresql://localhost:32803/cerif?loggerLevel=OFF)
2026-08-21 11:01:07 [main] INFO  com.zaxxer.hikari.HikariDataSource - metadata_catalogue - Starting...
2026-08-21 11:01:07 [main] INFO  com.zaxxer.hikari.pool.HikariPool - metadata_catalogue - Added connection org.postgresql.jdbc.PgConnection@a47611a
2026-08-21 11:01:07 [main] INFO  com.zaxxer.hikari.HikariDataSource - metadata_catalogue - Start completed.
2026-08-21 11:01:08 [main] INFO  com.zaxxer.hikari.HikariDataSource - metadata_catalogue - Shutdown initiated...
2026-08-21 11:01:08 [main] INFO  com.zaxxer.hikari.HikariDataSource - metadata_catalogue - Shutdown completed.
2026-08-21 11:01:08 [main] INFO  t.g.io/epos-eric/metadata-database/deploy:main - Creating container for image: ghcr.io/epos-eric/metadata-database/deploy:main
2026-08-21 11:01:08 [main] INFO  t.g.io/epos-eric/metadata-database/deploy:main - Container ghcr.io/epos-eric/metadata-database/deploy:main is starting: f40783b97407ed2bbf1319ae3f4d1c75127c783295790e25fcfff8d187113f2d
2026-08-21 11:01:12 [main] INFO  t.g.io/epos-eric/metadata-database/deploy:main - Container ghcr.io/epos-eric/metadata-database/deploy:main started in PT3.986761818S
2026-08-21 11:01:12 [main] INFO  t.g.io/epos-eric/metadata-database/deploy:main - Container is started (JDBC URL: jdbc:postgresql://localhost:32804/cerif?loggerLevel=OFF)
2026-08-21 11:01:12 [main] INFO  com.zaxxer.hikari.HikariDataSource - metadata_catalogue - Starting...
2026-08-21 11:01:12 [main] INFO  com.zaxxer.hikari.pool.HikariPool - metadata_catalogue - Added connection org.postgresql.jdbc.PgConnection@501904ff
2026-08-21 11:01:12 [main] INFO  com.zaxxer.hikari.HikariDataSource - metadata_catalogue - Start completed.
2026-08-21 11:01:13 [main] INFO  com.zaxxer.hikari.HikariDataSource - metadata_catalogue - Shutdown initiated...
2026-08-21 11:01:13 [main] INFO  com.zaxxer.hikari.HikariDataSource - metadata_catalogue - Shutdown completed.
2026-08-21 11:01:13 [main] INFO  t.g.io/epos-eric/metadata-database/deploy:main - Creating container for image: ghcr.io/epos-eric/metadata-database/deploy:main
2026-08-21 11:01:13 [main] INFO  t.g.io/epos-eric/metadata-database/deploy:main - Container ghcr.io/epos-eric/metadata-database/deploy:main is starting: a7e56382c0a1bdbd7694a960933c5120d8e78ee3ecfa0205ac2670e5819a9c45
2026-08-21 11:01:17 [main] INFO  t.g.io/epos-eric/metadata-database/deploy:main - Container ghcr.io/epos-eric/metadata-database/deploy:main started in PT4.123490073S
2026-08-21 11:01:17 [main] INFO  t.g.io/epos-eric/metadata-database/deploy:main - Container is started (JDBC URL: jdbc:postgresql://localhost:32805/cerif?loggerLevel=OFF)
2026-08-21 11:01:17 [main] INFO  com.zaxxer.hikari.HikariDataSource - metadata_catalogue - Starting...
2026-08-21 11:01:17 [main] INFO  com.zaxxer.hikari.pool.HikariPool - metadata_catalogue - Added connection org.postgresql.jdbc.PgConnection@129e23fc
2026-08-21 11:01:17 [main] INFO  com.zaxxer.hikari.HikariDataSource - metadata_catalogue - Start completed.
2026-08-21 11:01:17 [main] INFO  com.zaxxer.hikari.HikariDataSource - metadata_catalogue - Shutdown initiated...
2026-08-21 11:01:17 [main] INFO  com.zaxxer.hikari.HikariDataSource - metadata_catalogue - Shutdown completed.
2026-08-21 11:01:18 [main] INFO  t.g.io/epos-eric/metadata-database/deploy:main - Creating container for image: ghcr.io/epos-eric/metadata-database/deploy:main
2026-08-21 11:01:18 [main] INFO  t.g.io/epos-eric/metadata-database/deploy:main - Container ghcr.io/epos-eric/metadata-database/deploy:main is starting: d95c26e8349c49910bd6d2f5da834d2257cc9d919b6b90c1b8cab8d5306ff315
2026-08-21 11:01:22 [main] INFO  t.g.io/epos-eric/metadata-database/deploy:main - Container ghcr.io/epos-eric/metadata-database/deploy:main started in PT4.57072879S
2026-08-21 11:01:22 [main] INFO  t.g.io/epos-eric/metadata-database/deploy:main - Container is started (JDBC URL: jdbc:postgresql://localhost:32806/cerif?loggerLevel=OFF)
2026-08-21 11:01:22 [main] INFO  com.zaxxer.hikari.HikariDataSource - metadata_catalogue - Starting...
2026-08-21 11:01:22 [main] INFO  com.zaxxer.hikari.pool.HikariPool - metadata_catalogue - Added connection org.postgresql.jdbc.PgConnection@28faece4
2026-08-21 11:01:22 [main] INFO  com.zaxxer.hikari.HikariDataSource - metadata_catalogue - Start completed.
2026-08-21 11:01:22 [main] INFO  com.zaxxer.hikari.HikariDataSource - metadata_catalogue - Shutdown initiated...
2026-08-21 11:01:22 [main] INFO  com.zaxxer.hikari.HikariDataSource - metadata_catalogue - Shutdown completed.
2026-08-21 11:01:23 [main] INFO  t.g.io/epos-eric/metadata-database/deploy:main - Creating container for image: ghcr.io/epos-eric/metadata-database/deploy:main
2026-08-21 11:01:23 [main] INFO  t.g.io/epos-eric/metadata-database/deploy:main - Container ghcr.io/epos-eric/metadata-database/deploy:main is starting: 6c07c3eec57870e523fd932d125971c4a10b3e18a0e6eb63dd1d646072937482
2026-08-21 11:01:27 [main] INFO  t.g.io/epos-eric/metadata-database/deploy:main - Container ghcr.io/epos-eric/metadata-database/deploy:main started in PT3.910732192S
2026-08-21 11:01:27 [main] INFO  t.g.io/epos-eric/metadata-database/deploy:main - Container is started (JDBC URL: jdbc:postgresql://localhost:32807/cerif?loggerLevel=OFF)
2026-08-21 11:01:27 [main] INFO  com.zaxxer.hikari.HikariDataSource - metadata_catalogue - Starting...
2026-08-21 11:01:27 [main] INFO  com.zaxxer.hikari.pool.HikariPool - metadata_catalogue - Added connection org.postgresql.jdbc.PgConnection@2d4c561b
2026-08-21 11:01:27 [main] INFO  com.zaxxer.hikari.HikariDataSource - metadata_catalogue - Start completed.
2026-08-21 11:01:27 [main] INFO  com.zaxxer.hikari.HikariDataSource - metadata_catalogue - Shutdown initiated...
2026-08-21 11:01:27 [main] INFO  com.zaxxer.hikari.HikariDataSource - metadata_catalogue - Shutdown completed.
2026-08-21 11:01:27 [main] INFO  t.g.io/epos-eric/metadata-database/deploy:main - Creating container for image: ghcr.io/epos-eric/metadata-database/deploy:main
2026-08-21 11:01:27 [main] INFO  t.g.io/epos-eric/metadata-database/deploy:main - Container ghcr.io/epos-eric/metadata-database/deploy:main is starting: de615c964c052b01581245ece1b3793812b5f5428a52f794d94ffa02a480e936
2026-08-21 11:01:31 [main] INFO  t.g.io/epos-eric/metadata-database/deploy:main - Container ghcr.io/epos-eric/metadata-database/deploy:main started in PT4.135109546S
2026-08-21 11:01:31 [main] INFO  t.g.io/epos-eric/metadata-database/deploy:main - Container is started (JDBC URL: jdbc:postgresql://localhost:32808/cerif?loggerLevel=OFF)
2026-08-21 11:01:31 [main] INFO  com.zaxxer.hikari.HikariDataSource - metadata_catalogue - Starting...
2026-08-21 11:01:31 [main] INFO  com.zaxxer.hikari.pool.HikariPool - metadata_catalogue - Added connection org.postgresql.jdbc.PgConnection@153daff
2026-08-21 11:01:31 [main] INFO  com.zaxxer.hikari.HikariDataSource - metadata_catalogue - Start completed.
2026-08-21 11:01:31 [main] INFO  com.zaxxer.hikari.HikariDataSource - metadata_catalogue - Shutdown initiated...
2026-08-21 11:01:31 [main] INFO  com.zaxxer.hikari.HikariDataSource - metadata_catalogue - Shutdown completed.
2026-08-21 11:01:32 [main] INFO  t.g.io/epos-eric/metadata-database/deploy:main - Creating container for image: ghcr.io/epos-eric/metadata-database/deploy:main
2026-08-21 11:01:32 [main] INFO  t.g.io/epos-eric/metadata-database/deploy:main - Container ghcr.io/epos-eric/metadata-database/deploy:main is starting: 824b3984185341050b7ced1bee8ae3c3dd376c4f97d5c04178242065bc741a95
2026-08-21 11:01:36 [main] INFO  t.g.io/epos-eric/metadata-database/deploy:main - Container ghcr.io/epos-eric/metadata-database/deploy:main started in PT3.848268521S
2026-08-21 11:01:36 [main] INFO  t.g.io/epos-eric/metadata-database/deploy:main - Container is started (JDBC URL: jdbc:postgresql://localhost:32809/cerif?loggerLevel=OFF)
2026-08-21 11:01:36 [main] INFO  com.zaxxer.hikari.HikariDataSource - metadata_catalogue - Starting...
2026-08-21 11:01:36 [main] INFO  com.zaxxer.hikari.pool.HikariPool - metadata_catalogue - Added connection org.postgresql.jdbc.PgConnection@63702e4
2026-08-21 11:01:36 [main] INFO  com.zaxxer.hikari.HikariDataSource - metadata_catalogue - Start completed.
2026-08-21 11:01:37 [main] INFO  com.zaxxer.hikari.HikariDataSource - metadata_catalogue - Shutdown initiated...
2026-08-21 11:01:37 [main] INFO  com.zaxxer.hikari.HikariDataSource - metadata_catalogue - Shutdown completed.
2026-08-21 11:01:37 [main] INFO  t.g.io/epos-eric/metadata-database/deploy:main - Creating container for image: ghcr.io/epos-eric/metadata-database/deploy:main
2026-08-21 11:01:37 [main] INFO  t.g.io/epos-eric/metadata-database/deploy:main - Container ghcr.io/epos-eric/metadata-database/deploy:main is starting: 76eaf40beb1b0af5e2cbdad5f0498727c7174a4a13dda2e2e3895af75532646c
2026-08-21 11:01:41 [main] INFO  t.g.io/epos-eric/metadata-database/deploy:main - Container ghcr.io/epos-eric/metadata-database/deploy:main started in PT4.02691643S
2026-08-21 11:01:41 [main] INFO  t.g.io/epos-eric/metadata-database/deploy:main - Container is started (JDBC URL: jdbc:postgresql://localhost:32810/cerif?loggerLevel=OFF)
2026-08-21 11:01:41 [main] INFO  com.zaxxer.hikari.HikariDataSource - metadata_catalogue - Starting...
2026-08-21 11:01:41 [main] INFO  com.zaxxer.hikari.pool.HikariPool - metadata_catalogue - Added connection org.postgresql.jdbc.PgConnection@39310988
2026-08-21 11:01:41 [main] INFO  com.zaxxer.hikari.HikariDataSource - metadata_catalogue - Start completed.
2026-08-21 11:01:41 [main] INFO  com.zaxxer.hikari.HikariDataSource - metadata_catalogue - Shutdown initiated...
2026-08-21 11:01:41 [main] INFO  com.zaxxer.hikari.HikariDataSource - metadata_catalogue - Shutdown completed.
2026-08-21 11:01:42 [main] INFO  t.g.io/epos-eric/metadata-database/deploy:main - Creating container for image: ghcr.io/epos-eric/metadata-database/deploy:main
2026-08-21 11:01:42 [main] INFO  t.g.io/epos-eric/metadata-database/deploy:main - Container ghcr.io/epos-eric/metadata-database/deploy:main is starting: 93867b0c0103d3f9790e5b9ef79da7a2deb2de5b6df3f156bba57cdd3871f7ac
2026-08-21 11:01:46 [main] INFO  t.g.io/epos-eric/metadata-database/deploy:main - Container ghcr.io/epos-eric/metadata-database/deploy:main started in PT4.275076667S
2026-08-21 11:01:46 [main] INFO  t.g.io/epos-eric/metadata-database/deploy:main - Container is started (JDBC URL: jdbc:postgresql://localhost:32811/cerif?loggerLevel=OFF)
2026-08-21 11:01:46 [main] INFO  com.zaxxer.hikari.HikariDataSource - metadata_catalogue - Starting...
2026-08-21 11:01:46 [main] INFO  com.zaxxer.hikari.pool.HikariPool - metadata_catalogue - Added connection org.postgresql.jdbc.PgConnection@3e650f4
2026-08-21 11:01:46 [main] INFO  com.zaxxer.hikari.HikariDataSource - metadata_catalogue - Start completed.
2026-08-21 11:01:46 [main] INFO  com.zaxxer.hikari.HikariDataSource - metadata_catalogue - Shutdown initiated...
2026-08-21 11:01:46 [main] INFO  com.zaxxer.hikari.HikariDataSource - metadata_catalogue - Shutdown completed.
2026-08-21 11:01:47 [main] INFO  t.g.io/epos-eric/metadata-database/deploy:main - Creating container for image: ghcr.io/epos-eric/metadata-database/deploy:main
2026-08-21 11:01:47 [main] INFO  t.g.io/epos-eric/metadata-database/deploy:main - Container ghcr.io/epos-eric/metadata-database/deploy:main is starting: a76056cee65004eeee246e77f5018eaded718251bdc4c33f4801da771a1e7a14
2026-08-21 11:01:51 [main] INFO  t.g.io/epos-eric/metadata-database/deploy:main - Container ghcr.io/epos-eric/metadata-database/deploy:main started in PT4.094524038S
2026-08-21 11:01:51 [main] INFO  t.g.io/epos-eric/metadata-database/deploy:main - Container is started (JDBC URL: jdbc:postgresql://localhost:32812/cerif?loggerLevel=OFF)
2026-08-21 11:01:51 [main] INFO  com.zaxxer.hikari.HikariDataSource - metadata_catalogue - Starting...
2026-08-21 11:01:51 [main] INFO  com.zaxxer.hikari.pool.HikariPool - metadata_catalogue - Added connection org.postgresql.jdbc.PgConnection@51f2d03c
2026-08-21 11:01:51 [main] INFO  com.zaxxer.hikari.HikariDataSource - metadata_catalogue - Start completed.
2026-08-21 11:01:51 [main] INFO  com.zaxxer.hikari.HikariDataSource - metadata_catalogue - Shutdown initiated...
2026-08-21 11:01:51 [main] INFO  com.zaxxer.hikari.HikariDataSource - metadata_catalogue - Shutdown completed.
2026-08-21 11:01:51 [main] INFO  t.g.io/epos-eric/metadata-database/deploy:main - Creating container for image: ghcr.io/epos-eric/metadata-database/deploy:main
2026-08-21 11:01:51 [main] INFO  t.g.io/epos-eric/metadata-database/deploy:main - Container ghcr.io/epos-eric/metadata-database/deploy:main is starting: 26c2a2a772fe699f167ae3887b91bce35d2acf0cbb60c9c95fe4e6782e543a69
2026-08-21 11:01:55 [main] INFO  t.g.io/epos-eric/metadata-database/deploy:main - Container ghcr.io/epos-eric/metadata-database/deploy:main started in PT4.218083138S
2026-08-21 11:01:55 [main] INFO  t.g.io/epos-eric/metadata-database/deploy:main - Container is started (JDBC URL: jdbc:postgresql://localhost:32813/cerif?loggerLevel=OFF)
2026-08-21 11:01:55 [main] INFO  com.zaxxer.hikari.HikariDataSource - metadata_catalogue - Starting...
2026-08-21 11:01:55 [main] INFO  com.zaxxer.hikari.pool.HikariPool - metadata_catalogue - Added connection org.postgresql.jdbc.PgConnection@1bbd0cdc
2026-08-21 11:01:55 [main] INFO  com.zaxxer.hikari.HikariDataSource - metadata_catalogue - Start completed.
2026-08-21 11:01:56 [main] INFO  com.zaxxer.hikari.HikariDataSource - metadata_catalogue - Shutdown initiated...
2026-08-21 11:01:56 [main] INFO  com.zaxxer.hikari.HikariDataSource - metadata_catalogue - Shutdown completed.
2026-08-21 11:01:56 [main] INFO  t.g.io/epos-eric/metadata-database/deploy:main - Creating container for image: ghcr.io/epos-eric/metadata-database/deploy:main
2026-08-21 11:01:56 [main] INFO  t.g.io/epos-eric/metadata-database/deploy:main - Container ghcr.io/epos-eric/metadata-database/deploy:main is starting: 79f5284d24ea4b92f2966ab78ab2a91a341d1d79d6f57c8bc44eada85e59e4e9
2026-08-21 11:02:01 [main] INFO  t.g.io/epos-eric/metadata-database/deploy:main - Container ghcr.io/epos-eric/metadata-database/deploy:main started in PT4.377986155S
2026-08-21 11:02:01 [main] INFO  t.g.io/epos-eric/metadata-database/deploy:main - Container is started (JDBC URL: jdbc:postgresql://localhost:32814/cerif?loggerLevel=OFF)
2026-08-21 11:02:01 [main] INFO  com.zaxxer.hikari.HikariDataSource - metadata_catalogue - Starting...
2026-08-21 11:02:01 [main] INFO  com.zaxxer.hikari.pool.HikariPool - metadata_catalogue - Added connection org.postgresql.jdbc.PgConnection@164d9b42
2026-08-21 11:02:01 [main] INFO  com.zaxxer.hikari.HikariDataSource - metadata_catalogue - Start completed.
2026-08-21 11:02:01 [main] INFO  com.zaxxer.hikari.HikariDataSource - metadata_catalogue - Shutdown initiated...
2026-08-21 11:02:01 [main] INFO  com.zaxxer.hikari.HikariDataSource - metadata_catalogue - Shutdown completed.
2026-08-21 11:02:02 [main] INFO  t.g.io/epos-eric/metadata-database/deploy:main - Creating container for image: ghcr.io/epos-eric/metadata-database/deploy:main
2026-08-21 11:02:02 [main] INFO  t.g.io/epos-eric/metadata-database/deploy:main - Container ghcr.io/epos-eric/metadata-database/deploy:main is starting: 814a8246e27c7a4bbc11f2ac422ba5d0a4b828edf0104ea0449888dd29e4bcb9
2026-08-21 11:02:06 [main] INFO  t.g.io/epos-eric/metadata-database/deploy:main - Container ghcr.io/epos-eric/metadata-database/deploy:main started in PT4.801740558S
2026-08-21 11:02:06 [main] INFO  t.g.io/epos-eric/metadata-database/deploy:main - Container is started (JDBC URL: jdbc:postgresql://localhost:32815/cerif?loggerLevel=OFF)
2026-08-21 11:02:06 [main] INFO  com.zaxxer.hikari.HikariDataSource - metadata_catalogue - Starting...
2026-08-21 11:02:06 [main] INFO  com.zaxxer.hikari.pool.HikariPool - metadata_catalogue - Added connection org.postgresql.jdbc.PgConnection@3713ac8c
2026-08-21 11:02:06 [main] INFO  com.zaxxer.hikari.HikariDataSource - metadata_catalogue - Start completed.
2026-08-21 11:02:08 [main] INFO  com.zaxxer.hikari.HikariDataSource - metadata_catalogue - Shutdown initiated...
2026-08-21 11:02:08 [main] INFO  com.zaxxer.hikari.HikariDataSource - metadata_catalogue - Shutdown completed.
2026-08-21 11:02:08 [main] INFO  t.g.io/epos-eric/metadata-database/deploy:main - Creating container for image: ghcr.io/epos-eric/metadata-database/deploy:main
2026-08-21 11:02:09 [main] INFO  t.g.io/epos-eric/metadata-database/deploy:main - Container ghcr.io/epos-eric/metadata-database/deploy:main is starting: 0673f4a390c54b5b2c05e9599211c131aa6e4e990f5afa50107b9f1fc7daeb35
2026-08-21 11:02:13 [main] INFO  t.g.io/epos-eric/metadata-database/deploy:main - Container ghcr.io/epos-eric/metadata-database/deploy:main started in PT4.318491665S
2026-08-21 11:02:13 [main] INFO  t.g.io/epos-eric/metadata-database/deploy:main - Container is started (JDBC URL: jdbc:postgresql://localhost:32816/cerif?loggerLevel=OFF)
2026-08-21 11:02:13 [main] INFO  com.zaxxer.hikari.HikariDataSource - metadata_catalogue - Starting...
2026-08-21 11:02:13 [main] INFO  com.zaxxer.hikari.pool.HikariPool - metadata_catalogue - Added connection org.postgresql.jdbc.PgConnection@1ac642de
2026-08-21 11:02:13 [main] INFO  com.zaxxer.hikari.HikariDataSource - metadata_catalogue - Start completed.
2026-08-21 11:02:13 [main] INFO  com.zaxxer.hikari.HikariDataSource - metadata_catalogue - Shutdown initiated...
2026-08-21 11:02:13 [main] INFO  com.zaxxer.hikari.HikariDataSource - metadata_catalogue - Shutdown completed.
2026-08-21 11:02:13 [main] INFO  t.g.io/epos-eric/metadata-database/deploy:main - Creating container for image: ghcr.io/epos-eric/metadata-database/deploy:main
2026-08-21 11:02:13 [main] INFO  t.g.io/epos-eric/metadata-database/deploy:main - Container ghcr.io/epos-eric/metadata-database/deploy:main is starting: b4908561002a707774893e6ca0ce12abfb8c839f730480dd9592acd536c1b8a6
2026-08-21 11:02:17 [main] INFO  t.g.io/epos-eric/metadata-database/deploy:main - Container ghcr.io/epos-eric/metadata-database/deploy:main started in PT3.865302364S
2026-08-21 11:02:17 [main] INFO  t.g.io/epos-eric/metadata-database/deploy:main - Container is started (JDBC URL: jdbc:postgresql://localhost:32817/cerif?loggerLevel=OFF)
2026-08-21 11:02:17 [main] INFO  com.zaxxer.hikari.HikariDataSource - metadata_catalogue - Starting...
2026-08-21 11:02:17 [main] INFO  com.zaxxer.hikari.pool.HikariPool - metadata_catalogue - Added connection org.postgresql.jdbc.PgConnection@4c9c9ad1
2026-08-21 11:02:17 [main] INFO  com.zaxxer.hikari.HikariDataSource - metadata_catalogue - Start completed.
2026-08-21 11:02:17 [main] INFO  com.zaxxer.hikari.HikariDataSource - metadata_catalogue - Shutdown initiated...
2026-08-21 11:02:17 [main] INFO  com.zaxxer.hikari.HikariDataSource - metadata_catalogue - Shutdown completed.
2026-08-21 11:02:17 [main] INFO  t.g.io/epos-eric/metadata-database/deploy:main - Creating container for image: ghcr.io/epos-eric/metadata-database/deploy:main
2026-08-21 11:02:17 [main] INFO  t.g.io/epos-eric/metadata-database/deploy:main - Container ghcr.io/epos-eric/metadata-database/deploy:main is starting: 53c2985987ca84ad792e599ed2ba2ac55b50aea2f25fc697f0335eb32ec92a84
2026-08-21 11:02:21 [main] INFO  t.g.io/epos-eric/metadata-database/deploy:main - Container ghcr.io/epos-eric/metadata-database/deploy:main started in PT4.038647044S
2026-08-21 11:02:21 [main] INFO  t.g.io/epos-eric/metadata-database/deploy:main - Container is started (JDBC URL: jdbc:postgresql://localhost:32818/cerif?loggerLevel=OFF)
2026-08-21 11:02:21 [main] INFO  com.zaxxer.hikari.HikariDataSource - metadata_catalogue - Starting...
2026-08-21 11:02:21 [main] INFO  com.zaxxer.hikari.pool.HikariPool - metadata_catalogue - Added connection org.postgresql.jdbc.PgConnection@3e386977
2026-08-21 11:02:21 [main] INFO  com.zaxxer.hikari.HikariDataSource - metadata_catalogue - Start completed.
2026-08-21 11:02:22 [main] INFO  com.zaxxer.hikari.HikariDataSource - metadata_catalogue - Shutdown initiated...
2026-08-21 11:02:22 [main] INFO  com.zaxxer.hikari.HikariDataSource - metadata_catalogue - Shutdown completed.
2026-08-21 11:02:22 [main] INFO  t.g.io/epos-eric/metadata-database/deploy:main - Creating container for image: ghcr.io/epos-eric/metadata-database/deploy:main
2026-08-21 11:02:22 [main] INFO  t.g.io/epos-eric/metadata-database/deploy:main - Container ghcr.io/epos-eric/metadata-database/deploy:main is starting: cd96e63ca5e61d36d3ecf85dde5ecac885e903ca3c46f9ca8b6c8a8635fd7a25
2026-08-21 11:02:26 [main] INFO  t.g.io/epos-eric/metadata-database/deploy:main - Container ghcr.io/epos-eric/metadata-database/deploy:main started in PT3.838734052S
2026-08-21 11:02:26 [main] INFO  t.g.io/epos-eric/metadata-database/deploy:main - Container is started (JDBC URL: jdbc:postgresql://localhost:32819/cerif?loggerLevel=OFF)
2026-08-21 11:02:26 [main] INFO  com.zaxxer.hikari.HikariDataSource - metadata_catalogue - Starting...
2026-08-21 11:02:26 [main] INFO  com.zaxxer.hikari.pool.HikariPool - metadata_catalogue - Added connection org.postgresql.jdbc.PgConnection@34de5821
2026-08-21 11:02:26 [main] INFO  com.zaxxer.hikari.HikariDataSource - metadata_catalogue - Start completed.
2026-08-21 11:02:26 [main] INFO  com.zaxxer.hikari.HikariDataSource - metadata_catalogue - Shutdown initiated...
2026-08-21 11:02:26 [main] INFO  com.zaxxer.hikari.HikariDataSource - metadata_catalogue - Shutdown completed.
2026-08-21 11:02:26 [main] INFO  t.g.io/epos-eric/metadata-database/deploy:main - Creating container for image: ghcr.io/epos-eric/metadata-database/deploy:main
2026-08-21 11:02:27 [main] INFO  t.g.io/epos-eric/metadata-database/deploy:main - Container ghcr.io/epos-eric/metadata-database/deploy:main is starting: 39417aecc2500313dd38776ccacd3733ccc7b78d560f44a847f3c3b69079072b
2026-08-21 11:02:30 [main] INFO  t.g.io/epos-eric/metadata-database/deploy:main - Container ghcr.io/epos-eric/metadata-database/deploy:main started in PT3.887835606S
2026-08-21 11:02:30 [main] INFO  t.g.io/epos-eric/metadata-database/deploy:main - Container is started (JDBC URL: jdbc:postgresql://localhost:32820/cerif?loggerLevel=OFF)
2026-08-21 11:02:30 [main] INFO  com.zaxxer.hikari.HikariDataSource - metadata_catalogue - Starting...
2026-08-21 11:02:30 [main] INFO  com.zaxxer.hikari.pool.HikariPool - metadata_catalogue - Added connection org.postgresql.jdbc.PgConnection@40e8c117
2026-08-21 11:02:30 [main] INFO  com.zaxxer.hikari.HikariDataSource - metadata_catalogue - Start completed.
2026-08-21 11:02:31 [main] INFO  com.zaxxer.hikari.HikariDataSource - metadata_catalogue - Shutdown initiated...
2026-08-21 11:02:31 [main] INFO  com.zaxxer.hikari.HikariDataSource - metadata_catalogue - Shutdown completed.
2026-08-21 11:02:31 [main] INFO  t.g.io/epos-eric/metadata-database/deploy:main - Creating container for image: ghcr.io/epos-eric/metadata-database/deploy:main
2026-08-21 11:02:31 [main] INFO  t.g.io/epos-eric/metadata-database/deploy:main - Container ghcr.io/epos-eric/metadata-database/deploy:main is starting: de871ec8a230e051b14c6304402e13b9b61b2ac07d7661b0978cc402a35e33b1
2026-08-21 11:02:35 [main] INFO  t.g.io/epos-eric/metadata-database/deploy:main - Container ghcr.io/epos-eric/metadata-database/deploy:main started in PT4.070022024S
2026-08-21 11:02:35 [main] INFO  t.g.io/epos-eric/metadata-database/deploy:main - Container is started (JDBC URL: jdbc:postgresql://localhost:32821/cerif?loggerLevel=OFF)
2026-08-21 11:02:35 [main] INFO  com.zaxxer.hikari.HikariDataSource - metadata_catalogue - Starting...
2026-08-21 11:02:35 [main] INFO  com.zaxxer.hikari.pool.HikariPool - metadata_catalogue - Added connection org.postgresql.jdbc.PgConnection@13628209
2026-08-21 11:02:35 [main] INFO  com.zaxxer.hikari.HikariDataSource - metadata_catalogue - Start completed.
2026-08-21 11:02:35 [main] INFO  com.zaxxer.hikari.HikariDataSource - metadata_catalogue - Shutdown initiated...
2026-08-21 11:02:35 [main] INFO  com.zaxxer.hikari.HikariDataSource - metadata_catalogue - Shutdown completed.
2026-08-21 11:02:36 [main] INFO  t.g.io/epos-eric/metadata-database/deploy:main - Creating container for image: ghcr.io/epos-eric/metadata-database/deploy:main
2026-08-21 11:02:36 [main] INFO  t.g.io/epos-eric/metadata-database/deploy:main - Container ghcr.io/epos-eric/metadata-database/deploy:main is starting: 7cb0aecba920585b9441868a367a047fcca108236c6641338be4885fc976a8da
2026-08-21 11:02:40 [main] INFO  t.g.io/epos-eric/metadata-database/deploy:main - Container ghcr.io/epos-eric/metadata-database/deploy:main started in PT4.365003785S
2026-08-21 11:02:40 [main] INFO  t.g.io/epos-eric/metadata-database/deploy:main - Container is started (JDBC URL: jdbc:postgresql://localhost:32822/cerif?loggerLevel=OFF)
2026-08-21 11:02:40 [main] INFO  com.zaxxer.hikari.HikariDataSource - metadata_catalogue - Starting...
2026-08-21 11:02:40 [main] INFO  com.zaxxer.hikari.pool.HikariPool - metadata_catalogue - Added connection org.postgresql.jdbc.PgConnection@ec0fa12
2026-08-21 11:02:40 [main] INFO  com.zaxxer.hikari.HikariDataSource - metadata_catalogue - Start completed.
2026-08-21 11:02:40 [main] INFO  com.zaxxer.hikari.HikariDataSource - metadata_catalogue - Shutdown initiated...
2026-08-21 11:02:40 [main] INFO  com.zaxxer.hikari.HikariDataSource - metadata_catalogue - Shutdown completed.
2026-08-21 11:02:41 [main] INFO  t.g.io/epos-eric/metadata-database/deploy:main - Creating container for image: ghcr.io/epos-eric/metadata-database/deploy:main
2026-08-21 11:02:41 [main] INFO  t.g.io/epos-eric/metadata-database/deploy:main - Container ghcr.io/epos-eric/metadata-database/deploy:main is starting: 0a7a4716249d875870f26cf55ca30dcf5c3da512d31d5562206e3acd952e44fb
2026-08-21 11:02:45 [main] INFO  t.g.io/epos-eric/metadata-database/deploy:main - Container ghcr.io/epos-eric/metadata-database/deploy:main started in PT4.040501097S
2026-08-21 11:02:45 [main] INFO  t.g.io/epos-eric/metadata-database/deploy:main - Container is started (JDBC URL: jdbc:postgresql://localhost:32823/cerif?loggerLevel=OFF)
2026-08-21 11:02:45 [main] INFO  com.zaxxer.hikari.HikariDataSource - metadata_catalogue - Starting...
2026-08-21 11:02:45 [main] INFO  com.zaxxer.hikari.pool.HikariPool - metadata_catalogue - Added connection org.postgresql.jdbc.PgConnection@2b374da4
2026-08-21 11:02:45 [main] INFO  com.zaxxer.hikari.HikariDataSource - metadata_catalogue - Start completed.
2026-08-21 11:02:45 [main] INFO  com.zaxxer.hikari.HikariDataSource - metadata_catalogue - Shutdown initiated...
2026-08-21 11:02:45 [main] INFO  com.zaxxer.hikari.HikariDataSource - metadata_catalogue - Shutdown completed.
2026-08-21 11:02:45 [main] INFO  t.g.io/epos-eric/metadata-database/deploy:main - Creating container for image: ghcr.io/epos-eric/metadata-database/deploy:main
2026-08-21 11:02:45 [main] INFO  t.g.io/epos-eric/metadata-database/deploy:main - Container ghcr.io/epos-eric/metadata-database/deploy:main is starting: 3a676a20700e822c0c93c50e37aa7e882f639940f621d660b375320c509aeec9
2026-08-21 11:02:49 [main] INFO  t.g.io/epos-eric/metadata-database/deploy:main - Container ghcr.io/epos-eric/metadata-database/deploy:main started in PT3.860943856S
2026-08-21 11:02:49 [main] INFO  t.g.io/epos-eric/metadata-database/deploy:main - Container is started (JDBC URL: jdbc:postgresql://localhost:32824/cerif?loggerLevel=OFF)
2026-08-21 11:02:49 [main] INFO  com.zaxxer.hikari.HikariDataSource - metadata_catalogue - Starting...
2026-08-21 11:02:49 [main] INFO  com.zaxxer.hikari.pool.HikariPool - metadata_catalogue - Added connection org.postgresql.jdbc.PgConnection@f53ebe2
2026-08-21 11:02:49 [main] INFO  com.zaxxer.hikari.HikariDataSource - metadata_catalogue - Start completed.
2026-08-21 11:02:49 [main] INFO  com.zaxxer.hikari.HikariDataSource - metadata_catalogue - Shutdown initiated...
2026-08-21 11:02:49 [main] INFO  com.zaxxer.hikari.HikariDataSource - metadata_catalogue - Shutdown completed.
2026-08-21 11:02:50 [main] INFO  t.g.io/epos-eric/metadata-database/deploy:main - Creating container for image: ghcr.io/epos-eric/metadata-database/deploy:main
2026-08-21 11:02:50 [main] INFO  t.g.io/epos-eric/metadata-database/deploy:main - Container ghcr.io/epos-eric/metadata-database/deploy:main is starting: f1fc79f1d5ca36492997779eed26d000991571517e211304fceac9514160e0c8
2026-08-21 11:02:54 [main] INFO  t.g.io/epos-eric/metadata-database/deploy:main - Container ghcr.io/epos-eric/metadata-database/deploy:main started in PT4.434838063S
2026-08-21 11:02:54 [main] INFO  t.g.io/epos-eric/metadata-database/deploy:main - Container is started (JDBC URL: jdbc:postgresql://localhost:32825/cerif?loggerLevel=OFF)
2026-08-21 11:02:54 [main] INFO  com.zaxxer.hikari.HikariDataSource - metadata_catalogue - Starting...
2026-08-21 11:02:54 [main] INFO  com.zaxxer.hikari.pool.HikariPool - metadata_catalogue - Added connection org.postgresql.jdbc.PgConnection@56417d28
2026-08-21 11:02:54 [main] INFO  com.zaxxer.hikari.HikariDataSource - metadata_catalogue - Start completed.
2026-08-21 11:02:54 [main] INFO  com.zaxxer.hikari.HikariDataSource - metadata_catalogue - Shutdown initiated...
2026-08-21 11:02:54 [main] INFO  com.zaxxer.hikari.HikariDataSource - metadata_catalogue - Shutdown completed.
2026-08-21 11:02:55 [main] INFO  t.g.io/epos-eric/metadata-database/deploy:main - Creating container for image: ghcr.io/epos-eric/metadata-database/deploy:main
2026-08-21 11:02:55 [main] INFO  t.g.io/epos-eric/metadata-database/deploy:main - Container ghcr.io/epos-eric/metadata-database/deploy:main is starting: 3e2059bcb0cda110b10bf8efba4fe34f922d4935b540c120a6acade8a8654855
2026-08-21 11:02:59 [main] INFO  t.g.io/epos-eric/metadata-database/deploy:main - Container ghcr.io/epos-eric/metadata-database/deploy:main started in PT4.018254193S
2026-08-21 11:02:59 [main] INFO  t.g.io/epos-eric/metadata-database/deploy:main - Container is started (JDBC URL: jdbc:postgresql://localhost:32826/cerif?loggerLevel=OFF)
2026-08-21 11:02:59 [main] INFO  com.zaxxer.hikari.HikariDataSource - metadata_catalogue - Starting...
2026-08-21 11:02:59 [main] INFO  com.zaxxer.hikari.pool.HikariPool - metadata_catalogue - Added connection org.postgresql.jdbc.PgConnection@5249cd6
2026-08-21 11:02:59 [main] INFO  com.zaxxer.hikari.HikariDataSource - metadata_catalogue - Start completed.
2026-08-21 11:03:00 [main] INFO  com.zaxxer.hikari.HikariDataSource - metadata_catalogue - Shutdown initiated...
2026-08-21 11:03:00 [main] INFO  com.zaxxer.hikari.HikariDataSource - metadata_catalogue - Shutdown completed.
2026-08-21 11:03:00 [main] INFO  t.g.io/epos-eric/metadata-database/deploy:main - Creating container for image: ghcr.io/epos-eric/metadata-database/deploy:main
2026-08-21 11:03:00 [main] INFO  t.g.io/epos-eric/metadata-database/deploy:main - Container ghcr.io/epos-eric/metadata-database/deploy:main is starting: dc972af5c2dc7424bc929fefa80024737cfb3b8ea9d33afa9b90caf8cfd0fa70
2026-08-21 11:03:04 [main] INFO  t.g.io/epos-eric/metadata-database/deploy:main - Container ghcr.io/epos-eric/metadata-database/deploy:main started in PT4.334189484S
2026-08-21 11:03:04 [main] INFO  t.g.io/epos-eric/metadata-database/deploy:main - Container is started (JDBC URL: jdbc:postgresql://localhost:32827/cerif?loggerLevel=OFF)
2026-08-21 11:03:04 [main] INFO  com.zaxxer.hikari.HikariDataSource - metadata_catalogue - Starting...
2026-08-21 11:03:04 [main] INFO  com.zaxxer.hikari.pool.HikariPool - metadata_catalogue - Added connection org.postgresql.jdbc.PgConnection@17c521e0
2026-08-21 11:03:04 [main] INFO  com.zaxxer.hikari.HikariDataSource - metadata_catalogue - Start completed.
2026-08-21 11:03:04 [main] INFO  com.zaxxer.hikari.HikariDataSource - metadata_catalogue - Shutdown initiated...
2026-08-21 11:03:04 [main] INFO  com.zaxxer.hikari.HikariDataSource - metadata_catalogue - Shutdown completed.
2026-08-21 11:03:05 [main] INFO  t.g.io/epos-eric/metadata-database/deploy:main - Creating container for image: ghcr.io/epos-eric/metadata-database/deploy:main
2026-08-21 11:03:05 [main] INFO  t.g.io/epos-eric/metadata-database/deploy:main - Container ghcr.io/epos-eric/metadata-database/deploy:main is starting: 59a98ab515a84f973316098699d35c0af0fc4fe54addc1e3633fa47a556ac1f7
2026-08-21 11:03:08 [main] INFO  t.g.io/epos-eric/metadata-database/deploy:main - Container ghcr.io/epos-eric/metadata-database/deploy:main started in PT3.872718231S
2026-08-21 11:03:08 [main] INFO  t.g.io/epos-eric/metadata-database/deploy:main - Container is started (JDBC URL: jdbc:postgresql://localhost:32828/cerif?loggerLevel=OFF)
2026-08-21 11:03:08 [main] INFO  com.zaxxer.hikari.HikariDataSource - metadata_catalogue - Starting...
2026-08-21 11:03:08 [main] INFO  com.zaxxer.hikari.pool.HikariPool - metadata_catalogue - Added connection org.postgresql.jdbc.PgConnection@51d9da4f
2026-08-21 11:03:08 [main] INFO  com.zaxxer.hikari.HikariDataSource - metadata_catalogue - Start completed.
2026-08-21 11:03:09 [main] INFO  com.zaxxer.hikari.HikariDataSource - metadata_catalogue - Shutdown initiated...
2026-08-21 11:03:09 [main] INFO  com.zaxxer.hikari.HikariDataSource - metadata_catalogue - Shutdown completed.
2026-08-21 11:03:09 [main] INFO  t.g.io/epos-eric/metadata-database/deploy:main - Creating container for image: ghcr.io/epos-eric/metadata-database/deploy:main
2026-08-21 11:03:09 [main] INFO  t.g.io/epos-eric/metadata-database/deploy:main - Container ghcr.io/epos-eric/metadata-database/deploy:main is starting: 2533a6b2a3f20ea797781a3faa18bf6a9d5f1f35fc651fa51a80cc993e3ed659
2026-08-21 11:03:13 [main] INFO  t.g.io/epos-eric/metadata-database/deploy:main - Container ghcr.io/epos-eric/metadata-database/deploy:main started in PT4.154156054S
2026-08-21 11:03:13 [main] INFO  t.g.io/epos-eric/metadata-database/deploy:main - Container is started (JDBC URL: jdbc:postgresql://localhost:32829/cerif?loggerLevel=OFF)
2026-08-21 11:03:13 [main] INFO  com.zaxxer.hikari.HikariDataSource - metadata_catalogue - Starting...
2026-08-21 11:03:13 [main] INFO  com.zaxxer.hikari.pool.HikariPool - metadata_catalogue - Added connection org.postgresql.jdbc.PgConnection@f973a72
2026-08-21 11:03:13 [main] INFO  com.zaxxer.hikari.HikariDataSource - metadata_catalogue - Start completed.
2026-08-21 11:03:13 [main] INFO  com.zaxxer.hikari.HikariDataSource - metadata_catalogue - Shutdown initiated...
2026-08-21 11:03:13 [main] INFO  com.zaxxer.hikari.HikariDataSource - metadata_catalogue - Shutdown completed.
2026-08-21 11:03:14 [main] INFO  t.g.io/epos-eric/metadata-database/deploy:main - Creating container for image: ghcr.io/epos-eric/metadata-database/deploy:main
2026-08-21 11:03:14 [main] INFO  t.g.io/epos-eric/metadata-database/deploy:main - Container ghcr.io/epos-eric/metadata-database/deploy:main is starting: a191f4f03caf6fc3449409d44855eb2b737d3a9019f6ce45f6c0d4b4bdeb8276
2026-08-21 11:03:17 [main] INFO  t.g.io/epos-eric/metadata-database/deploy:main - Container ghcr.io/epos-eric/metadata-database/deploy:main started in PT3.909859954S
2026-08-21 11:03:17 [main] INFO  t.g.io/epos-eric/metadata-database/deploy:main - Container is started (JDBC URL: jdbc:postgresql://localhost:32830/cerif?loggerLevel=OFF)
2026-08-21 11:03:17 [main] INFO  com.zaxxer.hikari.HikariDataSource - metadata_catalogue - Starting...
2026-08-21 11:03:18 [main] INFO  com.zaxxer.hikari.pool.HikariPool - metadata_catalogue - Added connection org.postgresql.jdbc.PgConnection@57652b9b
2026-08-21 11:03:18 [main] INFO  com.zaxxer.hikari.HikariDataSource - metadata_catalogue - Start completed.
2026-08-21 11:03:18 [main] INFO  com.zaxxer.hikari.HikariDataSource - metadata_catalogue - Shutdown initiated...
2026-08-21 11:03:18 [main] INFO  com.zaxxer.hikari.HikariDataSource - metadata_catalogue - Shutdown completed.
2026-08-21 11:03:18 [main] INFO  t.g.io/epos-eric/metadata-database/deploy:main - Creating container for image: ghcr.io/epos-eric/metadata-database/deploy:main
2026-08-21 11:03:18 [main] INFO  t.g.io/epos-eric/metadata-database/deploy:main - Container ghcr.io/epos-eric/metadata-database/deploy:main is starting: 465c4a28c6f82cc2a971daeeed45cab05011003530397c1c4d7ce7b671bf939b
2026-08-21 11:03:22 [main] INFO  t.g.io/epos-eric/metadata-database/deploy:main - Container ghcr.io/epos-eric/metadata-database/deploy:main started in PT4.002968689S
2026-08-21 11:03:22 [main] INFO  t.g.io/epos-eric/metadata-database/deploy:main - Container is started (JDBC URL: jdbc:postgresql://localhost:32831/cerif?loggerLevel=OFF)
2026-08-21 11:03:22 [main] INFO  com.zaxxer.hikari.HikariDataSource - metadata_catalogue - Starting...
2026-08-21 11:03:22 [main] INFO  com.zaxxer.hikari.pool.HikariPool - metadata_catalogue - Added connection org.postgresql.jdbc.PgConnection@5df429f8
2026-08-21 11:03:22 [main] INFO  com.zaxxer.hikari.HikariDataSource - metadata_catalogue - Start completed.
2026-08-21 11:03:22 [main] INFO  com.zaxxer.hikari.HikariDataSource - metadata_catalogue - Shutdown initiated...
2026-08-21 11:03:22 [main] INFO  com.zaxxer.hikari.HikariDataSource - metadata_catalogue - Shutdown completed.
2026-08-21 11:03:23 [main] INFO  t.g.io/epos-eric/metadata-database/deploy:main - Creating container for image: ghcr.io/epos-eric/metadata-database/deploy:main
2026-08-21 11:03:23 [main] INFO  t.g.io/epos-eric/metadata-database/deploy:main - Container ghcr.io/epos-eric/metadata-database/deploy:main is starting: 3b44aa3792bd5e50df87a10e6ceca267b5713d52c837e229b126b15f8b80b457
2026-08-21 11:03:26 [main] INFO  t.g.io/epos-eric/metadata-database/deploy:main - Container ghcr.io/epos-eric/metadata-database/deploy:main started in PT3.912096961S
2026-08-21 11:03:26 [main] INFO  t.g.io/epos-eric/metadata-database/deploy:main - Container is started (JDBC URL: jdbc:postgresql://localhost:32832/cerif?loggerLevel=OFF)
2026-08-21 11:03:26 [main] INFO  com.zaxxer.hikari.HikariDataSource - metadata_catalogue - Starting...
2026-08-21 11:03:27 [main] INFO  com.zaxxer.hikari.pool.HikariPool - metadata_catalogue - Added connection org.postgresql.jdbc.PgConnection@3836dcde
2026-08-21 11:03:27 [main] INFO  com.zaxxer.hikari.HikariDataSource - metadata_catalogue - Start completed.
2026-08-21 11:03:27 [main] INFO  com.zaxxer.hikari.HikariDataSource - metadata_catalogue - Shutdown initiated...
2026-08-21 11:03:27 [main] INFO  com.zaxxer.hikari.HikariDataSource - metadata_catalogue - Shutdown completed.
2026-08-21 11:03:27 [main] INFO  t.g.io/epos-eric/metadata-database/deploy:main - Creating container for image: ghcr.io/epos-eric/metadata-database/deploy:main
2026-08-21 11:03:27 [main] INFO  t.g.io/epos-eric/metadata-database/deploy:main - Container ghcr.io/epos-eric/metadata-database/deploy:main is starting: 465f53205fdc1e6aacd2ac77a61733c8bca8dfd97630500c0e4ab44087f32ed7
2026-08-21 11:03:31 [main] INFO  t.g.io/epos-eric/metadata-database/deploy:main - Container ghcr.io/epos-eric/metadata-database/deploy:main started in PT3.854681058S
2026-08-21 11:03:31 [main] INFO  t.g.io/epos-eric/metadata-database/deploy:main - Container is started (JDBC URL: jdbc:postgresql://localhost:32833/cerif?loggerLevel=OFF)
2026-08-21 11:03:31 [main] INFO  com.zaxxer.hikari.HikariDataSource - metadata_catalogue - Starting...
2026-08-21 11:03:31 [main] INFO  com.zaxxer.hikari.pool.HikariPool - metadata_catalogue - Added connection org.postgresql.jdbc.PgConnection@4acc819c
2026-08-21 11:03:31 [main] INFO  com.zaxxer.hikari.HikariDataSource - metadata_catalogue - Start completed.
2026-08-21 11:03:31 [main] INFO  com.zaxxer.hikari.HikariDataSource - metadata_catalogue - Shutdown initiated...
2026-08-21 11:03:31 [main] INFO  com.zaxxer.hikari.HikariDataSource - metadata_catalogue - Shutdown completed.
2026-08-21 11:03:31 [main] INFO  t.g.io/epos-eric/metadata-database/deploy:main - Creating container for image: ghcr.io/epos-eric/metadata-database/deploy:main
2026-08-21 11:03:32 [main] INFO  t.g.io/epos-eric/metadata-database/deploy:main - Container ghcr.io/epos-eric/metadata-database/deploy:main is starting: 61a13f2b960b22f505569e7bbffed68eacc28e58a85707a6c10209ef9636aa95
2026-08-21 11:03:36 [main] INFO  t.g.io/epos-eric/metadata-database/deploy:main - Container ghcr.io/epos-eric/metadata-database/deploy:main started in PT4.456040877S
2026-08-21 11:03:36 [main] INFO  t.g.io/epos-eric/metadata-database/deploy:main - Container is started (JDBC URL: jdbc:postgresql://localhost:32834/cerif?loggerLevel=OFF)
2026-08-21 11:03:36 [main] INFO  com.zaxxer.hikari.HikariDataSource - metadata_catalogue - Starting...
2026-08-21 11:03:36 [main] INFO  com.zaxxer.hikari.pool.HikariPool - metadata_catalogue - Added connection org.postgresql.jdbc.PgConnection@24386857
2026-08-21 11:03:36 [main] INFO  com.zaxxer.hikari.HikariDataSource - metadata_catalogue - Start completed.
2026-08-21 11:03:36 [main] INFO  com.zaxxer.hikari.HikariDataSource - metadata_catalogue - Shutdown initiated...
2026-08-21 11:03:36 [main] INFO  com.zaxxer.hikari.HikariDataSource - metadata_catalogue - Shutdown completed.
2026-08-21 11:03:37 [main] INFO  t.g.io/epos-eric/metadata-database/deploy:main - Creating container for image: ghcr.io/epos-eric/metadata-database/deploy:main
2026-08-21 11:03:37 [main] INFO  t.g.io/epos-eric/metadata-database/deploy:main - Container ghcr.io/epos-eric/metadata-database/deploy:main is starting: 6974fd19e5dc3e4a3771f8ad0160e4bb9869e931e446631dd5fb4e27d73b759e
2026-08-21 11:03:41 [main] INFO  t.g.io/epos-eric/metadata-database/deploy:main - Container ghcr.io/epos-eric/metadata-database/deploy:main started in PT3.942419619S
2026-08-21 11:03:41 [main] INFO  t.g.io/epos-eric/metadata-database/deploy:main - Container is started (JDBC URL: jdbc:postgresql://localhost:32835/cerif?loggerLevel=OFF)
2026-08-21 11:03:41 [main] INFO  com.zaxxer.hikari.HikariDataSource - metadata_catalogue - Starting...
2026-08-21 11:03:41 [main] INFO  com.zaxxer.hikari.pool.HikariPool - metadata_catalogue - Added connection org.postgresql.jdbc.PgConnection@2e62903f
2026-08-21 11:03:41 [main] INFO  com.zaxxer.hikari.HikariDataSource - metadata_catalogue - Start completed.
2026-08-21 11:03:41 [main] INFO  com.zaxxer.hikari.HikariDataSource - metadata_catalogue - Shutdown initiated...
2026-08-21 11:03:41 [main] INFO  com.zaxxer.hikari.HikariDataSource - metadata_catalogue - Shutdown completed.
2026-08-21 11:03:41 [main] INFO  t.g.io/epos-eric/metadata-database/deploy:main - Creating container for image: ghcr.io/epos-eric/metadata-database/deploy:main
2026-08-21 11:03:41 [main] INFO  t.g.io/epos-eric/metadata-database/deploy:main - Container ghcr.io/epos-eric/metadata-database/deploy:main is starting: 2517ed18db7a993d4dd5d44fa8dc09eff645dd88ea5ffd1cd8e8716cc3654736
2026-08-21 11:03:45 [main] INFO  t.g.io/epos-eric/metadata-database/deploy:main - Container ghcr.io/epos-eric/metadata-database/deploy:main started in PT4.170681222S
2026-08-21 11:03:45 [main] INFO  t.g.io/epos-eric/metadata-database/deploy:main - Container is started (JDBC URL: jdbc:postgresql://localhost:32836/cerif?loggerLevel=OFF)
2026-08-21 11:03:45 [main] INFO  com.zaxxer.hikari.HikariDataSource - metadata_catalogue - Starting...
2026-08-21 11:03:45 [main] INFO  com.zaxxer.hikari.pool.HikariPool - metadata_catalogue - Added connection org.postgresql.jdbc.PgConnection@776e78ab
2026-08-21 11:03:45 [main] INFO  com.zaxxer.hikari.HikariDataSource - metadata_catalogue - Start completed.
2026-08-21 11:03:46 [main] INFO  com.zaxxer.hikari.HikariDataSource - metadata_catalogue - Shutdown initiated...
2026-08-21 11:03:46 [main] INFO  com.zaxxer.hikari.HikariDataSource - metadata_catalogue - Shutdown completed.
2026-08-21 11:03:46 [main] INFO  t.g.io/epos-eric/metadata-database/deploy:main - Creating container for image: ghcr.io/epos-eric/metadata-database/deploy:main
2026-08-21 11:03:46 [main] INFO  t.g.io/epos-eric/metadata-database/deploy:main - Container ghcr.io/epos-eric/metadata-database/deploy:main is starting: 2af250d46d81dbf7c980a878ba982341282db4b1456122e5936b4d8157c0fd36
2026-08-21 11:03:50 [main] INFO  t.g.io/epos-eric/metadata-database/deploy:main - Container ghcr.io/epos-eric/metadata-database/deploy:main started in PT3.99961332S
2026-08-21 11:03:50 [main] INFO  t.g.io/epos-eric/metadata-database/deploy:main - Container is started (JDBC URL: jdbc:postgresql://localhost:32837/cerif?loggerLevel=OFF)
2026-08-21 11:03:50 [main] INFO  com.zaxxer.hikari.HikariDataSource - metadata_catalogue - Starting...
2026-08-21 11:03:50 [main] INFO  com.zaxxer.hikari.pool.HikariPool - metadata_catalogue - Added connection org.postgresql.jdbc.PgConnection@52335665
2026-08-21 11:03:50 [main] INFO  com.zaxxer.hikari.HikariDataSource - metadata_catalogue - Start completed.
2026-08-21 11:03:50 [main] INFO  com.zaxxer.hikari.HikariDataSource - metadata_catalogue - Shutdown initiated...
2026-08-21 11:03:50 [main] INFO  com.zaxxer.hikari.HikariDataSource - metadata_catalogue - Shutdown completed.
2026-08-21 11:03:51 [main] INFO  t.g.io/epos-eric/metadata-database/deploy:main - Creating container for image: ghcr.io/epos-eric/metadata-database/deploy:main
2026-08-21 11:03:51 [main] INFO  t.g.io/epos-eric/metadata-database/deploy:main - Container ghcr.io/epos-eric/metadata-database/deploy:main is starting: 6a0c7961b01efeeb67c70c29971d75e144b9e25cab5e9d1341d972177bfa93f0
2026-08-21 11:03:55 [main] INFO  t.g.io/epos-eric/metadata-database/deploy:main - Container ghcr.io/epos-eric/metadata-database/deploy:main started in PT4.16247037S
2026-08-21 11:03:55 [main] INFO  t.g.io/epos-eric/metadata-database/deploy:main - Container is started (JDBC URL: jdbc:postgresql://localhost:32838/cerif?loggerLevel=OFF)
2026-08-21 11:03:55 [main] INFO  com.zaxxer.hikari.HikariDataSource - metadata_catalogue - Starting...
2026-08-21 11:03:55 [main] INFO  com.zaxxer.hikari.pool.HikariPool - metadata_catalogue - Added connection org.postgresql.jdbc.PgConnection@793b0e87
2026-08-21 11:03:55 [main] INFO  com.zaxxer.hikari.HikariDataSource - metadata_catalogue - Start completed.
2026-08-21 11:03:55 [main] INFO  com.zaxxer.hikari.HikariDataSource - metadata_catalogue - Shutdown initiated...
2026-08-21 11:03:55 [main] INFO  com.zaxxer.hikari.HikariDataSource - metadata_catalogue - Shutdown completed.
2026-08-21 11:03:55 [main] INFO  t.g.io/epos-eric/metadata-database/deploy:main - Creating container for image: ghcr.io/epos-eric/metadata-database/deploy:main
2026-08-21 11:03:55 [main] INFO  t.g.io/epos-eric/metadata-database/deploy:main - Container ghcr.io/epos-eric/metadata-database/deploy:main is starting: cbdd1cdd470785067846ab57e63aca7a71a1c4ba064c46e2413a5d313185b7ac
2026-08-21 11:03:59 [main] INFO  t.g.io/epos-eric/metadata-database/deploy:main - Container ghcr.io/epos-eric/metadata-database/deploy:main started in PT4.098355511S
2026-08-21 11:03:59 [main] INFO  t.g.io/epos-eric/metadata-database/deploy:main - Container is started (JDBC URL: jdbc:postgresql://localhost:32839/cerif?loggerLevel=OFF)
2026-08-21 11:03:59 [main] INFO  com.zaxxer.hikari.HikariDataSource - metadata_catalogue - Starting...
2026-08-21 11:03:59 [main] INFO  com.zaxxer.hikari.pool.HikariPool - metadata_catalogue - Added connection org.postgresql.jdbc.PgConnection@4bd7af76
2026-08-21 11:03:59 [main] INFO  com.zaxxer.hikari.HikariDataSource - metadata_catalogue - Start completed.
2026-08-21 11:03:59 [main] INFO  com.zaxxer.hikari.HikariDataSource - metadata_catalogue - Shutdown initiated...
2026-08-21 11:03:59 [main] INFO  com.zaxxer.hikari.HikariDataSource - metadata_catalogue - Shutdown completed.
2026-08-21 11:04:00 [main] INFO  t.g.io/epos-eric/metadata-database/deploy:main - Creating container for image: ghcr.io/epos-eric/metadata-database/deploy:main
2026-08-21 11:04:00 [main] INFO  t.g.io/epos-eric/metadata-database/deploy:main - Container ghcr.io/epos-eric/metadata-database/deploy:main is starting: f11a97905498cbbe86c24c2e2fa5ba059a8bacbea90c5ea05214d5951b336726
2026-08-21 11:04:04 [main] INFO  t.g.io/epos-eric/metadata-database/deploy:main - Container ghcr.io/epos-eric/metadata-database/deploy:main started in PT4.210265615S
2026-08-21 11:04:04 [main] INFO  t.g.io/epos-eric/metadata-database/deploy:main - Container is started (JDBC URL: jdbc:postgresql://localhost:32840/cerif?loggerLevel=OFF)
2026-08-21 11:04:04 [main] INFO  com.zaxxer.hikari.HikariDataSource - metadata_catalogue - Starting...
2026-08-21 11:04:04 [main] INFO  com.zaxxer.hikari.pool.HikariPool - metadata_catalogue - Added connection org.postgresql.jdbc.PgConnection@4a3ab00a
2026-08-21 11:04:04 [main] INFO  com.zaxxer.hikari.HikariDataSource - metadata_catalogue - Start completed.
2026-08-21 11:04:04 [main] INFO  com.zaxxer.hikari.HikariDataSource - metadata_catalogue - Shutdown initiated...
2026-08-21 11:04:04 [main] INFO  com.zaxxer.hikari.HikariDataSource - metadata_catalogue - Shutdown completed.
2026-08-21 11:04:05 [main] INFO  t.g.io/epos-eric/metadata-database/deploy:main - Creating container for image: ghcr.io/epos-eric/metadata-database/deploy:main
2026-08-21 11:04:05 [main] INFO  t.g.io/epos-eric/metadata-database/deploy:main - Container ghcr.io/epos-eric/metadata-database/deploy:main is starting: 9a3f3b9f76a097a1d79101c3582679dd9c99a818c4d3eb2938ef996f4f33128a
2026-08-21 11:04:09 [main] INFO  t.g.io/epos-eric/metadata-database/deploy:main - Container ghcr.io/epos-eric/metadata-database/deploy:main started in PT4.347754412S
2026-08-21 11:04:09 [main] INFO  t.g.io/epos-eric/metadata-database/deploy:main - Container is started (JDBC URL: jdbc:postgresql://localhost:32841/cerif?loggerLevel=OFF)
2026-08-21 11:04:09 [main] INFO  com.zaxxer.hikari.HikariDataSource - metadata_catalogue - Starting...
2026-08-21 11:04:09 [main] INFO  com.zaxxer.hikari.pool.HikariPool - metadata_catalogue - Added connection org.postgresql.jdbc.PgConnection@36680dba
2026-08-21 11:04:09 [main] INFO  com.zaxxer.hikari.HikariDataSource - metadata_catalogue - Start completed.
2026-08-21 11:04:09 [main] INFO  com.zaxxer.hikari.HikariDataSource - metadata_catalogue - Shutdown initiated...
2026-08-21 11:04:09 [main] INFO  com.zaxxer.hikari.HikariDataSource - metadata_catalogue - Shutdown completed.
2026-08-21 11:04:09 [main] INFO  t.g.io/epos-eric/metadata-database/deploy:main - Creating container for image: ghcr.io/epos-eric/metadata-database/deploy:main
2026-08-21 11:04:10 [main] INFO  t.g.io/epos-eric/metadata-database/deploy:main - Container ghcr.io/epos-eric/metadata-database/deploy:main is starting: 952fae4b402f1be88bb316782ad8095c9dc00b05be12ad3133465a8e55c3cc2f
2026-08-21 11:04:13 [main] INFO  t.g.io/epos-eric/metadata-database/deploy:main - Container ghcr.io/epos-eric/metadata-database/deploy:main started in PT3.921594115S
2026-08-21 11:04:13 [main] INFO  t.g.io/epos-eric/metadata-database/deploy:main - Container is started (JDBC URL: jdbc:postgresql://localhost:32842/cerif?loggerLevel=OFF)
2026-08-21 11:04:13 [main] INFO  com.zaxxer.hikari.HikariDataSource - metadata_catalogue - Starting...
2026-08-21 11:04:13 [main] INFO  com.zaxxer.hikari.pool.HikariPool - metadata_catalogue - Added connection org.postgresql.jdbc.PgConnection@327adcb2
2026-08-21 11:04:13 [main] INFO  com.zaxxer.hikari.HikariDataSource - metadata_catalogue - Start completed.
2026-08-21 11:04:14 [main] INFO  com.zaxxer.hikari.HikariDataSource - metadata_catalogue - Shutdown initiated...
2026-08-21 11:04:14 [main] INFO  com.zaxxer.hikari.HikariDataSource - metadata_catalogue - Shutdown completed.
2026-08-21 11:04:14 [main] INFO  t.g.io/epos-eric/metadata-database/deploy:main - Creating container for image: ghcr.io/epos-eric/metadata-database/deploy:main
2026-08-21 11:04:14 [main] INFO  t.g.io/epos-eric/metadata-database/deploy:main - Container ghcr.io/epos-eric/metadata-database/deploy:main is starting: 9fe4494f1eb6515682f0c16a27ee8af264d1473883425930ff0a2da56bd68a1d
2026-08-21 11:04:18 [main] INFO  t.g.io/epos-eric/metadata-database/deploy:main - Container ghcr.io/epos-eric/metadata-database/deploy:main started in PT3.826709684S
2026-08-21 11:04:18 [main] INFO  t.g.io/epos-eric/metadata-database/deploy:main - Container is started (JDBC URL: jdbc:postgresql://localhost:32843/cerif?loggerLevel=OFF)
2026-08-21 11:04:18 [main] INFO  com.zaxxer.hikari.HikariDataSource - metadata_catalogue - Starting...
2026-08-21 11:04:18 [main] INFO  com.zaxxer.hikari.pool.HikariPool - metadata_catalogue - Added connection org.postgresql.jdbc.PgConnection@1ddc70f9
2026-08-21 11:04:18 [main] INFO  com.zaxxer.hikari.HikariDataSource - metadata_catalogue - Start completed.
2026-08-21 11:04:18 [main] INFO  com.zaxxer.hikari.HikariDataSource - metadata_catalogue - Shutdown initiated...
2026-08-21 11:04:18 [main] INFO  com.zaxxer.hikari.HikariDataSource - metadata_catalogue - Shutdown completed.
2026-08-21 11:04:19 [main] INFO  t.g.io/epos-eric/metadata-database/deploy:main - Creating container for image: ghcr.io/epos-eric/metadata-database/deploy:main
2026-08-21 11:04:19 [main] INFO  t.g.io/epos-eric/metadata-database/deploy:main - Container ghcr.io/epos-eric/metadata-database/deploy:main is starting: 6938947eacb7e93d12a61410f5dc0e864248d9a3155c26eedf9c05bb3293b19e
2026-08-21 11:04:23 [main] INFO  t.g.io/epos-eric/metadata-database/deploy:main - Container ghcr.io/epos-eric/metadata-database/deploy:main started in PT4.193221345S
2026-08-21 11:04:23 [main] INFO  t.g.io/epos-eric/metadata-database/deploy:main - Container is started (JDBC URL: jdbc:postgresql://localhost:32844/cerif?loggerLevel=OFF)
2026-08-21 11:04:23 [main] INFO  com.zaxxer.hikari.HikariDataSource - metadata_catalogue - Starting...
2026-08-21 11:04:23 [main] INFO  com.zaxxer.hikari.pool.HikariPool - metadata_catalogue - Added connection org.postgresql.jdbc.PgConnection@4c8ce6c7
2026-08-21 11:04:23 [main] INFO  com.zaxxer.hikari.HikariDataSource - metadata_catalogue - Start completed.
2026-08-21 11:04:26 [main] INFO  com.zaxxer.hikari.HikariDataSource - metadata_catalogue - Shutdown initiated...
2026-08-21 11:04:26 [main] INFO  com.zaxxer.hikari.HikariDataSource - metadata_catalogue - Shutdown completed.
2026-08-21 11:04:26 [main] INFO  t.g.io/epos-eric/metadata-database/deploy:main - Creating container for image: ghcr.io/epos-eric/metadata-database/deploy:main
2026-08-21 11:04:26 [main] INFO  t.g.io/epos-eric/metadata-database/deploy:main - Container ghcr.io/epos-eric/metadata-database/deploy:main is starting: 0298ab3e61750e68ef162f1d51e718995c0ab847ac3c3f014bcc9870141dcd32
2026-08-21 11:04:30 [main] INFO  t.g.io/epos-eric/metadata-database/deploy:main - Container ghcr.io/epos-eric/metadata-database/deploy:main started in PT3.815889251S
2026-08-21 11:04:30 [main] INFO  t.g.io/epos-eric/metadata-database/deploy:main - Container is started (JDBC URL: jdbc:postgresql://localhost:32845/cerif?loggerLevel=OFF)
2026-08-21 11:04:30 [main] INFO  com.zaxxer.hikari.HikariDataSource - metadata_catalogue - Starting...
2026-08-21 11:04:30 [main] INFO  com.zaxxer.hikari.pool.HikariPool - metadata_catalogue - Added connection org.postgresql.jdbc.PgConnection@3956b782
2026-08-21 11:04:30 [main] INFO  com.zaxxer.hikari.HikariDataSource - metadata_catalogue - Start completed.
2026-08-21 11:04:31 [main] INFO  com.zaxxer.hikari.HikariDataSource - metadata_catalogue - Shutdown initiated...
2026-08-21 11:04:31 [main] INFO  com.zaxxer.hikari.HikariDataSource - metadata_catalogue - Shutdown completed.
2026-08-21 11:04:31 [main] INFO  t.g.io/epos-eric/metadata-database/deploy:main - Creating container for image: ghcr.io/epos-eric/metadata-database/deploy:main
2026-08-21 11:04:31 [main] INFO  t.g.io/epos-eric/metadata-database/deploy:main - Container ghcr.io/epos-eric/metadata-database/deploy:main is starting: 7e25deaaf30f28374c5f7a39fdd605bb148e81bc4e50be58d49d0f6a76b315dd
2026-08-21 11:04:35 [main] INFO  t.g.io/epos-eric/metadata-database/deploy:main - Container ghcr.io/epos-eric/metadata-database/deploy:main started in PT3.983608005S
2026-08-21 11:04:35 [main] INFO  t.g.io/epos-eric/metadata-database/deploy:main - Container is started (JDBC URL: jdbc:postgresql://localhost:32846/cerif?loggerLevel=OFF)
2026-08-21 11:04:35 [main] INFO  com.zaxxer.hikari.HikariDataSource - metadata_catalogue - Starting...
2026-08-21 11:04:35 [main] INFO  com.zaxxer.hikari.pool.HikariPool - metadata_catalogue - Added connection org.postgresql.jdbc.PgConnection@70870e28
2026-08-21 11:04:35 [main] INFO  com.zaxxer.hikari.HikariDataSource - metadata_catalogue - Start completed.
2026-08-21 11:04:35 [main] INFO  com.zaxxer.hikari.HikariDataSource - metadata_catalogue - Shutdown initiated...
2026-08-21 11:04:35 [main] INFO  com.zaxxer.hikari.HikariDataSource - metadata_catalogue - Shutdown completed.
2026-08-21 11:04:35 [main] INFO  t.g.io/epos-eric/metadata-database/deploy:main - Creating container for image: ghcr.io/epos-eric/metadata-database/deploy:main
2026-08-21 11:04:36 [main] INFO  t.g.io/epos-eric/metadata-database/deploy:main - Container ghcr.io/epos-eric/metadata-database/deploy:main is starting: ec7ed2be31d8b49798d5c8b549b0fe5173ebc544a85875f71a62ef2e4353d149
2026-08-21 11:04:39 [main] INFO  t.g.io/epos-eric/metadata-database/deploy:main - Container ghcr.io/epos-eric/metadata-database/deploy:main started in PT4.010896368S
2026-08-21 11:04:39 [main] INFO  t.g.io/epos-eric/metadata-database/deploy:main - Container is started (JDBC URL: jdbc:postgresql://localhost:32847/cerif?loggerLevel=OFF)
2026-08-21 11:04:39 [main] INFO  com.zaxxer.hikari.HikariDataSource - metadata_catalogue - Starting...
2026-08-21 11:04:39 [main] INFO  com.zaxxer.hikari.pool.HikariPool - metadata_catalogue - Added connection org.postgresql.jdbc.PgConnection@76df6c27
2026-08-21 11:04:39 [main] INFO  com.zaxxer.hikari.HikariDataSource - metadata_catalogue - Start completed.
2026-08-21 11:04:40 [main] INFO  com.zaxxer.hikari.HikariDataSource - metadata_catalogue - Shutdown initiated...
2026-08-21 11:04:40 [main] INFO  com.zaxxer.hikari.HikariDataSource - metadata_catalogue - Shutdown completed.
2026-08-21 11:04:40 [main] INFO  t.g.io/epos-eric/metadata-database/deploy:main - Creating container for image: ghcr.io/epos-eric/metadata-database/deploy:main
2026-08-21 11:04:40 [main] INFO  t.g.io/epos-eric/metadata-database/deploy:main - Container ghcr.io/epos-eric/metadata-database/deploy:main is starting: e5eebb4f384e566bd2cefe074a67b39e4179e558a0ca8dd5abeac4c1e7f2c9f8
2026-08-21 11:04:44 [main] INFO  t.g.io/epos-eric/metadata-database/deploy:main - Container ghcr.io/epos-eric/metadata-database/deploy:main started in PT4.407545896S
2026-08-21 11:04:44 [main] INFO  t.g.io/epos-eric/metadata-database/deploy:main - Container is started (JDBC URL: jdbc:postgresql://localhost:32848/cerif?loggerLevel=OFF)
2026-08-21 11:04:44 [main] INFO  com.zaxxer.hikari.HikariDataSource - metadata_catalogue - Starting...
2026-08-21 11:04:44 [main] INFO  com.zaxxer.hikari.pool.HikariPool - metadata_catalogue - Added connection org.postgresql.jdbc.PgConnection@2a204127
2026-08-21 11:04:44 [main] INFO  com.zaxxer.hikari.HikariDataSource - metadata_catalogue - Start completed.
2026-08-21 11:04:45 [main] INFO  com.zaxxer.hikari.HikariDataSource - metadata_catalogue - Shutdown initiated...
2026-08-21 11:04:45 [main] INFO  com.zaxxer.hikari.HikariDataSource - metadata_catalogue - Shutdown completed.
2026-08-21 11:04:45 [main] INFO  t.g.io/epos-eric/metadata-database/deploy:main - Creating container for image: ghcr.io/epos-eric/metadata-database/deploy:main
2026-08-21 11:04:45 [main] INFO  t.g.io/epos-eric/metadata-database/deploy:main - Container ghcr.io/epos-eric/metadata-database/deploy:main is starting: a34d00e76a4c8cf5024890697e8d44304bed1bb05bba87bfebc1caa2add5fea7
2026-08-21 11:04:49 [main] INFO  t.g.io/epos-eric/metadata-database/deploy:main - Container ghcr.io/epos-eric/metadata-database/deploy:main started in PT3.714070409S
2026-08-21 11:04:49 [main] INFO  t.g.io/epos-eric/metadata-database/deploy:main - Container is started (JDBC URL: jdbc:postgresql://localhost:32849/cerif?loggerLevel=OFF)
2026-08-21 11:04:49 [main] INFO  com.zaxxer.hikari.HikariDataSource - metadata_catalogue - Starting...
2026-08-21 11:04:49 [main] INFO  com.zaxxer.hikari.pool.HikariPool - metadata_catalogue - Added connection org.postgresql.jdbc.PgConnection@b352efe
2026-08-21 11:04:49 [main] INFO  com.zaxxer.hikari.HikariDataSource - metadata_catalogue - Start completed.
2026-08-21 11:04:49 [main] INFO  com.zaxxer.hikari.HikariDataSource - metadata_catalogue - Shutdown initiated...
2026-08-21 11:04:49 [main] INFO  com.zaxxer.hikari.HikariDataSource - metadata_catalogue - Shutdown completed.
2026-08-21 11:04:49 [main] INFO  t.g.io/epos-eric/metadata-database/deploy:main - Creating container for image: ghcr.io/epos-eric/metadata-database/deploy:main
2026-08-21 11:04:50 [main] INFO  t.g.io/epos-eric/metadata-database/deploy:main - Container ghcr.io/epos-eric/metadata-database/deploy:main is starting: b3b5fe36cd48bef6f354f993a439ab82a6fafa41346e0188198ebf6cdc3822bf
2026-08-21 11:04:53 [main] INFO  t.g.io/epos-eric/metadata-database/deploy:main - Container ghcr.io/epos-eric/metadata-database/deploy:main started in PT3.997668963S
2026-08-21 11:04:53 [main] INFO  t.g.io/epos-eric/metadata-database/deploy:main - Container is started (JDBC URL: jdbc:postgresql://localhost:32850/cerif?loggerLevel=OFF)
2026-08-21 11:04:53 [main] INFO  com.zaxxer.hikari.HikariDataSource - metadata_catalogue - Starting...
2026-08-21 11:04:53 [main] INFO  com.zaxxer.hikari.pool.HikariPool - metadata_catalogue - Added connection org.postgresql.jdbc.PgConnection@514ca4af
2026-08-21 11:04:53 [main] INFO  com.zaxxer.hikari.HikariDataSource - metadata_catalogue - Start completed.
2026-08-21 11:04:54 [main] INFO  com.zaxxer.hikari.HikariDataSource - metadata_catalogue - Shutdown initiated...
2026-08-21 11:04:54 [main] INFO  com.zaxxer.hikari.HikariDataSource - metadata_catalogue - Shutdown completed.
2026-08-21 11:04:54 [main] INFO  t.g.io/epos-eric/metadata-database/deploy:main - Creating container for image: ghcr.io/epos-eric/metadata-database/deploy:main
2026-08-21 11:04:54 [main] INFO  t.g.io/epos-eric/metadata-database/deploy:main - Container ghcr.io/epos-eric/metadata-database/deploy:main is starting: b43bcaed9fc91766aa84152089c394cd5cb3297e3001773ebc45c14b3b1aa896
2026-08-21 11:04:58 [main] INFO  t.g.io/epos-eric/metadata-database/deploy:main - Container ghcr.io/epos-eric/metadata-database/deploy:main started in PT3.936628669S
2026-08-21 11:04:58 [main] INFO  t.g.io/epos-eric/metadata-database/deploy:main - Container is started (JDBC URL: jdbc:postgresql://localhost:32851/cerif?loggerLevel=OFF)
2026-08-21 11:04:58 [main] INFO  com.zaxxer.hikari.HikariDataSource - metadata_catalogue - Starting...
2026-08-21 11:04:58 [main] INFO  com.zaxxer.hikari.pool.HikariPool - metadata_catalogue - Added connection org.postgresql.jdbc.PgConnection@78fd580b
2026-08-21 11:04:58 [main] INFO  com.zaxxer.hikari.HikariDataSource - metadata_catalogue - Start completed.
2026-08-21 11:04:58 [main] INFO  com.zaxxer.hikari.HikariDataSource - metadata_catalogue - Shutdown initiated...
2026-08-21 11:04:58 [main] INFO  com.zaxxer.hikari.HikariDataSource - metadata_catalogue - Shutdown completed.
2026-08-21 11:04:59 [main] INFO  t.g.io/epos-eric/metadata-database/deploy:main - Creating container for image: ghcr.io/epos-eric/metadata-database/deploy:main
2026-08-21 11:04:59 [main] INFO  t.g.io/epos-eric/metadata-database/deploy:main - Container ghcr.io/epos-eric/metadata-database/deploy:main is starting: 01c6eb3fb657dfd4cdcf34aad1de06fbe975bf0bcfd66f374ebdad7687cdf1ac
2026-08-21 11:05:02 [main] INFO  t.g.io/epos-eric/metadata-database/deploy:main - Container ghcr.io/epos-eric/metadata-database/deploy:main started in PT3.772090201S
2026-08-21 11:05:02 [main] INFO  t.g.io/epos-eric/metadata-database/deploy:main - Container is started (JDBC URL: jdbc:postgresql://localhost:32852/cerif?loggerLevel=OFF)
2026-08-21 11:05:02 [main] INFO  com.zaxxer.hikari.HikariDataSource - metadata_catalogue - Starting...
2026-08-21 11:05:02 [main] INFO  com.zaxxer.hikari.pool.HikariPool - metadata_catalogue - Added connection org.postgresql.jdbc.PgConnection@32fb11a4
2026-08-21 11:05:02 [main] INFO  com.zaxxer.hikari.HikariDataSource - metadata_catalogue - Start completed.
2026-08-21 11:05:03 [main] INFO  com.zaxxer.hikari.HikariDataSource - metadata_catalogue - Shutdown initiated...
2026-08-21 11:05:03 [main] INFO  com.zaxxer.hikari.HikariDataSource - metadata_catalogue - Shutdown completed.
2026-08-21 11:05:03 [main] INFO  t.g.io/epos-eric/metadata-database/deploy:main - Creating container for image: ghcr.io/epos-eric/metadata-database/deploy:main
2026-08-21 11:05:03 [main] INFO  t.g.io/epos-eric/metadata-database/deploy:main - Container ghcr.io/epos-eric/metadata-database/deploy:main is starting: 8f8719e07f8083eac438f1085ae7ff81eb98b50cd9efea7fbf4c24a355f7bb1c
2026-08-21 11:05:08 [main] INFO  t.g.io/epos-eric/metadata-database/deploy:main - Container ghcr.io/epos-eric/metadata-database/deploy:main started in PT4.738458281S
2026-08-21 11:05:08 [main] INFO  t.g.io/epos-eric/metadata-database/deploy:main - Container is started (JDBC URL: jdbc:postgresql://localhost:32853/cerif?loggerLevel=OFF)
2026-08-21 11:05:08 [main] INFO  com.zaxxer.hikari.HikariDataSource - metadata_catalogue - Starting...
2026-08-21 11:05:08 [main] INFO  com.zaxxer.hikari.pool.HikariPool - metadata_catalogue - Added connection org.postgresql.jdbc.PgConnection@35c401fc
2026-08-21 11:05:08 [main] INFO  com.zaxxer.hikari.HikariDataSource - metadata_catalogue - Start completed.
2026-08-21 11:05:08 [main] INFO  com.zaxxer.hikari.HikariDataSource - metadata_catalogue - Shutdown initiated...
2026-08-21 11:05:08 [main] INFO  com.zaxxer.hikari.HikariDataSource - metadata_catalogue - Shutdown completed.
2026-08-21 11:05:08 [main] INFO  t.g.io/epos-eric/metadata-database/deploy:main - Creating container for image: ghcr.io/epos-eric/metadata-database/deploy:main
2026-08-21 11:05:08 [main] INFO  t.g.io/epos-eric/metadata-database/deploy:main - Container ghcr.io/epos-eric/metadata-database/deploy:main is starting: b88bac216dbce910833a68cdc3c13b57781bb48f02115c32c4744818b74c103e
2026-08-21 11:05:12 [main] INFO  t.g.io/epos-eric/metadata-database/deploy:main - Container ghcr.io/epos-eric/metadata-database/deploy:main started in PT3.90893533S
2026-08-21 11:05:12 [main] INFO  t.g.io/epos-eric/metadata-database/deploy:main - Container is started (JDBC URL: jdbc:postgresql://localhost:32854/cerif?loggerLevel=OFF)
2026-08-21 11:05:12 [main] INFO  com.zaxxer.hikari.HikariDataSource - metadata_catalogue - Starting...
2026-08-21 11:05:12 [main] INFO  com.zaxxer.hikari.pool.HikariPool - metadata_catalogue - Added connection org.postgresql.jdbc.PgConnection@63ce22f0
2026-08-21 11:05:12 [main] INFO  com.zaxxer.hikari.HikariDataSource - metadata_catalogue - Start completed.
2026-08-21 11:05:24 [main] INFO  com.zaxxer.hikari.HikariDataSource - metadata_catalogue - Shutdown initiated...
2026-08-21 11:05:24 [main] INFO  com.zaxxer.hikari.HikariDataSource - metadata_catalogue - Shutdown completed.
2026-08-21 11:05:25 [main] INFO  t.g.io/epos-eric/metadata-database/deploy:main - Creating container for image: ghcr.io/epos-eric/metadata-database/deploy:main
2026-08-21 11:05:25 [main] INFO  t.g.io/epos-eric/metadata-database/deploy:main - Container ghcr.io/epos-eric/metadata-database/deploy:main is starting: 272900b844d948178cd1557124563268c0a496d613dac298d61b3645da6e73b9
2026-08-21 11:05:29 [main] INFO  t.g.io/epos-eric/metadata-database/deploy:main - Container ghcr.io/epos-eric/metadata-database/deploy:main started in PT4.375966537S
2026-08-21 11:05:29 [main] INFO  t.g.io/epos-eric/metadata-database/deploy:main - Container is started (JDBC URL: jdbc:postgresql://localhost:32855/cerif?loggerLevel=OFF)
2026-08-21 11:05:29 [main] INFO  com.zaxxer.hikari.HikariDataSource - metadata_catalogue - Starting...
2026-08-21 11:05:29 [main] INFO  com.zaxxer.hikari.pool.HikariPool - metadata_catalogue - Added connection org.postgresql.jdbc.PgConnection@602bfd98
2026-08-21 11:05:29 [main] INFO  com.zaxxer.hikari.HikariDataSource - metadata_catalogue - Start completed.
2026-08-21 11:05:29 [main] INFO  com.zaxxer.hikari.HikariDataSource - metadata_catalogue - Shutdown initiated...
2026-08-21 11:05:29 [main] INFO  com.zaxxer.hikari.HikariDataSource - metadata_catalogue - Shutdown completed.
2026-08-21 11:05:30 [main] INFO  t.g.io/epos-eric/metadata-database/deploy:main - Creating container for image: ghcr.io/epos-eric/metadata-database/deploy:main
2026-08-21 11:05:30 [main] INFO  t.g.io/epos-eric/metadata-database/deploy:main - Container ghcr.io/epos-eric/metadata-database/deploy:main is starting: 203fb79ed2ed96f817d63e46371947f7ca106cf645f656987310597114f8cc7f
2026-08-21 11:05:34 [main] INFO  t.g.io/epos-eric/metadata-database/deploy:main - Container ghcr.io/epos-eric/metadata-database/deploy:main started in PT4.175841248S
2026-08-21 11:05:34 [main] INFO  t.g.io/epos-eric/metadata-database/deploy:main - Container is started (JDBC URL: jdbc:postgresql://localhost:32856/cerif?loggerLevel=OFF)
2026-08-21 11:05:34 [main] INFO  com.zaxxer.hikari.HikariDataSource - metadata_catalogue - Starting...
2026-08-21 11:05:34 [main] INFO  com.zaxxer.hikari.pool.HikariPool - metadata_catalogue - Added connection org.postgresql.jdbc.PgConnection@5f0343e5
2026-08-21 11:05:34 [main] INFO  com.zaxxer.hikari.HikariDataSource - metadata_catalogue - Start completed.
2026-08-21 11:05:34 [main] INFO  com.zaxxer.hikari.HikariDataSource - metadata_catalogue - Shutdown initiated...
2026-08-21 11:05:34 [main] INFO  com.zaxxer.hikari.HikariDataSource - metadata_catalogue - Shutdown completed.
2026-08-21 11:05:34 [main] INFO  t.g.io/epos-eric/metadata-database/deploy:main - Creating container for image: ghcr.io/epos-eric/metadata-database/deploy:main
2026-08-21 11:05:35 [main] INFO  t.g.io/epos-eric/metadata-database/deploy:main - Container ghcr.io/epos-eric/metadata-database/deploy:main is starting: 773ef7f8ab4c4112fd9b17570ef4f7d573a3c52596fa84fd2e0cf77064b976b1
2026-08-21 11:05:39 [main] INFO  t.g.io/epos-eric/metadata-database/deploy:main - Container ghcr.io/epos-eric/metadata-database/deploy:main started in PT4.934800162S
2026-08-21 11:05:39 [main] INFO  t.g.io/epos-eric/metadata-database/deploy:main - Container is started (JDBC URL: jdbc:postgresql://localhost:32857/cerif?loggerLevel=OFF)
2026-08-21 11:05:39 [main] INFO  com.zaxxer.hikari.HikariDataSource - metadata_catalogue - Starting...
2026-08-21 11:05:39 [main] INFO  com.zaxxer.hikari.pool.HikariPool - metadata_catalogue - Added connection org.postgresql.jdbc.PgConnection@35e7b3cc
2026-08-21 11:05:39 [main] INFO  com.zaxxer.hikari.HikariDataSource - metadata_catalogue - Start completed.
2026-08-21 11:05:40 [main] INFO  com.zaxxer.hikari.HikariDataSource - metadata_catalogue - Shutdown initiated...
2026-08-21 11:05:40 [main] INFO  com.zaxxer.hikari.HikariDataSource - metadata_catalogue - Shutdown completed.
2026-08-21 11:05:40 [main] INFO  t.g.io/epos-eric/metadata-database/deploy:main - Creating container for image: ghcr.io/epos-eric/metadata-database/deploy:main
2026-08-21 11:05:41 [main] INFO  t.g.io/epos-eric/metadata-database/deploy:main - Container ghcr.io/epos-eric/metadata-database/deploy:main is starting: 56b87c44ca214188458aeaed01d4deb9239228db60ff1e640a76e71d7b4b6e59
2026-08-21 11:05:45 [main] INFO  t.g.io/epos-eric/metadata-database/deploy:main - Container ghcr.io/epos-eric/metadata-database/deploy:main started in PT4.647731993S
2026-08-21 11:05:45 [main] INFO  t.g.io/epos-eric/metadata-database/deploy:main - Container is started (JDBC URL: jdbc:postgresql://localhost:32858/cerif?loggerLevel=OFF)
2026-08-21 11:05:45 [main] INFO  com.zaxxer.hikari.HikariDataSource - metadata_catalogue - Starting...
2026-08-21 11:05:45 [main] INFO  com.zaxxer.hikari.pool.HikariPool - metadata_catalogue - Added connection org.postgresql.jdbc.PgConnection@5211007f
2026-08-21 11:05:45 [main] INFO  com.zaxxer.hikari.HikariDataSource - metadata_catalogue - Start completed.
2026-08-21 11:05:45 [main] INFO  com.zaxxer.hikari.HikariDataSource - metadata_catalogue - Shutdown initiated...
2026-08-21 11:05:45 [main] INFO  com.zaxxer.hikari.HikariDataSource - metadata_catalogue - Shutdown completed.
2026-08-21 11:05:45 [main] INFO  t.g.io/epos-eric/metadata-database/deploy:main - Creating container for image: ghcr.io/epos-eric/metadata-database/deploy:main
2026-08-21 11:05:45 [main] INFO  t.g.io/epos-eric/metadata-database/deploy:main - Container ghcr.io/epos-eric/metadata-database/deploy:main is starting: 7d423a921d55c80c023e21af97c173749c5ab2fc3d5ae520d0bf658a0a2839b0
2026-08-21 11:05:49 [main] INFO  t.g.io/epos-eric/metadata-database/deploy:main - Container ghcr.io/epos-eric/metadata-database/deploy:main started in PT3.883630315S
2026-08-21 11:05:49 [main] INFO  t.g.io/epos-eric/metadata-database/deploy:main - Container is started (JDBC URL: jdbc:postgresql://localhost:32859/cerif?loggerLevel=OFF)
2026-08-21 11:05:49 [main] INFO  com.zaxxer.hikari.HikariDataSource - metadata_catalogue - Starting...
2026-08-21 11:05:49 [main] INFO  com.zaxxer.hikari.pool.HikariPool - metadata_catalogue - Added connection org.postgresql.jdbc.PgConnection@616e9e6f
2026-08-21 11:05:49 [main] INFO  com.zaxxer.hikari.HikariDataSource - metadata_catalogue - Start completed.
2026-08-21 11:05:49 [main] INFO  com.zaxxer.hikari.HikariDataSource - metadata_catalogue - Shutdown initiated...
2026-08-21 11:05:49 [main] INFO  com.zaxxer.hikari.HikariDataSource - metadata_catalogue - Shutdown completed.
2026-08-21 11:05:50 [main] INFO  t.g.io/epos-eric/metadata-database/deploy:main - Creating container for image: ghcr.io/epos-eric/metadata-database/deploy:main
2026-08-21 11:05:50 [main] INFO  t.g.io/epos-eric/metadata-database/deploy:main - Container ghcr.io/epos-eric/metadata-database/deploy:main is starting: 0cc30019f17f89385f7ea3d50cc5bfe69b8b3cc7c52b289669fffd23c2d370c0
2026-08-21 11:05:55 [main] INFO  t.g.io/epos-eric/metadata-database/deploy:main - Container ghcr.io/epos-eric/metadata-database/deploy:main started in PT4.836786429S
2026-08-21 11:05:55 [main] INFO  t.g.io/epos-eric/metadata-database/deploy:main - Container is started (JDBC URL: jdbc:postgresql://localhost:32860/cerif?loggerLevel=OFF)
2026-08-21 11:05:55 [main] INFO  com.zaxxer.hikari.HikariDataSource - metadata_catalogue - Starting...
2026-08-21 11:05:55 [main] INFO  com.zaxxer.hikari.pool.HikariPool - metadata_catalogue - Added connection org.postgresql.jdbc.PgConnection@77aae9d2
2026-08-21 11:05:55 [main] INFO  com.zaxxer.hikari.HikariDataSource - metadata_catalogue - Start completed.
2026-08-21 11:05:55 [main] INFO  com.zaxxer.hikari.HikariDataSource - metadata_catalogue - Shutdown initiated...
2026-08-21 11:05:55 [main] INFO  com.zaxxer.hikari.HikariDataSource - metadata_catalogue - Shutdown completed.
2026-08-21 11:05:56 [main] INFO  t.g.io/epos-eric/metadata-database/deploy:main - Creating container for image: ghcr.io/epos-eric/metadata-database/deploy:main
2026-08-21 11:05:56 [main] INFO  t.g.io/epos-eric/metadata-database/deploy:main - Container ghcr.io/epos-eric/metadata-database/deploy:main is starting: 8666f72e442949205f45f2d787e42fc7f19730ea163b2e32479051664907eb90
2026-08-21 11:06:00 [main] INFO  t.g.io/epos-eric/metadata-database/deploy:main - Container ghcr.io/epos-eric/metadata-database/deploy:main started in PT4.151201048S
2026-08-21 11:06:00 [main] INFO  t.g.io/epos-eric/metadata-database/deploy:main - Container is started (JDBC URL: jdbc:postgresql://localhost:32861/cerif?loggerLevel=OFF)
2026-08-21 11:06:00 [main] INFO  com.zaxxer.hikari.HikariDataSource - metadata_catalogue - Starting...
2026-08-21 11:06:00 [main] INFO  com.zaxxer.hikari.pool.HikariPool - metadata_catalogue - Added connection org.postgresql.jdbc.PgConnection@6cfb30a3
2026-08-21 11:06:00 [main] INFO  com.zaxxer.hikari.HikariDataSource - metadata_catalogue - Start completed.
2026-08-21 11:06:01 [main] INFO  com.zaxxer.hikari.HikariDataSource - metadata_catalogue - Shutdown initiated...
2026-08-21 11:06:01 [main] INFO  com.zaxxer.hikari.HikariDataSource - metadata_catalogue - Shutdown completed.
2026-08-21 11:06:01 [main] INFO  t.g.io/epos-eric/metadata-database/deploy:main - Creating container for image: ghcr.io/epos-eric/metadata-database/deploy:main
2026-08-21 11:06:01 [main] INFO  t.g.io/epos-eric/metadata-database/deploy:main - Container ghcr.io/epos-eric/metadata-database/deploy:main is starting: 4d476f45f9d2e8fc7aeaf337d48ddb3c66091806ca3ddb3ec960a555262c18e5
2026-08-21 11:06:05 [main] INFO  t.g.io/epos-eric/metadata-database/deploy:main - Container ghcr.io/epos-eric/metadata-database/deploy:main started in PT3.9219902S
2026-08-21 11:06:05 [main] INFO  t.g.io/epos-eric/metadata-database/deploy:main - Container is started (JDBC URL: jdbc:postgresql://localhost:32862/cerif?loggerLevel=OFF)
2026-08-21 11:06:05 [main] INFO  com.zaxxer.hikari.HikariDataSource - metadata_catalogue - Starting...
2026-08-21 11:06:05 [main] INFO  com.zaxxer.hikari.pool.HikariPool - metadata_catalogue - Added connection org.postgresql.jdbc.PgConnection@2a6e4a75
2026-08-21 11:06:05 [main] INFO  com.zaxxer.hikari.HikariDataSource - metadata_catalogue - Start completed.
2026-08-21 11:06:05 [main] INFO  com.zaxxer.hikari.HikariDataSource - metadata_catalogue - Shutdown initiated...
2026-08-21 11:06:05 [main] INFO  com.zaxxer.hikari.HikariDataSource - metadata_catalogue - Shutdown completed.
2026-08-21 11:06:05 [main] INFO  t.g.io/epos-eric/metadata-database/deploy:main - Creating container for image: ghcr.io/epos-eric/metadata-database/deploy:main
2026-08-21 11:06:06 [main] INFO  t.g.io/epos-eric/metadata-database/deploy:main - Container ghcr.io/epos-eric/metadata-database/deploy:main is starting: 6702e63cb239de90de64af7113bc8b456333fa382c9f76177e4bb6881a79ea8b
2026-08-21 11:06:10 [main] INFO  t.g.io/epos-eric/metadata-database/deploy:main - Container ghcr.io/epos-eric/metadata-database/deploy:main started in PT4.536403387S
2026-08-21 11:06:10 [main] INFO  t.g.io/epos-eric/metadata-database/deploy:main - Container is started (JDBC URL: jdbc:postgresql://localhost:32863/cerif?loggerLevel=OFF)
2026-08-21 11:06:10 [main] INFO  com.zaxxer.hikari.HikariDataSource - metadata_catalogue - Starting...
2026-08-21 11:06:10 [main] INFO  com.zaxxer.hikari.pool.HikariPool - metadata_catalogue - Added connection org.postgresql.jdbc.PgConnection@f3fc4a6
2026-08-21 11:06:10 [main] INFO  com.zaxxer.hikari.HikariDataSource - metadata_catalogue - Start completed.
2026-08-21 11:06:10 [main] INFO  com.zaxxer.hikari.HikariDataSource - metadata_catalogue - Shutdown initiated...
2026-08-21 11:06:10 [main] INFO  com.zaxxer.hikari.HikariDataSource - metadata_catalogue - Shutdown completed.
2026-08-21 11:06:11 [main] INFO  t.g.io/epos-eric/metadata-database/deploy:main - Creating container for image: ghcr.io/epos-eric/metadata-database/deploy:main
2026-08-21 11:06:11 [main] INFO  t.g.io/epos-eric/metadata-database/deploy:main - Container ghcr.io/epos-eric/metadata-database/deploy:main is starting: b9b7a70eeb69127fb4232b5cba199c351d704bad1de9f8a10909756b33bec406
2026-08-21 11:06:16 [main] INFO  t.g.io/epos-eric/metadata-database/deploy:main - Container ghcr.io/epos-eric/metadata-database/deploy:main started in PT4.736024406S
2026-08-21 11:06:16 [main] INFO  t.g.io/epos-eric/metadata-database/deploy:main - Container is started (JDBC URL: jdbc:postgresql://localhost:32864/cerif?loggerLevel=OFF)
2026-08-21 11:06:16 [main] INFO  com.zaxxer.hikari.HikariDataSource - metadata_catalogue - Starting...
2026-08-21 11:06:16 [main] INFO  com.zaxxer.hikari.pool.HikariPool - metadata_catalogue - Added connection org.postgresql.jdbc.PgConnection@97cf5b6
2026-08-21 11:06:16 [main] INFO  com.zaxxer.hikari.HikariDataSource - metadata_catalogue - Start completed.
2026-08-21 11:06:16 [main] INFO  com.zaxxer.hikari.HikariDataSource - metadata_catalogue - Shutdown initiated...
2026-08-21 11:06:16 [main] INFO  com.zaxxer.hikari.HikariDataSource - metadata_catalogue - Shutdown completed.
2026-08-21 11:06:16 [main] INFO  t.g.io/epos-eric/metadata-database/deploy:main - Creating container for image: ghcr.io/epos-eric/metadata-database/deploy:main
2026-08-21 11:06:16 [main] INFO  t.g.io/epos-eric/metadata-database/deploy:main - Container ghcr.io/epos-eric/metadata-database/deploy:main is starting: 274c08aa5d1272d952f3d1129633ddc3342173edbeea2a1433d08bd61d292636
2026-08-21 11:06:20 [main] INFO  t.g.io/epos-eric/metadata-database/deploy:main - Container ghcr.io/epos-eric/metadata-database/deploy:main started in PT4.507786915S
2026-08-21 11:06:20 [main] INFO  t.g.io/epos-eric/metadata-database/deploy:main - Container is started (JDBC URL: jdbc:postgresql://localhost:32865/cerif?loggerLevel=OFF)
2026-08-21 11:06:20 [main] INFO  com.zaxxer.hikari.HikariDataSource - metadata_catalogue - Starting...
2026-08-21 11:06:20 [main] INFO  com.zaxxer.hikari.pool.HikariPool - metadata_catalogue - Added connection org.postgresql.jdbc.PgConnection@7a084b6b
2026-08-21 11:06:20 [main] INFO  com.zaxxer.hikari.HikariDataSource - metadata_catalogue - Start completed.
2026-08-21 11:06:21 [main] INFO  com.zaxxer.hikari.HikariDataSource - metadata_catalogue - Shutdown initiated...
2026-08-21 11:06:21 [main] INFO  com.zaxxer.hikari.HikariDataSource - metadata_catalogue - Shutdown completed.
2026-08-21 11:06:21 [main] INFO  t.g.io/epos-eric/metadata-database/deploy:main - Creating container for image: ghcr.io/epos-eric/metadata-database/deploy:main
2026-08-21 11:06:21 [main] INFO  t.g.io/epos-eric/metadata-database/deploy:main - Container ghcr.io/epos-eric/metadata-database/deploy:main is starting: 40b8d9b5208c607587fcc84e056e245a45b22ed542b96538996c7449bde1fb99
2026-08-21 11:06:26 [main] INFO  t.g.io/epos-eric/metadata-database/deploy:main - Container ghcr.io/epos-eric/metadata-database/deploy:main started in PT4.805695312S
2026-08-21 11:06:26 [main] INFO  t.g.io/epos-eric/metadata-database/deploy:main - Container is started (JDBC URL: jdbc:postgresql://localhost:32866/cerif?loggerLevel=OFF)
2026-08-21 11:06:26 [main] INFO  com.zaxxer.hikari.HikariDataSource - metadata_catalogue - Starting...
2026-08-21 11:06:26 [main] INFO  com.zaxxer.hikari.pool.HikariPool - metadata_catalogue - Added connection org.postgresql.jdbc.PgConnection@2bbf932f
2026-08-21 11:06:26 [main] INFO  com.zaxxer.hikari.HikariDataSource - metadata_catalogue - Start completed.
2026-08-21 11:06:26 [main] INFO  com.zaxxer.hikari.HikariDataSource - metadata_catalogue - Shutdown initiated...
2026-08-21 11:06:26 [main] INFO  com.zaxxer.hikari.HikariDataSource - metadata_catalogue - Shutdown completed.
2026-08-21 11:06:27 [main] INFO  t.g.io/epos-eric/metadata-database/deploy:main - Creating container for image: ghcr.io/epos-eric/metadata-database/deploy:main
2026-08-21 11:06:27 [main] INFO  t.g.io/epos-eric/metadata-database/deploy:main - Container ghcr.io/epos-eric/metadata-database/deploy:main is starting: f3441df4dae8f00141de2e40f0e4987a438999e0d95ba8b3e6874b59eda9490e
2026-08-21 11:06:31 [main] INFO  t.g.io/epos-eric/metadata-database/deploy:main - Container ghcr.io/epos-eric/metadata-database/deploy:main started in PT4.661189826S
2026-08-21 11:06:31 [main] INFO  t.g.io/epos-eric/metadata-database/deploy:main - Container is started (JDBC URL: jdbc:postgresql://localhost:32867/cerif?loggerLevel=OFF)
2026-08-21 11:06:31 [main] INFO  com.zaxxer.hikari.HikariDataSource - metadata_catalogue - Starting...
2026-08-21 11:06:31 [main] INFO  com.zaxxer.hikari.pool.HikariPool - metadata_catalogue - Added connection org.postgresql.jdbc.PgConnection@2c935229
2026-08-21 11:06:31 [main] INFO  com.zaxxer.hikari.HikariDataSource - metadata_catalogue - Start completed.
2026-08-21 11:06:32 [main] INFO  com.zaxxer.hikari.HikariDataSource - metadata_catalogue - Shutdown initiated...
2026-08-21 11:06:32 [main] INFO  com.zaxxer.hikari.HikariDataSource - metadata_catalogue - Shutdown completed.
2026-08-21 11:06:32 [main] INFO  t.g.io/epos-eric/metadata-database/deploy:main - Creating container for image: ghcr.io/epos-eric/metadata-database/deploy:main
2026-08-21 11:06:32 [main] INFO  t.g.io/epos-eric/metadata-database/deploy:main - Container ghcr.io/epos-eric/metadata-database/deploy:main is starting: 8fe7cb8218230bacf6d1e83418cfb23d7e2ed091fa374f0d524962af3752e97f
2026-08-21 11:06:36 [main] INFO  t.g.io/epos-eric/metadata-database/deploy:main - Container ghcr.io/epos-eric/metadata-database/deploy:main started in PT4.022005621S
2026-08-21 11:06:36 [main] INFO  t.g.io/epos-eric/metadata-database/deploy:main - Container is started (JDBC URL: jdbc:postgresql://localhost:32868/cerif?loggerLevel=OFF)
2026-08-21 11:06:36 [main] INFO  com.zaxxer.hikari.HikariDataSource - metadata_catalogue - Starting...
2026-08-21 11:06:36 [main] INFO  com.zaxxer.hikari.pool.HikariPool - metadata_catalogue - Added connection org.postgresql.jdbc.PgConnection@39c086e
2026-08-21 11:06:36 [main] INFO  com.zaxxer.hikari.HikariDataSource - metadata_catalogue - Start completed.
2026-08-21 11:06:36 [main] INFO  com.zaxxer.hikari.HikariDataSource - metadata_catalogue - Shutdown initiated...
2026-08-21 11:06:36 [main] INFO  com.zaxxer.hikari.HikariDataSource - metadata_catalogue - Shutdown completed.
2026-08-21 11:06:37 [main] INFO  t.g.io/epos-eric/metadata-database/deploy:main - Creating container for image: ghcr.io/epos-eric/metadata-database/deploy:main
2026-08-21 11:06:37 [main] INFO  t.g.io/epos-eric/metadata-database/deploy:main - Container ghcr.io/epos-eric/metadata-database/deploy:main is starting: 9cc30430cbbe3916629d9248595e04795b1c0ff4c86ea1097e76df0a9a15c65e
2026-08-21 11:06:41 [main] INFO  t.g.io/epos-eric/metadata-database/deploy:main - Container ghcr.io/epos-eric/metadata-database/deploy:main started in PT4.71953143S
2026-08-21 11:06:41 [main] INFO  t.g.io/epos-eric/metadata-database/deploy:main - Container is started (JDBC URL: jdbc:postgresql://localhost:32869/cerif?loggerLevel=OFF)
2026-08-21 11:06:41 [main] INFO  com.zaxxer.hikari.HikariDataSource - metadata_catalogue - Starting...
2026-08-21 11:06:41 [main] INFO  com.zaxxer.hikari.pool.HikariPool - metadata_catalogue - Added connection org.postgresql.jdbc.PgConnection@71e28987
2026-08-21 11:06:41 [main] INFO  com.zaxxer.hikari.HikariDataSource - metadata_catalogue - Start completed.
2026-08-21 11:06:42 [main] INFO  com.zaxxer.hikari.HikariDataSource - metadata_catalogue - Shutdown initiated...
2026-08-21 11:06:42 [main] INFO  com.zaxxer.hikari.HikariDataSource - metadata_catalogue - Shutdown completed.
2026-08-21 11:06:42 [main] INFO  t.g.io/epos-eric/metadata-database/deploy:main - Creating container for image: ghcr.io/epos-eric/metadata-database/deploy:main
2026-08-21 11:06:42 [main] INFO  t.g.io/epos-eric/metadata-database/deploy:main - Container ghcr.io/epos-eric/metadata-database/deploy:main is starting: ed4a9b3e422d80c16de696536740905236ca68665d8a9ba2c4d7c6ddaae8a755
2026-08-21 11:06:47 [main] INFO  t.g.io/epos-eric/metadata-database/deploy:main - Container ghcr.io/epos-eric/metadata-database/deploy:main started in PT4.76116655S
2026-08-21 11:06:47 [main] INFO  t.g.io/epos-eric/metadata-database/deploy:main - Container is started (JDBC URL: jdbc:postgresql://localhost:32870/cerif?loggerLevel=OFF)
2026-08-21 11:06:47 [main] INFO  com.zaxxer.hikari.HikariDataSource - metadata_catalogue - Starting...
2026-08-21 11:06:47 [main] INFO  com.zaxxer.hikari.pool.HikariPool - metadata_catalogue - Added connection org.postgresql.jdbc.PgConnection@6de46a69
2026-08-21 11:06:47 [main] INFO  com.zaxxer.hikari.HikariDataSource - metadata_catalogue - Start completed.
2026-08-21 11:06:47 [main] INFO  com.zaxxer.hikari.HikariDataSource - metadata_catalogue - Shutdown initiated...
2026-08-21 11:06:47 [main] INFO  com.zaxxer.hikari.HikariDataSource - metadata_catalogue - Shutdown completed.
2026-08-21 11:06:47 [main] INFO  t.g.io/epos-eric/metadata-database/deploy:main - Creating container for image: ghcr.io/epos-eric/metadata-database/deploy:main
2026-08-21 11:06:48 [main] INFO  t.g.io/epos-eric/metadata-database/deploy:main - Container ghcr.io/epos-eric/metadata-database/deploy:main is starting: c5917f6e53c787fbe8562195a6a6870709ce1a03176c740df508f9acc3743262
2026-08-21 11:06:52 [main] INFO  t.g.io/epos-eric/metadata-database/deploy:main - Container ghcr.io/epos-eric/metadata-database/deploy:main started in PT4.768651969S
2026-08-21 11:06:52 [main] INFO  t.g.io/epos-eric/metadata-database/deploy:main - Container is started (JDBC URL: jdbc:postgresql://localhost:32871/cerif?loggerLevel=OFF)
2026-08-21 11:06:52 [main] INFO  com.zaxxer.hikari.HikariDataSource - metadata_catalogue - Starting...
2026-08-21 11:06:52 [main] INFO  com.zaxxer.hikari.pool.HikariPool - metadata_catalogue - Added connection org.postgresql.jdbc.PgConnection@78dffa8b
2026-08-21 11:06:52 [main] INFO  com.zaxxer.hikari.HikariDataSource - metadata_catalogue - Start completed.
2026-08-21 11:06:53 [main] INFO  com.zaxxer.hikari.HikariDataSource - metadata_catalogue - Shutdown initiated...
2026-08-21 11:06:53 [main] INFO  com.zaxxer.hikari.HikariDataSource - metadata_catalogue - Shutdown completed.
2026-08-21 11:06:54 [main] INFO  t.g.io/epos-eric/metadata-database/deploy:main - Creating container for image: ghcr.io/epos-eric/metadata-database/deploy:main
2026-08-21 11:06:54 [main] INFO  t.g.io/epos-eric/metadata-database/deploy:main - Container ghcr.io/epos-eric/metadata-database/deploy:main is starting: 23fa105fe3927253bebc8801ef09f270d01a22f917ada5b11a12111cc1ac2668
2026-08-21 11:06:57 [main] INFO  t.g.io/epos-eric/metadata-database/deploy:main - Container ghcr.io/epos-eric/metadata-database/deploy:main started in PT3.780588034S
2026-08-21 11:06:57 [main] INFO  t.g.io/epos-eric/metadata-database/deploy:main - Container is started (JDBC URL: jdbc:postgresql://localhost:32872/cerif?loggerLevel=OFF)
2026-08-21 11:06:57 [main] INFO  com.zaxxer.hikari.HikariDataSource - metadata_catalogue - Starting...
2026-08-21 11:06:57 [main] INFO  com.zaxxer.hikari.pool.HikariPool - metadata_catalogue - Added connection org.postgresql.jdbc.PgConnection@6c16feac
2026-08-21 11:06:57 [main] INFO  com.zaxxer.hikari.HikariDataSource - metadata_catalogue - Start completed.
2026-08-21 11:06:58 [main] INFO  com.zaxxer.hikari.HikariDataSource - metadata_catalogue - Shutdown initiated...
2026-08-21 11:06:58 [main] INFO  com.zaxxer.hikari.HikariDataSource - metadata_catalogue - Shutdown completed.
2026-08-21 11:06:58 [main] INFO  t.g.io/epos-eric/metadata-database/deploy:main - Creating container for image: ghcr.io/epos-eric/metadata-database/deploy:main
2026-08-21 11:06:58 [main] INFO  t.g.io/epos-eric/metadata-database/deploy:main - Container ghcr.io/epos-eric/metadata-database/deploy:main is starting: 4abcea361ff8a3b834422b354df0796a334764641591c11e68be38ec00c2e166
2026-08-21 11:07:02 [main] INFO  t.g.io/epos-eric/metadata-database/deploy:main - Container ghcr.io/epos-eric/metadata-database/deploy:main started in PT4.269385987S
2026-08-21 11:07:02 [main] INFO  t.g.io/epos-eric/metadata-database/deploy:main - Container is started (JDBC URL: jdbc:postgresql://localhost:32873/cerif?loggerLevel=OFF)
2026-08-21 11:07:02 [main] INFO  com.zaxxer.hikari.HikariDataSource - metadata_catalogue - Starting...
2026-08-21 11:07:02 [main] INFO  com.zaxxer.hikari.pool.HikariPool - metadata_catalogue - Added connection org.postgresql.jdbc.PgConnection@7b9effff
2026-08-21 11:07:02 [main] INFO  com.zaxxer.hikari.HikariDataSource - metadata_catalogue - Start completed.
2026-08-21 11:07:02 [main] INFO  com.zaxxer.hikari.HikariDataSource - metadata_catalogue - Shutdown initiated...
2026-08-21 11:07:02 [main] INFO  com.zaxxer.hikari.HikariDataSource - metadata_catalogue - Shutdown completed.
2026-08-21 11:07:03 [main] INFO  t.g.io/epos-eric/metadata-database/deploy:main - Creating container for image: ghcr.io/epos-eric/metadata-database/deploy:main
2026-08-21 11:07:03 [main] INFO  t.g.io/epos-eric/metadata-database/deploy:main - Container ghcr.io/epos-eric/metadata-database/deploy:main is starting: 27d08ea0240ba2c68883dbdbcc1dca894461507154492cdafb62283f664941bf
2026-08-21 11:07:07 [main] INFO  t.g.io/epos-eric/metadata-database/deploy:main - Container ghcr.io/epos-eric/metadata-database/deploy:main started in PT4.295968992S
2026-08-21 11:07:07 [main] INFO  t.g.io/epos-eric/metadata-database/deploy:main - Container is started (JDBC URL: jdbc:postgresql://localhost:32874/cerif?loggerLevel=OFF)
2026-08-21 11:07:07 [main] INFO  com.zaxxer.hikari.HikariDataSource - metadata_catalogue - Starting...
2026-08-21 11:07:07 [main] INFO  com.zaxxer.hikari.pool.HikariPool - metadata_catalogue - Added connection org.postgresql.jdbc.PgConnection@6367f51a
2026-08-21 11:07:07 [main] INFO  com.zaxxer.hikari.HikariDataSource - metadata_catalogue - Start completed.
2026-08-21 11:07:08 [main] INFO  com.zaxxer.hikari.HikariDataSource - metadata_catalogue - Shutdown initiated...
2026-08-21 11:07:08 [main] INFO  com.zaxxer.hikari.HikariDataSource - metadata_catalogue - Shutdown completed.
2026-08-21 11:07:08 [main] INFO  t.g.io/epos-eric/metadata-database/deploy:main - Creating container for image: ghcr.io/epos-eric/metadata-database/deploy:main
2026-08-21 11:07:08 [main] INFO  t.g.io/epos-eric/metadata-database/deploy:main - Container ghcr.io/epos-eric/metadata-database/deploy:main is starting: 14e01ab37e8d7df88f66dab37794c97ecbed997c2692f9613b24624eb4b13240
2026-08-21 11:07:12 [main] INFO  t.g.io/epos-eric/metadata-database/deploy:main - Container ghcr.io/epos-eric/metadata-database/deploy:main started in PT3.772889403S
2026-08-21 11:07:12 [main] INFO  t.g.io/epos-eric/metadata-database/deploy:main - Container is started (JDBC URL: jdbc:postgresql://localhost:32875/cerif?loggerLevel=OFF)
2026-08-21 11:07:12 [main] INFO  com.zaxxer.hikari.HikariDataSource - metadata_catalogue - Starting...
2026-08-21 11:07:12 [main] INFO  com.zaxxer.hikari.pool.HikariPool - metadata_catalogue - Added connection org.postgresql.jdbc.PgConnection@722ba389
2026-08-21 11:07:12 [main] INFO  com.zaxxer.hikari.HikariDataSource - metadata_catalogue - Start completed.
2026-08-21 11:07:13 [main] INFO  com.zaxxer.hikari.HikariDataSource - metadata_catalogue - Shutdown initiated...
2026-08-21 11:07:13 [main] INFO  com.zaxxer.hikari.HikariDataSource - metadata_catalogue - Shutdown completed.
2026-08-21 11:07:13 [main] INFO  t.g.io/epos-eric/metadata-database/deploy:main - Creating container for image: ghcr.io/epos-eric/metadata-database/deploy:main
2026-08-21 11:07:13 [main] INFO  t.g.io/epos-eric/metadata-database/deploy:main - Container ghcr.io/epos-eric/metadata-database/deploy:main is starting: 2de7aefcf6ef9f464d5f1a3b6ec3b97f2c4020f642c48a5f45739fa9c6207f8d
2026-08-21 11:07:17 [main] INFO  t.g.io/epos-eric/metadata-database/deploy:main - Container ghcr.io/epos-eric/metadata-database/deploy:main started in PT4.263518003S
2026-08-21 11:07:17 [main] INFO  t.g.io/epos-eric/metadata-database/deploy:main - Container is started (JDBC URL: jdbc:postgresql://localhost:32876/cerif?loggerLevel=OFF)
2026-08-21 11:07:17 [main] INFO  com.zaxxer.hikari.HikariDataSource - metadata_catalogue - Starting...
2026-08-21 11:07:17 [main] INFO  com.zaxxer.hikari.pool.HikariPool - metadata_catalogue - Added connection org.postgresql.jdbc.PgConnection@48dfd143
2026-08-21 11:07:17 [main] INFO  com.zaxxer.hikari.HikariDataSource - metadata_catalogue - Start completed.
2026-08-21 11:07:18 [main] INFO  com.zaxxer.hikari.HikariDataSource - metadata_catalogue - Shutdown initiated...
2026-08-21 11:07:18 [main] INFO  com.zaxxer.hikari.HikariDataSource - metadata_catalogue - Shutdown completed.
2026-08-21 11:07:18 [main] INFO  t.g.io/epos-eric/metadata-database/deploy:main - Creating container for image: ghcr.io/epos-eric/metadata-database/deploy:main
2026-08-21 11:07:18 [main] INFO  t.g.io/epos-eric/metadata-database/deploy:main - Container ghcr.io/epos-eric/metadata-database/deploy:main is starting: 16a99c8df87638d68429bc44bdea45793b5d5747e114001fbac0448bafd1a06a
2026-08-21 11:07:22 [main] INFO  t.g.io/epos-eric/metadata-database/deploy:main - Container ghcr.io/epos-eric/metadata-database/deploy:main started in PT4.230642643S
2026-08-21 11:07:22 [main] INFO  t.g.io/epos-eric/metadata-database/deploy:main - Container is started (JDBC URL: jdbc:postgresql://localhost:32877/cerif?loggerLevel=OFF)
2026-08-21 11:07:22 [main] INFO  com.zaxxer.hikari.HikariDataSource - metadata_catalogue - Starting...
2026-08-21 11:07:22 [main] INFO  com.zaxxer.hikari.pool.HikariPool - metadata_catalogue - Added connection org.postgresql.jdbc.PgConnection@27519d4a
2026-08-21 11:07:22 [main] INFO  com.zaxxer.hikari.HikariDataSource - metadata_catalogue - Start completed.
2026-08-21 11:07:23 [main] INFO  com.zaxxer.hikari.HikariDataSource - metadata_catalogue - Shutdown initiated...
2026-08-21 11:07:23 [main] INFO  com.zaxxer.hikari.HikariDataSource - metadata_catalogue - Shutdown completed.
2026-08-21 11:07:23 [main] INFO  t.g.io/epos-eric/metadata-database/deploy:main - Creating container for image: ghcr.io/epos-eric/metadata-database/deploy:main
2026-08-21 11:07:23 [main] INFO  t.g.io/epos-eric/metadata-database/deploy:main - Container ghcr.io/epos-eric/metadata-database/deploy:main is starting: 48dfccfc0245fdb8991cac2778853f6a01ae4711108c75ab72e58faa14d5c1e3
2026-08-21 11:07:28 [main] INFO  t.g.io/epos-eric/metadata-database/deploy:main - Container ghcr.io/epos-eric/metadata-database/deploy:main started in PT4.67669874S
2026-08-21 11:07:28 [main] INFO  t.g.io/epos-eric/metadata-database/deploy:main - Container is started (JDBC URL: jdbc:postgresql://localhost:32878/cerif?loggerLevel=OFF)
2026-08-21 11:07:28 [main] INFO  com.zaxxer.hikari.HikariDataSource - metadata_catalogue - Starting...
2026-08-21 11:07:28 [main] INFO  com.zaxxer.hikari.pool.HikariPool - metadata_catalogue - Added connection org.postgresql.jdbc.PgConnection@5c8a272c
2026-08-21 11:07:28 [main] INFO  com.zaxxer.hikari.HikariDataSource - metadata_catalogue - Start completed.
2026-08-21 11:07:28 [main] INFO  com.zaxxer.hikari.HikariDataSource - metadata_catalogue - Shutdown initiated...
2026-08-21 11:07:28 [main] INFO  com.zaxxer.hikari.HikariDataSource - metadata_catalogue - Shutdown completed.
2026-08-21 11:07:28 [main] INFO  t.g.io/epos-eric/metadata-database/deploy:main - Creating container for image: ghcr.io/epos-eric/metadata-database/deploy:main
2026-08-21 11:07:29 [main] INFO  t.g.io/epos-eric/metadata-database/deploy:main - Container ghcr.io/epos-eric/metadata-database/deploy:main is starting: 91e1bec8badfa06377be002c6f3df54175dc0bfa4e7e509a21f2df5465951a76
2026-08-21 11:07:33 [main] INFO  t.g.io/epos-eric/metadata-database/deploy:main - Container ghcr.io/epos-eric/metadata-database/deploy:main started in PT4.521549467S
2026-08-21 11:07:33 [main] INFO  t.g.io/epos-eric/metadata-database/deploy:main - Container is started (JDBC URL: jdbc:postgresql://localhost:32879/cerif?loggerLevel=OFF)
2026-08-21 11:07:33 [main] INFO  com.zaxxer.hikari.HikariDataSource - metadata_catalogue - Starting...
2026-08-21 11:07:33 [main] INFO  com.zaxxer.hikari.pool.HikariPool - metadata_catalogue - Added connection org.postgresql.jdbc.PgConnection@1f634b7c
2026-08-21 11:07:33 [main] INFO  com.zaxxer.hikari.HikariDataSource - metadata_catalogue - Start completed.
2026-08-21 11:07:33 [main] INFO  com.zaxxer.hikari.HikariDataSource - metadata_catalogue - Shutdown initiated...
2026-08-21 11:07:33 [main] INFO  com.zaxxer.hikari.HikariDataSource - metadata_catalogue - Shutdown completed.
2026-08-21 11:07:33 [main] INFO  t.g.io/epos-eric/metadata-database/deploy:main - Creating container for image: ghcr.io/epos-eric/metadata-database/deploy:main
2026-08-21 11:07:34 [main] INFO  t.g.io/epos-eric/metadata-database/deploy:main - Container ghcr.io/epos-eric/metadata-database/deploy:main is starting: 4ab293c4eb95cb027e12ddb8d03433c2a03311a2dbb388e2bd6375fbac43762b
2026-08-21 11:07:39 [main] INFO  t.g.io/epos-eric/metadata-database/deploy:main - Container ghcr.io/epos-eric/metadata-database/deploy:main started in PT5.098228561S
2026-08-21 11:07:39 [main] INFO  t.g.io/epos-eric/metadata-database/deploy:main - Container is started (JDBC URL: jdbc:postgresql://localhost:32880/cerif?loggerLevel=OFF)
2026-08-21 11:07:39 [main] INFO  com.zaxxer.hikari.HikariDataSource - metadata_catalogue - Starting...
2026-08-21 11:07:39 [main] INFO  com.zaxxer.hikari.pool.HikariPool - metadata_catalogue - Added connection org.postgresql.jdbc.PgConnection@1f138d21
2026-08-21 11:07:39 [main] INFO  com.zaxxer.hikari.HikariDataSource - metadata_catalogue - Start completed.
2026-08-21 11:07:39 [main] INFO  com.zaxxer.hikari.HikariDataSource - metadata_catalogue - Shutdown initiated...
2026-08-21 11:07:39 [main] INFO  com.zaxxer.hikari.HikariDataSource - metadata_catalogue - Shutdown completed.
2026-08-21 11:07:39 [main] INFO  t.g.io/epos-eric/metadata-database/deploy:main - Creating container for image: ghcr.io/epos-eric/metadata-database/deploy:main
2026-08-21 11:07:39 [main] INFO  t.g.io/epos-eric/metadata-database/deploy:main - Container ghcr.io/epos-eric/metadata-database/deploy:main is starting: 1a717d008e09441b885c9c68df1c3f436519257f86457804e66120da6319e533
2026-08-21 11:07:43 [main] INFO  t.g.io/epos-eric/metadata-database/deploy:main - Container ghcr.io/epos-eric/metadata-database/deploy:main started in PT4.281582142S
2026-08-21 11:07:43 [main] INFO  t.g.io/epos-eric/metadata-database/deploy:main - Container is started (JDBC URL: jdbc:postgresql://localhost:32881/cerif?loggerLevel=OFF)
2026-08-21 11:07:43 [main] INFO  com.zaxxer.hikari.HikariDataSource - metadata_catalogue - Starting...
2026-08-21 11:07:43 [main] INFO  com.zaxxer.hikari.pool.HikariPool - metadata_catalogue - Added connection org.postgresql.jdbc.PgConnection@503671b4
2026-08-21 11:07:43 [main] INFO  com.zaxxer.hikari.HikariDataSource - metadata_catalogue - Start completed.
2026-08-21 11:07:44 [main] INFO  com.zaxxer.hikari.HikariDataSource - metadata_catalogue - Shutdown initiated...
2026-08-21 11:07:44 [main] INFO  com.zaxxer.hikari.HikariDataSource - metadata_catalogue - Shutdown completed.
2026-08-21 11:07:44 [main] INFO  t.g.io/epos-eric/metadata-database/deploy:main - Creating container for image: ghcr.io/epos-eric/metadata-database/deploy:main
2026-08-21 11:07:45 [main] INFO  t.g.io/epos-eric/metadata-database/deploy:main - Container ghcr.io/epos-eric/metadata-database/deploy:main is starting: c9a8348749adc4ba49cff929ada8f75e18357d9e4e21aaaa7003de1bb5107028
2026-08-21 11:07:49 [main] INFO  t.g.io/epos-eric/metadata-database/deploy:main - Container ghcr.io/epos-eric/metadata-database/deploy:main started in PT4.539867369S
2026-08-21 11:07:49 [main] INFO  t.g.io/epos-eric/metadata-database/deploy:main - Container is started (JDBC URL: jdbc:postgresql://localhost:32882/cerif?loggerLevel=OFF)
2026-08-21 11:07:49 [main] INFO  com.zaxxer.hikari.HikariDataSource - metadata_catalogue - Starting...
2026-08-21 11:07:49 [main] INFO  com.zaxxer.hikari.pool.HikariPool - metadata_catalogue - Added connection org.postgresql.jdbc.PgConnection@3cd5d61f
2026-08-21 11:07:49 [main] INFO  com.zaxxer.hikari.HikariDataSource - metadata_catalogue - Start completed.
2026-08-21 11:07:49 [main] INFO  com.zaxxer.hikari.HikariDataSource - metadata_catalogue - Shutdown initiated...
2026-08-21 11:07:49 [main] INFO  com.zaxxer.hikari.HikariDataSource - metadata_catalogue - Shutdown completed.
2026-08-21 11:07:49 [main] INFO  t.g.io/epos-eric/metadata-database/deploy:main - Creating container for image: ghcr.io/epos-eric/metadata-database/deploy:main
2026-08-21 11:07:50 [main] INFO  t.g.io/epos-eric/metadata-database/deploy:main - Container ghcr.io/epos-eric/metadata-database/deploy:main is starting: d9e31fff81a0a758e3ec79bf8362fbf277abd4d7f2bca6eed80e9e5993c85953
2026-08-21 11:07:54 [main] INFO  t.g.io/epos-eric/metadata-database/deploy:main - Container ghcr.io/epos-eric/metadata-database/deploy:main started in PT4.974720202S
2026-08-21 11:07:54 [main] INFO  t.g.io/epos-eric/metadata-database/deploy:main - Container is started (JDBC URL: jdbc:postgresql://localhost:32883/cerif?loggerLevel=OFF)
2026-08-21 11:07:54 [main] INFO  com.zaxxer.hikari.HikariDataSource - metadata_catalogue - Starting...
2026-08-21 11:07:54 [main] INFO  com.zaxxer.hikari.pool.HikariPool - metadata_catalogue - Added connection org.postgresql.jdbc.PgConnection@375eead2
2026-08-21 11:07:54 [main] INFO  com.zaxxer.hikari.HikariDataSource - metadata_catalogue - Start completed.
2026-08-21 11:07:55 [main] INFO  com.zaxxer.hikari.HikariDataSource - metadata_catalogue - Shutdown initiated...
2026-08-21 11:07:55 [main] INFO  com.zaxxer.hikari.HikariDataSource - metadata_catalogue - Shutdown completed.
2026-08-21 11:07:55 [main] INFO  t.g.io/epos-eric/metadata-database/deploy:main - Creating container for image: ghcr.io/epos-eric/metadata-database/deploy:main
2026-08-21 11:07:55 [main] INFO  t.g.io/epos-eric/metadata-database/deploy:main - Container ghcr.io/epos-eric/metadata-database/deploy:main is starting: 6e9a788f89fb24366797ad24494adb728248447065513170f9d032411a14e9a9
2026-08-21 11:08:00 [main] INFO  t.g.io/epos-eric/metadata-database/deploy:main - Container ghcr.io/epos-eric/metadata-database/deploy:main started in PT4.794907064S
2026-08-21 11:08:00 [main] INFO  t.g.io/epos-eric/metadata-database/deploy:main - Container is started (JDBC URL: jdbc:postgresql://localhost:32884/cerif?loggerLevel=OFF)
2026-08-21 11:08:00 [main] INFO  com.zaxxer.hikari.HikariDataSource - metadata_catalogue - Starting...
2026-08-21 11:08:00 [main] INFO  com.zaxxer.hikari.pool.HikariPool - metadata_catalogue - Added connection org.postgresql.jdbc.PgConnection@372f0abb
2026-08-21 11:08:00 [main] INFO  com.zaxxer.hikari.HikariDataSource - metadata_catalogue - Start completed.
2026-08-21 11:08:00 [main] INFO  com.zaxxer.hikari.HikariDataSource - metadata_catalogue - Shutdown initiated...
2026-08-21 11:08:00 [main] INFO  com.zaxxer.hikari.HikariDataSource - metadata_catalogue - Shutdown completed.
2026-08-21 11:23:08 [main] INFO  o.testcontainers.images.PullPolicy - Image pull policy will be performed by: DefaultPullPolicy()
2026-08-21 11:23:08 [main] INFO  o.t.utility.ImageNameSubstitutor - Image name substitution will be performed by: DefaultImageNameSubstitutor (composite of 'ConfigurationFileImageNameSubstitutor' and 'PrefixingImageNameSubstitutor')
2026-08-21 11:23:08 [main] INFO  o.testcontainers.DockerClientFactory - Testcontainers version: 2.0.2
2026-08-21 11:23:08 [main] INFO  o.t.d.DockerClientProviderStrategy - Loaded org.testcontainers.dockerclient.UnixSocketClientProviderStrategy from ~/.testcontainers.properties, will try it first
2026-08-21 11:23:09 [main] INFO  o.t.d.DockerClientProviderStrategy - Found Docker environment with local Unix socket (unix:///var/run/docker.sock)
2026-08-21 11:23:09 [main] INFO  o.testcontainers.DockerClientFactory - Docker host IP address is localhost
2026-08-21 11:23:09 [main] INFO  o.testcontainers.DockerClientFactory - Connected to docker: 
  Server Version: 29.7.2
  API Version: 1.55
  Operating System: Arch Linux
  Total Memory: 63796 MB
2026-08-21 11:23:09 [main] INFO  tc.testcontainers/ryuk:0.13.0 - Creating container for image: testcontainers/ryuk:0.13.0
2026-08-21 11:23:10 [main] INFO  tc.testcontainers/ryuk:0.13.0 - Container testcontainers/ryuk:0.13.0 is starting: 2482ba02839bfd2b3500ffbc66d5930a7131845afe1221c7c827e2953a9f39df
2026-08-21 11:23:10 [main] INFO  tc.testcontainers/ryuk:0.13.0 - Container testcontainers/ryuk:0.13.0 started in PT0.347643471S
2026-08-21 11:23:10 [main] INFO  o.t.utility.RyukResourceReaper - Ryuk started - will monitor and terminate Testcontainers containers on JVM exit
2026-08-21 11:23:10 [main] INFO  o.testcontainers.DockerClientFactory - Checking the system...
2026-08-21 11:23:10 [main] INFO  o.testcontainers.DockerClientFactory - ✔︎ Docker server version should be at least 1.6.0
2026-08-21 11:23:10 [main] INFO  t.g.io/epos-eric/metadata-database/deploy:main - Creating container for image: ghcr.io/epos-eric/metadata-database/deploy:main
2026-08-21 11:23:10 [main] INFO  t.g.io/epos-eric/metadata-database/deploy:main - Container ghcr.io/epos-eric/metadata-database/deploy:main is starting: 90180090f6181917b126a9d9f06166b0b72aea8dc3ce2c91afc38a3dd3b2c2e9
2026-08-21 11:23:13 [main] INFO  t.g.io/epos-eric/metadata-database/deploy:main - Container ghcr.io/epos-eric/metadata-database/deploy:main started in PT3.782114135S
2026-08-21 11:23:14 [main] INFO  t.g.io/epos-eric/metadata-database/deploy:main - Container is started (JDBC URL: jdbc:postgresql://localhost:32914/cerif?loggerLevel=OFF)
2026-08-21 11:23:14 [main] INFO  com.zaxxer.hikari.HikariDataSource - metadata_catalogue - Starting...
2026-08-21 11:23:14 [main] INFO  com.zaxxer.hikari.pool.HikariPool - metadata_catalogue - Added connection org.postgresql.jdbc.PgConnection@4e49ce2b
2026-08-21 11:23:14 [main] INFO  com.zaxxer.hikari.HikariDataSource - metadata_catalogue - Start completed.
2026-08-21 11:23:14 [main] INFO  com.zaxxer.hikari.HikariDataSource - metadata_catalogue - Shutdown initiated...
2026-08-21 11:23:14 [main] INFO  com.zaxxer.hikari.HikariDataSource - metadata_catalogue - Shutdown completed.
2026-08-21 11:23:45 [main] INFO  o.testcontainers.images.PullPolicy - Image pull policy will be performed by: DefaultPullPolicy()
2026-08-21 11:23:45 [main] INFO  o.t.utility.ImageNameSubstitutor - Image name substitution will be performed by: DefaultImageNameSubstitutor (composite of 'ConfigurationFileImageNameSubstitutor' and 'PrefixingImageNameSubstitutor')
2026-08-21 11:23:45 [main] INFO  o.testcontainers.DockerClientFactory - Testcontainers version: 2.0.2
2026-08-21 11:23:45 [main] INFO  o.t.d.DockerClientProviderStrategy - Loaded org.testcontainers.dockerclient.UnixSocketClientProviderStrategy from ~/.testcontainers.properties, will try it first
2026-08-21 11:23:46 [main] INFO  o.t.d.DockerClientProviderStrategy - Found Docker environment with local Unix socket (unix:///var/run/docker.sock)
2026-08-21 11:23:46 [main] INFO  o.testcontainers.DockerClientFactory - Docker host IP address is localhost
2026-08-21 11:23:46 [main] INFO  o.testcontainers.DockerClientFactory - Connected to docker: 
  Server Version: 29.7.2
  API Version: 1.55
  Operating System: Arch Linux
  Total Memory: 63796 MB
2026-08-21 11:23:47 [main] INFO  tc.testcontainers/ryuk:0.13.0 - Creating container for image: testcontainers/ryuk:0.13.0
2026-08-21 11:23:47 [main] INFO  tc.testcontainers/ryuk:0.13.0 - Container testcontainers/ryuk:0.13.0 is starting: 20699ca5889ced438c341af037e3c96e19114bbebd7721c90e3b553224255895
2026-08-21 11:23:47 [main] INFO  tc.testcontainers/ryuk:0.13.0 - Container testcontainers/ryuk:0.13.0 started in PT0.264904415S
2026-08-21 11:23:47 [main] INFO  o.t.utility.RyukResourceReaper - Ryuk started - will monitor and terminate Testcontainers containers on JVM exit
2026-08-21 11:23:47 [main] INFO  o.testcontainers.DockerClientFactory - Checking the system...
2026-08-21 11:23:47 [main] INFO  o.testcontainers.DockerClientFactory - ✔︎ Docker server version should be at least 1.6.0
2026-08-21 11:23:47 [main] INFO  t.g.io/epos-eric/metadata-database/deploy:main - Creating container for image: ghcr.io/epos-eric/metadata-database/deploy:main
2026-08-21 11:23:47 [main] INFO  t.g.io/epos-eric/metadata-database/deploy:main - Container ghcr.io/epos-eric/metadata-database/deploy:main is starting: 798f028410e1366547efe7a2684aaf9c2c87ddeccb1dc62f5fc3eb3ad0741eea
2026-08-21 11:23:51 [main] INFO  t.g.io/epos-eric/metadata-database/deploy:main - Container ghcr.io/epos-eric/metadata-database/deploy:main started in PT3.835305508S
2026-08-21 11:23:51 [main] INFO  t.g.io/epos-eric/metadata-database/deploy:main - Container is started (JDBC URL: jdbc:postgresql://localhost:32916/cerif?loggerLevel=OFF)
2026-08-21 11:23:51 [main] INFO  com.zaxxer.hikari.HikariDataSource - metadata_catalogue - Starting...
2026-08-21 11:23:51 [main] INFO  com.zaxxer.hikari.pool.HikariPool - metadata_catalogue - Added connection org.postgresql.jdbc.PgConnection@4e49ce2b
2026-08-21 11:23:51 [main] INFO  com.zaxxer.hikari.HikariDataSource - metadata_catalogue - Start completed.
2026-08-21 11:23:52 [main] INFO  com.zaxxer.hikari.HikariDataSource - metadata_catalogue - Shutdown initiated...
2026-08-21 11:23:52 [main] INFO  com.zaxxer.hikari.HikariDataSource - metadata_catalogue - Shutdown completed.
2026-08-21 11:24:30 [main] INFO  o.testcontainers.images.PullPolicy - Image pull policy will be performed by: DefaultPullPolicy()
2026-08-21 11:24:30 [main] INFO  o.t.utility.ImageNameSubstitutor - Image name substitution will be performed by: DefaultImageNameSubstitutor (composite of 'ConfigurationFileImageNameSubstitutor' and 'PrefixingImageNameSubstitutor')
2026-08-21 11:24:30 [main] INFO  o.testcontainers.DockerClientFactory - Testcontainers version: 2.0.2
2026-08-21 11:24:31 [main] INFO  o.t.d.DockerClientProviderStrategy - Loaded org.testcontainers.dockerclient.UnixSocketClientProviderStrategy from ~/.testcontainers.properties, will try it first
2026-08-21 11:24:31 [main] INFO  o.t.d.DockerClientProviderStrategy - Found Docker environment with local Unix socket (unix:///var/run/docker.sock)
2026-08-21 11:24:31 [main] INFO  o.testcontainers.DockerClientFactory - Docker host IP address is localhost
2026-08-21 11:24:31 [main] INFO  o.testcontainers.DockerClientFactory - Connected to docker: 
  Server Version: 29.7.2
  API Version: 1.55
  Operating System: Arch Linux
  Total Memory: 63796 MB
2026-08-21 11:24:32 [main] INFO  tc.testcontainers/ryuk:0.13.0 - Creating container for image: testcontainers/ryuk:0.13.0
2026-08-21 11:24:32 [main] INFO  tc.testcontainers/ryuk:0.13.0 - Container testcontainers/ryuk:0.13.0 is starting: 1785ffb754c565e2fea67627ba25660830b4a4f275c3e409d63baffd8ab87847
2026-08-21 11:24:32 [main] INFO  tc.testcontainers/ryuk:0.13.0 - Container testcontainers/ryuk:0.13.0 started in PT0.323411206S
2026-08-21 11:24:32 [main] INFO  o.t.utility.RyukResourceReaper - Ryuk started - will monitor and terminate Testcontainers containers on JVM exit
2026-08-21 11:24:32 [main] INFO  o.testcontainers.DockerClientFactory - Checking the system...
2026-08-21 11:24:32 [main] INFO  o.testcontainers.DockerClientFactory - ✔︎ Docker server version should be at least 1.6.0
2026-08-21 11:24:32 [main] INFO  t.g.io/epos-eric/metadata-database/deploy:main - Creating container for image: ghcr.io/epos-eric/metadata-database/deploy:main
2026-08-21 11:24:32 [main] INFO  t.g.io/epos-eric/metadata-database/deploy:main - Container ghcr.io/epos-eric/metadata-database/deploy:main is starting: 3b0b96f6847acf37a92ebfa01d3d1293b8ecbd47591d3f7f8ceaffcf8110a4b2
2026-08-21 11:24:36 [main] INFO  t.g.io/epos-eric/metadata-database/deploy:main - Container ghcr.io/epos-eric/metadata-database/deploy:main started in PT4.322920967S
2026-08-21 11:24:36 [main] INFO  t.g.io/epos-eric/metadata-database/deploy:main - Container is started (JDBC URL: jdbc:postgresql://localhost:32918/cerif?loggerLevel=OFF)
2026-08-21 11:24:36 [main] INFO  com.zaxxer.hikari.HikariDataSource - metadata_catalogue - Starting...
2026-08-21 11:24:37 [main] INFO  com.zaxxer.hikari.pool.HikariPool - metadata_catalogue - Added connection org.postgresql.jdbc.PgConnection@4e49ce2b
2026-08-21 11:24:37 [main] INFO  com.zaxxer.hikari.HikariDataSource - metadata_catalogue - Start completed.
2026-08-21 11:24:38 [main] INFO  com.zaxxer.hikari.HikariDataSource - metadata_catalogue - Shutdown initiated...
2026-08-21 11:24:38 [main] INFO  com.zaxxer.hikari.HikariDataSource - metadata_catalogue - Shutdown completed.
2026-08-21 11:30:22 [main] INFO  o.testcontainers.images.PullPolicy - Image pull policy will be performed by: DefaultPullPolicy()
2026-08-21 11:30:22 [main] INFO  o.t.utility.ImageNameSubstitutor - Image name substitution will be performed by: DefaultImageNameSubstitutor (composite of 'ConfigurationFileImageNameSubstitutor' and 'PrefixingImageNameSubstitutor')
2026-08-21 11:30:22 [main] INFO  o.testcontainers.DockerClientFactory - Testcontainers version: 2.0.2
2026-08-21 11:30:22 [main] INFO  o.t.d.DockerClientProviderStrategy - Loaded org.testcontainers.dockerclient.UnixSocketClientProviderStrategy from ~/.testcontainers.properties, will try it first
2026-08-21 11:30:22 [main] INFO  o.t.d.DockerClientProviderStrategy - Found Docker environment with local Unix socket (unix:///var/run/docker.sock)
2026-08-21 11:30:22 [main] INFO  o.testcontainers.DockerClientFactory - Docker host IP address is localhost
2026-08-21 11:30:22 [main] INFO  o.testcontainers.DockerClientFactory - Connected to docker: 
  Server Version: 29.7.2
  API Version: 1.55
  Operating System: Arch Linux
  Total Memory: 63796 MB
2026-08-21 11:30:23 [main] INFO  tc.testcontainers/ryuk:0.13.0 - Creating container for image: testcontainers/ryuk:0.13.0
2026-08-21 11:30:23 [main] INFO  tc.testcontainers/ryuk:0.13.0 - Container testcontainers/ryuk:0.13.0 is starting: b1563974b40fa128bb758b91b90118068ba441d816eb743efc511d01d4882ce0
2026-08-21 11:30:23 [main] INFO  tc.testcontainers/ryuk:0.13.0 - Container testcontainers/ryuk:0.13.0 started in PT0.324721882S
2026-08-21 11:30:23 [main] INFO  o.t.utility.RyukResourceReaper - Ryuk started - will monitor and terminate Testcontainers containers on JVM exit
2026-08-21 11:30:23 [main] INFO  o.testcontainers.DockerClientFactory - Checking the system...
2026-08-21 11:30:23 [main] INFO  o.testcontainers.DockerClientFactory - ✔︎ Docker server version should be at least 1.6.0
2026-08-21 11:30:23 [main] INFO  t.g.io/epos-eric/metadata-database/deploy:main - Creating container for image: ghcr.io/epos-eric/metadata-database/deploy:main
2026-08-21 11:30:23 [main] INFO  t.g.io/epos-eric/metadata-database/deploy:main - Container ghcr.io/epos-eric/metadata-database/deploy:main is starting: 6bfa100687fe303ae54f5eb78707fbb2be3ece6d7313e6a70f90116f37ce83e8
2026-08-21 11:30:27 [main] INFO  t.g.io/epos-eric/metadata-database/deploy:main - Container ghcr.io/epos-eric/metadata-database/deploy:main started in PT4.095260729S
2026-08-21 11:30:27 [main] INFO  t.g.io/epos-eric/metadata-database/deploy:main - Container is started (JDBC URL: jdbc:postgresql://localhost:32920/cerif?loggerLevel=OFF)
2026-08-21 11:30:27 [main] INFO  com.zaxxer.hikari.HikariDataSource - metadata_catalogue - Starting...
2026-08-21 11:30:28 [main] INFO  com.zaxxer.hikari.pool.HikariPool - metadata_catalogue - Added connection org.postgresql.jdbc.PgConnection@4e49ce2b
2026-08-21 11:30:28 [main] INFO  com.zaxxer.hikari.HikariDataSource - metadata_catalogue - Start completed.
2026-08-21 11:30:29 [main] INFO  com.zaxxer.hikari.HikariDataSource - metadata_catalogue - Shutdown initiated...
2026-08-21 11:30:29 [main] INFO  com.zaxxer.hikari.HikariDataSource - metadata_catalogue - Shutdown completed.
2026-08-21 11:30:55 [main] INFO  o.testcontainers.images.PullPolicy - Image pull policy will be performed by: DefaultPullPolicy()
2026-08-21 11:30:55 [main] INFO  o.t.utility.ImageNameSubstitutor - Image name substitution will be performed by: DefaultImageNameSubstitutor (composite of 'ConfigurationFileImageNameSubstitutor' and 'PrefixingImageNameSubstitutor')
2026-08-21 11:30:55 [main] INFO  o.testcontainers.DockerClientFactory - Testcontainers version: 2.0.2
2026-08-21 11:30:56 [main] INFO  o.t.d.DockerClientProviderStrategy - Loaded org.testcontainers.dockerclient.UnixSocketClientProviderStrategy from ~/.testcontainers.properties, will try it first
2026-08-21 11:30:56 [main] INFO  o.t.d.DockerClientProviderStrategy - Found Docker environment with local Unix socket (unix:///var/run/docker.sock)
2026-08-21 11:30:56 [main] INFO  o.testcontainers.DockerClientFactory - Docker host IP address is localhost
2026-08-21 11:30:56 [main] INFO  o.testcontainers.DockerClientFactory - Connected to docker: 
  Server Version: 29.7.2
  API Version: 1.55
  Operating System: Arch Linux
  Total Memory: 63796 MB
2026-08-21 11:30:57 [main] INFO  tc.testcontainers/ryuk:0.13.0 - Creating container for image: testcontainers/ryuk:0.13.0
2026-08-21 11:30:57 [main] INFO  tc.testcontainers/ryuk:0.13.0 - Container testcontainers/ryuk:0.13.0 is starting: 21422b43d91fa9735606a70b3fe0cc08f8d3d96a76e8b20eaee15b21b8ff402d
2026-08-21 11:30:57 [main] INFO  tc.testcontainers/ryuk:0.13.0 - Container testcontainers/ryuk:0.13.0 started in PT0.312107144S
2026-08-21 11:30:57 [main] INFO  o.t.utility.RyukResourceReaper - Ryuk started - will monitor and terminate Testcontainers containers on JVM exit
2026-08-21 11:30:57 [main] INFO  o.testcontainers.DockerClientFactory - Checking the system...
2026-08-21 11:30:57 [main] INFO  o.testcontainers.DockerClientFactory - ✔︎ Docker server version should be at least 1.6.0
2026-08-21 11:30:57 [main] INFO  t.g.io/epos-eric/metadata-database/deploy:main - Creating container for image: ghcr.io/epos-eric/metadata-database/deploy:main
2026-08-21 11:30:57 [main] INFO  t.g.io/epos-eric/metadata-database/deploy:main - Container ghcr.io/epos-eric/metadata-database/deploy:main is starting: ca6676153e1fc0b127900458b48ef9e00f9c414f1fdc92cdf376bf0bbe721a62
2026-08-21 11:31:01 [main] INFO  t.g.io/epos-eric/metadata-database/deploy:main - Container ghcr.io/epos-eric/metadata-database/deploy:main started in PT3.973415762S
2026-08-21 11:31:01 [main] INFO  t.g.io/epos-eric/metadata-database/deploy:main - Container is started (JDBC URL: jdbc:postgresql://localhost:32922/cerif?loggerLevel=OFF)
2026-08-21 11:31:01 [main] INFO  com.zaxxer.hikari.HikariDataSource - metadata_catalogue - Starting...
2026-08-21 11:31:01 [main] INFO  com.zaxxer.hikari.pool.HikariPool - metadata_catalogue - Added connection org.postgresql.jdbc.PgConnection@4e49ce2b
2026-08-21 11:31:01 [main] INFO  com.zaxxer.hikari.HikariDataSource - metadata_catalogue - Start completed.
2026-08-21 11:31:02 [main] INFO  com.zaxxer.hikari.HikariDataSource - metadata_catalogue - Shutdown initiated...
2026-08-21 11:31:02 [main] INFO  com.zaxxer.hikari.HikariDataSource - metadata_catalogue - Shutdown completed.
2026-08-21 11:31:38 [main] INFO  o.testcontainers.images.PullPolicy - Image pull policy will be performed by: DefaultPullPolicy()
2026-08-21 11:31:38 [main] INFO  o.t.utility.ImageNameSubstitutor - Image name substitution will be performed by: DefaultImageNameSubstitutor (composite of 'ConfigurationFileImageNameSubstitutor' and 'PrefixingImageNameSubstitutor')
2026-08-21 11:31:38 [main] INFO  o.testcontainers.DockerClientFactory - Testcontainers version: 2.0.2
2026-08-21 11:31:38 [main] INFO  o.t.d.DockerClientProviderStrategy - Loaded org.testcontainers.dockerclient.UnixSocketClientProviderStrategy from ~/.testcontainers.properties, will try it first
2026-08-21 11:31:38 [main] INFO  o.t.d.DockerClientProviderStrategy - Found Docker environment with local Unix socket (unix:///var/run/docker.sock)
2026-08-21 11:31:38 [main] INFO  o.testcontainers.DockerClientFactory - Docker host IP address is localhost
2026-08-21 11:31:38 [main] INFO  o.testcontainers.DockerClientFactory - Connected to docker: 
  Server Version: 29.7.2
  API Version: 1.55
  Operating System: Arch Linux
  Total Memory: 63796 MB
2026-08-21 11:31:39 [main] INFO  tc.testcontainers/ryuk:0.13.0 - Creating container for image: testcontainers/ryuk:0.13.0
2026-08-21 11:31:39 [main] INFO  tc.testcontainers/ryuk:0.13.0 - Container testcontainers/ryuk:0.13.0 is starting: d770653219dc39055d18d8752a5aebd3d38a1be1875d9651a00e9f848d64ea55
2026-08-21 11:31:39 [main] INFO  tc.testcontainers/ryuk:0.13.0 - Container testcontainers/ryuk:0.13.0 started in PT0.31816739S
2026-08-21 11:31:39 [main] INFO  o.t.utility.RyukResourceReaper - Ryuk started - will monitor and terminate Testcontainers containers on JVM exit
2026-08-21 11:31:39 [main] INFO  o.testcontainers.DockerClientFactory - Checking the system...
2026-08-21 11:31:39 [main] INFO  o.testcontainers.DockerClientFactory - ✔︎ Docker server version should be at least 1.6.0
2026-08-21 11:31:39 [main] INFO  t.g.io/epos-eric/metadata-database/deploy:main - Creating container for image: ghcr.io/epos-eric/metadata-database/deploy:main
2026-08-21 11:31:40 [main] INFO  t.g.io/epos-eric/metadata-database/deploy:main - Container ghcr.io/epos-eric/metadata-database/deploy:main is starting: d42e17a468dc1ba2950b8bf5af608e26eb6ad0a4d5a4a2a7e07b085f1a293c40
2026-08-21 11:31:43 [main] INFO  t.g.io/epos-eric/metadata-database/deploy:main - Container ghcr.io/epos-eric/metadata-database/deploy:main started in PT3.865910334S
2026-08-21 11:31:43 [main] INFO  t.g.io/epos-eric/metadata-database/deploy:main - Container is started (JDBC URL: jdbc:postgresql://localhost:32924/cerif?loggerLevel=OFF)
2026-08-21 11:31:43 [main] INFO  com.zaxxer.hikari.HikariDataSource - metadata_catalogue - Starting...
2026-08-21 11:31:44 [main] INFO  com.zaxxer.hikari.pool.HikariPool - metadata_catalogue - Added connection org.postgresql.jdbc.PgConnection@4e49ce2b
2026-08-21 11:31:44 [main] INFO  com.zaxxer.hikari.HikariDataSource - metadata_catalogue - Start completed.
2026-08-21 11:31:45 [main] INFO  com.zaxxer.hikari.HikariDataSource - metadata_catalogue - Shutdown initiated...
2026-08-21 11:31:45 [main] INFO  com.zaxxer.hikari.HikariDataSource - metadata_catalogue - Shutdown completed.
2026-08-21 11:45:07 [main] INFO  o.testcontainers.images.PullPolicy - Image pull policy will be performed by: DefaultPullPolicy()
2026-08-21 11:45:07 [main] INFO  o.t.utility.ImageNameSubstitutor - Image name substitution will be performed by: DefaultImageNameSubstitutor (composite of 'ConfigurationFileImageNameSubstitutor' and 'PrefixingImageNameSubstitutor')
2026-08-21 11:45:07 [main] INFO  o.testcontainers.DockerClientFactory - Testcontainers version: 2.0.2
2026-08-21 11:45:07 [main] INFO  o.t.d.DockerClientProviderStrategy - Loaded org.testcontainers.dockerclient.UnixSocketClientProviderStrategy from ~/.testcontainers.properties, will try it first
2026-08-21 11:45:07 [main] INFO  o.t.d.DockerClientProviderStrategy - Found Docker environment with local Unix socket (unix:///var/run/docker.sock)
2026-08-21 11:45:07 [main] INFO  o.testcontainers.DockerClientFactory - Docker host IP address is localhost
2026-08-21 11:45:07 [main] INFO  o.testcontainers.DockerClientFactory - Connected to docker: 
  Server Version: 29.7.2
  API Version: 1.55
  Operating System: Arch Linux
  Total Memory: 63796 MB
2026-08-21 11:45:08 [main] INFO  tc.testcontainers/ryuk:0.13.0 - Creating container for image: testcontainers/ryuk:0.13.0
2026-08-21 11:45:08 [main] INFO  tc.testcontainers/ryuk:0.13.0 - Container testcontainers/ryuk:0.13.0 is starting: 2aa21c28eb20a005d4576da0d48456a1f442950e999f01a2a6bf6e5472a53915
2026-08-21 11:45:08 [main] INFO  tc.testcontainers/ryuk:0.13.0 - Container testcontainers/ryuk:0.13.0 started in PT0.313985104S
2026-08-21 11:45:08 [main] INFO  o.t.utility.RyukResourceReaper - Ryuk started - will monitor and terminate Testcontainers containers on JVM exit
2026-08-21 11:45:08 [main] INFO  o.testcontainers.DockerClientFactory - Checking the system...
2026-08-21 11:45:08 [main] INFO  o.testcontainers.DockerClientFactory - ✔︎ Docker server version should be at least 1.6.0
2026-08-21 11:45:08 [main] INFO  t.g.io/epos-eric/metadata-database/deploy:main - Creating container for image: ghcr.io/epos-eric/metadata-database/deploy:main
2026-08-21 11:45:09 [main] INFO  t.g.io/epos-eric/metadata-database/deploy:main - Container ghcr.io/epos-eric/metadata-database/deploy:main is starting: 78a91133a8e5b79b12f3ebecd414b85766d8dc04ab9b08d5f9208441c1aa274b
2026-08-21 11:45:12 [main] INFO  t.g.io/epos-eric/metadata-database/deploy:main - Container ghcr.io/epos-eric/metadata-database/deploy:main started in PT3.997238834S
2026-08-21 11:45:12 [main] INFO  t.g.io/epos-eric/metadata-database/deploy:main - Container is started (JDBC URL: jdbc:postgresql://localhost:32926/cerif?loggerLevel=OFF)
2026-08-21 11:45:12 [main] INFO  com.zaxxer.hikari.HikariDataSource - metadata_catalogue - Starting...
2026-08-21 11:45:13 [main] INFO  com.zaxxer.hikari.pool.HikariPool - metadata_catalogue - Added connection org.postgresql.jdbc.PgConnection@4e49ce2b
2026-08-21 11:45:13 [main] INFO  com.zaxxer.hikari.HikariDataSource - metadata_catalogue - Start completed.
2026-08-21 11:45:13 [main] INFO  com.zaxxer.hikari.HikariDataSource - metadata_catalogue - Shutdown initiated...
2026-08-21 11:45:13 [main] INFO  com.zaxxer.hikari.HikariDataSource - metadata_catalogue - Shutdown completed.
2026-08-21 11:45:40 [main] INFO  o.testcontainers.images.PullPolicy - Image pull policy will be performed by: DefaultPullPolicy()
2026-08-21 11:45:40 [main] INFO  o.t.utility.ImageNameSubstitutor - Image name substitution will be performed by: DefaultImageNameSubstitutor (composite of 'ConfigurationFileImageNameSubstitutor' and 'PrefixingImageNameSubstitutor')
2026-08-21 11:45:40 [main] INFO  o.testcontainers.DockerClientFactory - Testcontainers version: 2.0.2
2026-08-21 11:45:40 [main] INFO  o.t.d.DockerClientProviderStrategy - Loaded org.testcontainers.dockerclient.UnixSocketClientProviderStrategy from ~/.testcontainers.properties, will try it first
2026-08-21 11:45:41 [main] INFO  o.t.d.DockerClientProviderStrategy - Found Docker environment with local Unix socket (unix:///var/run/docker.sock)
2026-08-21 11:45:41 [main] INFO  o.testcontainers.DockerClientFactory - Docker host IP address is localhost
2026-08-21 11:45:41 [main] INFO  o.testcontainers.DockerClientFactory - Connected to docker: 
  Server Version: 29.7.2
  API Version: 1.55
  Operating System: Arch Linux
  Total Memory: 63796 MB
2026-08-21 11:45:41 [main] INFO  tc.testcontainers/ryuk:0.13.0 - Creating container for image: testcontainers/ryuk:0.13.0
2026-08-21 11:45:42 [main] INFO  tc.testcontainers/ryuk:0.13.0 - Container testcontainers/ryuk:0.13.0 is starting: 8ffda77e5a4340b8d0619ab786572fe068ff6aef310550a907f3256ec2b866ae
2026-08-21 11:45:42 [main] INFO  tc.testcontainers/ryuk:0.13.0 - Container testcontainers/ryuk:0.13.0 started in PT0.303523634S
2026-08-21 11:45:42 [main] INFO  o.t.utility.RyukResourceReaper - Ryuk started - will monitor and terminate Testcontainers containers on JVM exit
2026-08-21 11:45:42 [main] INFO  o.testcontainers.DockerClientFactory - Checking the system...
2026-08-21 11:45:42 [main] INFO  o.testcontainers.DockerClientFactory - ✔︎ Docker server version should be at least 1.6.0
2026-08-21 11:45:42 [main] INFO  t.g.io/epos-eric/metadata-database/deploy:main - Creating container for image: ghcr.io/epos-eric/metadata-database/deploy:main
2026-08-21 11:45:42 [main] INFO  t.g.io/epos-eric/metadata-database/deploy:main - Container ghcr.io/epos-eric/metadata-database/deploy:main is starting: 7f5578959f4e5206e4655f45f86b073872a14174eba4901d0d7b0fea96adb13f
2026-08-21 11:45:46 [main] INFO  t.g.io/epos-eric/metadata-database/deploy:main - Container ghcr.io/epos-eric/metadata-database/deploy:main started in PT4.184662664S
2026-08-21 11:45:46 [main] INFO  t.g.io/epos-eric/metadata-database/deploy:main - Container is started (JDBC URL: jdbc:postgresql://localhost:32928/cerif?loggerLevel=OFF)
2026-08-21 11:45:46 [main] INFO  com.zaxxer.hikari.HikariDataSource - metadata_catalogue - Starting...
2026-08-21 11:45:46 [main] INFO  com.zaxxer.hikari.pool.HikariPool - metadata_catalogue - Added connection org.postgresql.jdbc.PgConnection@4e49ce2b
2026-08-21 11:45:46 [main] INFO  com.zaxxer.hikari.HikariDataSource - metadata_catalogue - Start completed.
2026-08-21 11:45:47 [main] INFO  com.zaxxer.hikari.HikariDataSource - metadata_catalogue - Shutdown initiated...
2026-08-21 11:45:47 [main] INFO  com.zaxxer.hikari.HikariDataSource - metadata_catalogue - Shutdown completed.
2026-08-21 11:46:09 [main] INFO  o.testcontainers.images.PullPolicy - Image pull policy will be performed by: DefaultPullPolicy()
2026-08-21 11:46:09 [main] INFO  o.t.utility.ImageNameSubstitutor - Image name substitution will be performed by: DefaultImageNameSubstitutor (composite of 'ConfigurationFileImageNameSubstitutor' and 'PrefixingImageNameSubstitutor')
2026-08-21 11:46:09 [main] INFO  o.testcontainers.DockerClientFactory - Testcontainers version: 2.0.2
2026-08-21 11:46:09 [main] INFO  o.t.d.DockerClientProviderStrategy - Loaded org.testcontainers.dockerclient.UnixSocketClientProviderStrategy from ~/.testcontainers.properties, will try it first
2026-08-21 11:46:10 [main] INFO  o.t.d.DockerClientProviderStrategy - Found Docker environment with local Unix socket (unix:///var/run/docker.sock)
2026-08-21 11:46:10 [main] INFO  o.testcontainers.DockerClientFactory - Docker host IP address is localhost
2026-08-21 11:46:10 [main] INFO  o.testcontainers.DockerClientFactory - Connected to docker: 
  Server Version: 29.7.2
  API Version: 1.55
  Operating System: Arch Linux
  Total Memory: 63796 MB
2026-08-21 11:46:10 [main] INFO  tc.testcontainers/ryuk:0.13.0 - Creating container for image: testcontainers/ryuk:0.13.0
2026-08-21 11:46:11 [main] INFO  tc.testcontainers/ryuk:0.13.0 - Container testcontainers/ryuk:0.13.0 is starting: b27b1c7e3deccc72aa5dc8a829e87772dcbefa71318cd26c8eed0b0892ef4498
2026-08-21 11:46:11 [main] INFO  tc.testcontainers/ryuk:0.13.0 - Container testcontainers/ryuk:0.13.0 started in PT0.330651057S
2026-08-21 11:46:11 [main] INFO  o.t.utility.RyukResourceReaper - Ryuk started - will monitor and terminate Testcontainers containers on JVM exit
2026-08-21 11:46:11 [main] INFO  o.testcontainers.DockerClientFactory - Checking the system...
2026-08-21 11:46:11 [main] INFO  o.testcontainers.DockerClientFactory - ✔︎ Docker server version should be at least 1.6.0
2026-08-21 11:46:11 [main] INFO  t.g.io/epos-eric/metadata-database/deploy:main - Creating container for image: ghcr.io/epos-eric/metadata-database/deploy:main
2026-08-21 11:46:11 [main] INFO  t.g.io/epos-eric/metadata-database/deploy:main - Container ghcr.io/epos-eric/metadata-database/deploy:main is starting: 4a465cc9ad8b09f314a5680d9d2e153b97a682d8464032ac178fc4c08b4b25ae
2026-08-21 11:46:15 [main] INFO  t.g.io/epos-eric/metadata-database/deploy:main - Container ghcr.io/epos-eric/metadata-database/deploy:main started in PT4.244713308S
2026-08-21 11:46:15 [main] INFO  t.g.io/epos-eric/metadata-database/deploy:main - Container is started (JDBC URL: jdbc:postgresql://localhost:32930/cerif?loggerLevel=OFF)
2026-08-21 11:46:15 [main] INFO  com.zaxxer.hikari.HikariDataSource - metadata_catalogue - Starting...
2026-08-21 11:46:15 [main] INFO  com.zaxxer.hikari.pool.HikariPool - metadata_catalogue - Added connection org.postgresql.jdbc.PgConnection@4e49ce2b
2026-08-21 11:46:15 [main] INFO  com.zaxxer.hikari.HikariDataSource - metadata_catalogue - Start completed.
2026-08-21 11:46:17 [main] INFO  com.zaxxer.hikari.HikariDataSource - metadata_catalogue - Shutdown initiated...
2026-08-21 11:46:17 [main] INFO  com.zaxxer.hikari.HikariDataSource - metadata_catalogue - Shutdown completed.
2026-08-21 12:40:18 [main] INFO  o.testcontainers.images.PullPolicy - Image pull policy will be performed by: DefaultPullPolicy()
2026-08-21 12:40:18 [main] INFO  o.t.utility.ImageNameSubstitutor - Image name substitution will be performed by: DefaultImageNameSubstitutor (composite of 'ConfigurationFileImageNameSubstitutor' and 'PrefixingImageNameSubstitutor')
2026-08-21 12:40:18 [main] INFO  o.testcontainers.DockerClientFactory - Testcontainers version: 2.0.2
2026-08-21 12:40:18 [main] INFO  o.t.d.DockerClientProviderStrategy - Loaded org.testcontainers.dockerclient.UnixSocketClientProviderStrategy from ~/.testcontainers.properties, will try it first
2026-08-21 12:40:18 [main] INFO  o.t.d.DockerClientProviderStrategy - Found Docker environment with local Unix socket (unix:///var/run/docker.sock)
2026-08-21 12:40:18 [main] INFO  o.testcontainers.DockerClientFactory - Docker host IP address is localhost
2026-08-21 12:40:18 [main] INFO  o.testcontainers.DockerClientFactory - Connected to docker: 
  Server Version: 29.7.2
  API Version: 1.55
  Operating System: Arch Linux
  Total Memory: 63796 MB
2026-08-21 12:40:19 [main] INFO  tc.testcontainers/ryuk:0.13.0 - Creating container for image: testcontainers/ryuk:0.13.0
2026-08-21 12:40:19 [main] INFO  tc.testcontainers/ryuk:0.13.0 - Container testcontainers/ryuk:0.13.0 is starting: d1a1dfbeefd0347c67103743c808cc98643116344c29ed43b2d81e514b9eabd8
2026-08-21 12:40:19 [main] INFO  tc.testcontainers/ryuk:0.13.0 - Container testcontainers/ryuk:0.13.0 started in PT0.300581894S
2026-08-21 12:40:19 [main] INFO  o.t.utility.RyukResourceReaper - Ryuk started - will monitor and terminate Testcontainers containers on JVM exit
2026-08-21 12:40:19 [main] INFO  o.testcontainers.DockerClientFactory - Checking the system...
2026-08-21 12:40:19 [main] INFO  o.testcontainers.DockerClientFactory - ✔︎ Docker server version should be at least 1.6.0
2026-08-21 12:40:19 [main] INFO  t.g.io/epos-eric/metadata-database/deploy:main - Creating container for image: ghcr.io/epos-eric/metadata-database/deploy:main
2026-08-21 12:40:19 [main] INFO  t.g.io/epos-eric/metadata-database/deploy:main - Container ghcr.io/epos-eric/metadata-database/deploy:main is starting: cfaea846ea1480b8ec9877b61179b25b9f121a60f414c83c1f0a380f065d016a
2026-08-21 12:40:23 [main] INFO  t.g.io/epos-eric/metadata-database/deploy:main - Container ghcr.io/epos-eric/metadata-database/deploy:main started in PT3.462290445S
2026-08-21 12:40:23 [main] INFO  t.g.io/epos-eric/metadata-database/deploy:main - Container is started (JDBC URL: jdbc:postgresql://localhost:32946/cerif?loggerLevel=OFF)
2026-08-21 12:40:23 [main] INFO  com.zaxxer.hikari.HikariDataSource - metadata_catalogue - Starting...
2026-08-21 12:40:23 [main] INFO  com.zaxxer.hikari.pool.HikariPool - metadata_catalogue - Added connection org.postgresql.jdbc.PgConnection@44ed0a8f
2026-08-21 12:40:23 [main] INFO  com.zaxxer.hikari.HikariDataSource - metadata_catalogue - Start completed.
2026-08-21 12:40:25 [main] INFO  com.zaxxer.hikari.HikariDataSource - metadata_catalogue - Shutdown initiated...
2026-08-21 12:40:25 [main] INFO  com.zaxxer.hikari.HikariDataSource - metadata_catalogue - Shutdown completed.
2026-08-21 12:40:25 [main] INFO  t.g.io/epos-eric/metadata-database/deploy:main - Creating container for image: ghcr.io/epos-eric/metadata-database/deploy:main
2026-08-21 12:40:25 [main] INFO  t.g.io/epos-eric/metadata-database/deploy:main - Container ghcr.io/epos-eric/metadata-database/deploy:main is starting: af942960d75a3e9ebf37062fd5ea0ef4b79f3edd8d52bce6b471bcc44fbe0b0d
2026-08-21 12:40:29 [main] INFO  t.g.io/epos-eric/metadata-database/deploy:main - Container ghcr.io/epos-eric/metadata-database/deploy:main started in PT3.505004168S
2026-08-21 12:40:29 [main] INFO  t.g.io/epos-eric/metadata-database/deploy:main - Container is started (JDBC URL: jdbc:postgresql://localhost:32948/cerif?loggerLevel=OFF)
2026-08-21 12:40:29 [main] INFO  com.zaxxer.hikari.HikariDataSource - metadata_catalogue - Starting...
2026-08-21 12:40:29 [main] INFO  com.zaxxer.hikari.pool.HikariPool - metadata_catalogue - Added connection org.postgresql.jdbc.PgConnection@3e489ac1
2026-08-21 12:40:29 [main] INFO  com.zaxxer.hikari.HikariDataSource - metadata_catalogue - Start completed.
2026-08-21 12:40:29 [main] INFO  com.zaxxer.hikari.HikariDataSource - metadata_catalogue - Shutdown initiated...
2026-08-21 12:40:29 [main] INFO  com.zaxxer.hikari.HikariDataSource - metadata_catalogue - Shutdown completed.
2026-08-21 12:54:10 [main] INFO  o.testcontainers.images.PullPolicy - Image pull policy will be performed by: DefaultPullPolicy()
2026-08-21 12:54:10 [main] INFO  o.t.utility.ImageNameSubstitutor - Image name substitution will be performed by: DefaultImageNameSubstitutor (composite of 'ConfigurationFileImageNameSubstitutor' and 'PrefixingImageNameSubstitutor')
2026-08-21 12:54:10 [main] INFO  o.testcontainers.DockerClientFactory - Testcontainers version: 2.0.2
2026-08-21 12:54:10 [main] INFO  o.t.d.DockerClientProviderStrategy - Loaded org.testcontainers.dockerclient.UnixSocketClientProviderStrategy from ~/.testcontainers.properties, will try it first
2026-08-21 12:54:10 [main] INFO  o.t.d.DockerClientProviderStrategy - Found Docker environment with local Unix socket (unix:///var/run/docker.sock)
2026-08-21 12:54:10 [main] INFO  o.testcontainers.DockerClientFactory - Docker host IP address is localhost
2026-08-21 12:54:10 [main] INFO  o.testcontainers.DockerClientFactory - Connected to docker: 
  Server Version: 29.7.2
  API Version: 1.55
  Operating System: Arch Linux
  Total Memory: 63796 MB
2026-08-21 12:54:11 [main] INFO  tc.testcontainers/ryuk:0.13.0 - Creating container for image: testcontainers/ryuk:0.13.0
2026-08-21 12:54:11 [main] INFO  tc.testcontainers/ryuk:0.13.0 - Container testcontainers/ryuk:0.13.0 is starting: 905311e5bbb521f39402c02e94d5b49c27a5f696ee16e4d93d9eef62b808b011
2026-08-21 12:54:11 [main] INFO  tc.testcontainers/ryuk:0.13.0 - Container testcontainers/ryuk:0.13.0 started in PT0.268706159S
2026-08-21 12:54:11 [main] INFO  o.t.utility.RyukResourceReaper - Ryuk started - will monitor and terminate Testcontainers containers on JVM exit
2026-08-21 12:54:11 [main] INFO  o.testcontainers.DockerClientFactory - Checking the system...
2026-08-21 12:54:11 [main] INFO  o.testcontainers.DockerClientFactory - ✔︎ Docker server version should be at least 1.6.0
2026-08-21 12:54:11 [main] INFO  t.g.io/epos-eric/metadata-database/deploy:main - Creating container for image: ghcr.io/epos-eric/metadata-database/deploy:main
2026-08-21 12:54:11 [main] INFO  t.g.io/epos-eric/metadata-database/deploy:main - Container ghcr.io/epos-eric/metadata-database/deploy:main is starting: c3c4ecd616d0446a795217c8d5725756f4d70cb9c478df7a086fa3f5532419c3
2026-08-21 12:54:16 [main] INFO  t.g.io/epos-eric/metadata-database/deploy:main - Container ghcr.io/epos-eric/metadata-database/deploy:main started in PT4.51543652S
2026-08-21 12:54:16 [main] INFO  t.g.io/epos-eric/metadata-database/deploy:main - Container is started (JDBC URL: jdbc:postgresql://localhost:32969/cerif?loggerLevel=OFF)
2026-08-21 12:54:16 [main] INFO  com.zaxxer.hikari.HikariDataSource - metadata_catalogue - Starting...
2026-08-21 12:54:16 [main] INFO  com.zaxxer.hikari.pool.HikariPool - metadata_catalogue - Added connection org.postgresql.jdbc.PgConnection@44ed0a8f
2026-08-21 12:54:16 [main] INFO  com.zaxxer.hikari.HikariDataSource - metadata_catalogue - Start completed.
2026-08-21 12:54:18 [main] INFO  com.zaxxer.hikari.HikariDataSource - metadata_catalogue - Shutdown initiated...
2026-08-21 12:54:18 [main] INFO  com.zaxxer.hikari.HikariDataSource - metadata_catalogue - Shutdown completed.
2026-08-21 12:54:19 [main] INFO  t.g.io/epos-eric/metadata-database/deploy:main - Creating container for image: ghcr.io/epos-eric/metadata-database/deploy:main
2026-08-21 12:54:19 [main] INFO  t.g.io/epos-eric/metadata-database/deploy:main - Container ghcr.io/epos-eric/metadata-database/deploy:main is starting: 3bb0d1289588dd55685350f3d73300d0436064dd98a9501a1d491ebb43603067
2026-08-21 12:54:23 [main] INFO  t.g.io/epos-eric/metadata-database/deploy:main - Container ghcr.io/epos-eric/metadata-database/deploy:main started in PT3.851577799S
2026-08-21 12:54:23 [main] INFO  t.g.io/epos-eric/metadata-database/deploy:main - Container is started (JDBC URL: jdbc:postgresql://localhost:32970/cerif?loggerLevel=OFF)
2026-08-21 12:54:23 [main] INFO  com.zaxxer.hikari.HikariDataSource - metadata_catalogue - Starting...
2026-08-21 12:54:23 [main] INFO  com.zaxxer.hikari.pool.HikariPool - metadata_catalogue - Added connection org.postgresql.jdbc.PgConnection@1b3bb287
2026-08-21 12:54:23 [main] INFO  com.zaxxer.hikari.HikariDataSource - metadata_catalogue - Start completed.
2026-08-21 12:54:23 [main] INFO  com.zaxxer.hikari.HikariDataSource - metadata_catalogue - Shutdown initiated...
2026-08-21 12:54:23 [main] INFO  com.zaxxer.hikari.HikariDataSource - metadata_catalogue - Shutdown completed.
2026-08-21 12:54:56 [main] INFO  o.testcontainers.images.PullPolicy - Image pull policy will be performed by: DefaultPullPolicy()
2026-08-21 12:54:56 [main] INFO  o.t.utility.ImageNameSubstitutor - Image name substitution will be performed by: DefaultImageNameSubstitutor (composite of 'ConfigurationFileImageNameSubstitutor' and 'PrefixingImageNameSubstitutor')
2026-08-21 12:54:56 [main] INFO  o.testcontainers.DockerClientFactory - Testcontainers version: 2.0.2
2026-08-21 12:54:56 [main] INFO  o.t.d.DockerClientProviderStrategy - Loaded org.testcontainers.dockerclient.UnixSocketClientProviderStrategy from ~/.testcontainers.properties, will try it first
2026-08-21 12:54:56 [main] INFO  o.t.d.DockerClientProviderStrategy - Found Docker environment with local Unix socket (unix:///var/run/docker.sock)
2026-08-21 12:54:56 [main] INFO  o.testcontainers.DockerClientFactory - Docker host IP address is localhost
2026-08-21 12:54:56 [main] INFO  o.testcontainers.DockerClientFactory - Connected to docker: 
  Server Version: 29.7.2
  API Version: 1.55
  Operating System: Arch Linux
  Total Memory: 63796 MB
2026-08-21 12:54:57 [main] INFO  tc.testcontainers/ryuk:0.13.0 - Creating container for image: testcontainers/ryuk:0.13.0
2026-08-21 12:54:57 [main] INFO  tc.testcontainers/ryuk:0.13.0 - Container testcontainers/ryuk:0.13.0 is starting: 820bd7f24404727bbc3a552412560b0ceeed217a9a01d8b25fa084b9b01dedf3
2026-08-21 12:54:58 [main] INFO  tc.testcontainers/ryuk:0.13.0 - Container testcontainers/ryuk:0.13.0 started in PT0.338775979S
2026-08-21 12:54:58 [main] INFO  o.t.utility.RyukResourceReaper - Ryuk started - will monitor and terminate Testcontainers containers on JVM exit
2026-08-21 12:54:58 [main] INFO  o.testcontainers.DockerClientFactory - Checking the system...
2026-08-21 12:54:58 [main] INFO  o.testcontainers.DockerClientFactory - ✔︎ Docker server version should be at least 1.6.0
2026-08-21 12:54:58 [main] INFO  t.g.io/epos-eric/metadata-database/deploy:main - Creating container for image: ghcr.io/epos-eric/metadata-database/deploy:main
2026-08-21 12:54:58 [main] INFO  t.g.io/epos-eric/metadata-database/deploy:main - Container ghcr.io/epos-eric/metadata-database/deploy:main is starting: 117c6e1443a445dcdf7848556fa91c98f88795b7dfdb8b2f7f760e06a9aa88b0
2026-08-21 12:55:02 [main] INFO  t.g.io/epos-eric/metadata-database/deploy:main - Container ghcr.io/epos-eric/metadata-database/deploy:main started in PT4.472991488S
2026-08-21 12:55:02 [main] INFO  t.g.io/epos-eric/metadata-database/deploy:main - Container is started (JDBC URL: jdbc:postgresql://localhost:32972/cerif?loggerLevel=OFF)
2026-08-21 12:55:02 [main] INFO  com.zaxxer.hikari.HikariDataSource - metadata_catalogue - Starting...
2026-08-21 12:55:03 [main] INFO  com.zaxxer.hikari.pool.HikariPool - metadata_catalogue - Added connection org.postgresql.jdbc.PgConnection@32177fa5
2026-08-21 12:55:03 [main] INFO  com.zaxxer.hikari.HikariDataSource - metadata_catalogue - Start completed.
2026-08-21 12:55:05 [main] INFO  com.zaxxer.hikari.HikariDataSource - metadata_catalogue - Shutdown initiated...
2026-08-21 12:55:05 [main] INFO  com.zaxxer.hikari.HikariDataSource - metadata_catalogue - Shutdown completed.
2026-08-21 12:55:05 [main] INFO  t.g.io/epos-eric/metadata-database/deploy:main - Creating container for image: ghcr.io/epos-eric/metadata-database/deploy:main
2026-08-21 12:55:05 [main] INFO  t.g.io/epos-eric/metadata-database/deploy:main - Container ghcr.io/epos-eric/metadata-database/deploy:main is starting: 692a3a29ce3c0879463cae46a0bb7a43811889155a88cf66ebcb8fc62cb196a2
2026-08-21 12:55:09 [main] INFO  t.g.io/epos-eric/metadata-database/deploy:main - Container ghcr.io/epos-eric/metadata-database/deploy:main started in PT4.242725718S
2026-08-21 12:55:09 [main] INFO  t.g.io/epos-eric/metadata-database/deploy:main - Container is started (JDBC URL: jdbc:postgresql://localhost:32973/cerif?loggerLevel=OFF)
2026-08-21 12:55:09 [main] INFO  com.zaxxer.hikari.HikariDataSource - metadata_catalogue - Starting...
2026-08-21 12:55:09 [main] INFO  com.zaxxer.hikari.pool.HikariPool - metadata_catalogue - Added connection org.postgresql.jdbc.PgConnection@35555145
2026-08-21 12:55:09 [main] INFO  com.zaxxer.hikari.HikariDataSource - metadata_catalogue - Start completed.
2026-08-21 12:55:10 [main] INFO  com.zaxxer.hikari.HikariDataSource - metadata_catalogue - Shutdown initiated...
2026-08-21 12:55:10 [main] INFO  com.zaxxer.hikari.HikariDataSource - metadata_catalogue - Shutdown completed.
2026-08-21 13:06:34 [main] INFO  o.testcontainers.images.PullPolicy - Image pull policy will be performed by: DefaultPullPolicy()
2026-08-21 13:06:34 [main] INFO  o.t.utility.ImageNameSubstitutor - Image name substitution will be performed by: DefaultImageNameSubstitutor (composite of 'ConfigurationFileImageNameSubstitutor' and 'PrefixingImageNameSubstitutor')
2026-08-21 13:06:34 [main] INFO  o.testcontainers.DockerClientFactory - Testcontainers version: 2.0.2
2026-08-21 13:06:35 [main] INFO  o.t.d.DockerClientProviderStrategy - Loaded org.testcontainers.dockerclient.UnixSocketClientProviderStrategy from ~/.testcontainers.properties, will try it first
2026-08-21 13:06:35 [main] INFO  o.t.d.DockerClientProviderStrategy - Found Docker environment with local Unix socket (unix:///var/run/docker.sock)
2026-08-21 13:06:35 [main] INFO  o.testcontainers.DockerClientFactory - Docker host IP address is localhost
2026-08-21 13:06:35 [main] INFO  o.testcontainers.DockerClientFactory - Connected to docker: 
  Server Version: 29.7.2
  API Version: 1.55
  Operating System: Arch Linux
  Total Memory: 63796 MB
2026-08-21 13:06:35 [main] INFO  tc.testcontainers/ryuk:0.13.0 - Creating container for image: testcontainers/ryuk:0.13.0
2026-08-21 13:06:36 [main] INFO  tc.testcontainers/ryuk:0.13.0 - Container testcontainers/ryuk:0.13.0 is starting: b387e75288e3624beb21b9ec35e7dd59391dcc3688aeb8127ffb94f7cd19a1a8
2026-08-21 13:06:36 [main] INFO  tc.testcontainers/ryuk:0.13.0 - Container testcontainers/ryuk:0.13.0 started in PT0.359574537S
2026-08-21 13:06:36 [main] INFO  o.t.utility.RyukResourceReaper - Ryuk started - will monitor and terminate Testcontainers containers on JVM exit
2026-08-21 13:06:36 [main] INFO  o.testcontainers.DockerClientFactory - Checking the system...
2026-08-21 13:06:36 [main] INFO  o.testcontainers.DockerClientFactory - ✔︎ Docker server version should be at least 1.6.0
2026-08-21 13:06:36 [main] INFO  t.g.io/epos-eric/metadata-database/deploy:main - Creating container for image: ghcr.io/epos-eric/metadata-database/deploy:main
2026-08-21 13:06:36 [main] INFO  t.g.io/epos-eric/metadata-database/deploy:main - Container ghcr.io/epos-eric/metadata-database/deploy:main is starting: d0591558d85a669bc735085a791424f66fd61634c263816d4a477225ff2d2e30
2026-08-21 13:06:39 [main] INFO  t.g.io/epos-eric/metadata-database/deploy:main - Container ghcr.io/epos-eric/metadata-database/deploy:main started in PT3.593882471S
2026-08-21 13:06:39 [main] INFO  t.g.io/epos-eric/metadata-database/deploy:main - Container is started (JDBC URL: jdbc:postgresql://localhost:32977/cerif?loggerLevel=OFF)
2026-08-21 13:06:39 [main] INFO  com.zaxxer.hikari.HikariDataSource - metadata_catalogue - Starting...
2026-08-21 13:06:40 [main] INFO  com.zaxxer.hikari.pool.HikariPool - metadata_catalogue - Added connection org.postgresql.jdbc.PgConnection@ca8ef3a
2026-08-21 13:06:40 [main] INFO  com.zaxxer.hikari.HikariDataSource - metadata_catalogue - Start completed.
2026-08-21 13:06:40 [main] INFO  com.zaxxer.hikari.HikariDataSource - metadata_catalogue - Shutdown initiated...
2026-08-21 13:06:40 [main] INFO  com.zaxxer.hikari.HikariDataSource - metadata_catalogue - Shutdown completed.
2026-08-21 13:06:40 [main] INFO  t.g.io/epos-eric/metadata-database/deploy:main - Creating container for image: ghcr.io/epos-eric/metadata-database/deploy:main
2026-08-21 13:06:40 [main] INFO  t.g.io/epos-eric/metadata-database/deploy:main - Container ghcr.io/epos-eric/metadata-database/deploy:main is starting: b4947c0ad564c1d8251835e54ccb769c7df3c56c65032f213c79ce14f6530b51
2026-08-21 13:06:44 [main] INFO  t.g.io/epos-eric/metadata-database/deploy:main - Container ghcr.io/epos-eric/metadata-database/deploy:main started in PT3.412173644S
2026-08-21 13:06:44 [main] INFO  t.g.io/epos-eric/metadata-database/deploy:main - Container is started (JDBC URL: jdbc:postgresql://localhost:32978/cerif?loggerLevel=OFF)
2026-08-21 13:06:44 [main] INFO  com.zaxxer.hikari.HikariDataSource - metadata_catalogue - Starting...
2026-08-21 13:06:44 [main] INFO  com.zaxxer.hikari.pool.HikariPool - metadata_catalogue - Added connection org.postgresql.jdbc.PgConnection@17d76ebb
2026-08-21 13:06:44 [main] INFO  com.zaxxer.hikari.HikariDataSource - metadata_catalogue - Start completed.
2026-08-21 13:06:44 [main] INFO  com.zaxxer.hikari.HikariDataSource - metadata_catalogue - Shutdown initiated...
2026-08-21 13:06:44 [main] INFO  com.zaxxer.hikari.HikariDataSource - metadata_catalogue - Shutdown completed.
2026-08-21 13:06:44 [main] INFO  t.g.io/epos-eric/metadata-database/deploy:main - Creating container for image: ghcr.io/epos-eric/metadata-database/deploy:main
2026-08-21 13:06:44 [main] INFO  t.g.io/epos-eric/metadata-database/deploy:main - Container ghcr.io/epos-eric/metadata-database/deploy:main is starting: dc2c4e44239872c532e651939e2b72e3b557ad1c1423fa647f6d45a4bd4a84fc
2026-08-21 13:06:48 [main] INFO  t.g.io/epos-eric/metadata-database/deploy:main - Container ghcr.io/epos-eric/metadata-database/deploy:main started in PT3.477969273S
2026-08-21 13:06:48 [main] INFO  t.g.io/epos-eric/metadata-database/deploy:main - Container is started (JDBC URL: jdbc:postgresql://localhost:32980/cerif?loggerLevel=OFF)
2026-08-21 13:06:48 [main] INFO  com.zaxxer.hikari.HikariDataSource - metadata_catalogue - Starting...
2026-08-21 13:06:48 [main] INFO  com.zaxxer.hikari.pool.HikariPool - metadata_catalogue - Added connection org.postgresql.jdbc.PgConnection@77ea960f
2026-08-21 13:06:48 [main] INFO  com.zaxxer.hikari.HikariDataSource - metadata_catalogue - Start completed.
2026-08-21 13:06:49 [main] INFO  com.zaxxer.hikari.HikariDataSource - metadata_catalogue - Shutdown initiated...
2026-08-21 13:06:49 [main] INFO  com.zaxxer.hikari.HikariDataSource - metadata_catalogue - Shutdown completed.
2026-08-21 13:06:49 [main] INFO  t.g.io/epos-eric/metadata-database/deploy:main - Creating container for image: ghcr.io/epos-eric/metadata-database/deploy:main
2026-08-21 13:06:49 [main] INFO  t.g.io/epos-eric/metadata-database/deploy:main - Container ghcr.io/epos-eric/metadata-database/deploy:main is starting: a38950093c6c48a1c13303c6bffef106a362669850ffb35ae92db672fe94a491
2026-08-21 13:06:52 [main] INFO  t.g.io/epos-eric/metadata-database/deploy:main - Container ghcr.io/epos-eric/metadata-database/deploy:main started in PT3.332346887S
2026-08-21 13:06:52 [main] INFO  t.g.io/epos-eric/metadata-database/deploy:main - Container is started (JDBC URL: jdbc:postgresql://localhost:32982/cerif?loggerLevel=OFF)
2026-08-21 13:06:52 [main] INFO  com.zaxxer.hikari.HikariDataSource - metadata_catalogue - Starting...
2026-08-21 13:06:52 [main] INFO  com.zaxxer.hikari.pool.HikariPool - metadata_catalogue - Added connection org.postgresql.jdbc.PgConnection@2f3a8166
2026-08-21 13:06:52 [main] INFO  com.zaxxer.hikari.HikariDataSource - metadata_catalogue - Start completed.
2026-08-21 13:06:53 [main] INFO  com.zaxxer.hikari.HikariDataSource - metadata_catalogue - Shutdown initiated...
2026-08-21 13:06:53 [main] INFO  com.zaxxer.hikari.HikariDataSource - metadata_catalogue - Shutdown completed.
2026-08-21 13:06:53 [main] INFO  t.g.io/epos-eric/metadata-database/deploy:main - Creating container for image: ghcr.io/epos-eric/metadata-database/deploy:main
2026-08-21 13:06:53 [main] INFO  t.g.io/epos-eric/metadata-database/deploy:main - Container ghcr.io/epos-eric/metadata-database/deploy:main is starting: 9ba6d64750259e8cec45c744e647661a8847323d1a2061bb3e16a8f2bf5f7215
2026-08-21 13:06:57 [main] INFO  t.g.io/epos-eric/metadata-database/deploy:main - Container ghcr.io/epos-eric/metadata-database/deploy:main started in PT3.693192184S
2026-08-21 13:06:57 [main] INFO  t.g.io/epos-eric/metadata-database/deploy:main - Container is started (JDBC URL: jdbc:postgresql://localhost:32984/cerif?loggerLevel=OFF)
2026-08-21 13:06:57 [main] INFO  com.zaxxer.hikari.HikariDataSource - metadata_catalogue - Starting...
2026-08-21 13:06:57 [main] INFO  com.zaxxer.hikari.pool.HikariPool - metadata_catalogue - Added connection org.postgresql.jdbc.PgConnection@52d181ed
2026-08-21 13:06:57 [main] INFO  com.zaxxer.hikari.HikariDataSource - metadata_catalogue - Start completed.
2026-08-21 13:06:57 [main] INFO  com.zaxxer.hikari.HikariDataSource - metadata_catalogue - Shutdown initiated...
2026-08-21 13:06:57 [main] INFO  com.zaxxer.hikari.HikariDataSource - metadata_catalogue - Shutdown completed.
2026-08-21 13:06:57 [main] INFO  t.g.io/epos-eric/metadata-database/deploy:main - Creating container for image: ghcr.io/epos-eric/metadata-database/deploy:main
2026-08-21 13:06:57 [main] INFO  t.g.io/epos-eric/metadata-database/deploy:main - Container ghcr.io/epos-eric/metadata-database/deploy:main is starting: 9c4a3c62f82e19b54b7d0dff8790ca6ff6cae6f745b2ab2d0acea8b2f566dd5a
2026-08-21 13:07:01 [main] INFO  t.g.io/epos-eric/metadata-database/deploy:main - Container ghcr.io/epos-eric/metadata-database/deploy:main started in PT3.638908912S
2026-08-21 13:07:01 [main] INFO  t.g.io/epos-eric/metadata-database/deploy:main - Container is started (JDBC URL: jdbc:postgresql://localhost:32986/cerif?loggerLevel=OFF)
2026-08-21 13:07:01 [main] INFO  com.zaxxer.hikari.HikariDataSource - metadata_catalogue - Starting...
2026-08-21 13:07:01 [main] INFO  com.zaxxer.hikari.pool.HikariPool - metadata_catalogue - Added connection org.postgresql.jdbc.PgConnection@5c41f6a0
2026-08-21 13:07:01 [main] INFO  com.zaxxer.hikari.HikariDataSource - metadata_catalogue - Start completed.
2026-08-21 13:07:01 [main] INFO  com.zaxxer.hikari.HikariDataSource - metadata_catalogue - Shutdown initiated...
2026-08-21 13:07:01 [main] INFO  com.zaxxer.hikari.HikariDataSource - metadata_catalogue - Shutdown completed.
2026-08-21 13:07:01 [main] INFO  t.g.io/epos-eric/metadata-database/deploy:main - Creating container for image: ghcr.io/epos-eric/metadata-database/deploy:main
2026-08-21 13:07:02 [main] INFO  t.g.io/epos-eric/metadata-database/deploy:main - Container ghcr.io/epos-eric/metadata-database/deploy:main is starting: 11ccfafeb7cc4906d0968f8180901534f1fd43a2963e3774480c9b2f6b10a9e8
2026-08-21 13:07:05 [main] INFO  t.g.io/epos-eric/metadata-database/deploy:main - Container ghcr.io/epos-eric/metadata-database/deploy:main started in PT3.712470548S
2026-08-21 13:07:05 [main] INFO  t.g.io/epos-eric/metadata-database/deploy:main - Container is started (JDBC URL: jdbc:postgresql://localhost:32988/cerif?loggerLevel=OFF)
2026-08-21 13:07:05 [main] INFO  com.zaxxer.hikari.HikariDataSource - metadata_catalogue - Starting...
2026-08-21 13:07:05 [main] INFO  com.zaxxer.hikari.pool.HikariPool - metadata_catalogue - Added connection org.postgresql.jdbc.PgConnection@4c678a1f
2026-08-21 13:07:05 [main] INFO  com.zaxxer.hikari.HikariDataSource - metadata_catalogue - Start completed.
2026-08-21 13:07:05 [main] INFO  com.zaxxer.hikari.HikariDataSource - metadata_catalogue - Shutdown initiated...
2026-08-21 13:07:05 [main] INFO  com.zaxxer.hikari.HikariDataSource - metadata_catalogue - Shutdown completed.
2026-08-21 13:07:06 [main] INFO  t.g.io/epos-eric/metadata-database/deploy:main - Creating container for image: ghcr.io/epos-eric/metadata-database/deploy:main
2026-08-21 13:07:06 [main] INFO  t.g.io/epos-eric/metadata-database/deploy:main - Container ghcr.io/epos-eric/metadata-database/deploy:main is starting: c3546187fffa53014398d9aba659d0ecc3e50044c803045ca4545e2882914faf
2026-08-21 13:07:10 [main] INFO  t.g.io/epos-eric/metadata-database/deploy:main - Container ghcr.io/epos-eric/metadata-database/deploy:main started in PT4.712418141S
2026-08-21 13:07:10 [main] INFO  t.g.io/epos-eric/metadata-database/deploy:main - Container is started (JDBC URL: jdbc:postgresql://localhost:32990/cerif?loggerLevel=OFF)
2026-08-21 13:07:10 [main] INFO  com.zaxxer.hikari.HikariDataSource - metadata_catalogue - Starting...
2026-08-21 13:07:10 [main] INFO  com.zaxxer.hikari.pool.HikariPool - metadata_catalogue - Added connection org.postgresql.jdbc.PgConnection@18711946
2026-08-21 13:07:10 [main] INFO  com.zaxxer.hikari.HikariDataSource - metadata_catalogue - Start completed.
2026-08-21 13:07:10 [main] INFO  com.zaxxer.hikari.HikariDataSource - metadata_catalogue - Shutdown initiated...
2026-08-21 13:07:11 [main] INFO  com.zaxxer.hikari.HikariDataSource - metadata_catalogue - Shutdown completed.
2026-08-21 13:07:11 [main] INFO  t.g.io/epos-eric/metadata-database/deploy:main - Creating container for image: ghcr.io/epos-eric/metadata-database/deploy:main
2026-08-21 13:07:11 [main] INFO  t.g.io/epos-eric/metadata-database/deploy:main - Container ghcr.io/epos-eric/metadata-database/deploy:main is starting: 0b404ff38defeb900661b137ee83740b6c08290bffbab89aec5b0f035f09c6b5
2026-08-21 13:07:14 [main] INFO  t.g.io/epos-eric/metadata-database/deploy:main - Container ghcr.io/epos-eric/metadata-database/deploy:main started in PT3.651628477S
2026-08-21 13:07:14 [main] INFO  t.g.io/epos-eric/metadata-database/deploy:main - Container is started (JDBC URL: jdbc:postgresql://localhost:32992/cerif?loggerLevel=OFF)
2026-08-21 13:07:14 [main] INFO  com.zaxxer.hikari.HikariDataSource - metadata_catalogue - Starting...
2026-08-21 13:07:14 [main] INFO  com.zaxxer.hikari.pool.HikariPool - metadata_catalogue - Added connection org.postgresql.jdbc.PgConnection@3bbb3c84
2026-08-21 13:07:14 [main] INFO  com.zaxxer.hikari.HikariDataSource - metadata_catalogue - Start completed.
2026-08-21 13:07:15 [main] INFO  com.zaxxer.hikari.HikariDataSource - metadata_catalogue - Shutdown initiated...
2026-08-21 13:07:15 [main] INFO  com.zaxxer.hikari.HikariDataSource - metadata_catalogue - Shutdown completed.
2026-08-21 13:07:15 [main] INFO  t.g.io/epos-eric/metadata-database/deploy:main - Creating container for image: ghcr.io/epos-eric/metadata-database/deploy:main
2026-08-21 13:07:15 [main] INFO  t.g.io/epos-eric/metadata-database/deploy:main - Container ghcr.io/epos-eric/metadata-database/deploy:main is starting: 4a9770d733a6729ff349a6ca000cb5ead62ddaedbfbc00b804c84f6560752ade
2026-08-21 13:07:18 [main] INFO  t.g.io/epos-eric/metadata-database/deploy:main - Container ghcr.io/epos-eric/metadata-database/deploy:main started in PT3.609355053S
2026-08-21 13:07:18 [main] INFO  t.g.io/epos-eric/metadata-database/deploy:main - Container is started (JDBC URL: jdbc:postgresql://localhost:32994/cerif?loggerLevel=OFF)
2026-08-21 13:07:18 [main] INFO  com.zaxxer.hikari.HikariDataSource - metadata_catalogue - Starting...
2026-08-21 13:07:18 [main] INFO  com.zaxxer.hikari.pool.HikariPool - metadata_catalogue - Added connection org.postgresql.jdbc.PgConnection@4be6531a
2026-08-21 13:07:18 [main] INFO  com.zaxxer.hikari.HikariDataSource - metadata_catalogue - Start completed.
2026-08-21 13:07:19 [main] INFO  com.zaxxer.hikari.HikariDataSource - metadata_catalogue - Shutdown initiated...
2026-08-21 13:07:19 [main] INFO  com.zaxxer.hikari.HikariDataSource - metadata_catalogue - Shutdown completed.
2026-08-21 13:07:19 [main] INFO  t.g.io/epos-eric/metadata-database/deploy:main - Creating container for image: ghcr.io/epos-eric/metadata-database/deploy:main
2026-08-21 13:07:19 [main] INFO  t.g.io/epos-eric/metadata-database/deploy:main - Container ghcr.io/epos-eric/metadata-database/deploy:main is starting: 289f3bc46f8a06ad5e603602cecd08a492231e97e4d4a62ddb38284e4d3e1a66
2026-08-21 13:07:22 [main] INFO  t.g.io/epos-eric/metadata-database/deploy:main - Container ghcr.io/epos-eric/metadata-database/deploy:main started in PT3.601255443S
2026-08-21 13:07:22 [main] INFO  t.g.io/epos-eric/metadata-database/deploy:main - Container is started (JDBC URL: jdbc:postgresql://localhost:32996/cerif?loggerLevel=OFF)
2026-08-21 13:07:22 [main] INFO  com.zaxxer.hikari.HikariDataSource - metadata_catalogue - Starting...
2026-08-21 13:07:22 [main] INFO  com.zaxxer.hikari.pool.HikariPool - metadata_catalogue - Added connection org.postgresql.jdbc.PgConnection@10770c1
2026-08-21 13:07:22 [main] INFO  com.zaxxer.hikari.HikariDataSource - metadata_catalogue - Start completed.
2026-08-21 13:07:23 [main] INFO  com.zaxxer.hikari.HikariDataSource - metadata_catalogue - Shutdown initiated...
2026-08-21 13:07:23 [main] INFO  com.zaxxer.hikari.HikariDataSource - metadata_catalogue - Shutdown completed.
2026-08-21 13:07:23 [main] INFO  t.g.io/epos-eric/metadata-database/deploy:main - Creating container for image: ghcr.io/epos-eric/metadata-database/deploy:main
2026-08-21 13:07:23 [main] INFO  t.g.io/epos-eric/metadata-database/deploy:main - Container ghcr.io/epos-eric/metadata-database/deploy:main is starting: 6d8bfbcaface46fd53ca1fb7ad75d1879d26cc34a059f99f5125a6f93329e58b
2026-08-21 13:07:26 [main] INFO  t.g.io/epos-eric/metadata-database/deploy:main - Container ghcr.io/epos-eric/metadata-database/deploy:main started in PT3.48782953S
2026-08-21 13:07:26 [main] INFO  t.g.io/epos-eric/metadata-database/deploy:main - Container is started (JDBC URL: jdbc:postgresql://localhost:32998/cerif?loggerLevel=OFF)
2026-08-21 13:07:26 [main] INFO  com.zaxxer.hikari.HikariDataSource - metadata_catalogue - Starting...
2026-08-21 13:07:26 [main] INFO  com.zaxxer.hikari.pool.HikariPool - metadata_catalogue - Added connection org.postgresql.jdbc.PgConnection@482c8db4
2026-08-21 13:07:26 [main] INFO  com.zaxxer.hikari.HikariDataSource - metadata_catalogue - Start completed.
2026-08-21 13:07:27 [main] INFO  com.zaxxer.hikari.HikariDataSource - metadata_catalogue - Shutdown initiated...
2026-08-21 13:07:27 [main] INFO  com.zaxxer.hikari.HikariDataSource - metadata_catalogue - Shutdown completed.
2026-08-21 13:07:27 [main] INFO  t.g.io/epos-eric/metadata-database/deploy:main - Creating container for image: ghcr.io/epos-eric/metadata-database/deploy:main
2026-08-21 13:07:27 [main] INFO  t.g.io/epos-eric/metadata-database/deploy:main - Container ghcr.io/epos-eric/metadata-database/deploy:main is starting: 7dce5aade8da97e8b89b0d587c7e0ceecdb595b9588a3b38f1bccd28d98e0f94
2026-08-21 13:07:31 [main] INFO  t.g.io/epos-eric/metadata-database/deploy:main - Container ghcr.io/epos-eric/metadata-database/deploy:main started in PT3.601340869S
2026-08-21 13:07:31 [main] INFO  t.g.io/epos-eric/metadata-database/deploy:main - Container is started (JDBC URL: jdbc:postgresql://localhost:33000/cerif?loggerLevel=OFF)
2026-08-21 13:07:31 [main] INFO  com.zaxxer.hikari.HikariDataSource - metadata_catalogue - Starting...
2026-08-21 13:07:31 [main] INFO  com.zaxxer.hikari.pool.HikariPool - metadata_catalogue - Added connection org.postgresql.jdbc.PgConnection@31330344
2026-08-21 13:07:31 [main] INFO  com.zaxxer.hikari.HikariDataSource - metadata_catalogue - Start completed.
2026-08-21 13:07:31 [main] INFO  com.zaxxer.hikari.HikariDataSource - metadata_catalogue - Shutdown initiated...
2026-08-21 13:07:31 [main] INFO  com.zaxxer.hikari.HikariDataSource - metadata_catalogue - Shutdown completed.
2026-08-21 13:07:31 [main] INFO  t.g.io/epos-eric/metadata-database/deploy:main - Creating container for image: ghcr.io/epos-eric/metadata-database/deploy:main
2026-08-21 13:07:31 [main] INFO  t.g.io/epos-eric/metadata-database/deploy:main - Container ghcr.io/epos-eric/metadata-database/deploy:main is starting: 3c0547486523887f5b38c38c2e17a8d85c8bf2359940f1b948af9a84337cac5d
2026-08-21 13:07:35 [main] INFO  t.g.io/epos-eric/metadata-database/deploy:main - Container ghcr.io/epos-eric/metadata-database/deploy:main started in PT3.470765087S
2026-08-21 13:07:35 [main] INFO  t.g.io/epos-eric/metadata-database/deploy:main - Container is started (JDBC URL: jdbc:postgresql://localhost:33002/cerif?loggerLevel=OFF)
2026-08-21 13:07:35 [main] INFO  com.zaxxer.hikari.HikariDataSource - metadata_catalogue - Starting...
2026-08-21 13:07:35 [main] INFO  com.zaxxer.hikari.pool.HikariPool - metadata_catalogue - Added connection org.postgresql.jdbc.PgConnection@59929512
2026-08-21 13:07:35 [main] INFO  com.zaxxer.hikari.HikariDataSource - metadata_catalogue - Start completed.
2026-08-21 13:07:35 [main] INFO  com.zaxxer.hikari.HikariDataSource - metadata_catalogue - Shutdown initiated...
2026-08-21 13:07:35 [main] INFO  com.zaxxer.hikari.HikariDataSource - metadata_catalogue - Shutdown completed.
2026-08-21 13:07:35 [main] INFO  t.g.io/epos-eric/metadata-database/deploy:main - Creating container for image: ghcr.io/epos-eric/metadata-database/deploy:main
2026-08-21 13:07:35 [main] INFO  t.g.io/epos-eric/metadata-database/deploy:main - Container ghcr.io/epos-eric/metadata-database/deploy:main is starting: b9256970765c62f3e13dfa4b5d5d96a9b09c20feb91cd0be9a0ab9fbf306e486
2026-08-21 13:07:39 [main] INFO  t.g.io/epos-eric/metadata-database/deploy:main - Container ghcr.io/epos-eric/metadata-database/deploy:main started in PT3.595548321S
2026-08-21 13:07:39 [main] INFO  t.g.io/epos-eric/metadata-database/deploy:main - Container is started (JDBC URL: jdbc:postgresql://localhost:33004/cerif?loggerLevel=OFF)
2026-08-21 13:07:39 [main] INFO  com.zaxxer.hikari.HikariDataSource - metadata_catalogue - Starting...
2026-08-21 13:07:39 [main] INFO  com.zaxxer.hikari.pool.HikariPool - metadata_catalogue - Added connection org.postgresql.jdbc.PgConnection@755dae57
2026-08-21 13:07:39 [main] INFO  com.zaxxer.hikari.HikariDataSource - metadata_catalogue - Start completed.
2026-08-21 13:07:39 [main] INFO  com.zaxxer.hikari.HikariDataSource - metadata_catalogue - Shutdown initiated...
2026-08-21 13:07:39 [main] INFO  com.zaxxer.hikari.HikariDataSource - metadata_catalogue - Shutdown completed.
2026-08-21 13:07:39 [main] INFO  t.g.io/epos-eric/metadata-database/deploy:main - Creating container for image: ghcr.io/epos-eric/metadata-database/deploy:main
2026-08-21 13:07:39 [main] INFO  t.g.io/epos-eric/metadata-database/deploy:main - Container ghcr.io/epos-eric/metadata-database/deploy:main is starting: 0c34a46c9f81e0883dfddc5624301348a08bc57902c3be94a414ff160217e27f
2026-08-21 13:07:43 [main] INFO  t.g.io/epos-eric/metadata-database/deploy:main - Container ghcr.io/epos-eric/metadata-database/deploy:main started in PT3.568601535S
2026-08-21 13:07:43 [main] INFO  t.g.io/epos-eric/metadata-database/deploy:main - Container is started (JDBC URL: jdbc:postgresql://localhost:33006/cerif?loggerLevel=OFF)
2026-08-21 13:07:43 [main] INFO  com.zaxxer.hikari.HikariDataSource - metadata_catalogue - Starting...
2026-08-21 13:07:43 [main] INFO  com.zaxxer.hikari.pool.HikariPool - metadata_catalogue - Added connection org.postgresql.jdbc.PgConnection@11def039
2026-08-21 13:07:43 [main] INFO  com.zaxxer.hikari.HikariDataSource - metadata_catalogue - Start completed.
2026-08-21 13:07:43 [main] INFO  com.zaxxer.hikari.HikariDataSource - metadata_catalogue - Shutdown initiated...
2026-08-21 13:07:43 [main] INFO  com.zaxxer.hikari.HikariDataSource - metadata_catalogue - Shutdown completed.
2026-08-21 13:07:43 [main] INFO  t.g.io/epos-eric/metadata-database/deploy:main - Creating container for image: ghcr.io/epos-eric/metadata-database/deploy:main
2026-08-21 13:07:43 [main] INFO  t.g.io/epos-eric/metadata-database/deploy:main - Container ghcr.io/epos-eric/metadata-database/deploy:main is starting: 4543a85a596a5d6feae44fec0663de4f398cfd83af679b099be56b9d031632b9
2026-08-21 13:07:47 [main] INFO  t.g.io/epos-eric/metadata-database/deploy:main - Container ghcr.io/epos-eric/metadata-database/deploy:main started in PT3.668685384S
2026-08-21 13:07:47 [main] INFO  t.g.io/epos-eric/metadata-database/deploy:main - Container is started (JDBC URL: jdbc:postgresql://localhost:33008/cerif?loggerLevel=OFF)
2026-08-21 13:07:47 [main] INFO  com.zaxxer.hikari.HikariDataSource - metadata_catalogue - Starting...
2026-08-21 13:07:47 [main] INFO  com.zaxxer.hikari.pool.HikariPool - metadata_catalogue - Added connection org.postgresql.jdbc.PgConnection@2bb5637a
2026-08-21 13:07:47 [main] INFO  com.zaxxer.hikari.HikariDataSource - metadata_catalogue - Start completed.
2026-08-21 13:07:48 [main] INFO  com.zaxxer.hikari.HikariDataSource - metadata_catalogue - Shutdown initiated...
2026-08-21 13:07:48 [main] INFO  com.zaxxer.hikari.HikariDataSource - metadata_catalogue - Shutdown completed.
2026-08-21 13:07:48 [main] INFO  t.g.io/epos-eric/metadata-database/deploy:main - Creating container for image: ghcr.io/epos-eric/metadata-database/deploy:main
2026-08-21 13:07:48 [main] INFO  t.g.io/epos-eric/metadata-database/deploy:main - Container ghcr.io/epos-eric/metadata-database/deploy:main is starting: 93fd66482466b52a1b7a5c1a2d616807c85a6d18da9071f38ea8f4ac050e2bd5
2026-08-21 13:07:53 [main] INFO  t.g.io/epos-eric/metadata-database/deploy:main - Container ghcr.io/epos-eric/metadata-database/deploy:main started in PT4.778273968S
2026-08-21 13:07:53 [main] INFO  t.g.io/epos-eric/metadata-database/deploy:main - Container is started (JDBC URL: jdbc:postgresql://localhost:33009/cerif?loggerLevel=OFF)
2026-08-21 13:07:53 [main] INFO  com.zaxxer.hikari.HikariDataSource - metadata_catalogue - Starting...
2026-08-21 13:07:53 [main] INFO  com.zaxxer.hikari.pool.HikariPool - metadata_catalogue - Added connection org.postgresql.jdbc.PgConnection@a184485
2026-08-21 13:07:53 [main] INFO  com.zaxxer.hikari.HikariDataSource - metadata_catalogue - Start completed.
2026-08-21 13:07:54 [main] INFO  com.zaxxer.hikari.HikariDataSource - metadata_catalogue - Shutdown initiated...
2026-08-21 13:07:54 [main] INFO  com.zaxxer.hikari.HikariDataSource - metadata_catalogue - Shutdown completed.
2026-08-21 13:07:54 [main] INFO  t.g.io/epos-eric/metadata-database/deploy:main - Creating container for image: ghcr.io/epos-eric/metadata-database/deploy:main
2026-08-21 13:07:54 [main] INFO  t.g.io/epos-eric/metadata-database/deploy:main - Container ghcr.io/epos-eric/metadata-database/deploy:main is starting: fe0844b46d7b803e944c3c9bb1b59bdd947a88afedfcc504d81caeb412f99658
2026-08-21 13:07:58 [main] INFO  t.g.io/epos-eric/metadata-database/deploy:main - Container ghcr.io/epos-eric/metadata-database/deploy:main started in PT4.258327653S
2026-08-21 13:07:58 [main] INFO  t.g.io/epos-eric/metadata-database/deploy:main - Container is started (JDBC URL: jdbc:postgresql://localhost:33010/cerif?loggerLevel=OFF)
2026-08-21 13:07:58 [main] INFO  com.zaxxer.hikari.HikariDataSource - metadata_catalogue - Starting...
2026-08-21 13:07:58 [main] INFO  com.zaxxer.hikari.pool.HikariPool - metadata_catalogue - Added connection org.postgresql.jdbc.PgConnection@69db41bc
2026-08-21 13:07:58 [main] INFO  com.zaxxer.hikari.HikariDataSource - metadata_catalogue - Start completed.
2026-08-21 13:08:00 [main] INFO  com.zaxxer.hikari.HikariDataSource - metadata_catalogue - Shutdown initiated...
2026-08-21 13:08:00 [main] INFO  com.zaxxer.hikari.HikariDataSource - metadata_catalogue - Shutdown completed.
2026-08-21 13:08:00 [main] INFO  t.g.io/epos-eric/metadata-database/deploy:main - Creating container for image: ghcr.io/epos-eric/metadata-database/deploy:main
2026-08-21 13:08:01 [main] INFO  t.g.io/epos-eric/metadata-database/deploy:main - Container ghcr.io/epos-eric/metadata-database/deploy:main is starting: bd3bb7ffc37f282905cfebccee4085520ae1477c66b723c6b2f9c115fcd88e24
2026-08-21 13:08:04 [main] INFO  t.g.io/epos-eric/metadata-database/deploy:main - Container ghcr.io/epos-eric/metadata-database/deploy:main started in PT4.152607768S
2026-08-21 13:08:04 [main] INFO  t.g.io/epos-eric/metadata-database/deploy:main - Container is started (JDBC URL: jdbc:postgresql://localhost:33011/cerif?loggerLevel=OFF)
2026-08-21 13:08:04 [main] INFO  com.zaxxer.hikari.HikariDataSource - metadata_catalogue - Starting...
2026-08-21 13:08:05 [main] INFO  com.zaxxer.hikari.pool.HikariPool - metadata_catalogue - Added connection org.postgresql.jdbc.PgConnection@3bee3935
2026-08-21 13:08:05 [main] INFO  com.zaxxer.hikari.HikariDataSource - metadata_catalogue - Start completed.
2026-08-21 13:08:05 [main] INFO  com.zaxxer.hikari.HikariDataSource - metadata_catalogue - Shutdown initiated...
2026-08-21 13:08:05 [main] INFO  com.zaxxer.hikari.HikariDataSource - metadata_catalogue - Shutdown completed.
2026-08-21 13:08:06 [main] INFO  t.g.io/epos-eric/metadata-database/deploy:main - Creating container for image: ghcr.io/epos-eric/metadata-database/deploy:main
2026-08-21 13:08:06 [main] INFO  t.g.io/epos-eric/metadata-database/deploy:main - Container ghcr.io/epos-eric/metadata-database/deploy:main is starting: 56dcbf5aebbdb179c152ecb34b970674700ef3535178feb707724b63ca470260
2026-08-21 13:08:10 [main] INFO  t.g.io/epos-eric/metadata-database/deploy:main - Container ghcr.io/epos-eric/metadata-database/deploy:main started in PT4.457864009S
2026-08-21 13:08:10 [main] INFO  t.g.io/epos-eric/metadata-database/deploy:main - Container is started (JDBC URL: jdbc:postgresql://localhost:33012/cerif?loggerLevel=OFF)
2026-08-21 13:08:10 [main] INFO  com.zaxxer.hikari.HikariDataSource - metadata_catalogue - Starting...
2026-08-21 13:08:10 [main] INFO  com.zaxxer.hikari.pool.HikariPool - metadata_catalogue - Added connection org.postgresql.jdbc.PgConnection@87b341b
2026-08-21 13:08:10 [main] INFO  com.zaxxer.hikari.HikariDataSource - metadata_catalogue - Start completed.
2026-08-21 13:08:10 [main] INFO  com.zaxxer.hikari.HikariDataSource - metadata_catalogue - Shutdown initiated...
2026-08-21 13:08:10 [main] INFO  com.zaxxer.hikari.HikariDataSource - metadata_catalogue - Shutdown completed.
2026-08-21 13:08:11 [main] INFO  t.g.io/epos-eric/metadata-database/deploy:main - Creating container for image: ghcr.io/epos-eric/metadata-database/deploy:main
2026-08-21 13:08:11 [main] INFO  t.g.io/epos-eric/metadata-database/deploy:main - Container ghcr.io/epos-eric/metadata-database/deploy:main is starting: 77b19701daefbea72f9476b243e5fb8628b1ef454f6b03086bd1348ac579bcb7
2026-08-21 13:08:15 [main] INFO  t.g.io/epos-eric/metadata-database/deploy:main - Container ghcr.io/epos-eric/metadata-database/deploy:main started in PT4.92328223S
2026-08-21 13:08:15 [main] INFO  t.g.io/epos-eric/metadata-database/deploy:main - Container is started (JDBC URL: jdbc:postgresql://localhost:33013/cerif?loggerLevel=OFF)
2026-08-21 13:08:15 [main] INFO  com.zaxxer.hikari.HikariDataSource - metadata_catalogue - Starting...
2026-08-21 13:08:16 [main] INFO  com.zaxxer.hikari.pool.HikariPool - metadata_catalogue - Added connection org.postgresql.jdbc.PgConnection@6cc57f26
2026-08-21 13:08:16 [main] INFO  com.zaxxer.hikari.HikariDataSource - metadata_catalogue - Start completed.
2026-08-21 13:08:16 [main] INFO  com.zaxxer.hikari.HikariDataSource - metadata_catalogue - Shutdown initiated...
2026-08-21 13:08:16 [main] INFO  com.zaxxer.hikari.HikariDataSource - metadata_catalogue - Shutdown completed.
2026-08-21 13:08:16 [main] INFO  t.g.io/epos-eric/metadata-database/deploy:main - Creating container for image: ghcr.io/epos-eric/metadata-database/deploy:main
2026-08-21 13:08:16 [main] INFO  t.g.io/epos-eric/metadata-database/deploy:main - Container ghcr.io/epos-eric/metadata-database/deploy:main is starting: 415d9252926d5833158c4f86b2819906d5ecbbec7da703e3a0d3b94265011fab
2026-08-21 13:08:21 [main] INFO  t.g.io/epos-eric/metadata-database/deploy:main - Container ghcr.io/epos-eric/metadata-database/deploy:main started in PT4.776274169S
2026-08-21 13:08:21 [main] INFO  t.g.io/epos-eric/metadata-database/deploy:main - Container is started (JDBC URL: jdbc:postgresql://localhost:33014/cerif?loggerLevel=OFF)
2026-08-21 13:08:21 [main] INFO  com.zaxxer.hikari.HikariDataSource - metadata_catalogue - Starting...
2026-08-21 13:08:21 [main] INFO  com.zaxxer.hikari.pool.HikariPool - metadata_catalogue - Added connection org.postgresql.jdbc.PgConnection@7cc89f6
2026-08-21 13:08:21 [main] INFO  com.zaxxer.hikari.HikariDataSource - metadata_catalogue - Start completed.
2026-08-21 13:08:21 [main] INFO  com.zaxxer.hikari.HikariDataSource - metadata_catalogue - Shutdown initiated...
2026-08-21 13:08:21 [main] INFO  com.zaxxer.hikari.HikariDataSource - metadata_catalogue - Shutdown completed.
2026-08-21 13:08:21 [main] INFO  t.g.io/epos-eric/metadata-database/deploy:main - Creating container for image: ghcr.io/epos-eric/metadata-database/deploy:main
2026-08-21 13:08:21 [main] INFO  t.g.io/epos-eric/metadata-database/deploy:main - Container ghcr.io/epos-eric/metadata-database/deploy:main is starting: 252f32701143eff3d6c842a05a311fd60444660fcc9e060fb3d87bd6e1419944
2026-08-21 13:08:25 [main] INFO  t.g.io/epos-eric/metadata-database/deploy:main - Container ghcr.io/epos-eric/metadata-database/deploy:main started in PT3.918543211S
2026-08-21 13:08:25 [main] INFO  t.g.io/epos-eric/metadata-database/deploy:main - Container is started (JDBC URL: jdbc:postgresql://localhost:33015/cerif?loggerLevel=OFF)
2026-08-21 13:08:25 [main] INFO  com.zaxxer.hikari.HikariDataSource - metadata_catalogue - Starting...
2026-08-21 13:08:25 [main] INFO  com.zaxxer.hikari.pool.HikariPool - metadata_catalogue - Added connection org.postgresql.jdbc.PgConnection@3c7da546
2026-08-21 13:08:25 [main] INFO  com.zaxxer.hikari.HikariDataSource - metadata_catalogue - Start completed.
2026-08-21 13:08:26 [main] INFO  com.zaxxer.hikari.HikariDataSource - metadata_catalogue - Shutdown initiated...
2026-08-21 13:08:26 [main] INFO  com.zaxxer.hikari.HikariDataSource - metadata_catalogue - Shutdown completed.
2026-08-21 13:08:26 [main] INFO  t.g.io/epos-eric/metadata-database/deploy:main - Creating container for image: ghcr.io/epos-eric/metadata-database/deploy:main
2026-08-21 13:08:26 [main] INFO  t.g.io/epos-eric/metadata-database/deploy:main - Container ghcr.io/epos-eric/metadata-database/deploy:main is starting: b94470981bd1e461ad07d2651dce539521a1016d1249044d495818e9650b265d
2026-08-21 13:08:31 [main] INFO  t.g.io/epos-eric/metadata-database/deploy:main - Container ghcr.io/epos-eric/metadata-database/deploy:main started in PT4.778309835S
2026-08-21 13:08:31 [main] INFO  t.g.io/epos-eric/metadata-database/deploy:main - Container is started (JDBC URL: jdbc:postgresql://localhost:33016/cerif?loggerLevel=OFF)
2026-08-21 13:08:31 [main] INFO  com.zaxxer.hikari.HikariDataSource - metadata_catalogue - Starting...
2026-08-21 13:08:31 [main] INFO  com.zaxxer.hikari.pool.HikariPool - metadata_catalogue - Added connection org.postgresql.jdbc.PgConnection@48bbfff8
2026-08-21 13:08:31 [main] INFO  com.zaxxer.hikari.HikariDataSource - metadata_catalogue - Start completed.
2026-08-21 13:08:33 [main] INFO  com.zaxxer.hikari.HikariDataSource - metadata_catalogue - Shutdown initiated...
2026-08-21 13:08:33 [main] INFO  com.zaxxer.hikari.HikariDataSource - metadata_catalogue - Shutdown completed.
2026-08-21 13:08:33 [main] INFO  t.g.io/epos-eric/metadata-database/deploy:main - Creating container for image: ghcr.io/epos-eric/metadata-database/deploy:main
2026-08-21 13:08:34 [main] INFO  t.g.io/epos-eric/metadata-database/deploy:main - Container ghcr.io/epos-eric/metadata-database/deploy:main is starting: 7840e93e43b1b081bc62b704dc6a3da8dda2b9ad57dfbd6bcdf8cbec41848eef
2026-08-21 13:08:38 [main] INFO  t.g.io/epos-eric/metadata-database/deploy:main - Container ghcr.io/epos-eric/metadata-database/deploy:main started in PT4.571101573S
2026-08-21 13:08:38 [main] INFO  t.g.io/epos-eric/metadata-database/deploy:main - Container is started (JDBC URL: jdbc:postgresql://localhost:33017/cerif?loggerLevel=OFF)
2026-08-21 13:08:38 [main] INFO  com.zaxxer.hikari.HikariDataSource - metadata_catalogue - Starting...
2026-08-21 13:08:38 [main] INFO  com.zaxxer.hikari.pool.HikariPool - metadata_catalogue - Added connection org.postgresql.jdbc.PgConnection@abebd2
2026-08-21 13:08:38 [main] INFO  com.zaxxer.hikari.HikariDataSource - metadata_catalogue - Start completed.
2026-08-21 13:08:38 [main] INFO  com.zaxxer.hikari.HikariDataSource - metadata_catalogue - Shutdown initiated...
2026-08-21 13:08:38 [main] INFO  com.zaxxer.hikari.HikariDataSource - metadata_catalogue - Shutdown completed.
2026-08-21 13:08:38 [main] INFO  t.g.io/epos-eric/metadata-database/deploy:main - Creating container for image: ghcr.io/epos-eric/metadata-database/deploy:main
2026-08-21 13:08:38 [main] INFO  t.g.io/epos-eric/metadata-database/deploy:main - Container ghcr.io/epos-eric/metadata-database/deploy:main is starting: 78a2f3bed2df5d39988332812d353d631928807ba3402dae66c40ac9ab917f05
2026-08-21 13:08:43 [main] INFO  t.g.io/epos-eric/metadata-database/deploy:main - Container ghcr.io/epos-eric/metadata-database/deploy:main started in PT4.371106955S
2026-08-21 13:08:43 [main] INFO  t.g.io/epos-eric/metadata-database/deploy:main - Container is started (JDBC URL: jdbc:postgresql://localhost:33018/cerif?loggerLevel=OFF)
2026-08-21 13:08:43 [main] INFO  com.zaxxer.hikari.HikariDataSource - metadata_catalogue - Starting...
2026-08-21 13:08:43 [main] INFO  com.zaxxer.hikari.pool.HikariPool - metadata_catalogue - Added connection org.postgresql.jdbc.PgConnection@2dd7279f
2026-08-21 13:08:43 [main] INFO  com.zaxxer.hikari.HikariDataSource - metadata_catalogue - Start completed.
2026-08-21 13:08:43 [main] INFO  com.zaxxer.hikari.HikariDataSource - metadata_catalogue - Shutdown initiated...
2026-08-21 13:08:43 [main] INFO  com.zaxxer.hikari.HikariDataSource - metadata_catalogue - Shutdown completed.
2026-08-21 13:08:43 [main] INFO  t.g.io/epos-eric/metadata-database/deploy:main - Creating container for image: ghcr.io/epos-eric/metadata-database/deploy:main
2026-08-21 13:08:44 [main] INFO  t.g.io/epos-eric/metadata-database/deploy:main - Container ghcr.io/epos-eric/metadata-database/deploy:main is starting: 27b635104a502e803e78be696aac04e9dd33e0654c0838191cca0ecabbc8f82b
2026-08-21 13:08:48 [main] INFO  t.g.io/epos-eric/metadata-database/deploy:main - Container ghcr.io/epos-eric/metadata-database/deploy:main started in PT5.074495553S
2026-08-21 13:08:48 [main] INFO  t.g.io/epos-eric/metadata-database/deploy:main - Container is started (JDBC URL: jdbc:postgresql://localhost:33019/cerif?loggerLevel=OFF)
2026-08-21 13:08:48 [main] INFO  com.zaxxer.hikari.HikariDataSource - metadata_catalogue - Starting...
2026-08-21 13:08:48 [main] INFO  com.zaxxer.hikari.pool.HikariPool - metadata_catalogue - Added connection org.postgresql.jdbc.PgConnection@7de621f
2026-08-21 13:08:48 [main] INFO  com.zaxxer.hikari.HikariDataSource - metadata_catalogue - Start completed.
2026-08-21 13:08:49 [main] INFO  com.zaxxer.hikari.HikariDataSource - metadata_catalogue - Shutdown initiated...
2026-08-21 13:08:49 [main] INFO  com.zaxxer.hikari.HikariDataSource - metadata_catalogue - Shutdown completed.
2026-08-21 13:08:49 [main] INFO  t.g.io/epos-eric/metadata-database/deploy:main - Creating container for image: ghcr.io/epos-eric/metadata-database/deploy:main
2026-08-21 13:08:49 [main] INFO  t.g.io/epos-eric/metadata-database/deploy:main - Container ghcr.io/epos-eric/metadata-database/deploy:main is starting: ffa83d0b95f32f05f77a55af6be2c7f40764b9d6f66237334ef8bbe47d79f8c7
2026-08-21 13:08:53 [main] INFO  t.g.io/epos-eric/metadata-database/deploy:main - Container ghcr.io/epos-eric/metadata-database/deploy:main started in PT4.493437317S
2026-08-21 13:08:53 [main] INFO  t.g.io/epos-eric/metadata-database/deploy:main - Container is started (JDBC URL: jdbc:postgresql://localhost:33020/cerif?loggerLevel=OFF)
2026-08-21 13:08:53 [main] INFO  com.zaxxer.hikari.HikariDataSource - metadata_catalogue - Starting...
2026-08-21 13:08:53 [main] INFO  com.zaxxer.hikari.pool.HikariPool - metadata_catalogue - Added connection org.postgresql.jdbc.PgConnection@a419bf5
2026-08-21 13:08:53 [main] INFO  com.zaxxer.hikari.HikariDataSource - metadata_catalogue - Start completed.
2026-08-21 13:08:54 [main] INFO  com.zaxxer.hikari.HikariDataSource - metadata_catalogue - Shutdown initiated...
2026-08-21 13:08:54 [main] INFO  com.zaxxer.hikari.HikariDataSource - metadata_catalogue - Shutdown completed.
2026-08-21 13:08:54 [main] INFO  t.g.io/epos-eric/metadata-database/deploy:main - Creating container for image: ghcr.io/epos-eric/metadata-database/deploy:main
2026-08-21 13:08:55 [main] INFO  t.g.io/epos-eric/metadata-database/deploy:main - Container ghcr.io/epos-eric/metadata-database/deploy:main is starting: ce2f6f7b22773fbdc86a653f27372b9a79c8d33a3d5d1351a9c33d24bf6c62cf
2026-08-21 13:09:00 [main] INFO  t.g.io/epos-eric/metadata-database/deploy:main - Container ghcr.io/epos-eric/metadata-database/deploy:main started in PT5.245842478S
2026-08-21 13:09:00 [main] INFO  t.g.io/epos-eric/metadata-database/deploy:main - Container is started (JDBC URL: jdbc:postgresql://localhost:33021/cerif?loggerLevel=OFF)
2026-08-21 13:09:00 [main] INFO  com.zaxxer.hikari.HikariDataSource - metadata_catalogue - Starting...
2026-08-21 13:09:00 [main] INFO  com.zaxxer.hikari.pool.HikariPool - metadata_catalogue - Added connection org.postgresql.jdbc.PgConnection@15ed06d3
2026-08-21 13:09:00 [main] INFO  com.zaxxer.hikari.HikariDataSource - metadata_catalogue - Start completed.
2026-08-21 13:09:00 [main] INFO  com.zaxxer.hikari.HikariDataSource - metadata_catalogue - Shutdown initiated...
2026-08-21 13:09:00 [main] INFO  com.zaxxer.hikari.HikariDataSource - metadata_catalogue - Shutdown completed.
2026-08-21 13:09:01 [main] INFO  t.g.io/epos-eric/metadata-database/deploy:main - Creating container for image: ghcr.io/epos-eric/metadata-database/deploy:main
2026-08-21 13:09:01 [main] INFO  t.g.io/epos-eric/metadata-database/deploy:main - Container ghcr.io/epos-eric/metadata-database/deploy:main is starting: 4dd97e8214ce1b808f85c8334d3c8fc28d726883a5b71838f88c18f438ef3fab
2026-08-21 13:09:05 [main] INFO  t.g.io/epos-eric/metadata-database/deploy:main - Container ghcr.io/epos-eric/metadata-database/deploy:main started in PT4.624245977S
2026-08-21 13:09:05 [main] INFO  t.g.io/epos-eric/metadata-database/deploy:main - Container is started (JDBC URL: jdbc:postgresql://localhost:33022/cerif?loggerLevel=OFF)
2026-08-21 13:09:05 [main] INFO  com.zaxxer.hikari.HikariDataSource - metadata_catalogue - Starting...
2026-08-21 13:09:05 [main] INFO  com.zaxxer.hikari.pool.HikariPool - metadata_catalogue - Added connection org.postgresql.jdbc.PgConnection@1f21f1f
2026-08-21 13:09:05 [main] INFO  com.zaxxer.hikari.HikariDataSource - metadata_catalogue - Start completed.
2026-08-21 13:09:07 [main] INFO  com.zaxxer.hikari.HikariDataSource - metadata_catalogue - Shutdown initiated...
2026-08-21 13:09:07 [main] INFO  com.zaxxer.hikari.HikariDataSource - metadata_catalogue - Shutdown completed.
2026-08-21 13:09:07 [main] INFO  t.g.io/epos-eric/metadata-database/deploy:main - Creating container for image: ghcr.io/epos-eric/metadata-database/deploy:main
2026-08-21 13:09:07 [main] INFO  t.g.io/epos-eric/metadata-database/deploy:main - Container ghcr.io/epos-eric/metadata-database/deploy:main is starting: 3be67d3b51c5fdb5ecdba4d88aba1f10ca57e045d546e0cefb41129b39a84592
2026-08-21 13:09:12 [main] INFO  t.g.io/epos-eric/metadata-database/deploy:main - Container ghcr.io/epos-eric/metadata-database/deploy:main started in PT4.601463742S
2026-08-21 13:09:12 [main] INFO  t.g.io/epos-eric/metadata-database/deploy:main - Container is started (JDBC URL: jdbc:postgresql://localhost:33023/cerif?loggerLevel=OFF)
2026-08-21 13:09:12 [main] INFO  com.zaxxer.hikari.HikariDataSource - metadata_catalogue - Starting...
2026-08-21 13:09:12 [main] INFO  com.zaxxer.hikari.pool.HikariPool - metadata_catalogue - Added connection org.postgresql.jdbc.PgConnection@7bd5bb91
2026-08-21 13:09:12 [main] INFO  com.zaxxer.hikari.HikariDataSource - metadata_catalogue - Start completed.
2026-08-21 13:09:12 [main] INFO  com.zaxxer.hikari.HikariDataSource - metadata_catalogue - Shutdown initiated...
2026-08-21 13:09:12 [main] INFO  com.zaxxer.hikari.HikariDataSource - metadata_catalogue - Shutdown completed.
2026-08-21 13:09:12 [main] INFO  t.g.io/epos-eric/metadata-database/deploy:main - Creating container for image: ghcr.io/epos-eric/metadata-database/deploy:main
2026-08-21 13:09:12 [main] INFO  t.g.io/epos-eric/metadata-database/deploy:main - Container ghcr.io/epos-eric/metadata-database/deploy:main is starting: 8817a0d47773d7e2a43e9ef3e3f0a3feb9f2c3e1cc4b680c65d41267c29bb9bf
2026-08-21 13:09:17 [main] INFO  t.g.io/epos-eric/metadata-database/deploy:main - Container ghcr.io/epos-eric/metadata-database/deploy:main started in PT4.439188532S
2026-08-21 13:09:17 [main] INFO  t.g.io/epos-eric/metadata-database/deploy:main - Container is started (JDBC URL: jdbc:postgresql://localhost:33024/cerif?loggerLevel=OFF)
2026-08-21 13:09:17 [main] INFO  com.zaxxer.hikari.HikariDataSource - metadata_catalogue - Starting...
2026-08-21 13:09:17 [main] INFO  com.zaxxer.hikari.pool.HikariPool - metadata_catalogue - Added connection org.postgresql.jdbc.PgConnection@628f8380
2026-08-21 13:09:17 [main] INFO  com.zaxxer.hikari.HikariDataSource - metadata_catalogue - Start completed.
2026-08-21 13:09:17 [main] INFO  com.zaxxer.hikari.HikariDataSource - metadata_catalogue - Shutdown initiated...
2026-08-21 13:09:17 [main] INFO  com.zaxxer.hikari.HikariDataSource - metadata_catalogue - Shutdown completed.
2026-08-21 13:09:17 [main] INFO  t.g.io/epos-eric/metadata-database/deploy:main - Creating container for image: ghcr.io/epos-eric/metadata-database/deploy:main
2026-08-21 13:09:17 [main] INFO  t.g.io/epos-eric/metadata-database/deploy:main - Container ghcr.io/epos-eric/metadata-database/deploy:main is starting: 5bae5d147533421b82b267ef457cd80e0f2bf5256726514ed0f3e77d43e41168
2026-08-21 13:09:21 [main] INFO  t.g.io/epos-eric/metadata-database/deploy:main - Container ghcr.io/epos-eric/metadata-database/deploy:main started in PT4.13437709S
2026-08-21 13:09:21 [main] INFO  t.g.io/epos-eric/metadata-database/deploy:main - Container is started (JDBC URL: jdbc:postgresql://localhost:33025/cerif?loggerLevel=OFF)
2026-08-21 13:09:21 [main] INFO  com.zaxxer.hikari.HikariDataSource - metadata_catalogue - Starting...
2026-08-21 13:09:21 [main] INFO  com.zaxxer.hikari.pool.HikariPool - metadata_catalogue - Added connection org.postgresql.jdbc.PgConnection@15e1af9f
2026-08-21 13:09:21 [main] INFO  com.zaxxer.hikari.HikariDataSource - metadata_catalogue - Start completed.
2026-08-21 13:09:21 [main] INFO  com.zaxxer.hikari.HikariDataSource - metadata_catalogue - Shutdown initiated...
2026-08-21 13:09:22 [main] INFO  com.zaxxer.hikari.HikariDataSource - metadata_catalogue - Shutdown completed.
2026-08-21 13:09:22 [main] INFO  t.g.io/epos-eric/metadata-database/deploy:main - Creating container for image: ghcr.io/epos-eric/metadata-database/deploy:main
2026-08-21 13:09:22 [main] INFO  t.g.io/epos-eric/metadata-database/deploy:main - Container ghcr.io/epos-eric/metadata-database/deploy:main is starting: f22374c18fe407b0515e7652beb2d4f3a0e3a2f11f09f372a281d4c075b0dc94
2026-08-21 13:09:27 [main] INFO  t.g.io/epos-eric/metadata-database/deploy:main - Container ghcr.io/epos-eric/metadata-database/deploy:main started in PT4.748190042S
2026-08-21 13:09:27 [main] INFO  t.g.io/epos-eric/metadata-database/deploy:main - Container is started (JDBC URL: jdbc:postgresql://localhost:33026/cerif?loggerLevel=OFF)
2026-08-21 13:09:27 [main] INFO  com.zaxxer.hikari.HikariDataSource - metadata_catalogue - Starting...
2026-08-21 13:09:27 [main] INFO  com.zaxxer.hikari.pool.HikariPool - metadata_catalogue - Added connection org.postgresql.jdbc.PgConnection@412144f4
2026-08-21 13:09:27 [main] INFO  com.zaxxer.hikari.HikariDataSource - metadata_catalogue - Start completed.
2026-08-21 13:09:27 [main] INFO  com.zaxxer.hikari.HikariDataSource - metadata_catalogue - Shutdown initiated...
2026-08-21 13:09:27 [main] INFO  com.zaxxer.hikari.HikariDataSource - metadata_catalogue - Shutdown completed.
2026-08-21 13:09:27 [main] INFO  t.g.io/epos-eric/metadata-database/deploy:main - Creating container for image: ghcr.io/epos-eric/metadata-database/deploy:main
2026-08-21 13:09:28 [main] INFO  t.g.io/epos-eric/metadata-database/deploy:main - Container ghcr.io/epos-eric/metadata-database/deploy:main is starting: 8c33e8667f88ac7d98824124213004c3e99e3d47a4b89d15a46b96c9bf7614ac
2026-08-21 13:09:32 [main] INFO  t.g.io/epos-eric/metadata-database/deploy:main - Container ghcr.io/epos-eric/metadata-database/deploy:main started in PT4.347920414S
2026-08-21 13:09:32 [main] INFO  t.g.io/epos-eric/metadata-database/deploy:main - Container is started (JDBC URL: jdbc:postgresql://localhost:33027/cerif?loggerLevel=OFF)
2026-08-21 13:09:32 [main] INFO  com.zaxxer.hikari.HikariDataSource - metadata_catalogue - Starting...
2026-08-21 13:09:32 [main] INFO  com.zaxxer.hikari.pool.HikariPool - metadata_catalogue - Added connection org.postgresql.jdbc.PgConnection@6339a9ff
2026-08-21 13:09:32 [main] INFO  com.zaxxer.hikari.HikariDataSource - metadata_catalogue - Start completed.
2026-08-21 13:09:32 [main] INFO  com.zaxxer.hikari.HikariDataSource - metadata_catalogue - Shutdown initiated...
2026-08-21 13:09:32 [main] INFO  com.zaxxer.hikari.HikariDataSource - metadata_catalogue - Shutdown completed.
2026-08-21 13:09:32 [main] INFO  t.g.io/epos-eric/metadata-database/deploy:main - Creating container for image: ghcr.io/epos-eric/metadata-database/deploy:main
2026-08-21 13:09:33 [main] INFO  t.g.io/epos-eric/metadata-database/deploy:main - Container ghcr.io/epos-eric/metadata-database/deploy:main is starting: e9eea967473e772cffe3141671c53258549f0b6e7bac9836327bcc51b1e4ec1c
2026-08-21 13:09:36 [main] INFO  t.g.io/epos-eric/metadata-database/deploy:main - Container ghcr.io/epos-eric/metadata-database/deploy:main started in PT3.94459139S
2026-08-21 13:09:36 [main] INFO  t.g.io/epos-eric/metadata-database/deploy:main - Container is started (JDBC URL: jdbc:postgresql://localhost:33028/cerif?loggerLevel=OFF)
2026-08-21 13:09:36 [main] INFO  com.zaxxer.hikari.HikariDataSource - metadata_catalogue - Starting...
2026-08-21 13:09:36 [main] INFO  com.zaxxer.hikari.pool.HikariPool - metadata_catalogue - Added connection org.postgresql.jdbc.PgConnection@228b4310
2026-08-21 13:09:36 [main] INFO  com.zaxxer.hikari.HikariDataSource - metadata_catalogue - Start completed.
2026-08-21 13:09:37 [main] INFO  com.zaxxer.hikari.HikariDataSource - metadata_catalogue - Shutdown initiated...
2026-08-21 13:09:37 [main] INFO  com.zaxxer.hikari.HikariDataSource - metadata_catalogue - Shutdown completed.
2026-08-21 13:09:38 [main] INFO  t.g.io/epos-eric/metadata-database/deploy:main - Creating container for image: ghcr.io/epos-eric/metadata-database/deploy:main
2026-08-21 13:09:38 [main] INFO  t.g.io/epos-eric/metadata-database/deploy:main - Container ghcr.io/epos-eric/metadata-database/deploy:main is starting: 47ebcdaa8caa0ff07059339693fba705b4ec163b9838a2735274bafd3c02a087
2026-08-21 13:09:42 [main] INFO  t.g.io/epos-eric/metadata-database/deploy:main - Container ghcr.io/epos-eric/metadata-database/deploy:main started in PT4.489837404S
2026-08-21 13:09:42 [main] INFO  t.g.io/epos-eric/metadata-database/deploy:main - Container is started (JDBC URL: jdbc:postgresql://localhost:33029/cerif?loggerLevel=OFF)
2026-08-21 13:09:42 [main] INFO  com.zaxxer.hikari.HikariDataSource - metadata_catalogue - Starting...
2026-08-21 13:09:42 [main] INFO  com.zaxxer.hikari.pool.HikariPool - metadata_catalogue - Added connection org.postgresql.jdbc.PgConnection@44ef42f4
2026-08-21 13:09:42 [main] INFO  com.zaxxer.hikari.HikariDataSource - metadata_catalogue - Start completed.
2026-08-21 13:09:42 [main] INFO  com.zaxxer.hikari.HikariDataSource - metadata_catalogue - Shutdown initiated...
2026-08-21 13:09:42 [main] INFO  com.zaxxer.hikari.HikariDataSource - metadata_catalogue - Shutdown completed.
2026-08-21 13:09:43 [main] INFO  t.g.io/epos-eric/metadata-database/deploy:main - Creating container for image: ghcr.io/epos-eric/metadata-database/deploy:main
2026-08-21 13:09:43 [main] INFO  t.g.io/epos-eric/metadata-database/deploy:main - Container ghcr.io/epos-eric/metadata-database/deploy:main is starting: 80a67429e5ea1c1e3b90de917f5946fcab690b2e74bfa6a430deb52620011d8f
2026-08-21 13:09:46 [main] INFO  t.g.io/epos-eric/metadata-database/deploy:main - Container ghcr.io/epos-eric/metadata-database/deploy:main started in PT3.872563181S
2026-08-21 13:09:46 [main] INFO  t.g.io/epos-eric/metadata-database/deploy:main - Container is started (JDBC URL: jdbc:postgresql://localhost:33030/cerif?loggerLevel=OFF)
2026-08-21 13:09:46 [main] INFO  com.zaxxer.hikari.HikariDataSource - metadata_catalogue - Starting...
2026-08-21 13:09:46 [main] INFO  com.zaxxer.hikari.pool.HikariPool - metadata_catalogue - Added connection org.postgresql.jdbc.PgConnection@62430c20
2026-08-21 13:09:46 [main] INFO  com.zaxxer.hikari.HikariDataSource - metadata_catalogue - Start completed.
2026-08-21 13:09:47 [main] INFO  com.zaxxer.hikari.HikariDataSource - metadata_catalogue - Shutdown initiated...
2026-08-21 13:09:47 [main] INFO  com.zaxxer.hikari.HikariDataSource - metadata_catalogue - Shutdown completed.
2026-08-21 13:09:47 [main] INFO  t.g.io/epos-eric/metadata-database/deploy:main - Creating container for image: ghcr.io/epos-eric/metadata-database/deploy:main
2026-08-21 13:09:47 [main] INFO  t.g.io/epos-eric/metadata-database/deploy:main - Container ghcr.io/epos-eric/metadata-database/deploy:main is starting: f9a973a053e67c78cae1cbfd3a3fc3d3fda3283e610cfe3bc839095c13a4cea3
2026-08-21 13:09:51 [main] INFO  t.g.io/epos-eric/metadata-database/deploy:main - Container ghcr.io/epos-eric/metadata-database/deploy:main started in PT4.478790546S
2026-08-21 13:09:51 [main] INFO  t.g.io/epos-eric/metadata-database/deploy:main - Container is started (JDBC URL: jdbc:postgresql://localhost:33031/cerif?loggerLevel=OFF)
2026-08-21 13:09:51 [main] INFO  com.zaxxer.hikari.HikariDataSource - metadata_catalogue - Starting...
2026-08-21 13:09:51 [main] INFO  com.zaxxer.hikari.pool.HikariPool - metadata_catalogue - Added connection org.postgresql.jdbc.PgConnection@2e2b749c
2026-08-21 13:09:51 [main] INFO  com.zaxxer.hikari.HikariDataSource - metadata_catalogue - Start completed.
2026-08-21 13:09:52 [main] INFO  com.zaxxer.hikari.HikariDataSource - metadata_catalogue - Shutdown initiated...
2026-08-21 13:09:52 [main] INFO  com.zaxxer.hikari.HikariDataSource - metadata_catalogue - Shutdown completed.
2026-08-21 13:09:52 [main] INFO  t.g.io/epos-eric/metadata-database/deploy:main - Creating container for image: ghcr.io/epos-eric/metadata-database/deploy:main
2026-08-21 13:09:53 [main] INFO  t.g.io/epos-eric/metadata-database/deploy:main - Container ghcr.io/epos-eric/metadata-database/deploy:main is starting: a7e7d96c4ca52a184244f7c44aedfdc911df1d605ffbe55f32bcbd4cbcc56653
2026-08-21 13:09:56 [main] INFO  t.g.io/epos-eric/metadata-database/deploy:main - Container ghcr.io/epos-eric/metadata-database/deploy:main started in PT3.923525446S
2026-08-21 13:09:56 [main] INFO  t.g.io/epos-eric/metadata-database/deploy:main - Container is started (JDBC URL: jdbc:postgresql://localhost:33032/cerif?loggerLevel=OFF)
2026-08-21 13:09:56 [main] INFO  com.zaxxer.hikari.HikariDataSource - metadata_catalogue - Starting...
2026-08-21 13:09:56 [main] INFO  com.zaxxer.hikari.pool.HikariPool - metadata_catalogue - Added connection org.postgresql.jdbc.PgConnection@3ffe6b95
2026-08-21 13:09:56 [main] INFO  com.zaxxer.hikari.HikariDataSource - metadata_catalogue - Start completed.
2026-08-21 13:09:57 [main] INFO  com.zaxxer.hikari.HikariDataSource - metadata_catalogue - Shutdown initiated...
2026-08-21 13:09:57 [main] INFO  com.zaxxer.hikari.HikariDataSource - metadata_catalogue - Shutdown completed.
2026-08-21 13:09:57 [main] INFO  t.g.io/epos-eric/metadata-database/deploy:main - Creating container for image: ghcr.io/epos-eric/metadata-database/deploy:main
2026-08-21 13:09:57 [main] INFO  t.g.io/epos-eric/metadata-database/deploy:main - Container ghcr.io/epos-eric/metadata-database/deploy:main is starting: 6d925b15168f4aac1c7d3f7f2c82c884091e400be3a29e48e073886b5bbb6ee0
2026-08-21 13:10:02 [main] INFO  t.g.io/epos-eric/metadata-database/deploy:main - Container ghcr.io/epos-eric/metadata-database/deploy:main started in PT4.87954794S
2026-08-21 13:10:02 [main] INFO  t.g.io/epos-eric/metadata-database/deploy:main - Container is started (JDBC URL: jdbc:postgresql://localhost:33033/cerif?loggerLevel=OFF)
2026-08-21 13:10:02 [main] INFO  com.zaxxer.hikari.HikariDataSource - metadata_catalogue - Starting...
2026-08-21 13:10:02 [main] INFO  com.zaxxer.hikari.pool.HikariPool - metadata_catalogue - Added connection org.postgresql.jdbc.PgConnection@4508ee81
2026-08-21 13:10:02 [main] INFO  com.zaxxer.hikari.HikariDataSource - metadata_catalogue - Start completed.
2026-08-21 13:10:03 [main] INFO  com.zaxxer.hikari.HikariDataSource - metadata_catalogue - Shutdown initiated...
2026-08-21 13:10:03 [main] INFO  com.zaxxer.hikari.HikariDataSource - metadata_catalogue - Shutdown completed.
2026-08-21 13:10:03 [main] INFO  t.g.io/epos-eric/metadata-database/deploy:main - Creating container for image: ghcr.io/epos-eric/metadata-database/deploy:main
2026-08-21 13:10:03 [main] INFO  t.g.io/epos-eric/metadata-database/deploy:main - Container ghcr.io/epos-eric/metadata-database/deploy:main is starting: f2ead0a38c8597d2dbbcc338375754c9fe3040d61165a40772a77679bd558869
2026-08-21 13:10:07 [main] INFO  t.g.io/epos-eric/metadata-database/deploy:main - Container ghcr.io/epos-eric/metadata-database/deploy:main started in PT4.419342351S
2026-08-21 13:10:07 [main] INFO  t.g.io/epos-eric/metadata-database/deploy:main - Container is started (JDBC URL: jdbc:postgresql://localhost:33034/cerif?loggerLevel=OFF)
2026-08-21 13:10:07 [main] INFO  com.zaxxer.hikari.HikariDataSource - metadata_catalogue - Starting...
2026-08-21 13:10:08 [main] INFO  com.zaxxer.hikari.pool.HikariPool - metadata_catalogue - Added connection org.postgresql.jdbc.PgConnection@5137ee23
2026-08-21 13:10:08 [main] INFO  com.zaxxer.hikari.HikariDataSource - metadata_catalogue - Start completed.
2026-08-21 13:10:08 [main] INFO  com.zaxxer.hikari.HikariDataSource - metadata_catalogue - Shutdown initiated...
2026-08-21 13:10:08 [main] INFO  com.zaxxer.hikari.HikariDataSource - metadata_catalogue - Shutdown completed.
2026-08-21 13:10:08 [main] INFO  t.g.io/epos-eric/metadata-database/deploy:main - Creating container for image: ghcr.io/epos-eric/metadata-database/deploy:main
2026-08-21 13:10:08 [main] INFO  t.g.io/epos-eric/metadata-database/deploy:main - Container ghcr.io/epos-eric/metadata-database/deploy:main is starting: 3fa1690143be5c6397ff26d5b8c8c0fafe96bfdb75908200c87b9ff8542d5884
2026-08-21 13:10:12 [main] INFO  t.g.io/epos-eric/metadata-database/deploy:main - Container ghcr.io/epos-eric/metadata-database/deploy:main started in PT3.690430291S
2026-08-21 13:10:12 [main] INFO  t.g.io/epos-eric/metadata-database/deploy:main - Container is started (JDBC URL: jdbc:postgresql://localhost:33035/cerif?loggerLevel=OFF)
2026-08-21 13:10:12 [main] INFO  com.zaxxer.hikari.HikariDataSource - metadata_catalogue - Starting...
2026-08-21 13:10:12 [main] INFO  com.zaxxer.hikari.pool.HikariPool - metadata_catalogue - Added connection org.postgresql.jdbc.PgConnection@48ac16af
2026-08-21 13:10:12 [main] INFO  com.zaxxer.hikari.HikariDataSource - metadata_catalogue - Start completed.
2026-08-21 13:10:12 [main] INFO  com.zaxxer.hikari.HikariDataSource - metadata_catalogue - Shutdown initiated...
2026-08-21 13:10:12 [main] INFO  com.zaxxer.hikari.HikariDataSource - metadata_catalogue - Shutdown completed.
2026-08-21 13:10:13 [main] INFO  t.g.io/epos-eric/metadata-database/deploy:main - Creating container for image: ghcr.io/epos-eric/metadata-database/deploy:main
2026-08-21 13:10:13 [main] INFO  t.g.io/epos-eric/metadata-database/deploy:main - Container ghcr.io/epos-eric/metadata-database/deploy:main is starting: 1abe7b7e36b45839d098d3bc7ac1105b4654bd42c80f31dfff254f70df82c9de
2026-08-21 13:10:17 [main] INFO  t.g.io/epos-eric/metadata-database/deploy:main - Container ghcr.io/epos-eric/metadata-database/deploy:main started in PT4.156311698S
2026-08-21 13:10:17 [main] INFO  t.g.io/epos-eric/metadata-database/deploy:main - Container is started (JDBC URL: jdbc:postgresql://localhost:33036/cerif?loggerLevel=OFF)
2026-08-21 13:10:17 [main] INFO  com.zaxxer.hikari.HikariDataSource - metadata_catalogue - Starting...
2026-08-21 13:10:17 [main] INFO  com.zaxxer.hikari.pool.HikariPool - metadata_catalogue - Added connection org.postgresql.jdbc.PgConnection@3820fca7
2026-08-21 13:10:17 [main] INFO  com.zaxxer.hikari.HikariDataSource - metadata_catalogue - Start completed.
2026-08-21 13:10:17 [main] INFO  com.zaxxer.hikari.HikariDataSource - metadata_catalogue - Shutdown initiated...
2026-08-21 13:10:17 [main] INFO  com.zaxxer.hikari.HikariDataSource - metadata_catalogue - Shutdown completed.
2026-08-21 13:10:17 [main] INFO  t.g.io/epos-eric/metadata-database/deploy:main - Creating container for image: ghcr.io/epos-eric/metadata-database/deploy:main
2026-08-21 13:10:18 [main] INFO  t.g.io/epos-eric/metadata-database/deploy:main - Container ghcr.io/epos-eric/metadata-database/deploy:main is starting: 1b9dd3824c7186bbf0db09f72be2f5dcc306250417a6bba8ccf30c23e1b81d0d
2026-08-21 13:10:22 [main] INFO  t.g.io/epos-eric/metadata-database/deploy:main - Container ghcr.io/epos-eric/metadata-database/deploy:main started in PT4.697716251S
2026-08-21 13:10:22 [main] INFO  t.g.io/epos-eric/metadata-database/deploy:main - Container is started (JDBC URL: jdbc:postgresql://localhost:33037/cerif?loggerLevel=OFF)
2026-08-21 13:10:22 [main] INFO  com.zaxxer.hikari.HikariDataSource - metadata_catalogue - Starting...
2026-08-21 13:10:22 [main] INFO  com.zaxxer.hikari.pool.HikariPool - metadata_catalogue - Added connection org.postgresql.jdbc.PgConnection@5486884d
2026-08-21 13:10:22 [main] INFO  com.zaxxer.hikari.HikariDataSource - metadata_catalogue - Start completed.
2026-08-21 13:10:22 [main] INFO  com.zaxxer.hikari.HikariDataSource - metadata_catalogue - Shutdown initiated...
2026-08-21 13:10:22 [main] INFO  com.zaxxer.hikari.HikariDataSource - metadata_catalogue - Shutdown completed.
2026-08-21 13:10:23 [main] INFO  t.g.io/epos-eric/metadata-database/deploy:main - Creating container for image: ghcr.io/epos-eric/metadata-database/deploy:main
2026-08-21 13:10:23 [main] INFO  t.g.io/epos-eric/metadata-database/deploy:main - Container ghcr.io/epos-eric/metadata-database/deploy:main is starting: e7dc5d1b986eec8528ebcd1ec3bc0cf77da4d8272396d5a18bf6c1c55f381cbe
2026-08-21 13:10:26 [main] INFO  t.g.io/epos-eric/metadata-database/deploy:main - Container ghcr.io/epos-eric/metadata-database/deploy:main started in PT3.902232545S
2026-08-21 13:10:26 [main] INFO  t.g.io/epos-eric/metadata-database/deploy:main - Container is started (JDBC URL: jdbc:postgresql://localhost:33038/cerif?loggerLevel=OFF)
2026-08-21 13:10:26 [main] INFO  com.zaxxer.hikari.HikariDataSource - metadata_catalogue - Starting...
2026-08-21 13:10:26 [main] INFO  com.zaxxer.hikari.pool.HikariPool - metadata_catalogue - Added connection org.postgresql.jdbc.PgConnection@5220d7f
2026-08-21 13:10:26 [main] INFO  com.zaxxer.hikari.HikariDataSource - metadata_catalogue - Start completed.
2026-08-21 13:10:27 [main] INFO  com.zaxxer.hikari.HikariDataSource - metadata_catalogue - Shutdown initiated...
2026-08-21 13:10:27 [main] INFO  com.zaxxer.hikari.HikariDataSource - metadata_catalogue - Shutdown completed.
2026-08-21 13:10:27 [main] INFO  t.g.io/epos-eric/metadata-database/deploy:main - Creating container for image: ghcr.io/epos-eric/metadata-database/deploy:main
2026-08-21 13:10:27 [main] INFO  t.g.io/epos-eric/metadata-database/deploy:main - Container ghcr.io/epos-eric/metadata-database/deploy:main is starting: 29f995a3bc9aa0188c782e5a345416ba27db492da58ae2a02b5f4a8ebcbe4c2d
2026-08-21 13:10:31 [main] INFO  t.g.io/epos-eric/metadata-database/deploy:main - Container ghcr.io/epos-eric/metadata-database/deploy:main started in PT4.198057454S
2026-08-21 13:10:31 [main] INFO  t.g.io/epos-eric/metadata-database/deploy:main - Container is started (JDBC URL: jdbc:postgresql://localhost:33039/cerif?loggerLevel=OFF)
2026-08-21 13:10:31 [main] INFO  com.zaxxer.hikari.HikariDataSource - metadata_catalogue - Starting...
2026-08-21 13:10:31 [main] INFO  com.zaxxer.hikari.pool.HikariPool - metadata_catalogue - Added connection org.postgresql.jdbc.PgConnection@5f1ecf01
2026-08-21 13:10:31 [main] INFO  com.zaxxer.hikari.HikariDataSource - metadata_catalogue - Start completed.
2026-08-21 13:10:32 [main] INFO  com.zaxxer.hikari.HikariDataSource - metadata_catalogue - Shutdown initiated...
2026-08-21 13:10:32 [main] INFO  com.zaxxer.hikari.HikariDataSource - metadata_catalogue - Shutdown completed.
2026-08-21 13:10:32 [main] INFO  t.g.io/epos-eric/metadata-database/deploy:main - Creating container for image: ghcr.io/epos-eric/metadata-database/deploy:main
2026-08-21 13:10:32 [main] INFO  t.g.io/epos-eric/metadata-database/deploy:main - Container ghcr.io/epos-eric/metadata-database/deploy:main is starting: 19a5b61f6f5d608e2f73c3a7c0542090d5ca84886d002d80df8a387e7b0e180b
2026-08-21 13:10:37 [main] INFO  t.g.io/epos-eric/metadata-database/deploy:main - Container ghcr.io/epos-eric/metadata-database/deploy:main started in PT4.555962296S
2026-08-21 13:10:37 [main] INFO  t.g.io/epos-eric/metadata-database/deploy:main - Container is started (JDBC URL: jdbc:postgresql://localhost:33040/cerif?loggerLevel=OFF)
2026-08-21 13:10:37 [main] INFO  com.zaxxer.hikari.HikariDataSource - metadata_catalogue - Starting...
2026-08-21 13:10:37 [main] INFO  com.zaxxer.hikari.pool.HikariPool - metadata_catalogue - Added connection org.postgresql.jdbc.PgConnection@26975ae
2026-08-21 13:10:37 [main] INFO  com.zaxxer.hikari.HikariDataSource - metadata_catalogue - Start completed.
2026-08-21 13:10:37 [main] INFO  com.zaxxer.hikari.HikariDataSource - metadata_catalogue - Shutdown initiated...
2026-08-21 13:10:37 [main] INFO  com.zaxxer.hikari.HikariDataSource - metadata_catalogue - Shutdown completed.
2026-08-21 13:10:37 [main] INFO  t.g.io/epos-eric/metadata-database/deploy:main - Creating container for image: ghcr.io/epos-eric/metadata-database/deploy:main
2026-08-21 13:10:38 [main] INFO  t.g.io/epos-eric/metadata-database/deploy:main - Container ghcr.io/epos-eric/metadata-database/deploy:main is starting: 45564e09fe369c5b9303858cdc81f614dcee37c761aee2038e3853f86437d404
2026-08-21 13:10:42 [main] INFO  t.g.io/epos-eric/metadata-database/deploy:main - Container ghcr.io/epos-eric/metadata-database/deploy:main started in PT4.648776173S
2026-08-21 13:10:42 [main] INFO  t.g.io/epos-eric/metadata-database/deploy:main - Container is started (JDBC URL: jdbc:postgresql://localhost:33041/cerif?loggerLevel=OFF)
2026-08-21 13:10:42 [main] INFO  com.zaxxer.hikari.HikariDataSource - metadata_catalogue - Starting...
2026-08-21 13:10:42 [main] INFO  com.zaxxer.hikari.pool.HikariPool - metadata_catalogue - Added connection org.postgresql.jdbc.PgConnection@6694549c
2026-08-21 13:10:42 [main] INFO  com.zaxxer.hikari.HikariDataSource - metadata_catalogue - Start completed.
2026-08-21 13:10:42 [main] INFO  com.zaxxer.hikari.HikariDataSource - metadata_catalogue - Shutdown initiated...
2026-08-21 13:10:42 [main] INFO  com.zaxxer.hikari.HikariDataSource - metadata_catalogue - Shutdown completed.
2026-08-21 13:10:43 [main] INFO  t.g.io/epos-eric/metadata-database/deploy:main - Creating container for image: ghcr.io/epos-eric/metadata-database/deploy:main
2026-08-21 13:10:43 [main] INFO  t.g.io/epos-eric/metadata-database/deploy:main - Container ghcr.io/epos-eric/metadata-database/deploy:main is starting: 8a96ae441cd41527244b1dc33752e30f642cf30da83d66d58139a4098133fd3d
2026-08-21 13:10:47 [main] INFO  t.g.io/epos-eric/metadata-database/deploy:main - Container ghcr.io/epos-eric/metadata-database/deploy:main started in PT4.175923943S
2026-08-21 13:10:47 [main] INFO  t.g.io/epos-eric/metadata-database/deploy:main - Container is started (JDBC URL: jdbc:postgresql://localhost:33042/cerif?loggerLevel=OFF)
2026-08-21 13:10:47 [main] INFO  com.zaxxer.hikari.HikariDataSource - metadata_catalogue - Starting...
2026-08-21 13:10:47 [main] INFO  com.zaxxer.hikari.pool.HikariPool - metadata_catalogue - Added connection org.postgresql.jdbc.PgConnection@43e086f2
2026-08-21 13:10:47 [main] INFO  com.zaxxer.hikari.HikariDataSource - metadata_catalogue - Start completed.
2026-08-21 13:10:47 [main] INFO  com.zaxxer.hikari.HikariDataSource - metadata_catalogue - Shutdown initiated...
2026-08-21 13:10:47 [main] INFO  com.zaxxer.hikari.HikariDataSource - metadata_catalogue - Shutdown completed.
2026-08-21 13:10:47 [main] INFO  t.g.io/epos-eric/metadata-database/deploy:main - Creating container for image: ghcr.io/epos-eric/metadata-database/deploy:main
2026-08-21 13:10:48 [main] INFO  t.g.io/epos-eric/metadata-database/deploy:main - Container ghcr.io/epos-eric/metadata-database/deploy:main is starting: 956ea6c42e346b2e31ba8afe9e3410cb7c2661ce0a73746bbe226d0e65890c53
2026-08-21 13:10:53 [main] INFO  t.g.io/epos-eric/metadata-database/deploy:main - Container ghcr.io/epos-eric/metadata-database/deploy:main started in PT5.049031542S
2026-08-21 13:10:53 [main] INFO  t.g.io/epos-eric/metadata-database/deploy:main - Container is started (JDBC URL: jdbc:postgresql://localhost:33043/cerif?loggerLevel=OFF)
2026-08-21 13:10:53 [main] INFO  com.zaxxer.hikari.HikariDataSource - metadata_catalogue - Starting...
2026-08-21 13:10:53 [main] INFO  com.zaxxer.hikari.pool.HikariPool - metadata_catalogue - Added connection org.postgresql.jdbc.PgConnection@6e5644d7
2026-08-21 13:10:53 [main] INFO  com.zaxxer.hikari.HikariDataSource - metadata_catalogue - Start completed.
2026-08-21 13:10:53 [main] INFO  com.zaxxer.hikari.HikariDataSource - metadata_catalogue - Shutdown initiated...
2026-08-21 13:10:53 [main] INFO  com.zaxxer.hikari.HikariDataSource - metadata_catalogue - Shutdown completed.
2026-08-21 13:10:53 [main] INFO  t.g.io/epos-eric/metadata-database/deploy:main - Creating container for image: ghcr.io/epos-eric/metadata-database/deploy:main
2026-08-21 13:10:53 [main] INFO  t.g.io/epos-eric/metadata-database/deploy:main - Container ghcr.io/epos-eric/metadata-database/deploy:main is starting: 45b33105a95a83a2e31efd85d33f0825a92bb8c6727fc017ca09a38d6a159cdc
2026-08-21 13:10:58 [main] INFO  t.g.io/epos-eric/metadata-database/deploy:main - Container ghcr.io/epos-eric/metadata-database/deploy:main started in PT4.453583741S
2026-08-21 13:10:58 [main] INFO  t.g.io/epos-eric/metadata-database/deploy:main - Container is started (JDBC URL: jdbc:postgresql://localhost:33044/cerif?loggerLevel=OFF)
2026-08-21 13:10:58 [main] INFO  com.zaxxer.hikari.HikariDataSource - metadata_catalogue - Starting...
2026-08-21 13:10:58 [main] INFO  com.zaxxer.hikari.pool.HikariPool - metadata_catalogue - Added connection org.postgresql.jdbc.PgConnection@498f236d
2026-08-21 13:10:58 [main] INFO  com.zaxxer.hikari.HikariDataSource - metadata_catalogue - Start completed.
2026-08-21 13:10:58 [main] INFO  com.zaxxer.hikari.HikariDataSource - metadata_catalogue - Shutdown initiated...
2026-08-21 13:10:58 [main] INFO  com.zaxxer.hikari.HikariDataSource - metadata_catalogue - Shutdown completed.
2026-08-21 13:10:58 [main] INFO  t.g.io/epos-eric/metadata-database/deploy:main - Creating container for image: ghcr.io/epos-eric/metadata-database/deploy:main
2026-08-21 13:10:59 [main] INFO  t.g.io/epos-eric/metadata-database/deploy:main - Container ghcr.io/epos-eric/metadata-database/deploy:main is starting: 3870f62ff276f03e148f305a85140023f19f2a335fb96a5542a5f66c9ec3ac40
2026-08-21 13:11:03 [main] INFO  t.g.io/epos-eric/metadata-database/deploy:main - Container ghcr.io/epos-eric/metadata-database/deploy:main started in PT4.714430672S
2026-08-21 13:11:03 [main] INFO  t.g.io/epos-eric/metadata-database/deploy:main - Container is started (JDBC URL: jdbc:postgresql://localhost:33045/cerif?loggerLevel=OFF)
2026-08-21 13:11:03 [main] INFO  com.zaxxer.hikari.HikariDataSource - metadata_catalogue - Starting...
2026-08-21 13:11:03 [main] INFO  com.zaxxer.hikari.pool.HikariPool - metadata_catalogue - Added connection org.postgresql.jdbc.PgConnection@2b601535
2026-08-21 13:11:03 [main] INFO  com.zaxxer.hikari.HikariDataSource - metadata_catalogue - Start completed.
2026-08-21 13:11:03 [main] INFO  com.zaxxer.hikari.HikariDataSource - metadata_catalogue - Shutdown initiated...
2026-08-21 13:11:03 [main] INFO  com.zaxxer.hikari.HikariDataSource - metadata_catalogue - Shutdown completed.
2026-08-21 13:11:03 [main] INFO  t.g.io/epos-eric/metadata-database/deploy:main - Creating container for image: ghcr.io/epos-eric/metadata-database/deploy:main
2026-08-21 13:11:04 [main] INFO  t.g.io/epos-eric/metadata-database/deploy:main - Container ghcr.io/epos-eric/metadata-database/deploy:main is starting: 00e9bddcb29c88b5e6775d6254b46f12b3a10223e0a8bb772aa133b54e9abd8c
2026-08-21 13:11:08 [main] INFO  t.g.io/epos-eric/metadata-database/deploy:main - Container ghcr.io/epos-eric/metadata-database/deploy:main started in PT4.481161256S
2026-08-21 13:11:08 [main] INFO  t.g.io/epos-eric/metadata-database/deploy:main - Container is started (JDBC URL: jdbc:postgresql://localhost:33046/cerif?loggerLevel=OFF)
2026-08-21 13:11:08 [main] INFO  com.zaxxer.hikari.HikariDataSource - metadata_catalogue - Starting...
2026-08-21 13:11:08 [main] INFO  com.zaxxer.hikari.pool.HikariPool - metadata_catalogue - Added connection org.postgresql.jdbc.PgConnection@5b45c331
2026-08-21 13:11:08 [main] INFO  com.zaxxer.hikari.HikariDataSource - metadata_catalogue - Start completed.
2026-08-21 13:11:08 [main] INFO  com.zaxxer.hikari.HikariDataSource - metadata_catalogue - Shutdown initiated...
2026-08-21 13:11:08 [main] INFO  com.zaxxer.hikari.HikariDataSource - metadata_catalogue - Shutdown completed.
2026-08-21 13:11:08 [main] INFO  t.g.io/epos-eric/metadata-database/deploy:main - Creating container for image: ghcr.io/epos-eric/metadata-database/deploy:main
2026-08-21 13:11:09 [main] INFO  t.g.io/epos-eric/metadata-database/deploy:main - Container ghcr.io/epos-eric/metadata-database/deploy:main is starting: 38bf81e526c04db21ca2c9cdb5354fbfb4376aaf7a9ddfc868f0c2765643b545
2026-08-21 13:11:13 [main] INFO  t.g.io/epos-eric/metadata-database/deploy:main - Container ghcr.io/epos-eric/metadata-database/deploy:main started in PT4.189344162S
2026-08-21 13:11:13 [main] INFO  t.g.io/epos-eric/metadata-database/deploy:main - Container is started (JDBC URL: jdbc:postgresql://localhost:33047/cerif?loggerLevel=OFF)
2026-08-21 13:11:13 [main] INFO  com.zaxxer.hikari.HikariDataSource - metadata_catalogue - Starting...
2026-08-21 13:11:13 [main] INFO  com.zaxxer.hikari.pool.HikariPool - metadata_catalogue - Added connection org.postgresql.jdbc.PgConnection@45073384
2026-08-21 13:11:13 [main] INFO  com.zaxxer.hikari.HikariDataSource - metadata_catalogue - Start completed.
2026-08-21 13:11:13 [main] INFO  com.zaxxer.hikari.HikariDataSource - metadata_catalogue - Shutdown initiated...
2026-08-21 13:11:13 [main] INFO  com.zaxxer.hikari.HikariDataSource - metadata_catalogue - Shutdown completed.
2026-08-21 13:11:13 [main] INFO  t.g.io/epos-eric/metadata-database/deploy:main - Creating container for image: ghcr.io/epos-eric/metadata-database/deploy:main
2026-08-21 13:11:13 [main] INFO  t.g.io/epos-eric/metadata-database/deploy:main - Container ghcr.io/epos-eric/metadata-database/deploy:main is starting: dad3c34e66da7924dbfd0d811b50b2a2c55d82463c46240a25f4e38d6370f41c
2026-08-21 13:11:18 [main] INFO  t.g.io/epos-eric/metadata-database/deploy:main - Container ghcr.io/epos-eric/metadata-database/deploy:main started in PT4.362875321S
2026-08-21 13:11:18 [main] INFO  t.g.io/epos-eric/metadata-database/deploy:main - Container is started (JDBC URL: jdbc:postgresql://localhost:33048/cerif?loggerLevel=OFF)
2026-08-21 13:11:18 [main] INFO  com.zaxxer.hikari.HikariDataSource - metadata_catalogue - Starting...
2026-08-21 13:11:18 [main] INFO  com.zaxxer.hikari.pool.HikariPool - metadata_catalogue - Added connection org.postgresql.jdbc.PgConnection@84485a8
2026-08-21 13:11:18 [main] INFO  com.zaxxer.hikari.HikariDataSource - metadata_catalogue - Start completed.
2026-08-21 13:11:18 [main] INFO  com.zaxxer.hikari.HikariDataSource - metadata_catalogue - Shutdown initiated...
2026-08-21 13:11:18 [main] INFO  com.zaxxer.hikari.HikariDataSource - metadata_catalogue - Shutdown completed.
2026-08-21 13:11:19 [main] INFO  t.g.io/epos-eric/metadata-database/deploy:main - Creating container for image: ghcr.io/epos-eric/metadata-database/deploy:main
2026-08-21 13:11:19 [main] INFO  t.g.io/epos-eric/metadata-database/deploy:main - Container ghcr.io/epos-eric/metadata-database/deploy:main is starting: f1b4b6ae7353dc1e00fc50de86778bc28de4a5ff855a25026a51e348a8a836b9
2026-08-21 13:11:23 [main] INFO  t.g.io/epos-eric/metadata-database/deploy:main - Container ghcr.io/epos-eric/metadata-database/deploy:main started in PT4.190732623S
2026-08-21 13:11:23 [main] INFO  t.g.io/epos-eric/metadata-database/deploy:main - Container is started (JDBC URL: jdbc:postgresql://localhost:33049/cerif?loggerLevel=OFF)
2026-08-21 13:11:23 [main] INFO  com.zaxxer.hikari.HikariDataSource - metadata_catalogue - Starting...
2026-08-21 13:11:23 [main] INFO  com.zaxxer.hikari.pool.HikariPool - metadata_catalogue - Added connection org.postgresql.jdbc.PgConnection@18c51167
2026-08-21 13:11:23 [main] INFO  com.zaxxer.hikari.HikariDataSource - metadata_catalogue - Start completed.
2026-08-21 13:11:23 [main] INFO  com.zaxxer.hikari.HikariDataSource - metadata_catalogue - Shutdown initiated...
2026-08-21 13:11:23 [main] INFO  com.zaxxer.hikari.HikariDataSource - metadata_catalogue - Shutdown completed.
2026-08-21 13:11:23 [main] INFO  t.g.io/epos-eric/metadata-database/deploy:main - Creating container for image: ghcr.io/epos-eric/metadata-database/deploy:main
2026-08-21 13:11:24 [main] INFO  t.g.io/epos-eric/metadata-database/deploy:main - Container ghcr.io/epos-eric/metadata-database/deploy:main is starting: d59df59060d93c733c2ae802124a3a72d2a0a9412b4da9449e63769e17fdc7f2
2026-08-21 13:11:28 [main] INFO  t.g.io/epos-eric/metadata-database/deploy:main - Container ghcr.io/epos-eric/metadata-database/deploy:main started in PT4.31406165S
2026-08-21 13:11:28 [main] INFO  t.g.io/epos-eric/metadata-database/deploy:main - Container is started (JDBC URL: jdbc:postgresql://localhost:33050/cerif?loggerLevel=OFF)
2026-08-21 13:11:28 [main] INFO  com.zaxxer.hikari.HikariDataSource - metadata_catalogue - Starting...
2026-08-21 13:11:28 [main] INFO  com.zaxxer.hikari.pool.HikariPool - metadata_catalogue - Added connection org.postgresql.jdbc.PgConnection@47a1bf14
2026-08-21 13:11:28 [main] INFO  com.zaxxer.hikari.HikariDataSource - metadata_catalogue - Start completed.
2026-08-21 13:11:28 [main] INFO  com.zaxxer.hikari.HikariDataSource - metadata_catalogue - Shutdown initiated...
2026-08-21 13:11:28 [main] INFO  com.zaxxer.hikari.HikariDataSource - metadata_catalogue - Shutdown completed.
2026-08-21 13:11:29 [main] INFO  t.g.io/epos-eric/metadata-database/deploy:main - Creating container for image: ghcr.io/epos-eric/metadata-database/deploy:main
2026-08-21 13:11:29 [main] INFO  t.g.io/epos-eric/metadata-database/deploy:main - Container ghcr.io/epos-eric/metadata-database/deploy:main is starting: 5cbdd9cc4817e058b1154210c9ae099f6f95f39f806d09213e687cae9b983257
2026-08-21 13:11:33 [main] INFO  t.g.io/epos-eric/metadata-database/deploy:main - Container ghcr.io/epos-eric/metadata-database/deploy:main started in PT4.762427802S
2026-08-21 13:11:33 [main] INFO  t.g.io/epos-eric/metadata-database/deploy:main - Container is started (JDBC URL: jdbc:postgresql://localhost:33051/cerif?loggerLevel=OFF)
2026-08-21 13:11:33 [main] INFO  com.zaxxer.hikari.HikariDataSource - metadata_catalogue - Starting...
2026-08-21 13:11:33 [main] INFO  com.zaxxer.hikari.pool.HikariPool - metadata_catalogue - Added connection org.postgresql.jdbc.PgConnection@6f22f5b7
2026-08-21 13:11:33 [main] INFO  com.zaxxer.hikari.HikariDataSource - metadata_catalogue - Start completed.
2026-08-21 13:11:37 [main] INFO  com.zaxxer.hikari.HikariDataSource - metadata_catalogue - Shutdown initiated...
2026-08-21 13:11:37 [main] INFO  com.zaxxer.hikari.HikariDataSource - metadata_catalogue - Shutdown completed.
2026-08-21 13:11:37 [main] INFO  t.g.io/epos-eric/metadata-database/deploy:main - Creating container for image: ghcr.io/epos-eric/metadata-database/deploy:main
2026-08-21 13:11:37 [main] INFO  t.g.io/epos-eric/metadata-database/deploy:main - Container ghcr.io/epos-eric/metadata-database/deploy:main is starting: cd67843c26583ae5499d641ff268b4d528c7c34c806f329eb3ed8bfd4e1ad41e
2026-08-21 13:11:41 [main] INFO  t.g.io/epos-eric/metadata-database/deploy:main - Container ghcr.io/epos-eric/metadata-database/deploy:main started in PT4.1944027S
2026-08-21 13:11:41 [main] INFO  t.g.io/epos-eric/metadata-database/deploy:main - Container is started (JDBC URL: jdbc:postgresql://localhost:33052/cerif?loggerLevel=OFF)
2026-08-21 13:11:41 [main] INFO  com.zaxxer.hikari.HikariDataSource - metadata_catalogue - Starting...
2026-08-21 13:11:41 [main] INFO  com.zaxxer.hikari.pool.HikariPool - metadata_catalogue - Added connection org.postgresql.jdbc.PgConnection@520a7546
2026-08-21 13:11:41 [main] INFO  com.zaxxer.hikari.HikariDataSource - metadata_catalogue - Start completed.
2026-08-21 13:11:42 [main] INFO  com.zaxxer.hikari.HikariDataSource - metadata_catalogue - Shutdown initiated...
2026-08-21 13:11:42 [main] INFO  com.zaxxer.hikari.HikariDataSource - metadata_catalogue - Shutdown completed.
2026-08-21 13:11:42 [main] INFO  t.g.io/epos-eric/metadata-database/deploy:main - Creating container for image: ghcr.io/epos-eric/metadata-database/deploy:main
2026-08-21 13:11:42 [main] INFO  t.g.io/epos-eric/metadata-database/deploy:main - Container ghcr.io/epos-eric/metadata-database/deploy:main is starting: 65b1a0f7b2d5a6ea62810e7a17734c779e6c3410aa06085336dd1d878f90fe6a
2026-08-21 13:11:47 [main] INFO  t.g.io/epos-eric/metadata-database/deploy:main - Container ghcr.io/epos-eric/metadata-database/deploy:main started in PT4.554703059S
2026-08-21 13:11:47 [main] INFO  t.g.io/epos-eric/metadata-database/deploy:main - Container is started (JDBC URL: jdbc:postgresql://localhost:33053/cerif?loggerLevel=OFF)
2026-08-21 13:11:47 [main] INFO  com.zaxxer.hikari.HikariDataSource - metadata_catalogue - Starting...
2026-08-21 13:11:47 [main] INFO  com.zaxxer.hikari.pool.HikariPool - metadata_catalogue - Added connection org.postgresql.jdbc.PgConnection@400a2608
2026-08-21 13:11:47 [main] INFO  com.zaxxer.hikari.HikariDataSource - metadata_catalogue - Start completed.
2026-08-21 13:11:47 [main] INFO  com.zaxxer.hikari.HikariDataSource - metadata_catalogue - Shutdown initiated...
2026-08-21 13:11:47 [main] INFO  com.zaxxer.hikari.HikariDataSource - metadata_catalogue - Shutdown completed.
2026-08-21 13:11:47 [main] INFO  t.g.io/epos-eric/metadata-database/deploy:main - Creating container for image: ghcr.io/epos-eric/metadata-database/deploy:main
2026-08-21 13:11:48 [main] INFO  t.g.io/epos-eric/metadata-database/deploy:main - Container ghcr.io/epos-eric/metadata-database/deploy:main is starting: 97c4923ffdf11dac4ef953fd813c00fb71f8f84816951ed8c55d5eda2d81a3ee
2026-08-21 13:11:52 [main] INFO  t.g.io/epos-eric/metadata-database/deploy:main - Container ghcr.io/epos-eric/metadata-database/deploy:main started in PT4.874703516S
2026-08-21 13:11:52 [main] INFO  t.g.io/epos-eric/metadata-database/deploy:main - Container is started (JDBC URL: jdbc:postgresql://localhost:33054/cerif?loggerLevel=OFF)
2026-08-21 13:11:52 [main] INFO  com.zaxxer.hikari.HikariDataSource - metadata_catalogue - Starting...
2026-08-21 13:11:52 [main] INFO  com.zaxxer.hikari.pool.HikariPool - metadata_catalogue - Added connection org.postgresql.jdbc.PgConnection@53a067b2
2026-08-21 13:11:52 [main] INFO  com.zaxxer.hikari.HikariDataSource - metadata_catalogue - Start completed.
2026-08-21 13:11:53 [main] INFO  com.zaxxer.hikari.HikariDataSource - metadata_catalogue - Shutdown initiated...
2026-08-21 13:11:53 [main] INFO  com.zaxxer.hikari.HikariDataSource - metadata_catalogue - Shutdown completed.
2026-08-21 13:11:53 [main] INFO  t.g.io/epos-eric/metadata-database/deploy:main - Creating container for image: ghcr.io/epos-eric/metadata-database/deploy:main
2026-08-21 13:11:53 [main] INFO  t.g.io/epos-eric/metadata-database/deploy:main - Container ghcr.io/epos-eric/metadata-database/deploy:main is starting: 846502a9709e6506b3c1d70a14ad8fa8a847d968ba4a7f39f973ec7451922731
2026-08-21 13:11:58 [main] INFO  t.g.io/epos-eric/metadata-database/deploy:main - Container ghcr.io/epos-eric/metadata-database/deploy:main started in PT4.679860092S
2026-08-21 13:11:58 [main] INFO  t.g.io/epos-eric/metadata-database/deploy:main - Container is started (JDBC URL: jdbc:postgresql://localhost:33055/cerif?loggerLevel=OFF)
2026-08-21 13:11:58 [main] INFO  com.zaxxer.hikari.HikariDataSource - metadata_catalogue - Starting...
2026-08-21 13:11:58 [main] INFO  com.zaxxer.hikari.pool.HikariPool - metadata_catalogue - Added connection org.postgresql.jdbc.PgConnection@69f746d6
2026-08-21 13:11:58 [main] INFO  com.zaxxer.hikari.HikariDataSource - metadata_catalogue - Start completed.
2026-08-21 13:11:58 [main] INFO  com.zaxxer.hikari.HikariDataSource - metadata_catalogue - Shutdown initiated...
2026-08-21 13:11:58 [main] INFO  com.zaxxer.hikari.HikariDataSource - metadata_catalogue - Shutdown completed.
2026-08-21 13:11:58 [main] INFO  t.g.io/epos-eric/metadata-database/deploy:main - Creating container for image: ghcr.io/epos-eric/metadata-database/deploy:main
2026-08-21 13:11:58 [main] INFO  t.g.io/epos-eric/metadata-database/deploy:main - Container ghcr.io/epos-eric/metadata-database/deploy:main is starting: f991cf46f60456ce99d29ae8bfb8b964dba39a3312470c1e1cceee964d8e56da
2026-08-21 13:12:02 [main] INFO  t.g.io/epos-eric/metadata-database/deploy:main - Container ghcr.io/epos-eric/metadata-database/deploy:main started in PT4.225709871S
2026-08-21 13:12:02 [main] INFO  t.g.io/epos-eric/metadata-database/deploy:main - Container is started (JDBC URL: jdbc:postgresql://localhost:33056/cerif?loggerLevel=OFF)
2026-08-21 13:12:02 [main] INFO  com.zaxxer.hikari.HikariDataSource - metadata_catalogue - Starting...
2026-08-21 13:12:02 [main] INFO  com.zaxxer.hikari.pool.HikariPool - metadata_catalogue - Added connection org.postgresql.jdbc.PgConnection@49f384fd
2026-08-21 13:12:02 [main] INFO  com.zaxxer.hikari.HikariDataSource - metadata_catalogue - Start completed.
2026-08-21 13:12:03 [main] INFO  com.zaxxer.hikari.HikariDataSource - metadata_catalogue - Shutdown initiated...
2026-08-21 13:12:03 [main] INFO  com.zaxxer.hikari.HikariDataSource - metadata_catalogue - Shutdown completed.
2026-08-21 13:12:03 [main] INFO  t.g.io/epos-eric/metadata-database/deploy:main - Creating container for image: ghcr.io/epos-eric/metadata-database/deploy:main
2026-08-21 13:12:03 [main] INFO  t.g.io/epos-eric/metadata-database/deploy:main - Container ghcr.io/epos-eric/metadata-database/deploy:main is starting: a2279d66765fed422c3a493b3ed95f87ae41382ab8a5a43f6e5d69e4f9a2b23a
2026-08-21 13:12:07 [main] INFO  t.g.io/epos-eric/metadata-database/deploy:main - Container ghcr.io/epos-eric/metadata-database/deploy:main started in PT4.331239705S
2026-08-21 13:12:07 [main] INFO  t.g.io/epos-eric/metadata-database/deploy:main - Container is started (JDBC URL: jdbc:postgresql://localhost:33057/cerif?loggerLevel=OFF)
2026-08-21 13:12:07 [main] INFO  com.zaxxer.hikari.HikariDataSource - metadata_catalogue - Starting...
2026-08-21 13:12:07 [main] INFO  com.zaxxer.hikari.pool.HikariPool - metadata_catalogue - Added connection org.postgresql.jdbc.PgConnection@4e1acf2e
2026-08-21 13:12:07 [main] INFO  com.zaxxer.hikari.HikariDataSource - metadata_catalogue - Start completed.
2026-08-21 13:12:07 [main] INFO  com.zaxxer.hikari.HikariDataSource - metadata_catalogue - Shutdown initiated...
2026-08-21 13:12:07 [main] INFO  com.zaxxer.hikari.HikariDataSource - metadata_catalogue - Shutdown completed.
2026-08-21 13:12:08 [main] INFO  t.g.io/epos-eric/metadata-database/deploy:main - Creating container for image: ghcr.io/epos-eric/metadata-database/deploy:main
2026-08-21 13:12:08 [main] INFO  t.g.io/epos-eric/metadata-database/deploy:main - Container ghcr.io/epos-eric/metadata-database/deploy:main is starting: 3c5f866b94fe5a9f0b65181955f44ae3da0eab13aefb85eb03dd05c43b726b19
2026-08-21 13:12:12 [main] INFO  t.g.io/epos-eric/metadata-database/deploy:main - Container ghcr.io/epos-eric/metadata-database/deploy:main started in PT4.31455769S
2026-08-21 13:12:12 [main] INFO  t.g.io/epos-eric/metadata-database/deploy:main - Container is started (JDBC URL: jdbc:postgresql://localhost:33058/cerif?loggerLevel=OFF)
2026-08-21 13:12:12 [main] INFO  com.zaxxer.hikari.HikariDataSource - metadata_catalogue - Starting...
2026-08-21 13:12:12 [main] INFO  com.zaxxer.hikari.pool.HikariPool - metadata_catalogue - Added connection org.postgresql.jdbc.PgConnection@424ea768
2026-08-21 13:12:12 [main] INFO  com.zaxxer.hikari.HikariDataSource - metadata_catalogue - Start completed.
2026-08-21 13:12:13 [main] INFO  com.zaxxer.hikari.HikariDataSource - metadata_catalogue - Shutdown initiated...
2026-08-21 13:12:13 [main] INFO  com.zaxxer.hikari.HikariDataSource - metadata_catalogue - Shutdown completed.
2026-08-21 13:12:13 [main] INFO  t.g.io/epos-eric/metadata-database/deploy:main - Creating container for image: ghcr.io/epos-eric/metadata-database/deploy:main
2026-08-21 13:12:13 [main] INFO  t.g.io/epos-eric/metadata-database/deploy:main - Container ghcr.io/epos-eric/metadata-database/deploy:main is starting: f85cb2f1fc2a78d81e7856d89a1e9a0cc79f04047164d94452e6652bd355f1be
2026-08-21 13:12:17 [main] INFO  t.g.io/epos-eric/metadata-database/deploy:main - Container ghcr.io/epos-eric/metadata-database/deploy:main started in PT4.212080888S
2026-08-21 13:12:17 [main] INFO  t.g.io/epos-eric/metadata-database/deploy:main - Container is started (JDBC URL: jdbc:postgresql://localhost:33059/cerif?loggerLevel=OFF)
2026-08-21 13:12:17 [main] INFO  com.zaxxer.hikari.HikariDataSource - metadata_catalogue - Starting...
2026-08-21 13:12:17 [main] INFO  com.zaxxer.hikari.pool.HikariPool - metadata_catalogue - Added connection org.postgresql.jdbc.PgConnection@3fc45e5c
2026-08-21 13:12:17 [main] INFO  com.zaxxer.hikari.HikariDataSource - metadata_catalogue - Start completed.
2026-08-21 13:12:18 [main] INFO  com.zaxxer.hikari.HikariDataSource - metadata_catalogue - Shutdown initiated...
2026-08-21 13:12:18 [main] INFO  com.zaxxer.hikari.HikariDataSource - metadata_catalogue - Shutdown completed.
2026-08-21 13:12:18 [main] INFO  t.g.io/epos-eric/metadata-database/deploy:main - Creating container for image: ghcr.io/epos-eric/metadata-database/deploy:main
2026-08-21 13:12:18 [main] INFO  t.g.io/epos-eric/metadata-database/deploy:main - Container ghcr.io/epos-eric/metadata-database/deploy:main is starting: 3e0c6718e57b2b8bac2b5267543e95f9f40b86f8ddc8d84b2213047e6fb002e0
2026-08-21 13:12:23 [main] INFO  t.g.io/epos-eric/metadata-database/deploy:main - Container ghcr.io/epos-eric/metadata-database/deploy:main started in PT4.768710009S
2026-08-21 13:12:23 [main] INFO  t.g.io/epos-eric/metadata-database/deploy:main - Container is started (JDBC URL: jdbc:postgresql://localhost:33060/cerif?loggerLevel=OFF)
2026-08-21 13:12:23 [main] INFO  com.zaxxer.hikari.HikariDataSource - metadata_catalogue - Starting...
2026-08-21 13:12:23 [main] INFO  com.zaxxer.hikari.pool.HikariPool - metadata_catalogue - Added connection org.postgresql.jdbc.PgConnection@4572a9d6
2026-08-21 13:12:23 [main] INFO  com.zaxxer.hikari.HikariDataSource - metadata_catalogue - Start completed.
2026-08-21 13:12:24 [main] INFO  com.zaxxer.hikari.HikariDataSource - metadata_catalogue - Shutdown initiated...
2026-08-21 13:12:24 [main] INFO  com.zaxxer.hikari.HikariDataSource - metadata_catalogue - Shutdown completed.
2026-08-21 13:12:24 [main] INFO  t.g.io/epos-eric/metadata-database/deploy:main - Creating container for image: ghcr.io/epos-eric/metadata-database/deploy:main
2026-08-21 13:12:24 [main] INFO  t.g.io/epos-eric/metadata-database/deploy:main - Container ghcr.io/epos-eric/metadata-database/deploy:main is starting: 1e50cccd1b52b64b33148cff5e524fbc48b0f1b0dbd257c65400dbe278a48c04
2026-08-21 13:12:28 [main] INFO  t.g.io/epos-eric/metadata-database/deploy:main - Container ghcr.io/epos-eric/metadata-database/deploy:main started in PT4.035196096S
2026-08-21 13:12:28 [main] INFO  t.g.io/epos-eric/metadata-database/deploy:main - Container is started (JDBC URL: jdbc:postgresql://localhost:33061/cerif?loggerLevel=OFF)
2026-08-21 13:12:28 [main] INFO  com.zaxxer.hikari.HikariDataSource - metadata_catalogue - Starting...
2026-08-21 13:12:28 [main] INFO  com.zaxxer.hikari.pool.HikariPool - metadata_catalogue - Added connection org.postgresql.jdbc.PgConnection@66593814
2026-08-21 13:12:28 [main] INFO  com.zaxxer.hikari.HikariDataSource - metadata_catalogue - Start completed.
2026-08-21 13:12:28 [main] INFO  com.zaxxer.hikari.HikariDataSource - metadata_catalogue - Shutdown initiated...
2026-08-21 13:12:28 [main] INFO  com.zaxxer.hikari.HikariDataSource - metadata_catalogue - Shutdown completed.
2026-08-21 13:12:28 [main] INFO  t.g.io/epos-eric/metadata-database/deploy:main - Creating container for image: ghcr.io/epos-eric/metadata-database/deploy:main
2026-08-21 13:12:28 [main] INFO  t.g.io/epos-eric/metadata-database/deploy:main - Container ghcr.io/epos-eric/metadata-database/deploy:main is starting: 698172b22071391c32b38006c2fb519db8c83a27c750eb15096e55c350bdef1b
2026-08-21 13:12:33 [main] INFO  t.g.io/epos-eric/metadata-database/deploy:main - Container ghcr.io/epos-eric/metadata-database/deploy:main started in PT4.724199666S
2026-08-21 13:12:33 [main] INFO  t.g.io/epos-eric/metadata-database/deploy:main - Container is started (JDBC URL: jdbc:postgresql://localhost:33062/cerif?loggerLevel=OFF)
2026-08-21 13:12:33 [main] INFO  com.zaxxer.hikari.HikariDataSource - metadata_catalogue - Starting...
2026-08-21 13:12:33 [main] INFO  com.zaxxer.hikari.pool.HikariPool - metadata_catalogue - Added connection org.postgresql.jdbc.PgConnection@15efda1a
2026-08-21 13:12:33 [main] INFO  com.zaxxer.hikari.HikariDataSource - metadata_catalogue - Start completed.
2026-08-21 13:12:45 [main] INFO  com.zaxxer.hikari.HikariDataSource - metadata_catalogue - Shutdown initiated...
2026-08-21 13:12:45 [main] INFO  com.zaxxer.hikari.HikariDataSource - metadata_catalogue - Shutdown completed.
2026-08-21 13:12:45 [main] INFO  t.g.io/epos-eric/metadata-database/deploy:main - Creating container for image: ghcr.io/epos-eric/metadata-database/deploy:main
2026-08-21 13:12:45 [main] INFO  t.g.io/epos-eric/metadata-database/deploy:main - Container ghcr.io/epos-eric/metadata-database/deploy:main is starting: b4201dec06137564823ee8cc3b258e4bb7df75fa3670734a6f83fbf13f641d99
2026-08-21 13:12:50 [main] INFO  t.g.io/epos-eric/metadata-database/deploy:main - Container ghcr.io/epos-eric/metadata-database/deploy:main started in PT4.34644851S
2026-08-21 13:12:50 [main] INFO  t.g.io/epos-eric/metadata-database/deploy:main - Container is started (JDBC URL: jdbc:postgresql://localhost:33063/cerif?loggerLevel=OFF)
2026-08-21 13:12:50 [main] INFO  com.zaxxer.hikari.HikariDataSource - metadata_catalogue - Starting...
2026-08-21 13:12:50 [main] INFO  com.zaxxer.hikari.pool.HikariPool - metadata_catalogue - Added connection org.postgresql.jdbc.PgConnection@45c9cb86
2026-08-21 13:12:50 [main] INFO  com.zaxxer.hikari.HikariDataSource - metadata_catalogue - Start completed.
2026-08-21 13:12:50 [main] INFO  com.zaxxer.hikari.HikariDataSource - metadata_catalogue - Shutdown initiated...
2026-08-21 13:12:50 [main] INFO  com.zaxxer.hikari.HikariDataSource - metadata_catalogue - Shutdown completed.
2026-08-21 13:12:50 [main] INFO  t.g.io/epos-eric/metadata-database/deploy:main - Creating container for image: ghcr.io/epos-eric/metadata-database/deploy:main
2026-08-21 13:12:51 [main] INFO  t.g.io/epos-eric/metadata-database/deploy:main - Container ghcr.io/epos-eric/metadata-database/deploy:main is starting: e1ca1b43c424c77add5a26f83491712dbadf7be5b15faff5ad111df07af5f1b5
2026-08-21 13:12:56 [main] INFO  t.g.io/epos-eric/metadata-database/deploy:main - Container ghcr.io/epos-eric/metadata-database/deploy:main started in PT5.052491867S
2026-08-21 13:12:56 [main] INFO  t.g.io/epos-eric/metadata-database/deploy:main - Container is started (JDBC URL: jdbc:postgresql://localhost:33064/cerif?loggerLevel=OFF)
2026-08-21 13:12:56 [main] INFO  com.zaxxer.hikari.HikariDataSource - metadata_catalogue - Starting...
2026-08-21 13:12:56 [main] INFO  com.zaxxer.hikari.pool.HikariPool - metadata_catalogue - Added connection org.postgresql.jdbc.PgConnection@58365712
2026-08-21 13:12:56 [main] INFO  com.zaxxer.hikari.HikariDataSource - metadata_catalogue - Start completed.
2026-08-21 13:12:56 [main] INFO  com.zaxxer.hikari.HikariDataSource - metadata_catalogue - Shutdown initiated...
2026-08-21 13:12:56 [main] INFO  com.zaxxer.hikari.HikariDataSource - metadata_catalogue - Shutdown completed.
2026-08-21 13:12:56 [main] INFO  t.g.io/epos-eric/metadata-database/deploy:main - Creating container for image: ghcr.io/epos-eric/metadata-database/deploy:main
2026-08-21 13:12:56 [main] INFO  t.g.io/epos-eric/metadata-database/deploy:main - Container ghcr.io/epos-eric/metadata-database/deploy:main is starting: b69dd96b6e8390cb590081c03e4d0404580dc744f87f5f3ffb99c2b7fbbc4702
2026-08-21 13:13:01 [main] INFO  t.g.io/epos-eric/metadata-database/deploy:main - Container ghcr.io/epos-eric/metadata-database/deploy:main started in PT4.699785651S
2026-08-21 13:13:01 [main] INFO  t.g.io/epos-eric/metadata-database/deploy:main - Container is started (JDBC URL: jdbc:postgresql://localhost:33065/cerif?loggerLevel=OFF)
2026-08-21 13:13:01 [main] INFO  com.zaxxer.hikari.HikariDataSource - metadata_catalogue - Starting...
2026-08-21 13:13:01 [main] INFO  com.zaxxer.hikari.pool.HikariPool - metadata_catalogue - Added connection org.postgresql.jdbc.PgConnection@54fca596
2026-08-21 13:13:01 [main] INFO  com.zaxxer.hikari.HikariDataSource - metadata_catalogue - Start completed.
2026-08-21 13:13:01 [main] INFO  com.zaxxer.hikari.HikariDataSource - metadata_catalogue - Shutdown initiated...
2026-08-21 13:13:01 [main] INFO  com.zaxxer.hikari.HikariDataSource - metadata_catalogue - Shutdown completed.
2026-08-21 13:13:02 [main] INFO  t.g.io/epos-eric/metadata-database/deploy:main - Creating container for image: ghcr.io/epos-eric/metadata-database/deploy:main
2026-08-21 13:13:02 [main] INFO  t.g.io/epos-eric/metadata-database/deploy:main - Container ghcr.io/epos-eric/metadata-database/deploy:main is starting: a580930f062f5e3259fc8d43412d8ee147b273efba508501001507747f5f2465
2026-08-21 13:13:06 [main] INFO  t.g.io/epos-eric/metadata-database/deploy:main - Container ghcr.io/epos-eric/metadata-database/deploy:main started in PT4.540110836S
2026-08-21 13:13:06 [main] INFO  t.g.io/epos-eric/metadata-database/deploy:main - Container is started (JDBC URL: jdbc:postgresql://localhost:33066/cerif?loggerLevel=OFF)
2026-08-21 13:13:06 [main] INFO  com.zaxxer.hikari.HikariDataSource - metadata_catalogue - Starting...
2026-08-21 13:13:06 [main] INFO  com.zaxxer.hikari.pool.HikariPool - metadata_catalogue - Added connection org.postgresql.jdbc.PgConnection@79276485
2026-08-21 13:13:06 [main] INFO  com.zaxxer.hikari.HikariDataSource - metadata_catalogue - Start completed.
2026-08-21 13:13:06 [main] INFO  com.zaxxer.hikari.HikariDataSource - metadata_catalogue - Shutdown initiated...
2026-08-21 13:13:06 [main] INFO  com.zaxxer.hikari.HikariDataSource - metadata_catalogue - Shutdown completed.
2026-08-21 13:13:07 [main] INFO  t.g.io/epos-eric/metadata-database/deploy:main - Creating container for image: ghcr.io/epos-eric/metadata-database/deploy:main
2026-08-21 13:13:07 [main] INFO  t.g.io/epos-eric/metadata-database/deploy:main - Container ghcr.io/epos-eric/metadata-database/deploy:main is starting: dac291e655d0606a9c0c792777f996dac137602144bbef4b956313b2f60b5dfa
2026-08-21 13:13:11 [main] INFO  t.g.io/epos-eric/metadata-database/deploy:main - Container ghcr.io/epos-eric/metadata-database/deploy:main started in PT4.565831422S
2026-08-21 13:13:11 [main] INFO  t.g.io/epos-eric/metadata-database/deploy:main - Container is started (JDBC URL: jdbc:postgresql://localhost:33067/cerif?loggerLevel=OFF)
2026-08-21 13:13:11 [main] INFO  com.zaxxer.hikari.HikariDataSource - metadata_catalogue - Starting...
2026-08-21 13:13:11 [main] INFO  com.zaxxer.hikari.pool.HikariPool - metadata_catalogue - Added connection org.postgresql.jdbc.PgConnection@2448a8c2
2026-08-21 13:13:11 [main] INFO  com.zaxxer.hikari.HikariDataSource - metadata_catalogue - Start completed.
2026-08-21 13:13:12 [main] INFO  com.zaxxer.hikari.HikariDataSource - metadata_catalogue - Shutdown initiated...
2026-08-21 13:13:12 [main] INFO  com.zaxxer.hikari.HikariDataSource - metadata_catalogue - Shutdown completed.
2026-08-21 13:13:12 [main] INFO  t.g.io/epos-eric/metadata-database/deploy:main - Creating container for image: ghcr.io/epos-eric/metadata-database/deploy:main
2026-08-21 13:13:12 [main] INFO  t.g.io/epos-eric/metadata-database/deploy:main - Container ghcr.io/epos-eric/metadata-database/deploy:main is starting: 7cf5d0cae57c4de2ebf5cd5548b9b8db564f4d748324065e393d0341df4d1f25
2026-08-21 13:13:17 [main] INFO  t.g.io/epos-eric/metadata-database/deploy:main - Container ghcr.io/epos-eric/metadata-database/deploy:main started in PT4.877080424S
2026-08-21 13:13:17 [main] INFO  t.g.io/epos-eric/metadata-database/deploy:main - Container is started (JDBC URL: jdbc:postgresql://localhost:33068/cerif?loggerLevel=OFF)
2026-08-21 13:13:17 [main] INFO  com.zaxxer.hikari.HikariDataSource - metadata_catalogue - Starting...
2026-08-21 13:13:17 [main] INFO  com.zaxxer.hikari.pool.HikariPool - metadata_catalogue - Added connection org.postgresql.jdbc.PgConnection@1cb05b95
2026-08-21 13:13:17 [main] INFO  com.zaxxer.hikari.HikariDataSource - metadata_catalogue - Start completed.
2026-08-21 13:13:17 [main] INFO  com.zaxxer.hikari.HikariDataSource - metadata_catalogue - Shutdown initiated...
2026-08-21 13:13:17 [main] INFO  com.zaxxer.hikari.HikariDataSource - metadata_catalogue - Shutdown completed.
2026-08-21 13:13:17 [main] INFO  t.g.io/epos-eric/metadata-database/deploy:main - Creating container for image: ghcr.io/epos-eric/metadata-database/deploy:main
2026-08-21 13:13:18 [main] INFO  t.g.io/epos-eric/metadata-database/deploy:main - Container ghcr.io/epos-eric/metadata-database/deploy:main is starting: c9f3a3b4b31d0bfb7e7a0c47ca355ac1afe56eb88d84dc345da5919499940f51
2026-08-21 13:13:22 [main] INFO  t.g.io/epos-eric/metadata-database/deploy:main - Container ghcr.io/epos-eric/metadata-database/deploy:main started in PT4.281969524S
2026-08-21 13:13:22 [main] INFO  t.g.io/epos-eric/metadata-database/deploy:main - Container is started (JDBC URL: jdbc:postgresql://localhost:33069/cerif?loggerLevel=OFF)
2026-08-21 13:13:22 [main] INFO  com.zaxxer.hikari.HikariDataSource - metadata_catalogue - Starting...
2026-08-21 13:13:22 [main] INFO  com.zaxxer.hikari.pool.HikariPool - metadata_catalogue - Added connection org.postgresql.jdbc.PgConnection@59db8446
2026-08-21 13:13:22 [main] INFO  com.zaxxer.hikari.HikariDataSource - metadata_catalogue - Start completed.
2026-08-21 13:13:23 [main] INFO  com.zaxxer.hikari.HikariDataSource - metadata_catalogue - Shutdown initiated...
2026-08-21 13:13:23 [main] INFO  com.zaxxer.hikari.HikariDataSource - metadata_catalogue - Shutdown completed.
2026-08-21 13:13:23 [main] INFO  t.g.io/epos-eric/metadata-database/deploy:main - Creating container for image: ghcr.io/epos-eric/metadata-database/deploy:main
2026-08-21 13:13:23 [main] INFO  t.g.io/epos-eric/metadata-database/deploy:main - Container ghcr.io/epos-eric/metadata-database/deploy:main is starting: 9b33c09d8c68e7065dd365ee321aebb320bbd3e4297d1dc874e2e54684a3a7e4
2026-08-21 13:13:28 [main] INFO  t.g.io/epos-eric/metadata-database/deploy:main - Container ghcr.io/epos-eric/metadata-database/deploy:main started in PT5.033952035S
2026-08-21 13:13:28 [main] INFO  t.g.io/epos-eric/metadata-database/deploy:main - Container is started (JDBC URL: jdbc:postgresql://localhost:33070/cerif?loggerLevel=OFF)
2026-08-21 13:13:28 [main] INFO  com.zaxxer.hikari.HikariDataSource - metadata_catalogue - Starting...
2026-08-21 13:13:28 [main] INFO  com.zaxxer.hikari.pool.HikariPool - metadata_catalogue - Added connection org.postgresql.jdbc.PgConnection@440219dc
2026-08-21 13:13:28 [main] INFO  com.zaxxer.hikari.HikariDataSource - metadata_catalogue - Start completed.
2026-08-21 13:13:28 [main] INFO  com.zaxxer.hikari.HikariDataSource - metadata_catalogue - Shutdown initiated...
2026-08-21 13:13:29 [main] INFO  com.zaxxer.hikari.HikariDataSource - metadata_catalogue - Shutdown completed.
2026-08-21 13:13:29 [main] INFO  t.g.io/epos-eric/metadata-database/deploy:main - Creating container for image: ghcr.io/epos-eric/metadata-database/deploy:main
2026-08-21 13:13:29 [main] INFO  t.g.io/epos-eric/metadata-database/deploy:main - Container ghcr.io/epos-eric/metadata-database/deploy:main is starting: 4f98911b2dfa9b568eb1531fc5ca6b85f86f11842266b66e3ab82aa6c697ade4
2026-08-21 13:13:33 [main] INFO  t.g.io/epos-eric/metadata-database/deploy:main - Container ghcr.io/epos-eric/metadata-database/deploy:main started in PT4.392269743S
2026-08-21 13:13:33 [main] INFO  t.g.io/epos-eric/metadata-database/deploy:main - Container is started (JDBC URL: jdbc:postgresql://localhost:33071/cerif?loggerLevel=OFF)
2026-08-21 13:13:33 [main] INFO  com.zaxxer.hikari.HikariDataSource - metadata_catalogue - Starting...
2026-08-21 13:13:33 [main] INFO  com.zaxxer.hikari.pool.HikariPool - metadata_catalogue - Added connection org.postgresql.jdbc.PgConnection@48a84c58
2026-08-21 13:13:33 [main] INFO  com.zaxxer.hikari.HikariDataSource - metadata_catalogue - Start completed.
2026-08-21 13:13:33 [main] INFO  com.zaxxer.hikari.HikariDataSource - metadata_catalogue - Shutdown initiated...
2026-08-21 13:13:34 [main] INFO  com.zaxxer.hikari.HikariDataSource - metadata_catalogue - Shutdown completed.
2026-08-21 13:13:34 [main] INFO  t.g.io/epos-eric/metadata-database/deploy:main - Creating container for image: ghcr.io/epos-eric/metadata-database/deploy:main
2026-08-21 13:13:34 [main] INFO  t.g.io/epos-eric/metadata-database/deploy:main - Container ghcr.io/epos-eric/metadata-database/deploy:main is starting: e0fbb93d1702d11f1131c0e96c9652edd1822469fa232bff4c9481b2bccfa11a
2026-08-21 13:13:38 [main] INFO  t.g.io/epos-eric/metadata-database/deploy:main - Container ghcr.io/epos-eric/metadata-database/deploy:main started in PT4.46104724S
2026-08-21 13:13:38 [main] INFO  t.g.io/epos-eric/metadata-database/deploy:main - Container is started (JDBC URL: jdbc:postgresql://localhost:33072/cerif?loggerLevel=OFF)
2026-08-21 13:13:38 [main] INFO  com.zaxxer.hikari.HikariDataSource - metadata_catalogue - Starting...
2026-08-21 13:13:38 [main] INFO  com.zaxxer.hikari.pool.HikariPool - metadata_catalogue - Added connection org.postgresql.jdbc.PgConnection@2996f795
2026-08-21 13:13:38 [main] INFO  com.zaxxer.hikari.HikariDataSource - metadata_catalogue - Start completed.
2026-08-21 13:13:38 [main] INFO  com.zaxxer.hikari.HikariDataSource - metadata_catalogue - Shutdown initiated...
2026-08-21 13:13:38 [main] INFO  com.zaxxer.hikari.HikariDataSource - metadata_catalogue - Shutdown completed.
2026-08-21 13:13:39 [main] INFO  t.g.io/epos-eric/metadata-database/deploy:main - Creating container for image: ghcr.io/epos-eric/metadata-database/deploy:main
2026-08-21 13:13:39 [main] INFO  t.g.io/epos-eric/metadata-database/deploy:main - Container ghcr.io/epos-eric/metadata-database/deploy:main is starting: 7f91b69b4f23eab1f4bcbb635acc1f3871cfee843513b9a29b326036c65bba6f
2026-08-21 13:13:43 [main] INFO  t.g.io/epos-eric/metadata-database/deploy:main - Container ghcr.io/epos-eric/metadata-database/deploy:main started in PT4.178313797S
2026-08-21 13:13:43 [main] INFO  t.g.io/epos-eric/metadata-database/deploy:main - Container is started (JDBC URL: jdbc:postgresql://localhost:33073/cerif?loggerLevel=OFF)
2026-08-21 13:13:43 [main] INFO  com.zaxxer.hikari.HikariDataSource - metadata_catalogue - Starting...
2026-08-21 13:13:43 [main] INFO  com.zaxxer.hikari.pool.HikariPool - metadata_catalogue - Added connection org.postgresql.jdbc.PgConnection@3a6295d9
2026-08-21 13:13:43 [main] INFO  com.zaxxer.hikari.HikariDataSource - metadata_catalogue - Start completed.
2026-08-21 13:13:43 [main] INFO  com.zaxxer.hikari.HikariDataSource - metadata_catalogue - Shutdown initiated...
2026-08-21 13:13:44 [main] INFO  com.zaxxer.hikari.HikariDataSource - metadata_catalogue - Shutdown completed.
2026-08-21 13:13:44 [main] INFO  t.g.io/epos-eric/metadata-database/deploy:main - Creating container for image: ghcr.io/epos-eric/metadata-database/deploy:main
2026-08-21 13:13:44 [main] INFO  t.g.io/epos-eric/metadata-database/deploy:main - Container ghcr.io/epos-eric/metadata-database/deploy:main is starting: a1e7a76da7b77d5d52f01540d4788d907963838d62919e9e81c62423dc7b35e6
2026-08-21 13:13:49 [main] INFO  t.g.io/epos-eric/metadata-database/deploy:main - Container ghcr.io/epos-eric/metadata-database/deploy:main started in PT4.734120893S
2026-08-21 13:13:49 [main] INFO  t.g.io/epos-eric/metadata-database/deploy:main - Container is started (JDBC URL: jdbc:postgresql://localhost:33074/cerif?loggerLevel=OFF)
2026-08-21 13:13:49 [main] INFO  com.zaxxer.hikari.HikariDataSource - metadata_catalogue - Starting...
2026-08-21 13:13:49 [main] INFO  com.zaxxer.hikari.pool.HikariPool - metadata_catalogue - Added connection org.postgresql.jdbc.PgConnection@3432eb58
2026-08-21 13:13:49 [main] INFO  com.zaxxer.hikari.HikariDataSource - metadata_catalogue - Start completed.
2026-08-21 13:13:49 [main] INFO  com.zaxxer.hikari.HikariDataSource - metadata_catalogue - Shutdown initiated...
2026-08-21 13:13:49 [main] INFO  com.zaxxer.hikari.HikariDataSource - metadata_catalogue - Shutdown completed.
2026-08-21 13:13:49 [main] INFO  t.g.io/epos-eric/metadata-database/deploy:main - Creating container for image: ghcr.io/epos-eric/metadata-database/deploy:main
2026-08-21 13:13:50 [main] INFO  t.g.io/epos-eric/metadata-database/deploy:main - Container ghcr.io/epos-eric/metadata-database/deploy:main is starting: 499662486f014133bb9dd7957a3e1f972a09feb19345577572bfe015c3454d43
2026-08-21 13:13:54 [main] INFO  t.g.io/epos-eric/metadata-database/deploy:main - Container ghcr.io/epos-eric/metadata-database/deploy:main started in PT4.573890357S
2026-08-21 13:13:54 [main] INFO  t.g.io/epos-eric/metadata-database/deploy:main - Container is started (JDBC URL: jdbc:postgresql://localhost:33075/cerif?loggerLevel=OFF)
2026-08-21 13:13:54 [main] INFO  com.zaxxer.hikari.HikariDataSource - metadata_catalogue - Starting...
2026-08-21 13:13:54 [main] INFO  com.zaxxer.hikari.pool.HikariPool - metadata_catalogue - Added connection org.postgresql.jdbc.PgConnection@5ff1cd7a
2026-08-21 13:13:54 [main] INFO  com.zaxxer.hikari.HikariDataSource - metadata_catalogue - Start completed.
2026-08-21 13:13:54 [main] INFO  com.zaxxer.hikari.HikariDataSource - metadata_catalogue - Shutdown initiated...
2026-08-21 13:13:54 [main] INFO  com.zaxxer.hikari.HikariDataSource - metadata_catalogue - Shutdown completed.
2026-08-21 13:13:55 [main] INFO  t.g.io/epos-eric/metadata-database/deploy:main - Creating container for image: ghcr.io/epos-eric/metadata-database/deploy:main
2026-08-21 13:13:55 [main] INFO  t.g.io/epos-eric/metadata-database/deploy:main - Container ghcr.io/epos-eric/metadata-database/deploy:main is starting: 6c43a067d166e3073177fe5218d826034d4ec7ea681df49dfadf12677bedc149
2026-08-21 13:13:59 [main] INFO  t.g.io/epos-eric/metadata-database/deploy:main - Container ghcr.io/epos-eric/metadata-database/deploy:main started in PT4.315755377S
2026-08-21 13:13:59 [main] INFO  t.g.io/epos-eric/metadata-database/deploy:main - Container is started (JDBC URL: jdbc:postgresql://localhost:33076/cerif?loggerLevel=OFF)
2026-08-21 13:13:59 [main] INFO  com.zaxxer.hikari.HikariDataSource - metadata_catalogue - Starting...
2026-08-21 13:13:59 [main] INFO  com.zaxxer.hikari.pool.HikariPool - metadata_catalogue - Added connection org.postgresql.jdbc.PgConnection@40a87a74
2026-08-21 13:13:59 [main] INFO  com.zaxxer.hikari.HikariDataSource - metadata_catalogue - Start completed.
2026-08-21 13:13:59 [main] INFO  com.zaxxer.hikari.HikariDataSource - metadata_catalogue - Shutdown initiated...
2026-08-21 13:13:59 [main] INFO  com.zaxxer.hikari.HikariDataSource - metadata_catalogue - Shutdown completed.
2026-08-21 13:14:00 [main] INFO  t.g.io/epos-eric/metadata-database/deploy:main - Creating container for image: ghcr.io/epos-eric/metadata-database/deploy:main
2026-08-21 13:14:00 [main] INFO  t.g.io/epos-eric/metadata-database/deploy:main - Container ghcr.io/epos-eric/metadata-database/deploy:main is starting: d54090ebd2e379c2bc285862bd1df11e021d483f249257a22d6ad960cc9be5b7
2026-08-21 13:14:04 [main] INFO  t.g.io/epos-eric/metadata-database/deploy:main - Container ghcr.io/epos-eric/metadata-database/deploy:main started in PT4.836069222S
2026-08-21 13:14:04 [main] INFO  t.g.io/epos-eric/metadata-database/deploy:main - Container is started (JDBC URL: jdbc:postgresql://localhost:33077/cerif?loggerLevel=OFF)
2026-08-21 13:14:04 [main] INFO  com.zaxxer.hikari.HikariDataSource - metadata_catalogue - Starting...
2026-08-21 13:14:04 [main] INFO  com.zaxxer.hikari.pool.HikariPool - metadata_catalogue - Added connection org.postgresql.jdbc.PgConnection@4868a22f
2026-08-21 13:14:04 [main] INFO  com.zaxxer.hikari.HikariDataSource - metadata_catalogue - Start completed.
2026-08-21 13:14:05 [main] INFO  com.zaxxer.hikari.HikariDataSource - metadata_catalogue - Shutdown initiated...
2026-08-21 13:14:05 [main] INFO  com.zaxxer.hikari.HikariDataSource - metadata_catalogue - Shutdown completed.
2026-08-21 13:14:05 [main] INFO  t.g.io/epos-eric/metadata-database/deploy:main - Creating container for image: ghcr.io/epos-eric/metadata-database/deploy:main
2026-08-21 13:14:06 [main] INFO  t.g.io/epos-eric/metadata-database/deploy:main - Container ghcr.io/epos-eric/metadata-database/deploy:main is starting: c0dc68b1f431f20bd862aeb77637d818d9642aea8842ce88fd06e4ff4ab31427
2026-08-21 13:14:10 [main] INFO  t.g.io/epos-eric/metadata-database/deploy:main - Container ghcr.io/epos-eric/metadata-database/deploy:main started in PT5.091938406S
2026-08-21 13:14:10 [main] INFO  t.g.io/epos-eric/metadata-database/deploy:main - Container is started (JDBC URL: jdbc:postgresql://localhost:33078/cerif?loggerLevel=OFF)
2026-08-21 13:14:10 [main] INFO  com.zaxxer.hikari.HikariDataSource - metadata_catalogue - Starting...
2026-08-21 13:14:10 [main] INFO  com.zaxxer.hikari.pool.HikariPool - metadata_catalogue - Added connection org.postgresql.jdbc.PgConnection@74a06824
2026-08-21 13:14:10 [main] INFO  com.zaxxer.hikari.HikariDataSource - metadata_catalogue - Start completed.
2026-08-21 13:14:11 [main] INFO  com.zaxxer.hikari.HikariDataSource - metadata_catalogue - Shutdown initiated...
2026-08-21 13:14:11 [main] INFO  com.zaxxer.hikari.HikariDataSource - metadata_catalogue - Shutdown completed.
2026-08-21 13:14:11 [main] INFO  t.g.io/epos-eric/metadata-database/deploy:main - Creating container for image: ghcr.io/epos-eric/metadata-database/deploy:main
2026-08-21 13:14:11 [main] INFO  t.g.io/epos-eric/metadata-database/deploy:main - Container ghcr.io/epos-eric/metadata-database/deploy:main is starting: a1798d382660b936135493560ca1a5fa1e59390dc08113948b37f326e19b2845
2026-08-21 13:14:16 [main] INFO  t.g.io/epos-eric/metadata-database/deploy:main - Container ghcr.io/epos-eric/metadata-database/deploy:main started in PT4.82601471S
2026-08-21 13:14:16 [main] INFO  t.g.io/epos-eric/metadata-database/deploy:main - Container is started (JDBC URL: jdbc:postgresql://localhost:33079/cerif?loggerLevel=OFF)
2026-08-21 13:14:16 [main] INFO  com.zaxxer.hikari.HikariDataSource - metadata_catalogue - Starting...
2026-08-21 13:14:16 [main] INFO  com.zaxxer.hikari.pool.HikariPool - metadata_catalogue - Added connection org.postgresql.jdbc.PgConnection@19af25e6
2026-08-21 13:14:16 [main] INFO  com.zaxxer.hikari.HikariDataSource - metadata_catalogue - Start completed.
2026-08-21 13:14:18 [main] INFO  com.zaxxer.hikari.HikariDataSource - metadata_catalogue - Shutdown initiated...
2026-08-21 13:14:18 [main] INFO  com.zaxxer.hikari.HikariDataSource - metadata_catalogue - Shutdown completed.
2026-08-21 13:14:18 [main] INFO  t.g.io/epos-eric/metadata-database/deploy:main - Creating container for image: ghcr.io/epos-eric/metadata-database/deploy:main
2026-08-21 13:14:18 [main] INFO  t.g.io/epos-eric/metadata-database/deploy:main - Container ghcr.io/epos-eric/metadata-database/deploy:main is starting: d6111451a8871aea017f6de2aae0597d4fbf4d75fa7d38bf4c613325d5f7458f
2026-08-21 13:14:23 [main] INFO  t.g.io/epos-eric/metadata-database/deploy:main - Container ghcr.io/epos-eric/metadata-database/deploy:main started in PT4.797703103S
2026-08-21 13:14:23 [main] INFO  t.g.io/epos-eric/metadata-database/deploy:main - Container is started (JDBC URL: jdbc:postgresql://localhost:33080/cerif?loggerLevel=OFF)
2026-08-21 13:14:23 [main] INFO  com.zaxxer.hikari.HikariDataSource - metadata_catalogue - Starting...
2026-08-21 13:14:23 [main] INFO  com.zaxxer.hikari.pool.HikariPool - metadata_catalogue - Added connection org.postgresql.jdbc.PgConnection@9039c76
2026-08-21 13:14:23 [main] INFO  com.zaxxer.hikari.HikariDataSource - metadata_catalogue - Start completed.
2026-08-21 13:14:23 [main] INFO  com.zaxxer.hikari.HikariDataSource - metadata_catalogue - Shutdown initiated...
2026-08-21 13:14:23 [main] INFO  com.zaxxer.hikari.HikariDataSource - metadata_catalogue - Shutdown completed.
2026-08-21 13:14:23 [main] INFO  t.g.io/epos-eric/metadata-database/deploy:main - Creating container for image: ghcr.io/epos-eric/metadata-database/deploy:main
2026-08-21 13:14:24 [main] INFO  t.g.io/epos-eric/metadata-database/deploy:main - Container ghcr.io/epos-eric/metadata-database/deploy:main is starting: 3fcf880a14c28b97ac83117e1fc142ac81e13e58dc89ef1b7c744978997cefa8
2026-08-21 13:14:28 [main] INFO  t.g.io/epos-eric/metadata-database/deploy:main - Container ghcr.io/epos-eric/metadata-database/deploy:main started in PT4.906374269S
2026-08-21 13:14:28 [main] INFO  t.g.io/epos-eric/metadata-database/deploy:main - Container is started (JDBC URL: jdbc:postgresql://localhost:33081/cerif?loggerLevel=OFF)
2026-08-21 13:14:28 [main] INFO  com.zaxxer.hikari.HikariDataSource - metadata_catalogue - Starting...
2026-08-21 13:14:28 [main] INFO  com.zaxxer.hikari.pool.HikariPool - metadata_catalogue - Added connection org.postgresql.jdbc.PgConnection@3ed7230a
2026-08-21 13:14:28 [main] INFO  com.zaxxer.hikari.HikariDataSource - metadata_catalogue - Start completed.
2026-08-21 13:14:29 [main] INFO  com.zaxxer.hikari.HikariDataSource - metadata_catalogue - Shutdown initiated...
2026-08-21 13:14:29 [main] INFO  com.zaxxer.hikari.HikariDataSource - metadata_catalogue - Shutdown completed.
2026-08-21 13:14:29 [main] INFO  t.g.io/epos-eric/metadata-database/deploy:main - Creating container for image: ghcr.io/epos-eric/metadata-database/deploy:main
2026-08-21 13:14:29 [main] INFO  t.g.io/epos-eric/metadata-database/deploy:main - Container ghcr.io/epos-eric/metadata-database/deploy:main is starting: 6b76589dfbc43f1404d50a7b360537193c9f229ce81623a5ec3aa608a421e797
2026-08-21 13:14:34 [main] INFO  t.g.io/epos-eric/metadata-database/deploy:main - Container ghcr.io/epos-eric/metadata-database/deploy:main started in PT4.984063354S
2026-08-21 13:14:34 [main] INFO  t.g.io/epos-eric/metadata-database/deploy:main - Container is started (JDBC URL: jdbc:postgresql://localhost:33082/cerif?loggerLevel=OFF)
2026-08-21 13:14:34 [main] INFO  com.zaxxer.hikari.HikariDataSource - metadata_catalogue - Starting...
2026-08-21 13:14:34 [main] INFO  com.zaxxer.hikari.pool.HikariPool - metadata_catalogue - Added connection org.postgresql.jdbc.PgConnection@39f7dd2c
2026-08-21 13:14:34 [main] INFO  com.zaxxer.hikari.HikariDataSource - metadata_catalogue - Start completed.
2026-08-21 13:14:35 [main] INFO  com.zaxxer.hikari.HikariDataSource - metadata_catalogue - Shutdown initiated...
2026-08-21 13:14:35 [main] INFO  com.zaxxer.hikari.HikariDataSource - metadata_catalogue - Shutdown completed.
2026-08-21 13:14:36 [main] INFO  t.g.io/epos-eric/metadata-database/deploy:main - Creating container for image: ghcr.io/epos-eric/metadata-database/deploy:main
2026-08-21 13:14:36 [main] INFO  t.g.io/epos-eric/metadata-database/deploy:main - Container ghcr.io/epos-eric/metadata-database/deploy:main is starting: 5b5a7148dd5da7223c442bff330acbc9049370d5b8e7164046c816ead50ed6d9
2026-08-21 13:14:40 [main] INFO  t.g.io/epos-eric/metadata-database/deploy:main - Container ghcr.io/epos-eric/metadata-database/deploy:main started in PT4.334995413S
2026-08-21 13:14:40 [main] INFO  t.g.io/epos-eric/metadata-database/deploy:main - Container is started (JDBC URL: jdbc:postgresql://localhost:33083/cerif?loggerLevel=OFF)
2026-08-21 13:14:40 [main] INFO  com.zaxxer.hikari.HikariDataSource - metadata_catalogue - Starting...
2026-08-21 13:14:40 [main] INFO  com.zaxxer.hikari.pool.HikariPool - metadata_catalogue - Added connection org.postgresql.jdbc.PgConnection@4ba98b75
2026-08-21 13:14:40 [main] INFO  com.zaxxer.hikari.HikariDataSource - metadata_catalogue - Start completed.
2026-08-21 13:14:41 [main] INFO  com.zaxxer.hikari.HikariDataSource - metadata_catalogue - Shutdown initiated...
2026-08-21 13:14:41 [main] INFO  com.zaxxer.hikari.HikariDataSource - metadata_catalogue - Shutdown completed.
2026-08-21 13:14:41 [main] INFO  t.g.io/epos-eric/metadata-database/deploy:main - Creating container for image: ghcr.io/epos-eric/metadata-database/deploy:main
2026-08-21 13:14:41 [main] INFO  t.g.io/epos-eric/metadata-database/deploy:main - Container ghcr.io/epos-eric/metadata-database/deploy:main is starting: f5902e108f227ae9024a1611df6b8e98d4e75790556ac8c9926ec25376f186a5
2026-08-21 13:14:45 [main] INFO  t.g.io/epos-eric/metadata-database/deploy:main - Container ghcr.io/epos-eric/metadata-database/deploy:main started in PT3.776280711S
2026-08-21 13:14:45 [main] INFO  t.g.io/epos-eric/metadata-database/deploy:main - Container is started (JDBC URL: jdbc:postgresql://localhost:33084/cerif?loggerLevel=OFF)
2026-08-21 13:14:45 [main] INFO  com.zaxxer.hikari.HikariDataSource - metadata_catalogue - Starting...
2026-08-21 13:14:45 [main] INFO  com.zaxxer.hikari.pool.HikariPool - metadata_catalogue - Added connection org.postgresql.jdbc.PgConnection@6660f845
2026-08-21 13:14:45 [main] INFO  com.zaxxer.hikari.HikariDataSource - metadata_catalogue - Start completed.
2026-08-21 13:14:45 [main] INFO  com.zaxxer.hikari.HikariDataSource - metadata_catalogue - Shutdown initiated...
2026-08-21 13:14:45 [main] INFO  com.zaxxer.hikari.HikariDataSource - metadata_catalogue - Shutdown completed.
2026-08-21 13:14:46 [main] INFO  t.g.io/epos-eric/metadata-database/deploy:main - Creating container for image: ghcr.io/epos-eric/metadata-database/deploy:main
2026-08-21 13:14:46 [main] INFO  t.g.io/epos-eric/metadata-database/deploy:main - Container ghcr.io/epos-eric/metadata-database/deploy:main is starting: 50c7819d3fc30c9766eff1533e02c5f4b81bc4e67bef384a3b05832ae4926c43
2026-08-21 13:14:50 [main] INFO  t.g.io/epos-eric/metadata-database/deploy:main - Container ghcr.io/epos-eric/metadata-database/deploy:main started in PT4.240654697S
2026-08-21 13:14:50 [main] INFO  t.g.io/epos-eric/metadata-database/deploy:main - Container is started (JDBC URL: jdbc:postgresql://localhost:33085/cerif?loggerLevel=OFF)
2026-08-21 13:14:50 [main] INFO  com.zaxxer.hikari.HikariDataSource - metadata_catalogue - Starting...
2026-08-21 13:14:50 [main] INFO  com.zaxxer.hikari.pool.HikariPool - metadata_catalogue - Added connection org.postgresql.jdbc.PgConnection@6257f475
2026-08-21 13:14:50 [main] INFO  com.zaxxer.hikari.HikariDataSource - metadata_catalogue - Start completed.
2026-08-21 13:14:50 [main] INFO  com.zaxxer.hikari.HikariDataSource - metadata_catalogue - Shutdown initiated...
2026-08-21 13:14:50 [main] INFO  com.zaxxer.hikari.HikariDataSource - metadata_catalogue - Shutdown completed.
2026-08-21 13:14:50 [main] INFO  t.g.io/epos-eric/metadata-database/deploy:main - Creating container for image: ghcr.io/epos-eric/metadata-database/deploy:main
2026-08-21 13:14:51 [main] INFO  t.g.io/epos-eric/metadata-database/deploy:main - Container ghcr.io/epos-eric/metadata-database/deploy:main is starting: 3686ca08429f653bef3e40ec15c16c21e4ba5001d68d4899cf14373cc74e08c8
2026-08-21 13:14:55 [main] INFO  t.g.io/epos-eric/metadata-database/deploy:main - Container ghcr.io/epos-eric/metadata-database/deploy:main started in PT4.803447131S
2026-08-21 13:14:55 [main] INFO  t.g.io/epos-eric/metadata-database/deploy:main - Container is started (JDBC URL: jdbc:postgresql://localhost:33086/cerif?loggerLevel=OFF)
2026-08-21 13:14:55 [main] INFO  com.zaxxer.hikari.HikariDataSource - metadata_catalogue - Starting...
2026-08-21 13:14:55 [main] INFO  com.zaxxer.hikari.pool.HikariPool - metadata_catalogue - Added connection org.postgresql.jdbc.PgConnection@2746615d
2026-08-21 13:14:55 [main] INFO  com.zaxxer.hikari.HikariDataSource - metadata_catalogue - Start completed.
2026-08-21 13:14:55 [main] INFO  com.zaxxer.hikari.HikariDataSource - metadata_catalogue - Shutdown initiated...
2026-08-21 13:14:55 [main] INFO  com.zaxxer.hikari.HikariDataSource - metadata_catalogue - Shutdown completed.
2026-08-21 13:14:56 [main] INFO  t.g.io/epos-eric/metadata-database/deploy:main - Creating container for image: ghcr.io/epos-eric/metadata-database/deploy:main
2026-08-21 13:14:56 [main] INFO  t.g.io/epos-eric/metadata-database/deploy:main - Container ghcr.io/epos-eric/metadata-database/deploy:main is starting: 7c701e0e519b23d666a27f04bcc483ded7e226d01f97b81fce9712c9310f33cc
2026-08-21 13:15:00 [main] INFO  t.g.io/epos-eric/metadata-database/deploy:main - Container ghcr.io/epos-eric/metadata-database/deploy:main started in PT4.581508128S
2026-08-21 13:15:00 [main] INFO  t.g.io/epos-eric/metadata-database/deploy:main - Container is started (JDBC URL: jdbc:postgresql://localhost:33087/cerif?loggerLevel=OFF)
2026-08-21 13:15:00 [main] INFO  com.zaxxer.hikari.HikariDataSource - metadata_catalogue - Starting...
2026-08-21 13:15:00 [main] INFO  com.zaxxer.hikari.pool.HikariPool - metadata_catalogue - Added connection org.postgresql.jdbc.PgConnection@448f9938
2026-08-21 13:15:00 [main] INFO  com.zaxxer.hikari.HikariDataSource - metadata_catalogue - Start completed.
2026-08-21 13:15:01 [main] INFO  com.zaxxer.hikari.HikariDataSource - metadata_catalogue - Shutdown initiated...
2026-08-21 13:15:01 [main] INFO  com.zaxxer.hikari.HikariDataSource - metadata_catalogue - Shutdown completed.
2026-08-21 13:15:01 [main] INFO  t.g.io/epos-eric/metadata-database/deploy:main - Creating container for image: ghcr.io/epos-eric/metadata-database/deploy:main
2026-08-21 13:15:01 [main] INFO  t.g.io/epos-eric/metadata-database/deploy:main - Container ghcr.io/epos-eric/metadata-database/deploy:main is starting: d68774c1bdc3c2cfa7463fbaaa8616805add1500bcfe4baf7c78ceda394525dd
2026-08-21 13:15:06 [main] INFO  t.g.io/epos-eric/metadata-database/deploy:main - Container ghcr.io/epos-eric/metadata-database/deploy:main started in PT4.885679426S
2026-08-21 13:15:06 [main] INFO  t.g.io/epos-eric/metadata-database/deploy:main - Container is started (JDBC URL: jdbc:postgresql://localhost:33088/cerif?loggerLevel=OFF)
2026-08-21 13:15:06 [main] INFO  com.zaxxer.hikari.HikariDataSource - metadata_catalogue - Starting...
2026-08-21 13:15:06 [main] INFO  com.zaxxer.hikari.pool.HikariPool - metadata_catalogue - Added connection org.postgresql.jdbc.PgConnection@761344ba
2026-08-21 13:15:06 [main] INFO  com.zaxxer.hikari.HikariDataSource - metadata_catalogue - Start completed.
2026-08-21 13:15:06 [main] INFO  com.zaxxer.hikari.HikariDataSource - metadata_catalogue - Shutdown initiated...
2026-08-21 13:15:06 [main] INFO  com.zaxxer.hikari.HikariDataSource - metadata_catalogue - Shutdown completed.
2026-08-21 13:15:07 [main] INFO  t.g.io/epos-eric/metadata-database/deploy:main - Creating container for image: ghcr.io/epos-eric/metadata-database/deploy:main
2026-08-21 13:15:07 [main] INFO  t.g.io/epos-eric/metadata-database/deploy:main - Container ghcr.io/epos-eric/metadata-database/deploy:main is starting: a31e918e81a51ad2ba9c2dc7fe1cd387649e6d7d8eaf86f8f116312b75a11ba3
2026-08-21 13:15:12 [main] INFO  t.g.io/epos-eric/metadata-database/deploy:main - Container ghcr.io/epos-eric/metadata-database/deploy:main started in PT4.999865811S
2026-08-21 13:15:12 [main] INFO  t.g.io/epos-eric/metadata-database/deploy:main - Container is started (JDBC URL: jdbc:postgresql://localhost:33089/cerif?loggerLevel=OFF)
2026-08-21 13:15:12 [main] INFO  com.zaxxer.hikari.HikariDataSource - metadata_catalogue - Starting...
2026-08-21 13:15:12 [main] INFO  com.zaxxer.hikari.pool.HikariPool - metadata_catalogue - Added connection org.postgresql.jdbc.PgConnection@70b58517
2026-08-21 13:15:12 [main] INFO  com.zaxxer.hikari.HikariDataSource - metadata_catalogue - Start completed.
2026-08-21 13:15:12 [main] INFO  com.zaxxer.hikari.HikariDataSource - metadata_catalogue - Shutdown initiated...
2026-08-21 13:15:12 [main] INFO  com.zaxxer.hikari.HikariDataSource - metadata_catalogue - Shutdown completed.
2026-08-21 13:15:13 [main] INFO  t.g.io/epos-eric/metadata-database/deploy:main - Creating container for image: ghcr.io/epos-eric/metadata-database/deploy:main
2026-08-21 13:15:13 [main] INFO  t.g.io/epos-eric/metadata-database/deploy:main - Container ghcr.io/epos-eric/metadata-database/deploy:main is starting: cebd270feb1073a60aefc4c5ff677c4013b8979aada23a1aaca45cf9949cbfa1
2026-08-21 13:15:17 [main] INFO  t.g.io/epos-eric/metadata-database/deploy:main - Container ghcr.io/epos-eric/metadata-database/deploy:main started in PT4.287313044S
2026-08-21 13:15:17 [main] INFO  t.g.io/epos-eric/metadata-database/deploy:main - Container is started (JDBC URL: jdbc:postgresql://localhost:33090/cerif?loggerLevel=OFF)
2026-08-21 13:15:17 [main] INFO  com.zaxxer.hikari.HikariDataSource - metadata_catalogue - Starting...
2026-08-21 13:15:17 [main] INFO  com.zaxxer.hikari.pool.HikariPool - metadata_catalogue - Added connection org.postgresql.jdbc.PgConnection@70a710e0
2026-08-21 13:15:17 [main] INFO  com.zaxxer.hikari.HikariDataSource - metadata_catalogue - Start completed.
2026-08-21 13:15:17 [main] INFO  com.zaxxer.hikari.HikariDataSource - metadata_catalogue - Shutdown initiated...
2026-08-21 13:15:17 [main] INFO  com.zaxxer.hikari.HikariDataSource - metadata_catalogue - Shutdown completed.
2026-08-21 13:15:18 [main] INFO  t.g.io/epos-eric/metadata-database/deploy:main - Creating container for image: ghcr.io/epos-eric/metadata-database/deploy:main
2026-08-21 13:15:18 [main] INFO  t.g.io/epos-eric/metadata-database/deploy:main - Container ghcr.io/epos-eric/metadata-database/deploy:main is starting: 84432f6caa4343411a6d60af83faf80d6046feb1448e63d48797286697c2ca94
2026-08-21 13:15:22 [main] INFO  t.g.io/epos-eric/metadata-database/deploy:main - Container ghcr.io/epos-eric/metadata-database/deploy:main started in PT4.694221439S
2026-08-21 13:15:22 [main] INFO  t.g.io/epos-eric/metadata-database/deploy:main - Container is started (JDBC URL: jdbc:postgresql://localhost:33091/cerif?loggerLevel=OFF)
2026-08-21 13:15:22 [main] INFO  com.zaxxer.hikari.HikariDataSource - metadata_catalogue - Starting...
2026-08-21 13:15:22 [main] INFO  com.zaxxer.hikari.pool.HikariPool - metadata_catalogue - Added connection org.postgresql.jdbc.PgConnection@7351c41
2026-08-21 13:15:22 [main] INFO  com.zaxxer.hikari.HikariDataSource - metadata_catalogue - Start completed.
2026-08-21 13:15:23 [main] INFO  com.zaxxer.hikari.HikariDataSource - metadata_catalogue - Shutdown initiated...
2026-08-21 13:15:23 [main] INFO  com.zaxxer.hikari.HikariDataSource - metadata_catalogue - Shutdown completed.
2026-08-21 13:15:23 [main] INFO  t.g.io/epos-eric/metadata-database/deploy:main - Creating container for image: ghcr.io/epos-eric/metadata-database/deploy:main
2026-08-21 13:15:23 [main] INFO  t.g.io/epos-eric/metadata-database/deploy:main - Container ghcr.io/epos-eric/metadata-database/deploy:main is starting: 1f8cd32e2d6152bf0e1d2979c89a042d66af1e5994168b0aad2c0752267b7d18
2026-08-21 13:15:28 [main] INFO  t.g.io/epos-eric/metadata-database/deploy:main - Container ghcr.io/epos-eric/metadata-database/deploy:main started in PT4.655744953S
2026-08-21 13:15:28 [main] INFO  t.g.io/epos-eric/metadata-database/deploy:main - Container is started (JDBC URL: jdbc:postgresql://localhost:33092/cerif?loggerLevel=OFF)
2026-08-21 13:15:28 [main] INFO  com.zaxxer.hikari.HikariDataSource - metadata_catalogue - Starting...
2026-08-21 13:15:28 [main] INFO  com.zaxxer.hikari.pool.HikariPool - metadata_catalogue - Added connection org.postgresql.jdbc.PgConnection@5b70bbb8
2026-08-21 13:15:28 [main] INFO  com.zaxxer.hikari.HikariDataSource - metadata_catalogue - Start completed.
2026-08-21 13:15:28 [main] INFO  com.zaxxer.hikari.HikariDataSource - metadata_catalogue - Shutdown initiated...
2026-08-21 13:15:28 [main] INFO  com.zaxxer.hikari.HikariDataSource - metadata_catalogue - Shutdown completed.
2026-08-21 13:38:47 [main] INFO  o.testcontainers.images.PullPolicy - Image pull policy will be performed by: DefaultPullPolicy()
2026-08-21 13:38:47 [main] INFO  o.t.utility.ImageNameSubstitutor - Image name substitution will be performed by: DefaultImageNameSubstitutor (composite of 'ConfigurationFileImageNameSubstitutor' and 'PrefixingImageNameSubstitutor')
2026-08-21 13:38:47 [main] INFO  o.testcontainers.DockerClientFactory - Testcontainers version: 2.0.2
2026-08-21 13:38:47 [main] INFO  o.t.d.DockerClientProviderStrategy - Loaded org.testcontainers.dockerclient.UnixSocketClientProviderStrategy from ~/.testcontainers.properties, will try it first
2026-08-21 13:38:47 [main] INFO  o.t.d.DockerClientProviderStrategy - Found Docker environment with local Unix socket (unix:///var/run/docker.sock)
2026-08-21 13:38:47 [main] INFO  o.testcontainers.DockerClientFactory - Docker host IP address is localhost
2026-08-21 13:38:47 [main] INFO  o.testcontainers.DockerClientFactory - Connected to docker: 
  Server Version: 29.7.2
  API Version: 1.55
  Operating System: Arch Linux
  Total Memory: 63796 MB
2026-08-21 13:38:48 [main] INFO  tc.testcontainers/ryuk:0.13.0 - Creating container for image: testcontainers/ryuk:0.13.0
2026-08-21 13:38:48 [main] INFO  tc.testcontainers/ryuk:0.13.0 - Container testcontainers/ryuk:0.13.0 is starting: 563517cb2c86eaa0046ab382904e62d01d948f1ff4cbb09db2c2996f2353270b
2026-08-21 13:38:48 [main] INFO  tc.testcontainers/ryuk:0.13.0 - Container testcontainers/ryuk:0.13.0 started in PT0.286560346S
2026-08-21 13:38:48 [main] INFO  o.t.utility.RyukResourceReaper - Ryuk started - will monitor and terminate Testcontainers containers on JVM exit
2026-08-21 13:38:48 [main] INFO  o.testcontainers.DockerClientFactory - Checking the system...
2026-08-21 13:38:48 [main] INFO  o.testcontainers.DockerClientFactory - ✔︎ Docker server version should be at least 1.6.0
2026-08-21 13:38:48 [main] INFO  t.g.io/epos-eric/metadata-database/deploy:main - Creating container for image: ghcr.io/epos-eric/metadata-database/deploy:main
2026-08-21 13:38:48 [main] INFO  t.g.io/epos-eric/metadata-database/deploy:main - Container ghcr.io/epos-eric/metadata-database/deploy:main is starting: 92ff4d80ad8cffe26ee47bbf5dc5cc41b72a17bd39909697d29c79f02799106a
2026-08-21 13:38:52 [main] INFO  t.g.io/epos-eric/metadata-database/deploy:main - Container ghcr.io/epos-eric/metadata-database/deploy:main started in PT3.540051863S
2026-08-21 13:38:52 [main] INFO  t.g.io/epos-eric/metadata-database/deploy:main - Container is started (JDBC URL: jdbc:postgresql://localhost:33108/cerif?loggerLevel=OFF)
2026-08-21 13:38:52 [main] INFO  com.zaxxer.hikari.HikariDataSource - metadata_catalogue - Starting...
2026-08-21 13:38:52 [main] INFO  com.zaxxer.hikari.pool.HikariPool - metadata_catalogue - Added connection org.postgresql.jdbc.PgConnection@ca8ef3a
2026-08-21 13:38:52 [main] INFO  com.zaxxer.hikari.HikariDataSource - metadata_catalogue - Start completed.
2026-08-21 13:38:53 [main] INFO  com.zaxxer.hikari.HikariDataSource - metadata_catalogue - Shutdown initiated...
2026-08-21 13:38:53 [main] INFO  com.zaxxer.hikari.HikariDataSource - metadata_catalogue - Shutdown completed.
2026-08-21 13:38:53 [main] INFO  t.g.io/epos-eric/metadata-database/deploy:main - Creating container for image: ghcr.io/epos-eric/metadata-database/deploy:main
2026-08-21 13:38:53 [main] INFO  t.g.io/epos-eric/metadata-database/deploy:main - Container ghcr.io/epos-eric/metadata-database/deploy:main is starting: 662e04f5404b74884cbc1358ec15b39ed7799b4cd8b2f8730a9accf889d8e8bb
2026-08-21 13:38:56 [main] INFO  t.g.io/epos-eric/metadata-database/deploy:main - Container ghcr.io/epos-eric/metadata-database/deploy:main started in PT3.313981911S
2026-08-21 13:38:56 [main] INFO  t.g.io/epos-eric/metadata-database/deploy:main - Container is started (JDBC URL: jdbc:postgresql://localhost:33109/cerif?loggerLevel=OFF)
2026-08-21 13:38:56 [main] INFO  com.zaxxer.hikari.HikariDataSource - metadata_catalogue - Starting...
2026-08-21 13:38:56 [main] INFO  com.zaxxer.hikari.pool.HikariPool - metadata_catalogue - Added connection org.postgresql.jdbc.PgConnection@17d76ebb
2026-08-21 13:38:56 [main] INFO  com.zaxxer.hikari.HikariDataSource - metadata_catalogue - Start completed.
2026-08-21 13:38:56 [main] INFO  com.zaxxer.hikari.HikariDataSource - metadata_catalogue - Shutdown initiated...
2026-08-21 13:38:56 [main] INFO  com.zaxxer.hikari.HikariDataSource - metadata_catalogue - Shutdown completed.
2026-08-21 13:38:57 [main] INFO  t.g.io/epos-eric/metadata-database/deploy:main - Creating container for image: ghcr.io/epos-eric/metadata-database/deploy:main
2026-08-21 13:38:57 [main] INFO  t.g.io/epos-eric/metadata-database/deploy:main - Container ghcr.io/epos-eric/metadata-database/deploy:main is starting: 16906f59d2db5302e6498398c52fb29461e6611f250bbcc3e4129c13e02c11c9
2026-08-21 13:39:00 [main] INFO  t.g.io/epos-eric/metadata-database/deploy:main - Container ghcr.io/epos-eric/metadata-database/deploy:main started in PT3.394291318S
2026-08-21 13:39:00 [main] INFO  t.g.io/epos-eric/metadata-database/deploy:main - Container is started (JDBC URL: jdbc:postgresql://localhost:33111/cerif?loggerLevel=OFF)
2026-08-21 13:39:00 [main] INFO  com.zaxxer.hikari.HikariDataSource - metadata_catalogue - Starting...
2026-08-21 13:39:00 [main] INFO  com.zaxxer.hikari.pool.HikariPool - metadata_catalogue - Added connection org.postgresql.jdbc.PgConnection@1ef93e01
2026-08-21 13:39:00 [main] INFO  com.zaxxer.hikari.HikariDataSource - metadata_catalogue - Start completed.
2026-08-21 13:39:01 [main] INFO  com.zaxxer.hikari.HikariDataSource - metadata_catalogue - Shutdown initiated...
2026-08-21 13:39:01 [main] INFO  com.zaxxer.hikari.HikariDataSource - metadata_catalogue - Shutdown completed.
2026-08-21 13:39:01 [main] INFO  t.g.io/epos-eric/metadata-database/deploy:main - Creating container for image: ghcr.io/epos-eric/metadata-database/deploy:main
2026-08-21 13:39:01 [main] INFO  t.g.io/epos-eric/metadata-database/deploy:main - Container ghcr.io/epos-eric/metadata-database/deploy:main is starting: a587e3cd8c9d7c546fe81f256ab8a1e9c93c00714f4f7817345604e31abc1079
2026-08-21 13:39:05 [main] INFO  t.g.io/epos-eric/metadata-database/deploy:main - Container ghcr.io/epos-eric/metadata-database/deploy:main started in PT3.369616735S
2026-08-21 13:39:05 [main] INFO  t.g.io/epos-eric/metadata-database/deploy:main - Container is started (JDBC URL: jdbc:postgresql://localhost:33113/cerif?loggerLevel=OFF)
2026-08-21 13:39:05 [main] INFO  com.zaxxer.hikari.HikariDataSource - metadata_catalogue - Starting...
2026-08-21 13:39:05 [main] INFO  com.zaxxer.hikari.pool.HikariPool - metadata_catalogue - Added connection org.postgresql.jdbc.PgConnection@5e3405a1
2026-08-21 13:39:05 [main] INFO  com.zaxxer.hikari.HikariDataSource - metadata_catalogue - Start completed.
2026-08-21 13:39:05 [main] INFO  com.zaxxer.hikari.HikariDataSource - metadata_catalogue - Shutdown initiated...
2026-08-21 13:39:05 [main] INFO  com.zaxxer.hikari.HikariDataSource - metadata_catalogue - Shutdown completed.
2026-08-21 13:39:05 [main] INFO  t.g.io/epos-eric/metadata-database/deploy:main - Creating container for image: ghcr.io/epos-eric/metadata-database/deploy:main
2026-08-21 13:39:06 [main] INFO  t.g.io/epos-eric/metadata-database/deploy:main - Container ghcr.io/epos-eric/metadata-database/deploy:main is starting: dcc51d127edfe23b97921fb87dc69fea90a264e280e6347c83b00bbc8ad503fa
2026-08-21 13:39:09 [main] INFO  t.g.io/epos-eric/metadata-database/deploy:main - Container ghcr.io/epos-eric/metadata-database/deploy:main started in PT3.518979918S
2026-08-21 13:39:09 [main] INFO  t.g.io/epos-eric/metadata-database/deploy:main - Container is started (JDBC URL: jdbc:postgresql://localhost:33115/cerif?loggerLevel=OFF)
2026-08-21 13:39:09 [main] INFO  com.zaxxer.hikari.HikariDataSource - metadata_catalogue - Starting...
2026-08-21 13:39:09 [main] INFO  com.zaxxer.hikari.pool.HikariPool - metadata_catalogue - Added connection org.postgresql.jdbc.PgConnection@66046e7c
2026-08-21 13:39:09 [main] INFO  com.zaxxer.hikari.HikariDataSource - metadata_catalogue - Start completed.
2026-08-21 13:39:09 [main] INFO  com.zaxxer.hikari.HikariDataSource - metadata_catalogue - Shutdown initiated...
2026-08-21 13:39:09 [main] INFO  com.zaxxer.hikari.HikariDataSource - metadata_catalogue - Shutdown completed.
2026-08-21 13:39:10 [main] INFO  t.g.io/epos-eric/metadata-database/deploy:main - Creating container for image: ghcr.io/epos-eric/metadata-database/deploy:main
2026-08-21 13:39:10 [main] INFO  t.g.io/epos-eric/metadata-database/deploy:main - Container ghcr.io/epos-eric/metadata-database/deploy:main is starting: e72ff488215821b8808d63ff53417717b2a3f16d32738599ba1332508e7c8622
2026-08-21 13:39:13 [main] INFO  t.g.io/epos-eric/metadata-database/deploy:main - Container ghcr.io/epos-eric/metadata-database/deploy:main started in PT3.528998921S
2026-08-21 13:39:13 [main] INFO  t.g.io/epos-eric/metadata-database/deploy:main - Container is started (JDBC URL: jdbc:postgresql://localhost:33117/cerif?loggerLevel=OFF)
2026-08-21 13:39:13 [main] INFO  com.zaxxer.hikari.HikariDataSource - metadata_catalogue - Starting...
2026-08-21 13:39:13 [main] INFO  com.zaxxer.hikari.pool.HikariPool - metadata_catalogue - Added connection org.postgresql.jdbc.PgConnection@311453ab
2026-08-21 13:39:13 [main] INFO  com.zaxxer.hikari.HikariDataSource - metadata_catalogue - Start completed.
2026-08-21 13:39:13 [main] INFO  com.zaxxer.hikari.HikariDataSource - metadata_catalogue - Shutdown initiated...
2026-08-21 13:39:13 [main] INFO  com.zaxxer.hikari.HikariDataSource - metadata_catalogue - Shutdown completed.
2026-08-21 13:39:13 [main] INFO  t.g.io/epos-eric/metadata-database/deploy:main - Creating container for image: ghcr.io/epos-eric/metadata-database/deploy:main
2026-08-21 13:39:13 [main] INFO  t.g.io/epos-eric/metadata-database/deploy:main - Container ghcr.io/epos-eric/metadata-database/deploy:main is starting: bf5da0de7672cf51ac7d61413b609a9bbb2bdf238d2f4e58db8eccc598759fc4
2026-08-21 13:39:17 [main] INFO  t.g.io/epos-eric/metadata-database/deploy:main - Container ghcr.io/epos-eric/metadata-database/deploy:main started in PT3.875521698S
2026-08-21 13:39:17 [main] INFO  t.g.io/epos-eric/metadata-database/deploy:main - Container is started (JDBC URL: jdbc:postgresql://localhost:33119/cerif?loggerLevel=OFF)
2026-08-21 13:39:17 [main] INFO  com.zaxxer.hikari.HikariDataSource - metadata_catalogue - Starting...
2026-08-21 13:39:17 [main] INFO  com.zaxxer.hikari.pool.HikariPool - metadata_catalogue - Added connection org.postgresql.jdbc.PgConnection@6046fba0
2026-08-21 13:39:17 [main] INFO  com.zaxxer.hikari.HikariDataSource - metadata_catalogue - Start completed.
2026-08-21 13:39:17 [main] INFO  com.zaxxer.hikari.HikariDataSource - metadata_catalogue - Shutdown initiated...
2026-08-21 13:39:18 [main] INFO  com.zaxxer.hikari.HikariDataSource - metadata_catalogue - Shutdown completed.
2026-08-21 13:39:18 [main] INFO  t.g.io/epos-eric/metadata-database/deploy:main - Creating container for image: ghcr.io/epos-eric/metadata-database/deploy:main
2026-08-21 13:39:18 [main] INFO  t.g.io/epos-eric/metadata-database/deploy:main - Container ghcr.io/epos-eric/metadata-database/deploy:main is starting: 09ff44a2bb74a7efd1188ca835edd0b65be63abbaf2344b1c74d8816415a4e6a
2026-08-21 13:39:22 [main] INFO  t.g.io/epos-eric/metadata-database/deploy:main - Container ghcr.io/epos-eric/metadata-database/deploy:main started in PT3.89974211S
2026-08-21 13:39:22 [main] INFO  t.g.io/epos-eric/metadata-database/deploy:main - Container is started (JDBC URL: jdbc:postgresql://localhost:33121/cerif?loggerLevel=OFF)
2026-08-21 13:39:22 [main] INFO  com.zaxxer.hikari.HikariDataSource - metadata_catalogue - Starting...
2026-08-21 13:39:22 [main] INFO  com.zaxxer.hikari.pool.HikariPool - metadata_catalogue - Added connection org.postgresql.jdbc.PgConnection@9e092b5
2026-08-21 13:39:22 [main] INFO  com.zaxxer.hikari.HikariDataSource - metadata_catalogue - Start completed.
2026-08-21 13:39:22 [main] INFO  com.zaxxer.hikari.HikariDataSource - metadata_catalogue - Shutdown initiated...
2026-08-21 13:39:22 [main] INFO  com.zaxxer.hikari.HikariDataSource - metadata_catalogue - Shutdown completed.
2026-08-21 13:39:22 [main] INFO  t.g.io/epos-eric/metadata-database/deploy:main - Creating container for image: ghcr.io/epos-eric/metadata-database/deploy:main
2026-08-21 13:39:22 [main] INFO  t.g.io/epos-eric/metadata-database/deploy:main - Container ghcr.io/epos-eric/metadata-database/deploy:main is starting: 30808795e86a023f02ffef634ab51aced99ff799bcf607c97b59da449bba5b70
2026-08-21 13:39:26 [main] INFO  t.g.io/epos-eric/metadata-database/deploy:main - Container ghcr.io/epos-eric/metadata-database/deploy:main started in PT3.590884243S
2026-08-21 13:39:26 [main] INFO  t.g.io/epos-eric/metadata-database/deploy:main - Container is started (JDBC URL: jdbc:postgresql://localhost:33123/cerif?loggerLevel=OFF)
2026-08-21 13:39:26 [main] INFO  com.zaxxer.hikari.HikariDataSource - metadata_catalogue - Starting...
2026-08-21 13:39:26 [main] INFO  com.zaxxer.hikari.pool.HikariPool - metadata_catalogue - Added connection org.postgresql.jdbc.PgConnection@3f0c2eff
2026-08-21 13:39:26 [main] INFO  com.zaxxer.hikari.HikariDataSource - metadata_catalogue - Start completed.
2026-08-21 13:39:26 [main] INFO  com.zaxxer.hikari.HikariDataSource - metadata_catalogue - Shutdown initiated...
2026-08-21 13:39:26 [main] INFO  com.zaxxer.hikari.HikariDataSource - metadata_catalogue - Shutdown completed.
2026-08-21 13:39:26 [main] INFO  t.g.io/epos-eric/metadata-database/deploy:main - Creating container for image: ghcr.io/epos-eric/metadata-database/deploy:main
2026-08-21 13:39:26 [main] INFO  t.g.io/epos-eric/metadata-database/deploy:main - Container ghcr.io/epos-eric/metadata-database/deploy:main is starting: 487bbdeda64ac2161ddacdaccb1c681e19e5c298ddf25ddae6b044c46bdb4f23
2026-08-21 13:39:30 [main] INFO  t.g.io/epos-eric/metadata-database/deploy:main - Container ghcr.io/epos-eric/metadata-database/deploy:main started in PT3.771330133S
2026-08-21 13:39:30 [main] INFO  t.g.io/epos-eric/metadata-database/deploy:main - Container is started (JDBC URL: jdbc:postgresql://localhost:33125/cerif?loggerLevel=OFF)
2026-08-21 13:39:30 [main] INFO  com.zaxxer.hikari.HikariDataSource - metadata_catalogue - Starting...
2026-08-21 13:39:30 [main] INFO  com.zaxxer.hikari.pool.HikariPool - metadata_catalogue - Added connection org.postgresql.jdbc.PgConnection@6c1d25fa
2026-08-21 13:39:30 [main] INFO  com.zaxxer.hikari.HikariDataSource - metadata_catalogue - Start completed.
2026-08-21 13:39:30 [main] INFO  com.zaxxer.hikari.HikariDataSource - metadata_catalogue - Shutdown initiated...
2026-08-21 13:39:30 [main] INFO  com.zaxxer.hikari.HikariDataSource - metadata_catalogue - Shutdown completed.
2026-08-21 13:39:30 [main] INFO  t.g.io/epos-eric/metadata-database/deploy:main - Creating container for image: ghcr.io/epos-eric/metadata-database/deploy:main
2026-08-21 13:39:30 [main] INFO  t.g.io/epos-eric/metadata-database/deploy:main - Container ghcr.io/epos-eric/metadata-database/deploy:main is starting: 02c1da1143d115fb7d7927f09f9f027d6f8070c5b44fb2c70461eb9b7336bc71
2026-08-21 13:39:34 [main] INFO  t.g.io/epos-eric/metadata-database/deploy:main - Container ghcr.io/epos-eric/metadata-database/deploy:main started in PT3.618210993S
2026-08-21 13:39:34 [main] INFO  t.g.io/epos-eric/metadata-database/deploy:main - Container is started (JDBC URL: jdbc:postgresql://localhost:33127/cerif?loggerLevel=OFF)
2026-08-21 13:39:34 [main] INFO  com.zaxxer.hikari.HikariDataSource - metadata_catalogue - Starting...
2026-08-21 13:39:34 [main] INFO  com.zaxxer.hikari.pool.HikariPool - metadata_catalogue - Added connection org.postgresql.jdbc.PgConnection@dd26290
2026-08-21 13:39:34 [main] INFO  com.zaxxer.hikari.HikariDataSource - metadata_catalogue - Start completed.
2026-08-21 13:39:34 [main] INFO  com.zaxxer.hikari.HikariDataSource - metadata_catalogue - Shutdown initiated...
2026-08-21 13:39:34 [main] INFO  com.zaxxer.hikari.HikariDataSource - metadata_catalogue - Shutdown completed.
2026-08-21 13:39:34 [main] INFO  t.g.io/epos-eric/metadata-database/deploy:main - Creating container for image: ghcr.io/epos-eric/metadata-database/deploy:main
2026-08-21 13:39:34 [main] INFO  t.g.io/epos-eric/metadata-database/deploy:main - Container ghcr.io/epos-eric/metadata-database/deploy:main is starting: 52dd4fe1c1bd2980e8f69b537774e8da73e7e3e7a7c47f7642e4aac039d856f6
2026-08-21 13:39:38 [main] INFO  t.g.io/epos-eric/metadata-database/deploy:main - Container ghcr.io/epos-eric/metadata-database/deploy:main started in PT3.534531571S
2026-08-21 13:39:38 [main] INFO  t.g.io/epos-eric/metadata-database/deploy:main - Container is started (JDBC URL: jdbc:postgresql://localhost:33129/cerif?loggerLevel=OFF)
2026-08-21 13:39:38 [main] INFO  com.zaxxer.hikari.HikariDataSource - metadata_catalogue - Starting...
2026-08-21 13:39:38 [main] INFO  com.zaxxer.hikari.pool.HikariPool - metadata_catalogue - Added connection org.postgresql.jdbc.PgConnection@41f274d
2026-08-21 13:39:38 [main] INFO  com.zaxxer.hikari.HikariDataSource - metadata_catalogue - Start completed.
2026-08-21 13:39:38 [main] INFO  com.zaxxer.hikari.HikariDataSource - metadata_catalogue - Shutdown initiated...
2026-08-21 13:39:38 [main] INFO  com.zaxxer.hikari.HikariDataSource - metadata_catalogue - Shutdown completed.
2026-08-21 13:39:38 [main] INFO  t.g.io/epos-eric/metadata-database/deploy:main - Creating container for image: ghcr.io/epos-eric/metadata-database/deploy:main
2026-08-21 13:39:39 [main] INFO  t.g.io/epos-eric/metadata-database/deploy:main - Container ghcr.io/epos-eric/metadata-database/deploy:main is starting: faa9ddf2e54ff9bf376b16fc85ddb71f3deb047f7b60f8e1e14ae2df76f984ea
2026-08-21 13:39:42 [main] INFO  t.g.io/epos-eric/metadata-database/deploy:main - Container ghcr.io/epos-eric/metadata-database/deploy:main started in PT3.638435141S
2026-08-21 13:39:42 [main] INFO  t.g.io/epos-eric/metadata-database/deploy:main - Container is started (JDBC URL: jdbc:postgresql://localhost:33131/cerif?loggerLevel=OFF)
2026-08-21 13:39:42 [main] INFO  com.zaxxer.hikari.HikariDataSource - metadata_catalogue - Starting...
2026-08-21 13:39:42 [main] INFO  com.zaxxer.hikari.pool.HikariPool - metadata_catalogue - Added connection org.postgresql.jdbc.PgConnection@40c858fc
2026-08-21 13:39:42 [main] INFO  com.zaxxer.hikari.HikariDataSource - metadata_catalogue - Start completed.
2026-08-21 13:39:42 [main] INFO  com.zaxxer.hikari.HikariDataSource - metadata_catalogue - Shutdown initiated...
2026-08-21 13:39:42 [main] INFO  com.zaxxer.hikari.HikariDataSource - metadata_catalogue - Shutdown completed.
2026-08-21 13:39:43 [main] INFO  t.g.io/epos-eric/metadata-database/deploy:main - Creating container for image: ghcr.io/epos-eric/metadata-database/deploy:main
2026-08-21 13:39:43 [main] INFO  t.g.io/epos-eric/metadata-database/deploy:main - Container ghcr.io/epos-eric/metadata-database/deploy:main is starting: e59e76f021e3a1c20474d226af686dfcc72ac274ff08783f6f5e770a27f1093e
2026-08-21 13:39:46 [main] INFO  t.g.io/epos-eric/metadata-database/deploy:main - Container ghcr.io/epos-eric/metadata-database/deploy:main started in PT3.670647035S
2026-08-21 13:39:46 [main] INFO  t.g.io/epos-eric/metadata-database/deploy:main - Container is started (JDBC URL: jdbc:postgresql://localhost:33133/cerif?loggerLevel=OFF)
2026-08-21 13:39:46 [main] INFO  com.zaxxer.hikari.HikariDataSource - metadata_catalogue - Starting...
2026-08-21 13:39:46 [main] INFO  com.zaxxer.hikari.pool.HikariPool - metadata_catalogue - Added connection org.postgresql.jdbc.PgConnection@5a1c0bcc
2026-08-21 13:39:46 [main] INFO  com.zaxxer.hikari.HikariDataSource - metadata_catalogue - Start completed.
2026-08-21 13:39:47 [main] INFO  com.zaxxer.hikari.HikariDataSource - metadata_catalogue - Shutdown initiated...
2026-08-21 13:39:47 [main] INFO  com.zaxxer.hikari.HikariDataSource - metadata_catalogue - Shutdown completed.
2026-08-21 13:39:47 [main] INFO  t.g.io/epos-eric/metadata-database/deploy:main - Creating container for image: ghcr.io/epos-eric/metadata-database/deploy:main
2026-08-21 13:39:47 [main] INFO  t.g.io/epos-eric/metadata-database/deploy:main - Container ghcr.io/epos-eric/metadata-database/deploy:main is starting: de9f09d16e195f2ca19c73ec0a1d40cb75330e7375a94e3cad38c1cd30f82f1c
2026-08-21 13:39:51 [main] INFO  t.g.io/epos-eric/metadata-database/deploy:main - Container ghcr.io/epos-eric/metadata-database/deploy:main started in PT3.547149732S
2026-08-21 13:39:51 [main] INFO  t.g.io/epos-eric/metadata-database/deploy:main - Container is started (JDBC URL: jdbc:postgresql://localhost:33135/cerif?loggerLevel=OFF)
2026-08-21 13:39:51 [main] INFO  com.zaxxer.hikari.HikariDataSource - metadata_catalogue - Starting...
2026-08-21 13:39:51 [main] INFO  com.zaxxer.hikari.pool.HikariPool - metadata_catalogue - Added connection org.postgresql.jdbc.PgConnection@27ffe1d6
2026-08-21 13:39:51 [main] INFO  com.zaxxer.hikari.HikariDataSource - metadata_catalogue - Start completed.
2026-08-21 13:39:51 [main] INFO  com.zaxxer.hikari.HikariDataSource - metadata_catalogue - Shutdown initiated...
2026-08-21 13:39:51 [main] INFO  com.zaxxer.hikari.HikariDataSource - metadata_catalogue - Shutdown completed.
2026-08-21 13:39:51 [main] INFO  t.g.io/epos-eric/metadata-database/deploy:main - Creating container for image: ghcr.io/epos-eric/metadata-database/deploy:main
2026-08-21 13:39:51 [main] INFO  t.g.io/epos-eric/metadata-database/deploy:main - Container ghcr.io/epos-eric/metadata-database/deploy:main is starting: 65135b54cb2f3983d7a40b57a0fe8f7414a8c69699aa4edf1953d4dfcd1acd40
2026-08-21 13:39:55 [main] INFO  t.g.io/epos-eric/metadata-database/deploy:main - Container ghcr.io/epos-eric/metadata-database/deploy:main started in PT3.564313926S
2026-08-21 13:39:55 [main] INFO  t.g.io/epos-eric/metadata-database/deploy:main - Container is started (JDBC URL: jdbc:postgresql://localhost:33137/cerif?loggerLevel=OFF)
2026-08-21 13:39:55 [main] INFO  com.zaxxer.hikari.HikariDataSource - metadata_catalogue - Starting...
2026-08-21 13:39:55 [main] INFO  com.zaxxer.hikari.pool.HikariPool - metadata_catalogue - Added connection org.postgresql.jdbc.PgConnection@44b522ce
2026-08-21 13:39:55 [main] INFO  com.zaxxer.hikari.HikariDataSource - metadata_catalogue - Start completed.
2026-08-21 13:39:55 [main] INFO  com.zaxxer.hikari.HikariDataSource - metadata_catalogue - Shutdown initiated...
2026-08-21 13:39:55 [main] INFO  com.zaxxer.hikari.HikariDataSource - metadata_catalogue - Shutdown completed.
2026-08-21 13:39:55 [main] INFO  t.g.io/epos-eric/metadata-database/deploy:main - Creating container for image: ghcr.io/epos-eric/metadata-database/deploy:main
2026-08-21 13:39:55 [main] INFO  t.g.io/epos-eric/metadata-database/deploy:main - Container ghcr.io/epos-eric/metadata-database/deploy:main is starting: 6113f7f6e9b02aa80d09765ef419711ca3c0fd02a84cabacd9829a4a8d5347cf
2026-08-21 13:39:59 [main] INFO  t.g.io/epos-eric/metadata-database/deploy:main - Container ghcr.io/epos-eric/metadata-database/deploy:main started in PT3.676293571S
2026-08-21 13:39:59 [main] INFO  t.g.io/epos-eric/metadata-database/deploy:main - Container is started (JDBC URL: jdbc:postgresql://localhost:33139/cerif?loggerLevel=OFF)
2026-08-21 13:39:59 [main] INFO  com.zaxxer.hikari.HikariDataSource - metadata_catalogue - Starting...
2026-08-21 13:39:59 [main] INFO  com.zaxxer.hikari.pool.HikariPool - metadata_catalogue - Added connection org.postgresql.jdbc.PgConnection@722b4f64
2026-08-21 13:39:59 [main] INFO  com.zaxxer.hikari.HikariDataSource - metadata_catalogue - Start completed.
2026-08-21 13:39:59 [main] INFO  com.zaxxer.hikari.HikariDataSource - metadata_catalogue - Shutdown initiated...
2026-08-21 13:39:59 [main] INFO  com.zaxxer.hikari.HikariDataSource - metadata_catalogue - Shutdown completed.
2026-08-21 13:39:59 [main] INFO  t.g.io/epos-eric/metadata-database/deploy:main - Creating container for image: ghcr.io/epos-eric/metadata-database/deploy:main
2026-08-21 13:39:59 [main] INFO  t.g.io/epos-eric/metadata-database/deploy:main - Container ghcr.io/epos-eric/metadata-database/deploy:main is starting: ae32ba4d6c2826d3b43fca1ea07133dffe5a1a8d7b6960eb8d1e284efe2f3a21
2026-08-21 13:40:03 [main] INFO  t.g.io/epos-eric/metadata-database/deploy:main - Container ghcr.io/epos-eric/metadata-database/deploy:main started in PT3.873976297S
2026-08-21 13:40:03 [main] INFO  t.g.io/epos-eric/metadata-database/deploy:main - Container is started (JDBC URL: jdbc:postgresql://localhost:33140/cerif?loggerLevel=OFF)
2026-08-21 13:40:03 [main] INFO  com.zaxxer.hikari.HikariDataSource - metadata_catalogue - Starting...
2026-08-21 13:40:03 [main] INFO  com.zaxxer.hikari.pool.HikariPool - metadata_catalogue - Added connection org.postgresql.jdbc.PgConnection@61252eef
2026-08-21 13:40:03 [main] INFO  com.zaxxer.hikari.HikariDataSource - metadata_catalogue - Start completed.
2026-08-21 13:40:04 [main] INFO  com.zaxxer.hikari.HikariDataSource - metadata_catalogue - Shutdown initiated...
2026-08-21 13:40:04 [main] INFO  com.zaxxer.hikari.HikariDataSource - metadata_catalogue - Shutdown completed.
2026-08-21 13:40:05 [main] INFO  t.g.io/epos-eric/metadata-database/deploy:main - Creating container for image: ghcr.io/epos-eric/metadata-database/deploy:main
2026-08-21 13:40:05 [main] INFO  t.g.io/epos-eric/metadata-database/deploy:main - Container ghcr.io/epos-eric/metadata-database/deploy:main is starting: fcc7b6150473b9b5fd0725a232da89c73e371d9eb6ecdf273ee0b4f93ad6ee41
2026-08-21 13:40:08 [main] INFO  t.g.io/epos-eric/metadata-database/deploy:main - Container ghcr.io/epos-eric/metadata-database/deploy:main started in PT3.882283423S
2026-08-21 13:40:08 [main] INFO  t.g.io/epos-eric/metadata-database/deploy:main - Container is started (JDBC URL: jdbc:postgresql://localhost:33141/cerif?loggerLevel=OFF)
2026-08-21 13:40:08 [main] INFO  com.zaxxer.hikari.HikariDataSource - metadata_catalogue - Starting...
2026-08-21 13:40:09 [main] INFO  com.zaxxer.hikari.pool.HikariPool - metadata_catalogue - Added connection org.postgresql.jdbc.PgConnection@4bb408d1
2026-08-21 13:40:09 [main] INFO  com.zaxxer.hikari.HikariDataSource - metadata_catalogue - Start completed.
2026-08-21 13:40:10 [main] INFO  com.zaxxer.hikari.HikariDataSource - metadata_catalogue - Shutdown initiated...
2026-08-21 13:40:10 [main] INFO  com.zaxxer.hikari.HikariDataSource - metadata_catalogue - Shutdown completed.
2026-08-21 13:40:10 [main] INFO  t.g.io/epos-eric/metadata-database/deploy:main - Creating container for image: ghcr.io/epos-eric/metadata-database/deploy:main
2026-08-21 13:40:10 [main] INFO  t.g.io/epos-eric/metadata-database/deploy:main - Container ghcr.io/epos-eric/metadata-database/deploy:main is starting: 2b4d7514725dc34a3fed49392c020a099dddc7b34cdf626aeb9d27a76a93045e
2026-08-21 13:40:14 [main] INFO  t.g.io/epos-eric/metadata-database/deploy:main - Container ghcr.io/epos-eric/metadata-database/deploy:main started in PT4.040989955S
2026-08-21 13:40:14 [main] INFO  t.g.io/epos-eric/metadata-database/deploy:main - Container is started (JDBC URL: jdbc:postgresql://localhost:33142/cerif?loggerLevel=OFF)
2026-08-21 13:40:14 [main] INFO  com.zaxxer.hikari.HikariDataSource - metadata_catalogue - Starting...
2026-08-21 13:40:14 [main] INFO  com.zaxxer.hikari.pool.HikariPool - metadata_catalogue - Added connection org.postgresql.jdbc.PgConnection@4257255f
2026-08-21 13:40:14 [main] INFO  com.zaxxer.hikari.HikariDataSource - metadata_catalogue - Start completed.
2026-08-21 13:40:15 [main] INFO  com.zaxxer.hikari.HikariDataSource - metadata_catalogue - Shutdown initiated...
2026-08-21 13:40:15 [main] INFO  com.zaxxer.hikari.HikariDataSource - metadata_catalogue - Shutdown completed.
2026-08-21 13:40:15 [main] INFO  t.g.io/epos-eric/metadata-database/deploy:main - Creating container for image: ghcr.io/epos-eric/metadata-database/deploy:main
2026-08-21 13:40:15 [main] INFO  t.g.io/epos-eric/metadata-database/deploy:main - Container ghcr.io/epos-eric/metadata-database/deploy:main is starting: 1abf1e59035944a64571cd9f6f74d0400d51a9827a930e14621b3dc9a78fffdd
2026-08-21 13:40:19 [main] INFO  t.g.io/epos-eric/metadata-database/deploy:main - Container ghcr.io/epos-eric/metadata-database/deploy:main started in PT4.438556146S
2026-08-21 13:40:19 [main] INFO  t.g.io/epos-eric/metadata-database/deploy:main - Container is started (JDBC URL: jdbc:postgresql://localhost:33143/cerif?loggerLevel=OFF)
2026-08-21 13:40:19 [main] INFO  com.zaxxer.hikari.HikariDataSource - metadata_catalogue - Starting...
2026-08-21 13:40:19 [main] INFO  com.zaxxer.hikari.pool.HikariPool - metadata_catalogue - Added connection org.postgresql.jdbc.PgConnection@9190d90
2026-08-21 13:40:19 [main] INFO  com.zaxxer.hikari.HikariDataSource - metadata_catalogue - Start completed.
2026-08-21 13:40:20 [main] INFO  com.zaxxer.hikari.HikariDataSource - metadata_catalogue - Shutdown initiated...
2026-08-21 13:40:20 [main] INFO  com.zaxxer.hikari.HikariDataSource - metadata_catalogue - Shutdown completed.
2026-08-21 13:40:20 [main] INFO  t.g.io/epos-eric/metadata-database/deploy:main - Creating container for image: ghcr.io/epos-eric/metadata-database/deploy:main
2026-08-21 13:40:20 [main] INFO  t.g.io/epos-eric/metadata-database/deploy:main - Container ghcr.io/epos-eric/metadata-database/deploy:main is starting: b60b661e8c6380d823eb3ae9b979eef49777c0889c69c313bb3dd464ba803df9
2026-08-21 13:40:24 [main] INFO  t.g.io/epos-eric/metadata-database/deploy:main - Container ghcr.io/epos-eric/metadata-database/deploy:main started in PT4.305166509S
2026-08-21 13:40:24 [main] INFO  t.g.io/epos-eric/metadata-database/deploy:main - Container is started (JDBC URL: jdbc:postgresql://localhost:33144/cerif?loggerLevel=OFF)
2026-08-21 13:40:24 [main] INFO  com.zaxxer.hikari.HikariDataSource - metadata_catalogue - Starting...
2026-08-21 13:40:24 [main] INFO  com.zaxxer.hikari.pool.HikariPool - metadata_catalogue - Added connection org.postgresql.jdbc.PgConnection@dbe577f
2026-08-21 13:40:24 [main] INFO  com.zaxxer.hikari.HikariDataSource - metadata_catalogue - Start completed.
2026-08-21 13:40:24 [main] INFO  com.zaxxer.hikari.HikariDataSource - metadata_catalogue - Shutdown initiated...
2026-08-21 13:40:25 [main] INFO  com.zaxxer.hikari.HikariDataSource - metadata_catalogue - Shutdown completed.
2026-08-21 13:40:25 [main] INFO  t.g.io/epos-eric/metadata-database/deploy:main - Creating container for image: ghcr.io/epos-eric/metadata-database/deploy:main
2026-08-21 13:40:25 [main] INFO  t.g.io/epos-eric/metadata-database/deploy:main - Container ghcr.io/epos-eric/metadata-database/deploy:main is starting: 5f295f9349202e03db506e3465d6efa4e7738f0bf840eb864822cb0670063783
2026-08-21 13:40:29 [main] INFO  t.g.io/epos-eric/metadata-database/deploy:main - Container ghcr.io/epos-eric/metadata-database/deploy:main started in PT3.853816042S
2026-08-21 13:40:29 [main] INFO  t.g.io/epos-eric/metadata-database/deploy:main - Container is started (JDBC URL: jdbc:postgresql://localhost:33145/cerif?loggerLevel=OFF)
2026-08-21 13:40:29 [main] INFO  com.zaxxer.hikari.HikariDataSource - metadata_catalogue - Starting...
2026-08-21 13:40:29 [main] INFO  com.zaxxer.hikari.pool.HikariPool - metadata_catalogue - Added connection org.postgresql.jdbc.PgConnection@5ea7ad41
2026-08-21 13:40:29 [main] INFO  com.zaxxer.hikari.HikariDataSource - metadata_catalogue - Start completed.
2026-08-21 13:40:29 [main] INFO  com.zaxxer.hikari.HikariDataSource - metadata_catalogue - Shutdown initiated...
2026-08-21 13:40:29 [main] INFO  com.zaxxer.hikari.HikariDataSource - metadata_catalogue - Shutdown completed.
2026-08-21 13:40:29 [main] INFO  t.g.io/epos-eric/metadata-database/deploy:main - Creating container for image: ghcr.io/epos-eric/metadata-database/deploy:main
2026-08-21 13:40:29 [main] INFO  t.g.io/epos-eric/metadata-database/deploy:main - Container ghcr.io/epos-eric/metadata-database/deploy:main is starting: a03b46e4821221b12c0aa1ec6b07f53690f0d06ca5c3824530d045437c1f9a08
2026-08-21 13:40:33 [main] INFO  t.g.io/epos-eric/metadata-database/deploy:main - Container ghcr.io/epos-eric/metadata-database/deploy:main started in PT3.866528551S
2026-08-21 13:40:33 [main] INFO  t.g.io/epos-eric/metadata-database/deploy:main - Container is started (JDBC URL: jdbc:postgresql://localhost:33146/cerif?loggerLevel=OFF)
2026-08-21 13:40:33 [main] INFO  com.zaxxer.hikari.HikariDataSource - metadata_catalogue - Starting...
2026-08-21 13:40:33 [main] INFO  com.zaxxer.hikari.pool.HikariPool - metadata_catalogue - Added connection org.postgresql.jdbc.PgConnection@6a34aaec
2026-08-21 13:40:33 [main] INFO  com.zaxxer.hikari.HikariDataSource - metadata_catalogue - Start completed.
2026-08-21 13:40:33 [main] INFO  com.zaxxer.hikari.HikariDataSource - metadata_catalogue - Shutdown initiated...
2026-08-21 13:40:33 [main] INFO  com.zaxxer.hikari.HikariDataSource - metadata_catalogue - Shutdown completed.
2026-08-21 13:40:33 [main] INFO  t.g.io/epos-eric/metadata-database/deploy:main - Creating container for image: ghcr.io/epos-eric/metadata-database/deploy:main
2026-08-21 13:40:34 [main] INFO  t.g.io/epos-eric/metadata-database/deploy:main - Container ghcr.io/epos-eric/metadata-database/deploy:main is starting: 88560d904dfba81725ea206c439e8ab28d7d2fd290471cda0b743bbdbcba975e
2026-08-21 13:40:38 [main] INFO  t.g.io/epos-eric/metadata-database/deploy:main - Container ghcr.io/epos-eric/metadata-database/deploy:main started in PT4.058184311S
2026-08-21 13:40:38 [main] INFO  t.g.io/epos-eric/metadata-database/deploy:main - Container is started (JDBC URL: jdbc:postgresql://localhost:33147/cerif?loggerLevel=OFF)
2026-08-21 13:40:38 [main] INFO  com.zaxxer.hikari.HikariDataSource - metadata_catalogue - Starting...
2026-08-21 13:40:38 [main] INFO  com.zaxxer.hikari.pool.HikariPool - metadata_catalogue - Added connection org.postgresql.jdbc.PgConnection@2a71f2c1
2026-08-21 13:40:38 [main] INFO  com.zaxxer.hikari.HikariDataSource - metadata_catalogue - Start completed.
2026-08-21 13:40:39 [main] INFO  com.zaxxer.hikari.HikariDataSource - metadata_catalogue - Shutdown initiated...
2026-08-21 13:40:39 [main] INFO  com.zaxxer.hikari.HikariDataSource - metadata_catalogue - Shutdown completed.
2026-08-21 13:40:39 [main] INFO  t.g.io/epos-eric/metadata-database/deploy:main - Creating container for image: ghcr.io/epos-eric/metadata-database/deploy:main
2026-08-21 13:40:39 [main] INFO  t.g.io/epos-eric/metadata-database/deploy:main - Container ghcr.io/epos-eric/metadata-database/deploy:main is starting: 742803c663faaa3dd6807f620516140cfd9a9edeaa78afa87c106d8b653cc447
2026-08-21 13:40:43 [main] INFO  t.g.io/epos-eric/metadata-database/deploy:main - Container ghcr.io/epos-eric/metadata-database/deploy:main started in PT3.852292609S
2026-08-21 13:40:43 [main] INFO  t.g.io/epos-eric/metadata-database/deploy:main - Container is started (JDBC URL: jdbc:postgresql://localhost:33148/cerif?loggerLevel=OFF)
2026-08-21 13:40:43 [main] INFO  com.zaxxer.hikari.HikariDataSource - metadata_catalogue - Starting...
2026-08-21 13:40:43 [main] INFO  com.zaxxer.hikari.pool.HikariPool - metadata_catalogue - Added connection org.postgresql.jdbc.PgConnection@6dd01b24
2026-08-21 13:40:43 [main] INFO  com.zaxxer.hikari.HikariDataSource - metadata_catalogue - Start completed.
2026-08-21 13:40:43 [main] INFO  com.zaxxer.hikari.HikariDataSource - metadata_catalogue - Shutdown initiated...
2026-08-21 13:40:43 [main] INFO  com.zaxxer.hikari.HikariDataSource - metadata_catalogue - Shutdown completed.
2026-08-21 13:40:43 [main] INFO  t.g.io/epos-eric/metadata-database/deploy:main - Creating container for image: ghcr.io/epos-eric/metadata-database/deploy:main
2026-08-21 13:40:44 [main] INFO  t.g.io/epos-eric/metadata-database/deploy:main - Container ghcr.io/epos-eric/metadata-database/deploy:main is starting: a4844b7619ee2412346568648306f7fba80300c83fe734b8d5fbe872dc464f9e
2026-08-21 13:40:47 [main] INFO  t.g.io/epos-eric/metadata-database/deploy:main - Container ghcr.io/epos-eric/metadata-database/deploy:main started in PT3.87024932S
2026-08-21 13:40:47 [main] INFO  t.g.io/epos-eric/metadata-database/deploy:main - Container is started (JDBC URL: jdbc:postgresql://localhost:33149/cerif?loggerLevel=OFF)
2026-08-21 13:40:47 [main] INFO  com.zaxxer.hikari.HikariDataSource - metadata_catalogue - Starting...
2026-08-21 13:40:47 [main] INFO  com.zaxxer.hikari.pool.HikariPool - metadata_catalogue - Added connection org.postgresql.jdbc.PgConnection@c0d547e
2026-08-21 13:40:47 [main] INFO  com.zaxxer.hikari.HikariDataSource - metadata_catalogue - Start completed.
2026-08-21 13:40:48 [main] INFO  com.zaxxer.hikari.HikariDataSource - metadata_catalogue - Shutdown initiated...
2026-08-21 13:40:48 [main] INFO  com.zaxxer.hikari.HikariDataSource - metadata_catalogue - Shutdown completed.
2026-08-21 13:40:48 [main] INFO  t.g.io/epos-eric/metadata-database/deploy:main - Creating container for image: ghcr.io/epos-eric/metadata-database/deploy:main
2026-08-21 13:40:48 [main] INFO  t.g.io/epos-eric/metadata-database/deploy:main - Container ghcr.io/epos-eric/metadata-database/deploy:main is starting: a142e89792fa7a719f09954c71be64b50b7357012bcf2ab1013156d4619293a4
2026-08-21 13:40:52 [main] INFO  t.g.io/epos-eric/metadata-database/deploy:main - Container ghcr.io/epos-eric/metadata-database/deploy:main started in PT3.947350549S
2026-08-21 13:40:52 [main] INFO  t.g.io/epos-eric/metadata-database/deploy:main - Container is started (JDBC URL: jdbc:postgresql://localhost:33150/cerif?loggerLevel=OFF)
2026-08-21 13:40:52 [main] INFO  com.zaxxer.hikari.HikariDataSource - metadata_catalogue - Starting...
2026-08-21 13:40:52 [main] INFO  com.zaxxer.hikari.pool.HikariPool - metadata_catalogue - Added connection org.postgresql.jdbc.PgConnection@16cb3161
2026-08-21 13:40:52 [main] INFO  com.zaxxer.hikari.HikariDataSource - metadata_catalogue - Start completed.
2026-08-21 13:40:52 [main] INFO  com.zaxxer.hikari.HikariDataSource - metadata_catalogue - Shutdown initiated...
2026-08-21 13:40:52 [main] INFO  com.zaxxer.hikari.HikariDataSource - metadata_catalogue - Shutdown completed.
2026-08-21 13:40:52 [main] INFO  t.g.io/epos-eric/metadata-database/deploy:main - Creating container for image: ghcr.io/epos-eric/metadata-database/deploy:main
2026-08-21 13:40:52 [main] INFO  t.g.io/epos-eric/metadata-database/deploy:main - Container ghcr.io/epos-eric/metadata-database/deploy:main is starting: cc4c4f9c46c26489f07ef84e862332fc78d067712a2544ff72cbd416d3290625
2026-08-21 13:40:57 [main] INFO  t.g.io/epos-eric/metadata-database/deploy:main - Container ghcr.io/epos-eric/metadata-database/deploy:main started in PT4.550048472S
2026-08-21 13:40:57 [main] INFO  t.g.io/epos-eric/metadata-database/deploy:main - Container is started (JDBC URL: jdbc:postgresql://localhost:33151/cerif?loggerLevel=OFF)
2026-08-21 13:40:57 [main] INFO  com.zaxxer.hikari.HikariDataSource - metadata_catalogue - Starting...
2026-08-21 13:40:57 [main] INFO  com.zaxxer.hikari.pool.HikariPool - metadata_catalogue - Added connection org.postgresql.jdbc.PgConnection@25e308f9
2026-08-21 13:40:57 [main] INFO  com.zaxxer.hikari.HikariDataSource - metadata_catalogue - Start completed.
2026-08-21 13:40:57 [main] INFO  com.zaxxer.hikari.HikariDataSource - metadata_catalogue - Shutdown initiated...
2026-08-21 13:40:57 [main] INFO  com.zaxxer.hikari.HikariDataSource - metadata_catalogue - Shutdown completed.
2026-08-21 13:40:57 [main] INFO  t.g.io/epos-eric/metadata-database/deploy:main - Creating container for image: ghcr.io/epos-eric/metadata-database/deploy:main
2026-08-21 13:40:58 [main] INFO  t.g.io/epos-eric/metadata-database/deploy:main - Container ghcr.io/epos-eric/metadata-database/deploy:main is starting: 57bde4b104a80e3704ef20ca57afd441d490cd45b2213192ca42312b985b6e3a
2026-08-21 13:41:01 [main] INFO  t.g.io/epos-eric/metadata-database/deploy:main - Container ghcr.io/epos-eric/metadata-database/deploy:main started in PT3.943220977S
2026-08-21 13:41:01 [main] INFO  t.g.io/epos-eric/metadata-database/deploy:main - Container is started (JDBC URL: jdbc:postgresql://localhost:33152/cerif?loggerLevel=OFF)
2026-08-21 13:41:01 [main] INFO  com.zaxxer.hikari.HikariDataSource - metadata_catalogue - Starting...
2026-08-21 13:41:01 [main] INFO  com.zaxxer.hikari.pool.HikariPool - metadata_catalogue - Added connection org.postgresql.jdbc.PgConnection@27b93919
2026-08-21 13:41:01 [main] INFO  com.zaxxer.hikari.HikariDataSource - metadata_catalogue - Start completed.
2026-08-21 13:41:02 [main] INFO  com.zaxxer.hikari.HikariDataSource - metadata_catalogue - Shutdown initiated...
2026-08-21 13:41:02 [main] INFO  com.zaxxer.hikari.HikariDataSource - metadata_catalogue - Shutdown completed.
2026-08-21 13:41:02 [main] INFO  t.g.io/epos-eric/metadata-database/deploy:main - Creating container for image: ghcr.io/epos-eric/metadata-database/deploy:main
2026-08-21 13:41:02 [main] INFO  t.g.io/epos-eric/metadata-database/deploy:main - Container ghcr.io/epos-eric/metadata-database/deploy:main is starting: 87a7d9b9837ca1c99988e0123f479df2615d3315ded4210b77e2331b5be6c3b3
2026-08-21 13:41:06 [main] INFO  t.g.io/epos-eric/metadata-database/deploy:main - Container ghcr.io/epos-eric/metadata-database/deploy:main started in PT3.814155213S
2026-08-21 13:41:06 [main] INFO  t.g.io/epos-eric/metadata-database/deploy:main - Container is started (JDBC URL: jdbc:postgresql://localhost:33153/cerif?loggerLevel=OFF)
2026-08-21 13:41:06 [main] INFO  com.zaxxer.hikari.HikariDataSource - metadata_catalogue - Starting...
2026-08-21 13:41:06 [main] INFO  com.zaxxer.hikari.pool.HikariPool - metadata_catalogue - Added connection org.postgresql.jdbc.PgConnection@34ac6d65
2026-08-21 13:41:06 [main] INFO  com.zaxxer.hikari.HikariDataSource - metadata_catalogue - Start completed.
2026-08-21 13:41:07 [main] INFO  com.zaxxer.hikari.HikariDataSource - metadata_catalogue - Shutdown initiated...
2026-08-21 13:41:07 [main] INFO  com.zaxxer.hikari.HikariDataSource - metadata_catalogue - Shutdown completed.
2026-08-21 13:41:07 [main] INFO  t.g.io/epos-eric/metadata-database/deploy:main - Creating container for image: ghcr.io/epos-eric/metadata-database/deploy:main
2026-08-21 13:41:08 [main] INFO  t.g.io/epos-eric/metadata-database/deploy:main - Container ghcr.io/epos-eric/metadata-database/deploy:main is starting: 45b6f80062628252d224e28df0eee0644a7d414f67f0a8b3f1f5933fb56422ba
2026-08-21 13:41:12 [main] INFO  t.g.io/epos-eric/metadata-database/deploy:main - Container ghcr.io/epos-eric/metadata-database/deploy:main started in PT4.640539875S
2026-08-21 13:41:12 [main] INFO  t.g.io/epos-eric/metadata-database/deploy:main - Container is started (JDBC URL: jdbc:postgresql://localhost:33154/cerif?loggerLevel=OFF)
2026-08-21 13:41:12 [main] INFO  com.zaxxer.hikari.HikariDataSource - metadata_catalogue - Starting...
2026-08-21 13:41:12 [main] INFO  com.zaxxer.hikari.pool.HikariPool - metadata_catalogue - Added connection org.postgresql.jdbc.PgConnection@3f88ca0e
2026-08-21 13:41:12 [main] INFO  com.zaxxer.hikari.HikariDataSource - metadata_catalogue - Start completed.
2026-08-21 13:41:12 [main] INFO  com.zaxxer.hikari.HikariDataSource - metadata_catalogue - Shutdown initiated...
2026-08-21 13:41:12 [main] INFO  com.zaxxer.hikari.HikariDataSource - metadata_catalogue - Shutdown completed.
2026-08-21 13:41:12 [main] INFO  t.g.io/epos-eric/metadata-database/deploy:main - Creating container for image: ghcr.io/epos-eric/metadata-database/deploy:main
2026-08-21 13:41:13 [main] INFO  t.g.io/epos-eric/metadata-database/deploy:main - Container ghcr.io/epos-eric/metadata-database/deploy:main is starting: 44e779ab9733f60221a0971089131146a2472ec1c83d17dd96a5cee7a00d6efd
2026-08-21 13:41:17 [main] INFO  t.g.io/epos-eric/metadata-database/deploy:main - Container ghcr.io/epos-eric/metadata-database/deploy:main started in PT4.534337608S
2026-08-21 13:41:17 [main] INFO  t.g.io/epos-eric/metadata-database/deploy:main - Container is started (JDBC URL: jdbc:postgresql://localhost:33155/cerif?loggerLevel=OFF)
2026-08-21 13:41:17 [main] INFO  com.zaxxer.hikari.HikariDataSource - metadata_catalogue - Starting...
2026-08-21 13:41:17 [main] INFO  com.zaxxer.hikari.pool.HikariPool - metadata_catalogue - Added connection org.postgresql.jdbc.PgConnection@55107f4b
2026-08-21 13:41:17 [main] INFO  com.zaxxer.hikari.HikariDataSource - metadata_catalogue - Start completed.
2026-08-21 13:41:17 [main] INFO  com.zaxxer.hikari.HikariDataSource - metadata_catalogue - Shutdown initiated...
2026-08-21 13:41:17 [main] INFO  com.zaxxer.hikari.HikariDataSource - metadata_catalogue - Shutdown completed.
2026-08-21 13:41:17 [main] INFO  t.g.io/epos-eric/metadata-database/deploy:main - Creating container for image: ghcr.io/epos-eric/metadata-database/deploy:main
2026-08-21 13:41:18 [main] INFO  t.g.io/epos-eric/metadata-database/deploy:main - Container ghcr.io/epos-eric/metadata-database/deploy:main is starting: 382b9157aa20479f51ff67cec50cbb866e9f172a0be1157e4c9b0b958185ad1e
2026-08-21 13:41:22 [main] INFO  t.g.io/epos-eric/metadata-database/deploy:main - Container ghcr.io/epos-eric/metadata-database/deploy:main started in PT4.566786548S
2026-08-21 13:41:22 [main] INFO  t.g.io/epos-eric/metadata-database/deploy:main - Container is started (JDBC URL: jdbc:postgresql://localhost:33156/cerif?loggerLevel=OFF)
2026-08-21 13:41:22 [main] INFO  com.zaxxer.hikari.HikariDataSource - metadata_catalogue - Starting...
2026-08-21 13:41:22 [main] INFO  com.zaxxer.hikari.pool.HikariPool - metadata_catalogue - Added connection org.postgresql.jdbc.PgConnection@78d232ff
2026-08-21 13:41:22 [main] INFO  com.zaxxer.hikari.HikariDataSource - metadata_catalogue - Start completed.
2026-08-21 13:41:22 [main] INFO  com.zaxxer.hikari.HikariDataSource - metadata_catalogue - Shutdown initiated...
2026-08-21 13:41:22 [main] INFO  com.zaxxer.hikari.HikariDataSource - metadata_catalogue - Shutdown completed.
2026-08-21 13:41:23 [main] INFO  t.g.io/epos-eric/metadata-database/deploy:main - Creating container for image: ghcr.io/epos-eric/metadata-database/deploy:main
2026-08-21 13:41:23 [main] INFO  t.g.io/epos-eric/metadata-database/deploy:main - Container ghcr.io/epos-eric/metadata-database/deploy:main is starting: b0aa8708b41526303fc8b889892659689e52b7b5fe4d5120cfeed82a23e56a65
2026-08-21 13:41:26 [main] INFO  t.g.io/epos-eric/metadata-database/deploy:main - Container ghcr.io/epos-eric/metadata-database/deploy:main started in PT3.934411557S
2026-08-21 13:41:26 [main] INFO  t.g.io/epos-eric/metadata-database/deploy:main - Container is started (JDBC URL: jdbc:postgresql://localhost:33157/cerif?loggerLevel=OFF)
2026-08-21 13:41:26 [main] INFO  com.zaxxer.hikari.HikariDataSource - metadata_catalogue - Starting...
2026-08-21 13:41:26 [main] INFO  com.zaxxer.hikari.pool.HikariPool - metadata_catalogue - Added connection org.postgresql.jdbc.PgConnection@7edc8a5f
2026-08-21 13:41:26 [main] INFO  com.zaxxer.hikari.HikariDataSource - metadata_catalogue - Start completed.
2026-08-21 13:41:27 [main] INFO  com.zaxxer.hikari.HikariDataSource - metadata_catalogue - Shutdown initiated...
2026-08-21 13:41:27 [main] INFO  com.zaxxer.hikari.HikariDataSource - metadata_catalogue - Shutdown completed.
2026-08-21 13:41:27 [main] INFO  t.g.io/epos-eric/metadata-database/deploy:main - Creating container for image: ghcr.io/epos-eric/metadata-database/deploy:main
2026-08-21 13:41:27 [main] INFO  t.g.io/epos-eric/metadata-database/deploy:main - Container ghcr.io/epos-eric/metadata-database/deploy:main is starting: fbfc195e8efd704d7262be4a0f54854a83a1ac11f57815f36ea7a4be48e8d243
2026-08-21 13:41:32 [main] INFO  t.g.io/epos-eric/metadata-database/deploy:main - Container ghcr.io/epos-eric/metadata-database/deploy:main started in PT4.452756369S
2026-08-21 13:41:32 [main] INFO  t.g.io/epos-eric/metadata-database/deploy:main - Container is started (JDBC URL: jdbc:postgresql://localhost:33158/cerif?loggerLevel=OFF)
2026-08-21 13:41:32 [main] INFO  com.zaxxer.hikari.HikariDataSource - metadata_catalogue - Starting...
2026-08-21 13:41:32 [main] INFO  com.zaxxer.hikari.pool.HikariPool - metadata_catalogue - Added connection org.postgresql.jdbc.PgConnection@72c1ece5
2026-08-21 13:41:32 [main] INFO  com.zaxxer.hikari.HikariDataSource - metadata_catalogue - Start completed.
2026-08-21 13:41:32 [main] INFO  com.zaxxer.hikari.HikariDataSource - metadata_catalogue - Shutdown initiated...
2026-08-21 13:41:32 [main] INFO  com.zaxxer.hikari.HikariDataSource - metadata_catalogue - Shutdown completed.
2026-08-21 13:41:32 [main] INFO  t.g.io/epos-eric/metadata-database/deploy:main - Creating container for image: ghcr.io/epos-eric/metadata-database/deploy:main
2026-08-21 13:41:32 [main] INFO  t.g.io/epos-eric/metadata-database/deploy:main - Container ghcr.io/epos-eric/metadata-database/deploy:main is starting: 6e6eed01acfce984c5416d72686db93f5a6909f0ea83f0e107d2bdff60c6f7ed
2026-08-21 13:41:37 [main] INFO  t.g.io/epos-eric/metadata-database/deploy:main - Container ghcr.io/epos-eric/metadata-database/deploy:main started in PT4.59712176S
2026-08-21 13:41:37 [main] INFO  t.g.io/epos-eric/metadata-database/deploy:main - Container is started (JDBC URL: jdbc:postgresql://localhost:33159/cerif?loggerLevel=OFF)
2026-08-21 13:41:37 [main] INFO  com.zaxxer.hikari.HikariDataSource - metadata_catalogue - Starting...
2026-08-21 13:41:37 [main] INFO  com.zaxxer.hikari.pool.HikariPool - metadata_catalogue - Added connection org.postgresql.jdbc.PgConnection@3613d239
2026-08-21 13:41:37 [main] INFO  com.zaxxer.hikari.HikariDataSource - metadata_catalogue - Start completed.
2026-08-21 13:41:37 [main] INFO  com.zaxxer.hikari.HikariDataSource - metadata_catalogue - Shutdown initiated...
2026-08-21 13:41:37 [main] INFO  com.zaxxer.hikari.HikariDataSource - metadata_catalogue - Shutdown completed.
2026-08-21 13:41:38 [main] INFO  t.g.io/epos-eric/metadata-database/deploy:main - Creating container for image: ghcr.io/epos-eric/metadata-database/deploy:main
2026-08-21 13:41:38 [main] INFO  t.g.io/epos-eric/metadata-database/deploy:main - Container ghcr.io/epos-eric/metadata-database/deploy:main is starting: 12d543c787c130db50f7e70de90655f029040844809c8ffab000037fd9c665f6
2026-08-21 13:41:43 [main] INFO  t.g.io/epos-eric/metadata-database/deploy:main - Container ghcr.io/epos-eric/metadata-database/deploy:main started in PT5.287941042S
2026-08-21 13:41:43 [main] INFO  t.g.io/epos-eric/metadata-database/deploy:main - Container is started (JDBC URL: jdbc:postgresql://localhost:33160/cerif?loggerLevel=OFF)
2026-08-21 13:41:43 [main] INFO  com.zaxxer.hikari.HikariDataSource - metadata_catalogue - Starting...
2026-08-21 13:41:43 [main] INFO  com.zaxxer.hikari.pool.HikariPool - metadata_catalogue - Added connection org.postgresql.jdbc.PgConnection@5aa54204
2026-08-21 13:41:43 [main] INFO  com.zaxxer.hikari.HikariDataSource - metadata_catalogue - Start completed.
2026-08-21 13:41:43 [main] INFO  com.zaxxer.hikari.HikariDataSource - metadata_catalogue - Shutdown initiated...
2026-08-21 13:41:43 [main] INFO  com.zaxxer.hikari.HikariDataSource - metadata_catalogue - Shutdown completed.
2026-08-21 13:41:43 [main] INFO  t.g.io/epos-eric/metadata-database/deploy:main - Creating container for image: ghcr.io/epos-eric/metadata-database/deploy:main
2026-08-21 13:41:44 [main] INFO  t.g.io/epos-eric/metadata-database/deploy:main - Container ghcr.io/epos-eric/metadata-database/deploy:main is starting: 303f057fe27b206e29815be59bda815b3f9dc6c12e176cf16639732a6c2d6409
2026-08-21 13:41:48 [main] INFO  t.g.io/epos-eric/metadata-database/deploy:main - Container ghcr.io/epos-eric/metadata-database/deploy:main started in PT4.629337332S
2026-08-21 13:41:48 [main] INFO  t.g.io/epos-eric/metadata-database/deploy:main - Container is started (JDBC URL: jdbc:postgresql://localhost:33161/cerif?loggerLevel=OFF)
2026-08-21 13:41:48 [main] INFO  com.zaxxer.hikari.HikariDataSource - metadata_catalogue - Starting...
2026-08-21 13:41:48 [main] INFO  com.zaxxer.hikari.pool.HikariPool - metadata_catalogue - Added connection org.postgresql.jdbc.PgConnection@2f2ba15d
2026-08-21 13:41:48 [main] INFO  com.zaxxer.hikari.HikariDataSource - metadata_catalogue - Start completed.
2026-08-21 13:41:48 [main] INFO  com.zaxxer.hikari.HikariDataSource - metadata_catalogue - Shutdown initiated...
2026-08-21 13:41:48 [main] INFO  com.zaxxer.hikari.HikariDataSource - metadata_catalogue - Shutdown completed.
2026-08-21 13:41:49 [main] INFO  t.g.io/epos-eric/metadata-database/deploy:main - Creating container for image: ghcr.io/epos-eric/metadata-database/deploy:main
2026-08-21 13:41:49 [main] INFO  t.g.io/epos-eric/metadata-database/deploy:main - Container ghcr.io/epos-eric/metadata-database/deploy:main is starting: f833cbbbac6ad455d035e30f3d762bdbcf4c45e6b4a61b1ea74f72d57aa3879c
2026-08-21 13:41:53 [main] INFO  t.g.io/epos-eric/metadata-database/deploy:main - Container ghcr.io/epos-eric/metadata-database/deploy:main started in PT4.403733577S
2026-08-21 13:41:53 [main] INFO  t.g.io/epos-eric/metadata-database/deploy:main - Container is started (JDBC URL: jdbc:postgresql://localhost:33162/cerif?loggerLevel=OFF)
2026-08-21 13:41:53 [main] INFO  com.zaxxer.hikari.HikariDataSource - metadata_catalogue - Starting...
2026-08-21 13:41:53 [main] INFO  com.zaxxer.hikari.pool.HikariPool - metadata_catalogue - Added connection org.postgresql.jdbc.PgConnection@3b2a3e5f
2026-08-21 13:41:53 [main] INFO  com.zaxxer.hikari.HikariDataSource - metadata_catalogue - Start completed.
2026-08-21 13:41:53 [main] INFO  com.zaxxer.hikari.HikariDataSource - metadata_catalogue - Shutdown initiated...
2026-08-21 13:41:53 [main] INFO  com.zaxxer.hikari.HikariDataSource - metadata_catalogue - Shutdown completed.
2026-08-21 13:41:54 [main] INFO  t.g.io/epos-eric/metadata-database/deploy:main - Creating container for image: ghcr.io/epos-eric/metadata-database/deploy:main
2026-08-21 13:41:54 [main] INFO  t.g.io/epos-eric/metadata-database/deploy:main - Container ghcr.io/epos-eric/metadata-database/deploy:main is starting: aa97a1f10dbfb65948444535d801c2c443059264b3907ec4be9f54e11c10b23c
2026-08-21 13:41:59 [main] INFO  t.g.io/epos-eric/metadata-database/deploy:main - Container ghcr.io/epos-eric/metadata-database/deploy:main started in PT5.116640722S
2026-08-21 13:41:59 [main] INFO  t.g.io/epos-eric/metadata-database/deploy:main - Container is started (JDBC URL: jdbc:postgresql://localhost:33163/cerif?loggerLevel=OFF)
2026-08-21 13:41:59 [main] INFO  com.zaxxer.hikari.HikariDataSource - metadata_catalogue - Starting...
2026-08-21 13:41:59 [main] INFO  com.zaxxer.hikari.pool.HikariPool - metadata_catalogue - Added connection org.postgresql.jdbc.PgConnection@24d9efd8
2026-08-21 13:41:59 [main] INFO  com.zaxxer.hikari.HikariDataSource - metadata_catalogue - Start completed.
2026-08-21 13:41:59 [main] INFO  com.zaxxer.hikari.HikariDataSource - metadata_catalogue - Shutdown initiated...
2026-08-21 13:41:59 [main] INFO  com.zaxxer.hikari.HikariDataSource - metadata_catalogue - Shutdown completed.
2026-08-21 13:42:00 [main] INFO  t.g.io/epos-eric/metadata-database/deploy:main - Creating container for image: ghcr.io/epos-eric/metadata-database/deploy:main
2026-08-21 13:42:00 [main] INFO  t.g.io/epos-eric/metadata-database/deploy:main - Container ghcr.io/epos-eric/metadata-database/deploy:main is starting: 393c3b5a0b809018c0ba6e145798be387f486787a8c1ff30e6c6f095223f097a
2026-08-21 13:42:04 [main] INFO  t.g.io/epos-eric/metadata-database/deploy:main - Container ghcr.io/epos-eric/metadata-database/deploy:main started in PT4.436136851S
2026-08-21 13:42:04 [main] INFO  t.g.io/epos-eric/metadata-database/deploy:main - Container is started (JDBC URL: jdbc:postgresql://localhost:33164/cerif?loggerLevel=OFF)
2026-08-21 13:42:04 [main] INFO  com.zaxxer.hikari.HikariDataSource - metadata_catalogue - Starting...
2026-08-21 13:42:04 [main] INFO  com.zaxxer.hikari.pool.HikariPool - metadata_catalogue - Added connection org.postgresql.jdbc.PgConnection@8431d16
2026-08-21 13:42:04 [main] INFO  com.zaxxer.hikari.HikariDataSource - metadata_catalogue - Start completed.
2026-08-21 13:42:05 [main] INFO  com.zaxxer.hikari.HikariDataSource - metadata_catalogue - Shutdown initiated...
2026-08-21 13:42:05 [main] INFO  com.zaxxer.hikari.HikariDataSource - metadata_catalogue - Shutdown completed.
2026-08-21 13:42:05 [main] INFO  t.g.io/epos-eric/metadata-database/deploy:main - Creating container for image: ghcr.io/epos-eric/metadata-database/deploy:main
2026-08-21 13:42:05 [main] INFO  t.g.io/epos-eric/metadata-database/deploy:main - Container ghcr.io/epos-eric/metadata-database/deploy:main is starting: e24acfcfcb98b05ca66e00195b214c3d8ff83063d2d819dd93c2b90914384f41
2026-08-21 13:42:09 [main] INFO  t.g.io/epos-eric/metadata-database/deploy:main - Container ghcr.io/epos-eric/metadata-database/deploy:main started in PT3.906681425S
2026-08-21 13:42:09 [main] INFO  t.g.io/epos-eric/metadata-database/deploy:main - Container is started (JDBC URL: jdbc:postgresql://localhost:33165/cerif?loggerLevel=OFF)
2026-08-21 13:42:09 [main] INFO  com.zaxxer.hikari.HikariDataSource - metadata_catalogue - Starting...
2026-08-21 13:42:09 [main] INFO  com.zaxxer.hikari.pool.HikariPool - metadata_catalogue - Added connection org.postgresql.jdbc.PgConnection@69c21701
2026-08-21 13:42:09 [main] INFO  com.zaxxer.hikari.HikariDataSource - metadata_catalogue - Start completed.
2026-08-21 13:42:09 [main] INFO  com.zaxxer.hikari.HikariDataSource - metadata_catalogue - Shutdown initiated...
2026-08-21 13:42:09 [main] INFO  com.zaxxer.hikari.HikariDataSource - metadata_catalogue - Shutdown completed.
2026-08-21 13:42:09 [main] INFO  t.g.io/epos-eric/metadata-database/deploy:main - Creating container for image: ghcr.io/epos-eric/metadata-database/deploy:main
2026-08-21 13:42:09 [main] INFO  t.g.io/epos-eric/metadata-database/deploy:main - Container ghcr.io/epos-eric/metadata-database/deploy:main is starting: c4af5c332ecb9ce4ef6d2df34e9a8c889b644d243ca9a34545ea1be5ac1d2f98
2026-08-21 13:42:14 [main] INFO  t.g.io/epos-eric/metadata-database/deploy:main - Container ghcr.io/epos-eric/metadata-database/deploy:main started in PT4.421978246S
2026-08-21 13:42:14 [main] INFO  t.g.io/epos-eric/metadata-database/deploy:main - Container is started (JDBC URL: jdbc:postgresql://localhost:33166/cerif?loggerLevel=OFF)
2026-08-21 13:42:14 [main] INFO  com.zaxxer.hikari.HikariDataSource - metadata_catalogue - Starting...
2026-08-21 13:42:14 [main] INFO  com.zaxxer.hikari.pool.HikariPool - metadata_catalogue - Added connection org.postgresql.jdbc.PgConnection@14778c9f
2026-08-21 13:42:14 [main] INFO  com.zaxxer.hikari.HikariDataSource - metadata_catalogue - Start completed.
2026-08-21 13:42:14 [main] INFO  com.zaxxer.hikari.HikariDataSource - metadata_catalogue - Shutdown initiated...
2026-08-21 13:42:14 [main] INFO  com.zaxxer.hikari.HikariDataSource - metadata_catalogue - Shutdown completed.
2026-08-21 13:42:14 [main] INFO  t.g.io/epos-eric/metadata-database/deploy:main - Creating container for image: ghcr.io/epos-eric/metadata-database/deploy:main
2026-08-21 13:42:14 [main] INFO  t.g.io/epos-eric/metadata-database/deploy:main - Container ghcr.io/epos-eric/metadata-database/deploy:main is starting: dca1625f37f37e98f4acfabc11f5e24fcc8f457fe1d86f438613d2d905e62d6e
2026-08-21 13:42:18 [main] INFO  t.g.io/epos-eric/metadata-database/deploy:main - Container ghcr.io/epos-eric/metadata-database/deploy:main started in PT3.963339881S
2026-08-21 13:42:18 [main] INFO  t.g.io/epos-eric/metadata-database/deploy:main - Container is started (JDBC URL: jdbc:postgresql://localhost:33167/cerif?loggerLevel=OFF)
2026-08-21 13:42:18 [main] INFO  com.zaxxer.hikari.HikariDataSource - metadata_catalogue - Starting...
2026-08-21 13:42:18 [main] INFO  com.zaxxer.hikari.pool.HikariPool - metadata_catalogue - Added connection org.postgresql.jdbc.PgConnection@27cb2ec3
2026-08-21 13:42:18 [main] INFO  com.zaxxer.hikari.HikariDataSource - metadata_catalogue - Start completed.
2026-08-21 13:42:18 [main] INFO  com.zaxxer.hikari.HikariDataSource - metadata_catalogue - Shutdown initiated...
2026-08-21 13:42:18 [main] INFO  com.zaxxer.hikari.HikariDataSource - metadata_catalogue - Shutdown completed.
2026-08-21 13:42:19 [main] INFO  t.g.io/epos-eric/metadata-database/deploy:main - Creating container for image: ghcr.io/epos-eric/metadata-database/deploy:main
2026-08-21 13:42:19 [main] INFO  t.g.io/epos-eric/metadata-database/deploy:main - Container ghcr.io/epos-eric/metadata-database/deploy:main is starting: faa7c1ecbce7a4c260eae17ac9257e31f7ed283feca6533d79afaa8ed7ab89c1
2026-08-21 13:42:23 [main] INFO  t.g.io/epos-eric/metadata-database/deploy:main - Container ghcr.io/epos-eric/metadata-database/deploy:main started in PT4.423424862S
2026-08-21 13:42:23 [main] INFO  t.g.io/epos-eric/metadata-database/deploy:main - Container is started (JDBC URL: jdbc:postgresql://localhost:33168/cerif?loggerLevel=OFF)
2026-08-21 13:42:23 [main] INFO  com.zaxxer.hikari.HikariDataSource - metadata_catalogue - Starting...
2026-08-21 13:42:23 [main] INFO  com.zaxxer.hikari.pool.HikariPool - metadata_catalogue - Added connection org.postgresql.jdbc.PgConnection@194087d1
2026-08-21 13:42:23 [main] INFO  com.zaxxer.hikari.HikariDataSource - metadata_catalogue - Start completed.
2026-08-21 13:42:23 [main] INFO  com.zaxxer.hikari.HikariDataSource - metadata_catalogue - Shutdown initiated...
2026-08-21 13:42:23 [main] INFO  com.zaxxer.hikari.HikariDataSource - metadata_catalogue - Shutdown completed.
2026-08-21 13:42:24 [main] INFO  t.g.io/epos-eric/metadata-database/deploy:main - Creating container for image: ghcr.io/epos-eric/metadata-database/deploy:main
2026-08-21 13:42:24 [main] INFO  t.g.io/epos-eric/metadata-database/deploy:main - Container ghcr.io/epos-eric/metadata-database/deploy:main is starting: 1e389fd8e633b2f6bf81b144be5d794fea7668f6992f86edbef5ad8778263d95
2026-08-21 13:42:28 [main] INFO  t.g.io/epos-eric/metadata-database/deploy:main - Container ghcr.io/epos-eric/metadata-database/deploy:main started in PT4.307189404S
2026-08-21 13:42:28 [main] INFO  t.g.io/epos-eric/metadata-database/deploy:main - Container is started (JDBC URL: jdbc:postgresql://localhost:33169/cerif?loggerLevel=OFF)
2026-08-21 13:42:28 [main] INFO  com.zaxxer.hikari.HikariDataSource - metadata_catalogue - Starting...
2026-08-21 13:42:28 [main] INFO  com.zaxxer.hikari.pool.HikariPool - metadata_catalogue - Added connection org.postgresql.jdbc.PgConnection@9fa722c
2026-08-21 13:42:28 [main] INFO  com.zaxxer.hikari.HikariDataSource - metadata_catalogue - Start completed.
2026-08-21 13:42:29 [main] INFO  com.zaxxer.hikari.HikariDataSource - metadata_catalogue - Shutdown initiated...
2026-08-21 13:42:29 [main] INFO  com.zaxxer.hikari.HikariDataSource - metadata_catalogue - Shutdown completed.
2026-08-21 13:42:29 [main] INFO  t.g.io/epos-eric/metadata-database/deploy:main - Creating container for image: ghcr.io/epos-eric/metadata-database/deploy:main
2026-08-21 13:42:29 [main] INFO  t.g.io/epos-eric/metadata-database/deploy:main - Container ghcr.io/epos-eric/metadata-database/deploy:main is starting: 67514cfc1e4218ddc8c56565af7789bdf45b4ca0109bd350d89b90a9d2dd298e
2026-08-21 13:42:34 [main] INFO  t.g.io/epos-eric/metadata-database/deploy:main - Container ghcr.io/epos-eric/metadata-database/deploy:main started in PT4.810812562S
2026-08-21 13:42:34 [main] INFO  t.g.io/epos-eric/metadata-database/deploy:main - Container is started (JDBC URL: jdbc:postgresql://localhost:33170/cerif?loggerLevel=OFF)
2026-08-21 13:42:34 [main] INFO  com.zaxxer.hikari.HikariDataSource - metadata_catalogue - Starting...
2026-08-21 13:42:34 [main] INFO  com.zaxxer.hikari.pool.HikariPool - metadata_catalogue - Added connection org.postgresql.jdbc.PgConnection@4451dade
2026-08-21 13:42:34 [main] INFO  com.zaxxer.hikari.HikariDataSource - metadata_catalogue - Start completed.
2026-08-21 13:42:34 [main] INFO  com.zaxxer.hikari.HikariDataSource - metadata_catalogue - Shutdown initiated...
2026-08-21 13:42:34 [main] INFO  com.zaxxer.hikari.HikariDataSource - metadata_catalogue - Shutdown completed.
2026-08-21 13:42:34 [main] INFO  t.g.io/epos-eric/metadata-database/deploy:main - Creating container for image: ghcr.io/epos-eric/metadata-database/deploy:main
2026-08-21 13:42:35 [main] INFO  t.g.io/epos-eric/metadata-database/deploy:main - Container ghcr.io/epos-eric/metadata-database/deploy:main is starting: b5664dca8d1c209760f6764b39b9e37cd417f3d953e413dec500c53351edd7ad
2026-08-21 13:42:39 [main] INFO  t.g.io/epos-eric/metadata-database/deploy:main - Container ghcr.io/epos-eric/metadata-database/deploy:main started in PT4.268589357S
2026-08-21 13:42:39 [main] INFO  t.g.io/epos-eric/metadata-database/deploy:main - Container is started (JDBC URL: jdbc:postgresql://localhost:33171/cerif?loggerLevel=OFF)
2026-08-21 13:42:39 [main] INFO  com.zaxxer.hikari.HikariDataSource - metadata_catalogue - Starting...
2026-08-21 13:42:39 [main] INFO  com.zaxxer.hikari.pool.HikariPool - metadata_catalogue - Added connection org.postgresql.jdbc.PgConnection@682ea147
2026-08-21 13:42:39 [main] INFO  com.zaxxer.hikari.HikariDataSource - metadata_catalogue - Start completed.
2026-08-21 13:42:39 [main] INFO  com.zaxxer.hikari.HikariDataSource - metadata_catalogue - Shutdown initiated...
2026-08-21 13:42:39 [main] INFO  com.zaxxer.hikari.HikariDataSource - metadata_catalogue - Shutdown completed.
2026-08-21 13:42:40 [main] INFO  t.g.io/epos-eric/metadata-database/deploy:main - Creating container for image: ghcr.io/epos-eric/metadata-database/deploy:main
2026-08-21 13:42:40 [main] INFO  t.g.io/epos-eric/metadata-database/deploy:main - Container ghcr.io/epos-eric/metadata-database/deploy:main is starting: 3616629c2ca1c20c1b82612baff15bb43e2f9991c11d5a8b6bc40cc1e7792045
2026-08-21 13:42:44 [main] INFO  t.g.io/epos-eric/metadata-database/deploy:main - Container ghcr.io/epos-eric/metadata-database/deploy:main started in PT4.611973268S
2026-08-21 13:42:44 [main] INFO  t.g.io/epos-eric/metadata-database/deploy:main - Container is started (JDBC URL: jdbc:postgresql://localhost:33172/cerif?loggerLevel=OFF)
2026-08-21 13:42:44 [main] INFO  com.zaxxer.hikari.HikariDataSource - metadata_catalogue - Starting...
2026-08-21 13:42:44 [main] INFO  com.zaxxer.hikari.pool.HikariPool - metadata_catalogue - Added connection org.postgresql.jdbc.PgConnection@4da523fd
2026-08-21 13:42:44 [main] INFO  com.zaxxer.hikari.HikariDataSource - metadata_catalogue - Start completed.
2026-08-21 13:42:45 [main] INFO  com.zaxxer.hikari.HikariDataSource - metadata_catalogue - Shutdown initiated...
2026-08-21 13:42:45 [main] INFO  com.zaxxer.hikari.HikariDataSource - metadata_catalogue - Shutdown completed.
2026-08-21 13:42:45 [main] INFO  t.g.io/epos-eric/metadata-database/deploy:main - Creating container for image: ghcr.io/epos-eric/metadata-database/deploy:main
2026-08-21 13:42:45 [main] INFO  t.g.io/epos-eric/metadata-database/deploy:main - Container ghcr.io/epos-eric/metadata-database/deploy:main is starting: 8ba9ea6497e10a95315829a188c92555b2466e52d50237a5d55252a66650b55e
2026-08-21 13:42:50 [main] INFO  t.g.io/epos-eric/metadata-database/deploy:main - Container ghcr.io/epos-eric/metadata-database/deploy:main started in PT4.500137012S
2026-08-21 13:42:50 [main] INFO  t.g.io/epos-eric/metadata-database/deploy:main - Container is started (JDBC URL: jdbc:postgresql://localhost:33173/cerif?loggerLevel=OFF)
2026-08-21 13:42:50 [main] INFO  com.zaxxer.hikari.HikariDataSource - metadata_catalogue - Starting...
2026-08-21 13:42:50 [main] INFO  com.zaxxer.hikari.pool.HikariPool - metadata_catalogue - Added connection org.postgresql.jdbc.PgConnection@25029afa
2026-08-21 13:42:50 [main] INFO  com.zaxxer.hikari.HikariDataSource - metadata_catalogue - Start completed.
2026-08-21 13:42:50 [main] INFO  com.zaxxer.hikari.HikariDataSource - metadata_catalogue - Shutdown initiated...
2026-08-21 13:42:50 [main] INFO  com.zaxxer.hikari.HikariDataSource - metadata_catalogue - Shutdown completed.
2026-08-21 13:42:50 [main] INFO  t.g.io/epos-eric/metadata-database/deploy:main - Creating container for image: ghcr.io/epos-eric/metadata-database/deploy:main
2026-08-21 13:42:51 [main] INFO  t.g.io/epos-eric/metadata-database/deploy:main - Container ghcr.io/epos-eric/metadata-database/deploy:main is starting: 0326bb17e7a7cbcbf9ac3c0f58bdf419e2fe96f40752a1d14b05d4dcd7e1acc7
2026-08-21 13:42:55 [main] INFO  t.g.io/epos-eric/metadata-database/deploy:main - Container ghcr.io/epos-eric/metadata-database/deploy:main started in PT4.626034564S
2026-08-21 13:42:55 [main] INFO  t.g.io/epos-eric/metadata-database/deploy:main - Container is started (JDBC URL: jdbc:postgresql://localhost:33174/cerif?loggerLevel=OFF)
2026-08-21 13:42:55 [main] INFO  com.zaxxer.hikari.HikariDataSource - metadata_catalogue - Starting...
2026-08-21 13:42:55 [main] INFO  com.zaxxer.hikari.pool.HikariPool - metadata_catalogue - Added connection org.postgresql.jdbc.PgConnection@3d7b8a43
2026-08-21 13:42:55 [main] INFO  com.zaxxer.hikari.HikariDataSource - metadata_catalogue - Start completed.
2026-08-21 13:42:55 [main] INFO  com.zaxxer.hikari.HikariDataSource - metadata_catalogue - Shutdown initiated...
2026-08-21 13:42:55 [main] INFO  com.zaxxer.hikari.HikariDataSource - metadata_catalogue - Shutdown completed.
2026-08-21 13:42:56 [main] INFO  t.g.io/epos-eric/metadata-database/deploy:main - Creating container for image: ghcr.io/epos-eric/metadata-database/deploy:main
2026-08-21 13:42:56 [main] INFO  t.g.io/epos-eric/metadata-database/deploy:main - Container ghcr.io/epos-eric/metadata-database/deploy:main is starting: 5f963d3c7ff1aca6544af6dd2d85b24c074c3309b379350d47067d5af66df2e3
2026-08-21 13:42:59 [main] INFO  t.g.io/epos-eric/metadata-database/deploy:main - Container ghcr.io/epos-eric/metadata-database/deploy:main started in PT3.766004691S
2026-08-21 13:42:59 [main] INFO  t.g.io/epos-eric/metadata-database/deploy:main - Container is started (JDBC URL: jdbc:postgresql://localhost:33175/cerif?loggerLevel=OFF)
2026-08-21 13:42:59 [main] INFO  com.zaxxer.hikari.HikariDataSource - metadata_catalogue - Starting...
2026-08-21 13:42:59 [main] INFO  com.zaxxer.hikari.pool.HikariPool - metadata_catalogue - Added connection org.postgresql.jdbc.PgConnection@6aef52e9
2026-08-21 13:42:59 [main] INFO  com.zaxxer.hikari.HikariDataSource - metadata_catalogue - Start completed.
2026-08-21 13:43:00 [main] INFO  com.zaxxer.hikari.HikariDataSource - metadata_catalogue - Shutdown initiated...
2026-08-21 13:43:00 [main] INFO  com.zaxxer.hikari.HikariDataSource - metadata_catalogue - Shutdown completed.
2026-08-21 13:43:00 [main] INFO  t.g.io/epos-eric/metadata-database/deploy:main - Creating container for image: ghcr.io/epos-eric/metadata-database/deploy:main
2026-08-21 13:43:00 [main] INFO  t.g.io/epos-eric/metadata-database/deploy:main - Container ghcr.io/epos-eric/metadata-database/deploy:main is starting: 5399b145c0215a1b91420d7dab6e97d334490af1c4e8c3db9a2193de4c6581ee
2026-08-21 13:43:05 [main] INFO  t.g.io/epos-eric/metadata-database/deploy:main - Container ghcr.io/epos-eric/metadata-database/deploy:main started in PT4.703481086S
2026-08-21 13:43:05 [main] INFO  t.g.io/epos-eric/metadata-database/deploy:main - Container is started (JDBC URL: jdbc:postgresql://localhost:33176/cerif?loggerLevel=OFF)
2026-08-21 13:43:05 [main] INFO  com.zaxxer.hikari.HikariDataSource - metadata_catalogue - Starting...
2026-08-21 13:43:05 [main] INFO  com.zaxxer.hikari.pool.HikariPool - metadata_catalogue - Added connection org.postgresql.jdbc.PgConnection@48d71e6a
2026-08-21 13:43:05 [main] INFO  com.zaxxer.hikari.HikariDataSource - metadata_catalogue - Start completed.
2026-08-21 13:43:05 [main] INFO  com.zaxxer.hikari.HikariDataSource - metadata_catalogue - Shutdown initiated...
2026-08-21 13:43:05 [main] INFO  com.zaxxer.hikari.HikariDataSource - metadata_catalogue - Shutdown completed.
2026-08-21 13:43:05 [main] INFO  t.g.io/epos-eric/metadata-database/deploy:main - Creating container for image: ghcr.io/epos-eric/metadata-database/deploy:main
2026-08-21 13:43:05 [main] INFO  t.g.io/epos-eric/metadata-database/deploy:main - Container ghcr.io/epos-eric/metadata-database/deploy:main is starting: dff899c15726e078f999969b9360b8db3fc2a5bd62c213cea1d9313df12fa3a7
2026-08-21 13:43:09 [main] INFO  t.g.io/epos-eric/metadata-database/deploy:main - Container ghcr.io/epos-eric/metadata-database/deploy:main started in PT3.924490984S
2026-08-21 13:43:09 [main] INFO  t.g.io/epos-eric/metadata-database/deploy:main - Container is started (JDBC URL: jdbc:postgresql://localhost:33177/cerif?loggerLevel=OFF)
2026-08-21 13:43:09 [main] INFO  com.zaxxer.hikari.HikariDataSource - metadata_catalogue - Starting...
2026-08-21 13:43:09 [main] INFO  com.zaxxer.hikari.pool.HikariPool - metadata_catalogue - Added connection org.postgresql.jdbc.PgConnection@366a0ebf
2026-08-21 13:43:09 [main] INFO  com.zaxxer.hikari.HikariDataSource - metadata_catalogue - Start completed.
2026-08-21 13:43:09 [main] INFO  com.zaxxer.hikari.HikariDataSource - metadata_catalogue - Shutdown initiated...
2026-08-21 13:43:09 [main] INFO  com.zaxxer.hikari.HikariDataSource - metadata_catalogue - Shutdown completed.
2026-08-21 13:43:10 [main] INFO  t.g.io/epos-eric/metadata-database/deploy:main - Creating container for image: ghcr.io/epos-eric/metadata-database/deploy:main
2026-08-21 13:43:10 [main] INFO  t.g.io/epos-eric/metadata-database/deploy:main - Container ghcr.io/epos-eric/metadata-database/deploy:main is starting: 464ca0735c32e68618f7c80da81d87f5061b710ca1f1dbb1c3754710bb56679c
2026-08-21 13:43:14 [main] INFO  t.g.io/epos-eric/metadata-database/deploy:main - Container ghcr.io/epos-eric/metadata-database/deploy:main started in PT4.288234289S
2026-08-21 13:43:14 [main] INFO  t.g.io/epos-eric/metadata-database/deploy:main - Container is started (JDBC URL: jdbc:postgresql://localhost:33178/cerif?loggerLevel=OFF)
2026-08-21 13:43:14 [main] INFO  com.zaxxer.hikari.HikariDataSource - metadata_catalogue - Starting...
2026-08-21 13:43:14 [main] INFO  com.zaxxer.hikari.pool.HikariPool - metadata_catalogue - Added connection org.postgresql.jdbc.PgConnection@64d3fb7f
2026-08-21 13:43:14 [main] INFO  com.zaxxer.hikari.HikariDataSource - metadata_catalogue - Start completed.
2026-08-21 13:43:15 [main] INFO  com.zaxxer.hikari.HikariDataSource - metadata_catalogue - Shutdown initiated...
2026-08-21 13:43:15 [main] INFO  com.zaxxer.hikari.HikariDataSource - metadata_catalogue - Shutdown completed.
2026-08-21 13:43:15 [main] INFO  t.g.io/epos-eric/metadata-database/deploy:main - Creating container for image: ghcr.io/epos-eric/metadata-database/deploy:main
2026-08-21 13:43:15 [main] INFO  t.g.io/epos-eric/metadata-database/deploy:main - Container ghcr.io/epos-eric/metadata-database/deploy:main is starting: 681f669031fa44ec31538d800b8dd0d65b626e732dd49e5a0e4fa90a9b452a47
2026-08-21 13:43:19 [main] INFO  t.g.io/epos-eric/metadata-database/deploy:main - Container ghcr.io/epos-eric/metadata-database/deploy:main started in PT4.277060492S
2026-08-21 13:43:19 [main] INFO  t.g.io/epos-eric/metadata-database/deploy:main - Container is started (JDBC URL: jdbc:postgresql://localhost:33179/cerif?loggerLevel=OFF)
2026-08-21 13:43:19 [main] INFO  com.zaxxer.hikari.HikariDataSource - metadata_catalogue - Starting...
2026-08-21 13:43:19 [main] INFO  com.zaxxer.hikari.pool.HikariPool - metadata_catalogue - Added connection org.postgresql.jdbc.PgConnection@6356e336
2026-08-21 13:43:19 [main] INFO  com.zaxxer.hikari.HikariDataSource - metadata_catalogue - Start completed.
2026-08-21 13:43:20 [main] INFO  com.zaxxer.hikari.HikariDataSource - metadata_catalogue - Shutdown initiated...
2026-08-21 13:43:20 [main] INFO  com.zaxxer.hikari.HikariDataSource - metadata_catalogue - Shutdown completed.
2026-08-21 13:43:20 [main] INFO  t.g.io/epos-eric/metadata-database/deploy:main - Creating container for image: ghcr.io/epos-eric/metadata-database/deploy:main
2026-08-21 13:43:20 [main] INFO  t.g.io/epos-eric/metadata-database/deploy:main - Container ghcr.io/epos-eric/metadata-database/deploy:main is starting: 3ee81a11b5705f76a7080dd8fbc59235e4a7e499dcd77b1cdcee389a15491d66
2026-08-21 13:43:25 [main] INFO  t.g.io/epos-eric/metadata-database/deploy:main - Container ghcr.io/epos-eric/metadata-database/deploy:main started in PT4.842412679S
2026-08-21 13:43:25 [main] INFO  t.g.io/epos-eric/metadata-database/deploy:main - Container is started (JDBC URL: jdbc:postgresql://localhost:33180/cerif?loggerLevel=OFF)
2026-08-21 13:43:25 [main] INFO  com.zaxxer.hikari.HikariDataSource - metadata_catalogue - Starting...
2026-08-21 13:43:25 [main] INFO  com.zaxxer.hikari.pool.HikariPool - metadata_catalogue - Added connection org.postgresql.jdbc.PgConnection@6e6e2043
2026-08-21 13:43:25 [main] INFO  com.zaxxer.hikari.HikariDataSource - metadata_catalogue - Start completed.
2026-08-21 13:43:25 [main] INFO  com.zaxxer.hikari.HikariDataSource - metadata_catalogue - Shutdown initiated...
2026-08-21 13:43:25 [main] INFO  com.zaxxer.hikari.HikariDataSource - metadata_catalogue - Shutdown completed.
2026-08-21 13:43:26 [main] INFO  t.g.io/epos-eric/metadata-database/deploy:main - Creating container for image: ghcr.io/epos-eric/metadata-database/deploy:main
2026-08-21 13:43:26 [main] INFO  t.g.io/epos-eric/metadata-database/deploy:main - Container ghcr.io/epos-eric/metadata-database/deploy:main is starting: 307b392a451a04424b94165ac21ed91360d9a77dda09c7e12b61b7a916d789f6
2026-08-21 13:43:30 [main] INFO  t.g.io/epos-eric/metadata-database/deploy:main - Container ghcr.io/epos-eric/metadata-database/deploy:main started in PT4.44503292S
2026-08-21 13:43:30 [main] INFO  t.g.io/epos-eric/metadata-database/deploy:main - Container is started (JDBC URL: jdbc:postgresql://localhost:33181/cerif?loggerLevel=OFF)
2026-08-21 13:43:30 [main] INFO  com.zaxxer.hikari.HikariDataSource - metadata_catalogue - Starting...
2026-08-21 13:43:30 [main] INFO  com.zaxxer.hikari.pool.HikariPool - metadata_catalogue - Added connection org.postgresql.jdbc.PgConnection@bbed40c
2026-08-21 13:43:30 [main] INFO  com.zaxxer.hikari.HikariDataSource - metadata_catalogue - Start completed.
2026-08-21 13:43:30 [main] INFO  com.zaxxer.hikari.HikariDataSource - metadata_catalogue - Shutdown initiated...
2026-08-21 13:43:30 [main] INFO  com.zaxxer.hikari.HikariDataSource - metadata_catalogue - Shutdown completed.
2026-08-21 13:43:31 [main] INFO  t.g.io/epos-eric/metadata-database/deploy:main - Creating container for image: ghcr.io/epos-eric/metadata-database/deploy:main
2026-08-21 13:43:31 [main] INFO  t.g.io/epos-eric/metadata-database/deploy:main - Container ghcr.io/epos-eric/metadata-database/deploy:main is starting: fd5c5f13ae474b9c1051b3c5ef53738d51d118df9bed53584e6dfa060786eb4e
2026-08-21 13:43:36 [main] INFO  t.g.io/epos-eric/metadata-database/deploy:main - Container ghcr.io/epos-eric/metadata-database/deploy:main started in PT4.878056993S
2026-08-21 13:43:36 [main] INFO  t.g.io/epos-eric/metadata-database/deploy:main - Container is started (JDBC URL: jdbc:postgresql://localhost:33182/cerif?loggerLevel=OFF)
2026-08-21 13:43:36 [main] INFO  com.zaxxer.hikari.HikariDataSource - metadata_catalogue - Starting...
2026-08-21 13:43:36 [main] INFO  com.zaxxer.hikari.pool.HikariPool - metadata_catalogue - Added connection org.postgresql.jdbc.PgConnection@51561b71
2026-08-21 13:43:36 [main] INFO  com.zaxxer.hikari.HikariDataSource - metadata_catalogue - Start completed.
2026-08-21 13:43:38 [main] INFO  com.zaxxer.hikari.HikariDataSource - metadata_catalogue - Shutdown initiated...
2026-08-21 13:43:38 [main] INFO  com.zaxxer.hikari.HikariDataSource - metadata_catalogue - Shutdown completed.
2026-08-21 13:43:39 [main] INFO  t.g.io/epos-eric/metadata-database/deploy:main - Creating container for image: ghcr.io/epos-eric/metadata-database/deploy:main
2026-08-21 13:43:39 [main] INFO  t.g.io/epos-eric/metadata-database/deploy:main - Container ghcr.io/epos-eric/metadata-database/deploy:main is starting: 998cde43dae8a72c7a3989a0f11e5a28c56fd054db0675d60046246d517f830d
2026-08-21 13:43:43 [main] INFO  t.g.io/epos-eric/metadata-database/deploy:main - Container ghcr.io/epos-eric/metadata-database/deploy:main started in PT4.64497524S
2026-08-21 13:43:43 [main] INFO  t.g.io/epos-eric/metadata-database/deploy:main - Container is started (JDBC URL: jdbc:postgresql://localhost:33183/cerif?loggerLevel=OFF)
2026-08-21 13:43:43 [main] INFO  com.zaxxer.hikari.HikariDataSource - metadata_catalogue - Starting...
2026-08-21 13:43:43 [main] INFO  com.zaxxer.hikari.pool.HikariPool - metadata_catalogue - Added connection org.postgresql.jdbc.PgConnection@113649c0
2026-08-21 13:43:43 [main] INFO  com.zaxxer.hikari.HikariDataSource - metadata_catalogue - Start completed.
2026-08-21 13:43:44 [main] INFO  com.zaxxer.hikari.HikariDataSource - metadata_catalogue - Shutdown initiated...
2026-08-21 13:43:44 [main] INFO  com.zaxxer.hikari.HikariDataSource - metadata_catalogue - Shutdown completed.
2026-08-21 13:43:44 [main] INFO  t.g.io/epos-eric/metadata-database/deploy:main - Creating container for image: ghcr.io/epos-eric/metadata-database/deploy:main
2026-08-21 13:43:44 [main] INFO  t.g.io/epos-eric/metadata-database/deploy:main - Container ghcr.io/epos-eric/metadata-database/deploy:main is starting: 4c15b9f5833c132c274734fc56db9f27c85f0b582987f32e6567ae3387bc5427
2026-08-21 13:43:48 [main] INFO  t.g.io/epos-eric/metadata-database/deploy:main - Container ghcr.io/epos-eric/metadata-database/deploy:main started in PT4.165191986S
2026-08-21 13:43:48 [main] INFO  t.g.io/epos-eric/metadata-database/deploy:main - Container is started (JDBC URL: jdbc:postgresql://localhost:33184/cerif?loggerLevel=OFF)
2026-08-21 13:43:48 [main] INFO  com.zaxxer.hikari.HikariDataSource - metadata_catalogue - Starting...
2026-08-21 13:43:48 [main] INFO  com.zaxxer.hikari.pool.HikariPool - metadata_catalogue - Added connection org.postgresql.jdbc.PgConnection@76763e2e
2026-08-21 13:43:48 [main] INFO  com.zaxxer.hikari.HikariDataSource - metadata_catalogue - Start completed.
2026-08-21 13:43:48 [main] INFO  com.zaxxer.hikari.HikariDataSource - metadata_catalogue - Shutdown initiated...
2026-08-21 13:43:48 [main] INFO  com.zaxxer.hikari.HikariDataSource - metadata_catalogue - Shutdown completed.
2026-08-21 13:43:49 [main] INFO  t.g.io/epos-eric/metadata-database/deploy:main - Creating container for image: ghcr.io/epos-eric/metadata-database/deploy:main
2026-08-21 13:43:49 [main] INFO  t.g.io/epos-eric/metadata-database/deploy:main - Container ghcr.io/epos-eric/metadata-database/deploy:main is starting: da96ec1b2941773ff0a336a7ecf3330a8a7e281f85b28bb874a9648390093bd4
2026-08-21 13:43:53 [main] INFO  t.g.io/epos-eric/metadata-database/deploy:main - Container ghcr.io/epos-eric/metadata-database/deploy:main started in PT4.763617946S
2026-08-21 13:43:53 [main] INFO  t.g.io/epos-eric/metadata-database/deploy:main - Container is started (JDBC URL: jdbc:postgresql://localhost:33185/cerif?loggerLevel=OFF)
2026-08-21 13:43:53 [main] INFO  com.zaxxer.hikari.HikariDataSource - metadata_catalogue - Starting...
2026-08-21 13:43:53 [main] INFO  com.zaxxer.hikari.pool.HikariPool - metadata_catalogue - Added connection org.postgresql.jdbc.PgConnection@58ee9101
2026-08-21 13:43:53 [main] INFO  com.zaxxer.hikari.HikariDataSource - metadata_catalogue - Start completed.
2026-08-21 13:43:54 [main] INFO  com.zaxxer.hikari.HikariDataSource - metadata_catalogue - Shutdown initiated...
2026-08-21 13:43:54 [main] INFO  com.zaxxer.hikari.HikariDataSource - metadata_catalogue - Shutdown completed.
2026-08-21 13:43:54 [main] INFO  t.g.io/epos-eric/metadata-database/deploy:main - Creating container for image: ghcr.io/epos-eric/metadata-database/deploy:main
2026-08-21 13:43:54 [main] INFO  t.g.io/epos-eric/metadata-database/deploy:main - Container ghcr.io/epos-eric/metadata-database/deploy:main is starting: 3af977c6a92acf08a9ab54cacd4176b5f817fae0252b30792358baddb8d12719
2026-08-21 13:43:59 [main] INFO  t.g.io/epos-eric/metadata-database/deploy:main - Container ghcr.io/epos-eric/metadata-database/deploy:main started in PT4.575753784S
2026-08-21 13:43:59 [main] INFO  t.g.io/epos-eric/metadata-database/deploy:main - Container is started (JDBC URL: jdbc:postgresql://localhost:33186/cerif?loggerLevel=OFF)
2026-08-21 13:43:59 [main] INFO  com.zaxxer.hikari.HikariDataSource - metadata_catalogue - Starting...
2026-08-21 13:43:59 [main] INFO  com.zaxxer.hikari.pool.HikariPool - metadata_catalogue - Added connection org.postgresql.jdbc.PgConnection@385d90ed
2026-08-21 13:43:59 [main] INFO  com.zaxxer.hikari.HikariDataSource - metadata_catalogue - Start completed.
2026-08-21 13:43:59 [main] INFO  com.zaxxer.hikari.HikariDataSource - metadata_catalogue - Shutdown initiated...
2026-08-21 13:43:59 [main] INFO  com.zaxxer.hikari.HikariDataSource - metadata_catalogue - Shutdown completed.
2026-08-21 13:43:59 [main] INFO  t.g.io/epos-eric/metadata-database/deploy:main - Creating container for image: ghcr.io/epos-eric/metadata-database/deploy:main
2026-08-21 13:44:00 [main] INFO  t.g.io/epos-eric/metadata-database/deploy:main - Container ghcr.io/epos-eric/metadata-database/deploy:main is starting: 5bd95c83bf6b30fad6f69c01e650898a7ea739181b610365e8ade237e766e0be
2026-08-21 13:44:04 [main] INFO  t.g.io/epos-eric/metadata-database/deploy:main - Container ghcr.io/epos-eric/metadata-database/deploy:main started in PT4.926989078S
2026-08-21 13:44:04 [main] INFO  t.g.io/epos-eric/metadata-database/deploy:main - Container is started (JDBC URL: jdbc:postgresql://localhost:33187/cerif?loggerLevel=OFF)
2026-08-21 13:44:04 [main] INFO  com.zaxxer.hikari.HikariDataSource - metadata_catalogue - Starting...
2026-08-21 13:44:04 [main] INFO  com.zaxxer.hikari.pool.HikariPool - metadata_catalogue - Added connection org.postgresql.jdbc.PgConnection@627e02bb
2026-08-21 13:44:04 [main] INFO  com.zaxxer.hikari.HikariDataSource - metadata_catalogue - Start completed.
2026-08-21 13:44:04 [main] INFO  com.zaxxer.hikari.HikariDataSource - metadata_catalogue - Shutdown initiated...
2026-08-21 13:44:05 [main] INFO  com.zaxxer.hikari.HikariDataSource - metadata_catalogue - Shutdown completed.
2026-08-21 13:44:05 [main] INFO  t.g.io/epos-eric/metadata-database/deploy:main - Creating container for image: ghcr.io/epos-eric/metadata-database/deploy:main
2026-08-21 13:44:05 [main] INFO  t.g.io/epos-eric/metadata-database/deploy:main - Container ghcr.io/epos-eric/metadata-database/deploy:main is starting: fa97ad61ab5ef2b2759ce0c77a844807be94d561ae2445c5d27a8f93d5d0a357
2026-08-21 13:44:09 [main] INFO  t.g.io/epos-eric/metadata-database/deploy:main - Container ghcr.io/epos-eric/metadata-database/deploy:main started in PT4.161083858S
2026-08-21 13:44:09 [main] INFO  t.g.io/epos-eric/metadata-database/deploy:main - Container is started (JDBC URL: jdbc:postgresql://localhost:33188/cerif?loggerLevel=OFF)
2026-08-21 13:44:09 [main] INFO  com.zaxxer.hikari.HikariDataSource - metadata_catalogue - Starting...
2026-08-21 13:44:09 [main] INFO  com.zaxxer.hikari.pool.HikariPool - metadata_catalogue - Added connection org.postgresql.jdbc.PgConnection@1eafd04e
2026-08-21 13:44:09 [main] INFO  com.zaxxer.hikari.HikariDataSource - metadata_catalogue - Start completed.
2026-08-21 13:44:09 [main] INFO  com.zaxxer.hikari.HikariDataSource - metadata_catalogue - Shutdown initiated...
2026-08-21 13:44:09 [main] INFO  com.zaxxer.hikari.HikariDataSource - metadata_catalogue - Shutdown completed.
2026-08-21 13:44:10 [main] INFO  t.g.io/epos-eric/metadata-database/deploy:main - Creating container for image: ghcr.io/epos-eric/metadata-database/deploy:main
2026-08-21 13:44:10 [main] INFO  t.g.io/epos-eric/metadata-database/deploy:main - Container ghcr.io/epos-eric/metadata-database/deploy:main is starting: cf09db06e86068b4498e6378cf150b2fce7d0d40ff060f5e1099369e56cf0319
2026-08-21 13:44:14 [main] INFO  t.g.io/epos-eric/metadata-database/deploy:main - Container ghcr.io/epos-eric/metadata-database/deploy:main started in PT4.670669488S
2026-08-21 13:44:14 [main] INFO  t.g.io/epos-eric/metadata-database/deploy:main - Container is started (JDBC URL: jdbc:postgresql://localhost:33189/cerif?loggerLevel=OFF)
2026-08-21 13:44:14 [main] INFO  com.zaxxer.hikari.HikariDataSource - metadata_catalogue - Starting...
2026-08-21 13:44:14 [main] INFO  com.zaxxer.hikari.pool.HikariPool - metadata_catalogue - Added connection org.postgresql.jdbc.PgConnection@14cd449e
2026-08-21 13:44:14 [main] INFO  com.zaxxer.hikari.HikariDataSource - metadata_catalogue - Start completed.
2026-08-21 13:44:15 [main] INFO  com.zaxxer.hikari.HikariDataSource - metadata_catalogue - Shutdown initiated...
2026-08-21 13:44:15 [main] INFO  com.zaxxer.hikari.HikariDataSource - metadata_catalogue - Shutdown completed.
2026-08-21 13:44:15 [main] INFO  t.g.io/epos-eric/metadata-database/deploy:main - Creating container for image: ghcr.io/epos-eric/metadata-database/deploy:main
2026-08-21 13:44:15 [main] INFO  t.g.io/epos-eric/metadata-database/deploy:main - Container ghcr.io/epos-eric/metadata-database/deploy:main is starting: 02138e644300346693220894ac627c34c6f319144772c2b423562c106668e534
2026-08-21 13:44:19 [main] INFO  t.g.io/epos-eric/metadata-database/deploy:main - Container ghcr.io/epos-eric/metadata-database/deploy:main started in PT4.426394184S
2026-08-21 13:44:19 [main] INFO  t.g.io/epos-eric/metadata-database/deploy:main - Container is started (JDBC URL: jdbc:postgresql://localhost:33190/cerif?loggerLevel=OFF)
2026-08-21 13:44:19 [main] INFO  com.zaxxer.hikari.HikariDataSource - metadata_catalogue - Starting...
2026-08-21 13:44:19 [main] INFO  com.zaxxer.hikari.pool.HikariPool - metadata_catalogue - Added connection org.postgresql.jdbc.PgConnection@1b360970
2026-08-21 13:44:19 [main] INFO  com.zaxxer.hikari.HikariDataSource - metadata_catalogue - Start completed.
2026-08-21 13:44:20 [main] INFO  com.zaxxer.hikari.HikariDataSource - metadata_catalogue - Shutdown initiated...
2026-08-21 13:44:20 [main] INFO  com.zaxxer.hikari.HikariDataSource - metadata_catalogue - Shutdown completed.
2026-08-21 13:44:20 [main] INFO  t.g.io/epos-eric/metadata-database/deploy:main - Creating container for image: ghcr.io/epos-eric/metadata-database/deploy:main
2026-08-21 13:44:20 [main] INFO  t.g.io/epos-eric/metadata-database/deploy:main - Container ghcr.io/epos-eric/metadata-database/deploy:main is starting: 8c478b9d784e526cc6f2a62e1e6e8c6ce597ed8e8cad308b5e81a6891f02f9a3
2026-08-21 13:44:25 [main] INFO  t.g.io/epos-eric/metadata-database/deploy:main - Container ghcr.io/epos-eric/metadata-database/deploy:main started in PT4.676194114S
2026-08-21 13:44:25 [main] INFO  t.g.io/epos-eric/metadata-database/deploy:main - Container is started (JDBC URL: jdbc:postgresql://localhost:33191/cerif?loggerLevel=OFF)
2026-08-21 13:44:25 [main] INFO  com.zaxxer.hikari.HikariDataSource - metadata_catalogue - Starting...
2026-08-21 13:44:25 [main] INFO  com.zaxxer.hikari.pool.HikariPool - metadata_catalogue - Added connection org.postgresql.jdbc.PgConnection@1828f220
2026-08-21 13:44:25 [main] INFO  com.zaxxer.hikari.HikariDataSource - metadata_catalogue - Start completed.
2026-08-21 13:44:25 [main] INFO  com.zaxxer.hikari.HikariDataSource - metadata_catalogue - Shutdown initiated...
2026-08-21 13:44:25 [main] INFO  com.zaxxer.hikari.HikariDataSource - metadata_catalogue - Shutdown completed.
2026-08-21 13:44:26 [main] INFO  t.g.io/epos-eric/metadata-database/deploy:main - Creating container for image: ghcr.io/epos-eric/metadata-database/deploy:main
2026-08-21 13:44:26 [main] INFO  t.g.io/epos-eric/metadata-database/deploy:main - Container ghcr.io/epos-eric/metadata-database/deploy:main is starting: b604492145d00f69af52eff457276b00150bb89f2bd1281b0016e9838f13f12d
2026-08-21 13:44:30 [main] INFO  t.g.io/epos-eric/metadata-database/deploy:main - Container ghcr.io/epos-eric/metadata-database/deploy:main started in PT4.699295723S
2026-08-21 13:44:30 [main] INFO  t.g.io/epos-eric/metadata-database/deploy:main - Container is started (JDBC URL: jdbc:postgresql://localhost:33192/cerif?loggerLevel=OFF)
2026-08-21 13:44:30 [main] INFO  com.zaxxer.hikari.HikariDataSource - metadata_catalogue - Starting...
2026-08-21 13:44:31 [main] INFO  com.zaxxer.hikari.pool.HikariPool - metadata_catalogue - Added connection org.postgresql.jdbc.PgConnection@50185319
2026-08-21 13:44:31 [main] INFO  com.zaxxer.hikari.HikariDataSource - metadata_catalogue - Start completed.
2026-08-21 13:44:31 [main] INFO  com.zaxxer.hikari.HikariDataSource - metadata_catalogue - Shutdown initiated...
2026-08-21 13:44:31 [main] INFO  com.zaxxer.hikari.HikariDataSource - metadata_catalogue - Shutdown completed.
2026-08-21 13:44:31 [main] INFO  t.g.io/epos-eric/metadata-database/deploy:main - Creating container for image: ghcr.io/epos-eric/metadata-database/deploy:main
2026-08-21 13:44:31 [main] INFO  t.g.io/epos-eric/metadata-database/deploy:main - Container ghcr.io/epos-eric/metadata-database/deploy:main is starting: 6087950e64ecaed120537db953823cd80075e3dbd113472ad26e3b2f07c3d501
2026-08-21 13:44:35 [main] INFO  t.g.io/epos-eric/metadata-database/deploy:main - Container ghcr.io/epos-eric/metadata-database/deploy:main started in PT3.817192015S
2026-08-21 13:44:35 [main] INFO  t.g.io/epos-eric/metadata-database/deploy:main - Container is started (JDBC URL: jdbc:postgresql://localhost:33193/cerif?loggerLevel=OFF)
2026-08-21 13:44:35 [main] INFO  com.zaxxer.hikari.HikariDataSource - metadata_catalogue - Starting...
2026-08-21 13:44:35 [main] INFO  com.zaxxer.hikari.pool.HikariPool - metadata_catalogue - Added connection org.postgresql.jdbc.PgConnection@33b40d3b
2026-08-21 13:44:35 [main] INFO  com.zaxxer.hikari.HikariDataSource - metadata_catalogue - Start completed.
2026-08-21 13:44:47 [main] INFO  com.zaxxer.hikari.HikariDataSource - metadata_catalogue - Shutdown initiated...
2026-08-21 13:44:47 [main] INFO  com.zaxxer.hikari.HikariDataSource - metadata_catalogue - Shutdown completed.
2026-08-21 13:44:47 [main] INFO  t.g.io/epos-eric/metadata-database/deploy:main - Creating container for image: ghcr.io/epos-eric/metadata-database/deploy:main
2026-08-21 13:44:47 [main] INFO  t.g.io/epos-eric/metadata-database/deploy:main - Container ghcr.io/epos-eric/metadata-database/deploy:main is starting: 756e42a006582eb60ff88003a1e1eb788016580ede5af80b0e5ca7b54bd19ad1
2026-08-21 13:44:52 [main] INFO  t.g.io/epos-eric/metadata-database/deploy:main - Container ghcr.io/epos-eric/metadata-database/deploy:main started in PT4.404674813S
2026-08-21 13:44:52 [main] INFO  t.g.io/epos-eric/metadata-database/deploy:main - Container is started (JDBC URL: jdbc:postgresql://localhost:33194/cerif?loggerLevel=OFF)
2026-08-21 13:44:52 [main] INFO  com.zaxxer.hikari.HikariDataSource - metadata_catalogue - Starting...
2026-08-21 13:44:52 [main] INFO  com.zaxxer.hikari.pool.HikariPool - metadata_catalogue - Added connection org.postgresql.jdbc.PgConnection@46ba0985
2026-08-21 13:44:52 [main] INFO  com.zaxxer.hikari.HikariDataSource - metadata_catalogue - Start completed.
2026-08-21 13:44:52 [main] INFO  com.zaxxer.hikari.HikariDataSource - metadata_catalogue - Shutdown initiated...
2026-08-21 13:44:52 [main] INFO  com.zaxxer.hikari.HikariDataSource - metadata_catalogue - Shutdown completed.
2026-08-21 13:44:52 [main] INFO  t.g.io/epos-eric/metadata-database/deploy:main - Creating container for image: ghcr.io/epos-eric/metadata-database/deploy:main
2026-08-21 13:44:53 [main] INFO  t.g.io/epos-eric/metadata-database/deploy:main - Container ghcr.io/epos-eric/metadata-database/deploy:main is starting: 1f732da705705b539067dd855f466da12e8971bab311e7588a2478421cbbf567
2026-08-21 13:44:56 [main] INFO  t.g.io/epos-eric/metadata-database/deploy:main - Container ghcr.io/epos-eric/metadata-database/deploy:main started in PT3.995655161S
2026-08-21 13:44:56 [main] INFO  t.g.io/epos-eric/metadata-database/deploy:main - Container is started (JDBC URL: jdbc:postgresql://localhost:33195/cerif?loggerLevel=OFF)
2026-08-21 13:44:56 [main] INFO  com.zaxxer.hikari.HikariDataSource - metadata_catalogue - Starting...
2026-08-21 13:44:56 [main] INFO  com.zaxxer.hikari.pool.HikariPool - metadata_catalogue - Added connection org.postgresql.jdbc.PgConnection@445f7586
2026-08-21 13:44:56 [main] INFO  com.zaxxer.hikari.HikariDataSource - metadata_catalogue - Start completed.
2026-08-21 13:44:57 [main] INFO  com.zaxxer.hikari.HikariDataSource - metadata_catalogue - Shutdown initiated...
2026-08-21 13:44:57 [main] INFO  com.zaxxer.hikari.HikariDataSource - metadata_catalogue - Shutdown completed.
2026-08-21 13:44:57 [main] INFO  t.g.io/epos-eric/metadata-database/deploy:main - Creating container for image: ghcr.io/epos-eric/metadata-database/deploy:main
2026-08-21 13:44:57 [main] INFO  t.g.io/epos-eric/metadata-database/deploy:main - Container ghcr.io/epos-eric/metadata-database/deploy:main is starting: b935a147b4165a250d0e2c75a4396a9712d3a3319bbc0288e447b65476c33ba9
2026-08-21 13:45:02 [main] INFO  t.g.io/epos-eric/metadata-database/deploy:main - Container ghcr.io/epos-eric/metadata-database/deploy:main started in PT4.651217412S
2026-08-21 13:45:02 [main] INFO  t.g.io/epos-eric/metadata-database/deploy:main - Container is started (JDBC URL: jdbc:postgresql://localhost:33196/cerif?loggerLevel=OFF)
2026-08-21 13:45:02 [main] INFO  com.zaxxer.hikari.HikariDataSource - metadata_catalogue - Starting...
2026-08-21 13:45:02 [main] INFO  com.zaxxer.hikari.pool.HikariPool - metadata_catalogue - Added connection org.postgresql.jdbc.PgConnection@182fdfa8
2026-08-21 13:45:02 [main] INFO  com.zaxxer.hikari.HikariDataSource - metadata_catalogue - Start completed.
2026-08-21 13:45:02 [main] INFO  com.zaxxer.hikari.HikariDataSource - metadata_catalogue - Shutdown initiated...
2026-08-21 13:45:02 [main] INFO  com.zaxxer.hikari.HikariDataSource - metadata_catalogue - Shutdown completed.
2026-08-21 13:45:02 [main] INFO  t.g.io/epos-eric/metadata-database/deploy:main - Creating container for image: ghcr.io/epos-eric/metadata-database/deploy:main
2026-08-21 13:45:02 [main] INFO  t.g.io/epos-eric/metadata-database/deploy:main - Container ghcr.io/epos-eric/metadata-database/deploy:main is starting: 4b27fc9be270b41c8eca3182fef8a1a6146255182acf38551657199bcbc16c0b
2026-08-21 13:45:06 [main] INFO  t.g.io/epos-eric/metadata-database/deploy:main - Container ghcr.io/epos-eric/metadata-database/deploy:main started in PT3.883994313S
2026-08-21 13:45:06 [main] INFO  t.g.io/epos-eric/metadata-database/deploy:main - Container is started (JDBC URL: jdbc:postgresql://localhost:33197/cerif?loggerLevel=OFF)
2026-08-21 13:45:06 [main] INFO  com.zaxxer.hikari.HikariDataSource - metadata_catalogue - Starting...
2026-08-21 13:45:06 [main] INFO  com.zaxxer.hikari.pool.HikariPool - metadata_catalogue - Added connection org.postgresql.jdbc.PgConnection@26c2c007
2026-08-21 13:45:06 [main] INFO  com.zaxxer.hikari.HikariDataSource - metadata_catalogue - Start completed.
2026-08-21 13:45:06 [main] INFO  com.zaxxer.hikari.HikariDataSource - metadata_catalogue - Shutdown initiated...
2026-08-21 13:45:06 [main] INFO  com.zaxxer.hikari.HikariDataSource - metadata_catalogue - Shutdown completed.
2026-08-21 13:45:07 [main] INFO  t.g.io/epos-eric/metadata-database/deploy:main - Creating container for image: ghcr.io/epos-eric/metadata-database/deploy:main
2026-08-21 13:45:07 [main] INFO  t.g.io/epos-eric/metadata-database/deploy:main - Container ghcr.io/epos-eric/metadata-database/deploy:main is starting: ae1523704494d2338a7b73c17a32c9849b2f6873ba6eb9510d8bf7f21066d5a1
2026-08-21 13:45:11 [main] INFO  t.g.io/epos-eric/metadata-database/deploy:main - Container ghcr.io/epos-eric/metadata-database/deploy:main started in PT4.771445834S
2026-08-21 13:45:11 [main] INFO  t.g.io/epos-eric/metadata-database/deploy:main - Container is started (JDBC URL: jdbc:postgresql://localhost:33198/cerif?loggerLevel=OFF)
2026-08-21 13:45:11 [main] INFO  com.zaxxer.hikari.HikariDataSource - metadata_catalogue - Starting...
2026-08-21 13:45:11 [main] INFO  com.zaxxer.hikari.pool.HikariPool - metadata_catalogue - Added connection org.postgresql.jdbc.PgConnection@340e7663
2026-08-21 13:45:11 [main] INFO  com.zaxxer.hikari.HikariDataSource - metadata_catalogue - Start completed.
2026-08-21 13:45:12 [main] INFO  com.zaxxer.hikari.HikariDataSource - metadata_catalogue - Shutdown initiated...
2026-08-21 13:45:12 [main] INFO  com.zaxxer.hikari.HikariDataSource - metadata_catalogue - Shutdown completed.
2026-08-21 13:45:12 [main] INFO  t.g.io/epos-eric/metadata-database/deploy:main - Creating container for image: ghcr.io/epos-eric/metadata-database/deploy:main
2026-08-21 13:45:12 [main] INFO  t.g.io/epos-eric/metadata-database/deploy:main - Container ghcr.io/epos-eric/metadata-database/deploy:main is starting: fcda762a467b31b129177b6e5d3af49d539b4fd855552c3cd110cac0999ea776
2026-08-21 13:45:17 [main] INFO  t.g.io/epos-eric/metadata-database/deploy:main - Container ghcr.io/epos-eric/metadata-database/deploy:main started in PT4.629251872S
2026-08-21 13:45:17 [main] INFO  t.g.io/epos-eric/metadata-database/deploy:main - Container is started (JDBC URL: jdbc:postgresql://localhost:33199/cerif?loggerLevel=OFF)
2026-08-21 13:45:17 [main] INFO  com.zaxxer.hikari.HikariDataSource - metadata_catalogue - Starting...
2026-08-21 13:45:17 [main] INFO  com.zaxxer.hikari.pool.HikariPool - metadata_catalogue - Added connection org.postgresql.jdbc.PgConnection@77d1ab5a
2026-08-21 13:45:17 [main] INFO  com.zaxxer.hikari.HikariDataSource - metadata_catalogue - Start completed.
2026-08-21 13:45:17 [main] INFO  com.zaxxer.hikari.HikariDataSource - metadata_catalogue - Shutdown initiated...
2026-08-21 13:45:17 [main] INFO  com.zaxxer.hikari.HikariDataSource - metadata_catalogue - Shutdown completed.
2026-08-21 13:45:18 [main] INFO  t.g.io/epos-eric/metadata-database/deploy:main - Creating container for image: ghcr.io/epos-eric/metadata-database/deploy:main
2026-08-21 13:45:18 [main] INFO  t.g.io/epos-eric/metadata-database/deploy:main - Container ghcr.io/epos-eric/metadata-database/deploy:main is starting: d2ca2901bb195e2aa867b37eaddc0339faabf2363bdb49c57d5744c7f3c2f171
2026-08-21 13:45:22 [main] INFO  t.g.io/epos-eric/metadata-database/deploy:main - Container ghcr.io/epos-eric/metadata-database/deploy:main started in PT4.709237534S
2026-08-21 13:45:22 [main] INFO  t.g.io/epos-eric/metadata-database/deploy:main - Container is started (JDBC URL: jdbc:postgresql://localhost:33200/cerif?loggerLevel=OFF)
2026-08-21 13:45:22 [main] INFO  com.zaxxer.hikari.HikariDataSource - metadata_catalogue - Starting...
2026-08-21 13:45:22 [main] INFO  com.zaxxer.hikari.pool.HikariPool - metadata_catalogue - Added connection org.postgresql.jdbc.PgConnection@5090aa04
2026-08-21 13:45:22 [main] INFO  com.zaxxer.hikari.HikariDataSource - metadata_catalogue - Start completed.
2026-08-21 13:45:23 [main] INFO  com.zaxxer.hikari.HikariDataSource - metadata_catalogue - Shutdown initiated...
2026-08-21 13:45:23 [main] INFO  com.zaxxer.hikari.HikariDataSource - metadata_catalogue - Shutdown completed.
2026-08-21 13:45:24 [main] INFO  t.g.io/epos-eric/metadata-database/deploy:main - Creating container for image: ghcr.io/epos-eric/metadata-database/deploy:main
2026-08-21 13:45:24 [main] INFO  t.g.io/epos-eric/metadata-database/deploy:main - Container ghcr.io/epos-eric/metadata-database/deploy:main is starting: 4f2148d6b5237c53f643a192ac66f2defe3ed60689af5507dcb989b96869eee0
2026-08-21 13:45:28 [main] INFO  t.g.io/epos-eric/metadata-database/deploy:main - Container ghcr.io/epos-eric/metadata-database/deploy:main started in PT4.654972842S
2026-08-21 13:45:28 [main] INFO  t.g.io/epos-eric/metadata-database/deploy:main - Container is started (JDBC URL: jdbc:postgresql://localhost:33201/cerif?loggerLevel=OFF)
2026-08-21 13:45:28 [main] INFO  com.zaxxer.hikari.HikariDataSource - metadata_catalogue - Starting...
2026-08-21 13:45:28 [main] INFO  com.zaxxer.hikari.pool.HikariPool - metadata_catalogue - Added connection org.postgresql.jdbc.PgConnection@57b1b280
2026-08-21 13:45:28 [main] INFO  com.zaxxer.hikari.HikariDataSource - metadata_catalogue - Start completed.
2026-08-21 13:45:29 [main] INFO  com.zaxxer.hikari.HikariDataSource - metadata_catalogue - Shutdown initiated...
2026-08-21 13:45:29 [main] INFO  com.zaxxer.hikari.HikariDataSource - metadata_catalogue - Shutdown completed.
2026-08-21 13:45:29 [main] INFO  t.g.io/epos-eric/metadata-database/deploy:main - Creating container for image: ghcr.io/epos-eric/metadata-database/deploy:main
2026-08-21 13:45:29 [main] INFO  t.g.io/epos-eric/metadata-database/deploy:main - Container ghcr.io/epos-eric/metadata-database/deploy:main is starting: d154ce798909389376c397343d6e464496e3f1af2d0b8f0e03559f2541ed125b
2026-08-21 13:45:33 [main] INFO  t.g.io/epos-eric/metadata-database/deploy:main - Container ghcr.io/epos-eric/metadata-database/deploy:main started in PT3.930968105S
2026-08-21 13:45:33 [main] INFO  t.g.io/epos-eric/metadata-database/deploy:main - Container is started (JDBC URL: jdbc:postgresql://localhost:33202/cerif?loggerLevel=OFF)
2026-08-21 13:45:33 [main] INFO  com.zaxxer.hikari.HikariDataSource - metadata_catalogue - Starting...
2026-08-21 13:45:33 [main] INFO  com.zaxxer.hikari.pool.HikariPool - metadata_catalogue - Added connection org.postgresql.jdbc.PgConnection@47cfc1b9
2026-08-21 13:45:33 [main] INFO  com.zaxxer.hikari.HikariDataSource - metadata_catalogue - Start completed.
2026-08-21 13:45:33 [main] INFO  com.zaxxer.hikari.HikariDataSource - metadata_catalogue - Shutdown initiated...
2026-08-21 13:45:33 [main] INFO  com.zaxxer.hikari.HikariDataSource - metadata_catalogue - Shutdown completed.
2026-08-21 13:45:34 [main] INFO  t.g.io/epos-eric/metadata-database/deploy:main - Creating container for image: ghcr.io/epos-eric/metadata-database/deploy:main
2026-08-21 13:45:34 [main] INFO  t.g.io/epos-eric/metadata-database/deploy:main - Container ghcr.io/epos-eric/metadata-database/deploy:main is starting: 3e5bf673460b3ed8fa229a07f55cc61d82c5386ff6247622adbebb7d4c797d25
2026-08-21 13:45:38 [main] INFO  t.g.io/epos-eric/metadata-database/deploy:main - Container ghcr.io/epos-eric/metadata-database/deploy:main started in PT4.928629451S
2026-08-21 13:45:38 [main] INFO  t.g.io/epos-eric/metadata-database/deploy:main - Container is started (JDBC URL: jdbc:postgresql://localhost:33203/cerif?loggerLevel=OFF)
2026-08-21 13:45:38 [main] INFO  com.zaxxer.hikari.HikariDataSource - metadata_catalogue - Starting...
2026-08-21 13:45:39 [main] INFO  com.zaxxer.hikari.pool.HikariPool - metadata_catalogue - Added connection org.postgresql.jdbc.PgConnection@220e9483
2026-08-21 13:45:39 [main] INFO  com.zaxxer.hikari.HikariDataSource - metadata_catalogue - Start completed.
2026-08-21 13:45:39 [main] INFO  com.zaxxer.hikari.HikariDataSource - metadata_catalogue - Shutdown initiated...
2026-08-21 13:45:39 [main] INFO  com.zaxxer.hikari.HikariDataSource - metadata_catalogue - Shutdown completed.
2026-08-21 13:45:39 [main] INFO  t.g.io/epos-eric/metadata-database/deploy:main - Creating container for image: ghcr.io/epos-eric/metadata-database/deploy:main
2026-08-21 13:45:39 [main] INFO  t.g.io/epos-eric/metadata-database/deploy:main - Container ghcr.io/epos-eric/metadata-database/deploy:main is starting: 2e0ad2274fe95d90bdc6195b24d9e8fbe2eedab65d7971c48810c52b8ec4af7d
2026-08-21 13:45:42 [main] INFO  t.g.io/epos-eric/metadata-database/deploy:main - Container ghcr.io/epos-eric/metadata-database/deploy:main started in PT3.584467563S
2026-08-21 13:45:42 [main] INFO  t.g.io/epos-eric/metadata-database/deploy:main - Container is started (JDBC URL: jdbc:postgresql://localhost:33204/cerif?loggerLevel=OFF)
2026-08-21 13:45:42 [main] INFO  com.zaxxer.hikari.HikariDataSource - metadata_catalogue - Starting...
2026-08-21 13:45:42 [main] INFO  com.zaxxer.hikari.pool.HikariPool - metadata_catalogue - Added connection org.postgresql.jdbc.PgConnection@614a395b
2026-08-21 13:45:42 [main] INFO  com.zaxxer.hikari.HikariDataSource - metadata_catalogue - Start completed.
2026-08-21 13:45:43 [main] INFO  com.zaxxer.hikari.HikariDataSource - metadata_catalogue - Shutdown initiated...
2026-08-21 13:45:43 [main] INFO  com.zaxxer.hikari.HikariDataSource - metadata_catalogue - Shutdown completed.
2026-08-21 13:45:43 [main] INFO  t.g.io/epos-eric/metadata-database/deploy:main - Creating container for image: ghcr.io/epos-eric/metadata-database/deploy:main
2026-08-21 13:45:43 [main] INFO  t.g.io/epos-eric/metadata-database/deploy:main - Container ghcr.io/epos-eric/metadata-database/deploy:main is starting: 6968d291dc3d5abe542b0300bf9aebd6fd0d800a19cd69bfdc036e8764e947bc
2026-08-21 13:45:47 [main] INFO  t.g.io/epos-eric/metadata-database/deploy:main - Container ghcr.io/epos-eric/metadata-database/deploy:main started in PT3.696527588S
2026-08-21 13:45:47 [main] INFO  t.g.io/epos-eric/metadata-database/deploy:main - Container is started (JDBC URL: jdbc:postgresql://localhost:33205/cerif?loggerLevel=OFF)
2026-08-21 13:45:47 [main] INFO  com.zaxxer.hikari.HikariDataSource - metadata_catalogue - Starting...
2026-08-21 13:45:47 [main] INFO  com.zaxxer.hikari.pool.HikariPool - metadata_catalogue - Added connection org.postgresql.jdbc.PgConnection@189c4e56
2026-08-21 13:45:47 [main] INFO  com.zaxxer.hikari.HikariDataSource - metadata_catalogue - Start completed.
2026-08-21 13:45:47 [main] INFO  com.zaxxer.hikari.HikariDataSource - metadata_catalogue - Shutdown initiated...
2026-08-21 13:45:47 [main] INFO  com.zaxxer.hikari.HikariDataSource - metadata_catalogue - Shutdown completed.
2026-08-21 13:45:47 [main] INFO  t.g.io/epos-eric/metadata-database/deploy:main - Creating container for image: ghcr.io/epos-eric/metadata-database/deploy:main
2026-08-21 13:45:47 [main] INFO  t.g.io/epos-eric/metadata-database/deploy:main - Container ghcr.io/epos-eric/metadata-database/deploy:main is starting: bf6fb6bf340f1e59c7650aa147f9d5749df3088f5f26bf9a38b9d83fb93fe957
2026-08-21 13:45:51 [main] INFO  t.g.io/epos-eric/metadata-database/deploy:main - Container ghcr.io/epos-eric/metadata-database/deploy:main started in PT3.898869436S
2026-08-21 13:45:51 [main] INFO  t.g.io/epos-eric/metadata-database/deploy:main - Container is started (JDBC URL: jdbc:postgresql://localhost:33206/cerif?loggerLevel=OFF)
2026-08-21 13:45:51 [main] INFO  com.zaxxer.hikari.HikariDataSource - metadata_catalogue - Starting...
2026-08-21 13:45:51 [main] INFO  com.zaxxer.hikari.pool.HikariPool - metadata_catalogue - Added connection org.postgresql.jdbc.PgConnection@3457f854
2026-08-21 13:45:51 [main] INFO  com.zaxxer.hikari.HikariDataSource - metadata_catalogue - Start completed.
2026-08-21 13:45:51 [main] INFO  com.zaxxer.hikari.HikariDataSource - metadata_catalogue - Shutdown initiated...
2026-08-21 13:45:51 [main] INFO  com.zaxxer.hikari.HikariDataSource - metadata_catalogue - Shutdown completed.
2026-08-21 13:45:52 [main] INFO  t.g.io/epos-eric/metadata-database/deploy:main - Creating container for image: ghcr.io/epos-eric/metadata-database/deploy:main
2026-08-21 13:45:52 [main] INFO  t.g.io/epos-eric/metadata-database/deploy:main - Container ghcr.io/epos-eric/metadata-database/deploy:main is starting: 8097c45dfbcf14be20098056af4abe80cac93ea5d69cc0c22dce5730881a187c
2026-08-21 13:45:57 [main] INFO  t.g.io/epos-eric/metadata-database/deploy:main - Container ghcr.io/epos-eric/metadata-database/deploy:main started in PT5.103868039S
2026-08-21 13:45:57 [main] INFO  t.g.io/epos-eric/metadata-database/deploy:main - Container is started (JDBC URL: jdbc:postgresql://localhost:33207/cerif?loggerLevel=OFF)
2026-08-21 13:45:57 [main] INFO  com.zaxxer.hikari.HikariDataSource - metadata_catalogue - Starting...
2026-08-21 13:45:57 [main] INFO  com.zaxxer.hikari.pool.HikariPool - metadata_catalogue - Added connection org.postgresql.jdbc.PgConnection@677d6ec5
2026-08-21 13:45:57 [main] INFO  com.zaxxer.hikari.HikariDataSource - metadata_catalogue - Start completed.
2026-08-21 13:45:57 [main] INFO  com.zaxxer.hikari.HikariDataSource - metadata_catalogue - Shutdown initiated...
2026-08-21 13:45:57 [main] INFO  com.zaxxer.hikari.HikariDataSource - metadata_catalogue - Shutdown completed.
2026-08-21 13:45:58 [main] INFO  t.g.io/epos-eric/metadata-database/deploy:main - Creating container for image: ghcr.io/epos-eric/metadata-database/deploy:main
2026-08-21 13:45:58 [main] INFO  t.g.io/epos-eric/metadata-database/deploy:main - Container ghcr.io/epos-eric/metadata-database/deploy:main is starting: 23db48b6c8ca192995026cb4b57c49871a6f5ea3760e1c88f2d9afd5f1f94163
2026-08-21 13:46:03 [main] INFO  t.g.io/epos-eric/metadata-database/deploy:main - Container ghcr.io/epos-eric/metadata-database/deploy:main started in PT5.1498334S
2026-08-21 13:46:03 [main] INFO  t.g.io/epos-eric/metadata-database/deploy:main - Container is started (JDBC URL: jdbc:postgresql://localhost:33208/cerif?loggerLevel=OFF)
2026-08-21 13:46:03 [main] INFO  com.zaxxer.hikari.HikariDataSource - metadata_catalogue - Starting...
2026-08-21 13:46:03 [main] INFO  com.zaxxer.hikari.pool.HikariPool - metadata_catalogue - Added connection org.postgresql.jdbc.PgConnection@1653c6a8
2026-08-21 13:46:03 [main] INFO  com.zaxxer.hikari.HikariDataSource - metadata_catalogue - Start completed.
2026-08-21 13:46:03 [main] INFO  com.zaxxer.hikari.HikariDataSource - metadata_catalogue - Shutdown initiated...
2026-08-21 13:46:03 [main] INFO  com.zaxxer.hikari.HikariDataSource - metadata_catalogue - Shutdown completed.
2026-08-21 13:46:04 [main] INFO  t.g.io/epos-eric/metadata-database/deploy:main - Creating container for image: ghcr.io/epos-eric/metadata-database/deploy:main
2026-08-21 13:46:04 [main] INFO  t.g.io/epos-eric/metadata-database/deploy:main - Container ghcr.io/epos-eric/metadata-database/deploy:main is starting: ec211f9e35dd5c521d3a0ceda37080a140bdbecc79e7b91c2daef70fb4a1baba
2026-08-21 13:46:08 [main] INFO  t.g.io/epos-eric/metadata-database/deploy:main - Container ghcr.io/epos-eric/metadata-database/deploy:main started in PT3.952445304S
2026-08-21 13:46:08 [main] INFO  t.g.io/epos-eric/metadata-database/deploy:main - Container is started (JDBC URL: jdbc:postgresql://localhost:33209/cerif?loggerLevel=OFF)
2026-08-21 13:46:08 [main] INFO  com.zaxxer.hikari.HikariDataSource - metadata_catalogue - Starting...
2026-08-21 13:46:08 [main] INFO  com.zaxxer.hikari.pool.HikariPool - metadata_catalogue - Added connection org.postgresql.jdbc.PgConnection@4243f5aa
2026-08-21 13:46:08 [main] INFO  com.zaxxer.hikari.HikariDataSource - metadata_catalogue - Start completed.
2026-08-21 13:46:08 [main] INFO  com.zaxxer.hikari.HikariDataSource - metadata_catalogue - Shutdown initiated...
2026-08-21 13:46:08 [main] INFO  com.zaxxer.hikari.HikariDataSource - metadata_catalogue - Shutdown completed.
2026-08-21 13:46:08 [main] INFO  t.g.io/epos-eric/metadata-database/deploy:main - Creating container for image: ghcr.io/epos-eric/metadata-database/deploy:main
2026-08-21 13:46:09 [main] INFO  t.g.io/epos-eric/metadata-database/deploy:main - Container ghcr.io/epos-eric/metadata-database/deploy:main is starting: 31adb2538a624d70ccbbddf2a86296719006a114579061e096b5d8e1f7aacfc7
2026-08-21 13:46:13 [main] INFO  t.g.io/epos-eric/metadata-database/deploy:main - Container ghcr.io/epos-eric/metadata-database/deploy:main started in PT4.55968946S
2026-08-21 13:46:13 [main] INFO  t.g.io/epos-eric/metadata-database/deploy:main - Container is started (JDBC URL: jdbc:postgresql://localhost:33210/cerif?loggerLevel=OFF)
2026-08-21 13:46:13 [main] INFO  com.zaxxer.hikari.HikariDataSource - metadata_catalogue - Starting...
2026-08-21 13:46:13 [main] INFO  com.zaxxer.hikari.pool.HikariPool - metadata_catalogue - Added connection org.postgresql.jdbc.PgConnection@326fad0b
2026-08-21 13:46:13 [main] INFO  com.zaxxer.hikari.HikariDataSource - metadata_catalogue - Start completed.
2026-08-21 13:46:15 [main] INFO  com.zaxxer.hikari.HikariDataSource - metadata_catalogue - Shutdown initiated...
2026-08-21 13:46:15 [main] INFO  com.zaxxer.hikari.HikariDataSource - metadata_catalogue - Shutdown completed.
2026-08-21 13:46:15 [main] INFO  t.g.io/epos-eric/metadata-database/deploy:main - Creating container for image: ghcr.io/epos-eric/metadata-database/deploy:main
2026-08-21 13:46:15 [main] INFO  t.g.io/epos-eric/metadata-database/deploy:main - Container ghcr.io/epos-eric/metadata-database/deploy:main is starting: d898b38eb82f50f80186c59d7c477729da1dbd77bccdd4be90679c7a5e14c2bc
2026-08-21 13:46:20 [main] INFO  t.g.io/epos-eric/metadata-database/deploy:main - Container ghcr.io/epos-eric/metadata-database/deploy:main started in PT5.320687351S
2026-08-21 13:46:20 [main] INFO  t.g.io/epos-eric/metadata-database/deploy:main - Container is started (JDBC URL: jdbc:postgresql://localhost:33211/cerif?loggerLevel=OFF)
2026-08-21 13:46:20 [main] INFO  com.zaxxer.hikari.HikariDataSource - metadata_catalogue - Starting...
2026-08-21 13:46:20 [main] INFO  com.zaxxer.hikari.pool.HikariPool - metadata_catalogue - Added connection org.postgresql.jdbc.PgConnection@302a6a92
2026-08-21 13:46:20 [main] INFO  com.zaxxer.hikari.HikariDataSource - metadata_catalogue - Start completed.
2026-08-21 13:46:21 [main] INFO  com.zaxxer.hikari.HikariDataSource - metadata_catalogue - Shutdown initiated...
2026-08-21 13:46:21 [main] INFO  com.zaxxer.hikari.HikariDataSource - metadata_catalogue - Shutdown completed.
2026-08-21 13:46:21 [main] INFO  t.g.io/epos-eric/metadata-database/deploy:main - Creating container for image: ghcr.io/epos-eric/metadata-database/deploy:main
2026-08-21 13:46:21 [main] INFO  t.g.io/epos-eric/metadata-database/deploy:main - Container ghcr.io/epos-eric/metadata-database/deploy:main is starting: 9ca006235e4a63aedbeb72d0bf71f5b8866d3e92bb4e602fa727cb394e402143
2026-08-21 13:46:25 [main] INFO  t.g.io/epos-eric/metadata-database/deploy:main - Container ghcr.io/epos-eric/metadata-database/deploy:main started in PT4.107054571S
2026-08-21 13:46:25 [main] INFO  t.g.io/epos-eric/metadata-database/deploy:main - Container is started (JDBC URL: jdbc:postgresql://localhost:33212/cerif?loggerLevel=OFF)
2026-08-21 13:46:25 [main] INFO  com.zaxxer.hikari.HikariDataSource - metadata_catalogue - Starting...
2026-08-21 13:46:25 [main] INFO  com.zaxxer.hikari.pool.HikariPool - metadata_catalogue - Added connection org.postgresql.jdbc.PgConnection@3913b97
2026-08-21 13:46:25 [main] INFO  com.zaxxer.hikari.HikariDataSource - metadata_catalogue - Start completed.
2026-08-21 13:46:25 [main] INFO  com.zaxxer.hikari.HikariDataSource - metadata_catalogue - Shutdown initiated...
2026-08-21 13:46:25 [main] INFO  com.zaxxer.hikari.HikariDataSource - metadata_catalogue - Shutdown completed.
2026-08-21 13:46:26 [main] INFO  t.g.io/epos-eric/metadata-database/deploy:main - Creating container for image: ghcr.io/epos-eric/metadata-database/deploy:main
2026-08-21 13:46:26 [main] INFO  t.g.io/epos-eric/metadata-database/deploy:main - Container ghcr.io/epos-eric/metadata-database/deploy:main is starting: 5479b67b903a765681cbd63c23fb2122ec0deefc36e9c0bbc922c2144b3b4ea6
2026-08-21 13:46:30 [main] INFO  t.g.io/epos-eric/metadata-database/deploy:main - Container ghcr.io/epos-eric/metadata-database/deploy:main started in PT4.607048335S
2026-08-21 13:46:30 [main] INFO  t.g.io/epos-eric/metadata-database/deploy:main - Container is started (JDBC URL: jdbc:postgresql://localhost:33213/cerif?loggerLevel=OFF)
2026-08-21 13:46:30 [main] INFO  com.zaxxer.hikari.HikariDataSource - metadata_catalogue - Starting...
2026-08-21 13:46:30 [main] INFO  com.zaxxer.hikari.pool.HikariPool - metadata_catalogue - Added connection org.postgresql.jdbc.PgConnection@4cae0c22
2026-08-21 13:46:30 [main] INFO  com.zaxxer.hikari.HikariDataSource - metadata_catalogue - Start completed.
2026-08-21 13:46:32 [main] INFO  com.zaxxer.hikari.HikariDataSource - metadata_catalogue - Shutdown initiated...
2026-08-21 13:46:32 [main] INFO  com.zaxxer.hikari.HikariDataSource - metadata_catalogue - Shutdown completed.
2026-08-21 13:46:32 [main] INFO  t.g.io/epos-eric/metadata-database/deploy:main - Creating container for image: ghcr.io/epos-eric/metadata-database/deploy:main
2026-08-21 13:46:32 [main] INFO  t.g.io/epos-eric/metadata-database/deploy:main - Container ghcr.io/epos-eric/metadata-database/deploy:main is starting: a48bcdf6a8dfee617da6360733297698511bcf1bfc6885be96700dab0eff3ec5
2026-08-21 13:46:36 [main] INFO  t.g.io/epos-eric/metadata-database/deploy:main - Container ghcr.io/epos-eric/metadata-database/deploy:main started in PT4.500029841S
2026-08-21 13:46:36 [main] INFO  t.g.io/epos-eric/metadata-database/deploy:main - Container is started (JDBC URL: jdbc:postgresql://localhost:33214/cerif?loggerLevel=OFF)
2026-08-21 13:46:36 [main] INFO  com.zaxxer.hikari.HikariDataSource - metadata_catalogue - Starting...
2026-08-21 13:46:36 [main] INFO  com.zaxxer.hikari.pool.HikariPool - metadata_catalogue - Added connection org.postgresql.jdbc.PgConnection@2c4b66d2
2026-08-21 13:46:36 [main] INFO  com.zaxxer.hikari.HikariDataSource - metadata_catalogue - Start completed.
2026-08-21 13:46:37 [main] INFO  com.zaxxer.hikari.HikariDataSource - metadata_catalogue - Shutdown initiated...
2026-08-21 13:46:37 [main] INFO  com.zaxxer.hikari.HikariDataSource - metadata_catalogue - Shutdown completed.
2026-08-21 13:46:38 [main] INFO  t.g.io/epos-eric/metadata-database/deploy:main - Creating container for image: ghcr.io/epos-eric/metadata-database/deploy:main
2026-08-21 13:46:38 [main] INFO  t.g.io/epos-eric/metadata-database/deploy:main - Container ghcr.io/epos-eric/metadata-database/deploy:main is starting: 1a41b01978754a773277bd2c1582b6f50aef1abded5384b15e7069a4c56f7771
2026-08-21 13:46:43 [main] INFO  t.g.io/epos-eric/metadata-database/deploy:main - Container ghcr.io/epos-eric/metadata-database/deploy:main started in PT5.157965212S
2026-08-21 13:46:43 [main] INFO  t.g.io/epos-eric/metadata-database/deploy:main - Container is started (JDBC URL: jdbc:postgresql://localhost:33215/cerif?loggerLevel=OFF)
2026-08-21 13:46:43 [main] INFO  com.zaxxer.hikari.HikariDataSource - metadata_catalogue - Starting...
2026-08-21 13:46:43 [main] INFO  com.zaxxer.hikari.pool.HikariPool - metadata_catalogue - Added connection org.postgresql.jdbc.PgConnection@49b8482a
2026-08-21 13:46:43 [main] INFO  com.zaxxer.hikari.HikariDataSource - metadata_catalogue - Start completed.
2026-08-21 13:46:43 [main] INFO  com.zaxxer.hikari.HikariDataSource - metadata_catalogue - Shutdown initiated...
2026-08-21 13:46:43 [main] INFO  com.zaxxer.hikari.HikariDataSource - metadata_catalogue - Shutdown completed.
2026-08-21 13:46:43 [main] INFO  t.g.io/epos-eric/metadata-database/deploy:main - Creating container for image: ghcr.io/epos-eric/metadata-database/deploy:main
2026-08-21 13:46:43 [main] INFO  t.g.io/epos-eric/metadata-database/deploy:main - Container ghcr.io/epos-eric/metadata-database/deploy:main is starting: ce71bae20d46d99a90438b178131d8e653456103d91e39d702cda8be8efae131
2026-08-21 13:46:47 [main] INFO  t.g.io/epos-eric/metadata-database/deploy:main - Container ghcr.io/epos-eric/metadata-database/deploy:main started in PT3.915057449S
2026-08-21 13:46:47 [main] INFO  t.g.io/epos-eric/metadata-database/deploy:main - Container is started (JDBC URL: jdbc:postgresql://localhost:33216/cerif?loggerLevel=OFF)
2026-08-21 13:46:47 [main] INFO  com.zaxxer.hikari.HikariDataSource - metadata_catalogue - Starting...
2026-08-21 13:46:47 [main] INFO  com.zaxxer.hikari.pool.HikariPool - metadata_catalogue - Added connection org.postgresql.jdbc.PgConnection@3669ac45
2026-08-21 13:46:47 [main] INFO  com.zaxxer.hikari.HikariDataSource - metadata_catalogue - Start completed.
2026-08-21 13:46:47 [main] INFO  com.zaxxer.hikari.HikariDataSource - metadata_catalogue - Shutdown initiated...
2026-08-21 13:46:47 [main] INFO  com.zaxxer.hikari.HikariDataSource - metadata_catalogue - Shutdown completed.
2026-08-21 13:46:48 [main] INFO  t.g.io/epos-eric/metadata-database/deploy:main - Creating container for image: ghcr.io/epos-eric/metadata-database/deploy:main
2026-08-21 13:46:48 [main] INFO  t.g.io/epos-eric/metadata-database/deploy:main - Container ghcr.io/epos-eric/metadata-database/deploy:main is starting: 8d28c9828cefec7f77ab8ea8bac0afdc79df5d9c470759ce3ebeee9a433f7ef3
2026-08-21 13:46:53 [main] INFO  t.g.io/epos-eric/metadata-database/deploy:main - Container ghcr.io/epos-eric/metadata-database/deploy:main started in PT4.78504968S
2026-08-21 13:46:53 [main] INFO  t.g.io/epos-eric/metadata-database/deploy:main - Container is started (JDBC URL: jdbc:postgresql://localhost:33217/cerif?loggerLevel=OFF)
2026-08-21 13:46:53 [main] INFO  com.zaxxer.hikari.HikariDataSource - metadata_catalogue - Starting...
2026-08-21 13:46:53 [main] INFO  com.zaxxer.hikari.pool.HikariPool - metadata_catalogue - Added connection org.postgresql.jdbc.PgConnection@12f5b565
2026-08-21 13:46:53 [main] INFO  com.zaxxer.hikari.HikariDataSource - metadata_catalogue - Start completed.
2026-08-21 13:46:53 [main] INFO  com.zaxxer.hikari.HikariDataSource - metadata_catalogue - Shutdown initiated...
2026-08-21 13:46:53 [main] INFO  com.zaxxer.hikari.HikariDataSource - metadata_catalogue - Shutdown completed.
2026-08-21 13:46:53 [main] INFO  t.g.io/epos-eric/metadata-database/deploy:main - Creating container for image: ghcr.io/epos-eric/metadata-database/deploy:main
2026-08-21 13:46:54 [main] INFO  t.g.io/epos-eric/metadata-database/deploy:main - Container ghcr.io/epos-eric/metadata-database/deploy:main is starting: c845c160349852c44f6e4e83418da670afde6f48df3cc9eb1db1d6686f23393a
2026-08-21 13:46:57 [main] INFO  t.g.io/epos-eric/metadata-database/deploy:main - Container ghcr.io/epos-eric/metadata-database/deploy:main started in PT4.065216589S
2026-08-21 13:46:57 [main] INFO  t.g.io/epos-eric/metadata-database/deploy:main - Container is started (JDBC URL: jdbc:postgresql://localhost:33218/cerif?loggerLevel=OFF)
2026-08-21 13:46:57 [main] INFO  com.zaxxer.hikari.HikariDataSource - metadata_catalogue - Starting...
2026-08-21 13:46:58 [main] INFO  com.zaxxer.hikari.pool.HikariPool - metadata_catalogue - Added connection org.postgresql.jdbc.PgConnection@5583d71a
2026-08-21 13:46:58 [main] INFO  com.zaxxer.hikari.HikariDataSource - metadata_catalogue - Start completed.
2026-08-21 13:46:58 [main] INFO  com.zaxxer.hikari.HikariDataSource - metadata_catalogue - Shutdown initiated...
2026-08-21 13:46:58 [main] INFO  com.zaxxer.hikari.HikariDataSource - metadata_catalogue - Shutdown completed.
2026-08-21 13:46:58 [main] INFO  t.g.io/epos-eric/metadata-database/deploy:main - Creating container for image: ghcr.io/epos-eric/metadata-database/deploy:main
2026-08-21 13:46:59 [main] INFO  t.g.io/epos-eric/metadata-database/deploy:main - Container ghcr.io/epos-eric/metadata-database/deploy:main is starting: ed1ae13e14cb19e5fe6b37cbc9289b2071cfb54cdd2d97ef405f46e2bb9eff4b
2026-08-21 13:47:04 [main] INFO  t.g.io/epos-eric/metadata-database/deploy:main - Container ghcr.io/epos-eric/metadata-database/deploy:main started in PT5.352373145S
2026-08-21 13:47:04 [main] INFO  t.g.io/epos-eric/metadata-database/deploy:main - Container is started (JDBC URL: jdbc:postgresql://localhost:33219/cerif?loggerLevel=OFF)
2026-08-21 13:47:04 [main] INFO  com.zaxxer.hikari.HikariDataSource - metadata_catalogue - Starting...
2026-08-21 13:47:04 [main] INFO  com.zaxxer.hikari.pool.HikariPool - metadata_catalogue - Added connection org.postgresql.jdbc.PgConnection@4f5b6f40
2026-08-21 13:47:04 [main] INFO  com.zaxxer.hikari.HikariDataSource - metadata_catalogue - Start completed.
2026-08-21 13:47:04 [main] INFO  com.zaxxer.hikari.HikariDataSource - metadata_catalogue - Shutdown initiated...
2026-08-21 13:47:04 [main] INFO  com.zaxxer.hikari.HikariDataSource - metadata_catalogue - Shutdown completed.
2026-08-21 13:47:04 [main] INFO  t.g.io/epos-eric/metadata-database/deploy:main - Creating container for image: ghcr.io/epos-eric/metadata-database/deploy:main
2026-08-21 13:47:04 [main] INFO  t.g.io/epos-eric/metadata-database/deploy:main - Container ghcr.io/epos-eric/metadata-database/deploy:main is starting: b0f2510c1920be858ebce0c20a2fffafed85cd5bc128e7ed1a2aaa4c42da6ffd
2026-08-21 13:47:08 [main] INFO  t.g.io/epos-eric/metadata-database/deploy:main - Container ghcr.io/epos-eric/metadata-database/deploy:main started in PT4.306960898S
2026-08-21 13:47:08 [main] INFO  t.g.io/epos-eric/metadata-database/deploy:main - Container is started (JDBC URL: jdbc:postgresql://localhost:33220/cerif?loggerLevel=OFF)
2026-08-21 13:47:08 [main] INFO  com.zaxxer.hikari.HikariDataSource - metadata_catalogue - Starting...
2026-08-21 13:47:08 [main] INFO  com.zaxxer.hikari.pool.HikariPool - metadata_catalogue - Added connection org.postgresql.jdbc.PgConnection@7b9ff18d
2026-08-21 13:47:08 [main] INFO  com.zaxxer.hikari.HikariDataSource - metadata_catalogue - Start completed.
2026-08-21 13:47:09 [main] INFO  com.zaxxer.hikari.HikariDataSource - metadata_catalogue - Shutdown initiated...
2026-08-21 13:47:09 [main] INFO  com.zaxxer.hikari.HikariDataSource - metadata_catalogue - Shutdown completed.
2026-08-21 13:47:09 [main] INFO  t.g.io/epos-eric/metadata-database/deploy:main - Creating container for image: ghcr.io/epos-eric/metadata-database/deploy:main
2026-08-21 13:47:09 [main] INFO  t.g.io/epos-eric/metadata-database/deploy:main - Container ghcr.io/epos-eric/metadata-database/deploy:main is starting: 3865ac9c55d923685701d6f64de9fe17615ab3e3c96a160aa0e5fd3f02a56665
2026-08-21 13:47:13 [main] INFO  t.g.io/epos-eric/metadata-database/deploy:main - Container ghcr.io/epos-eric/metadata-database/deploy:main started in PT4.278820053S
2026-08-21 13:47:13 [main] INFO  t.g.io/epos-eric/metadata-database/deploy:main - Container is started (JDBC URL: jdbc:postgresql://localhost:33221/cerif?loggerLevel=OFF)
2026-08-21 13:47:13 [main] INFO  com.zaxxer.hikari.HikariDataSource - metadata_catalogue - Starting...
2026-08-21 13:47:13 [main] INFO  com.zaxxer.hikari.pool.HikariPool - metadata_catalogue - Added connection org.postgresql.jdbc.PgConnection@74eb697
2026-08-21 13:47:13 [main] INFO  com.zaxxer.hikari.HikariDataSource - metadata_catalogue - Start completed.
2026-08-21 13:47:14 [main] INFO  com.zaxxer.hikari.HikariDataSource - metadata_catalogue - Shutdown initiated...
2026-08-21 13:47:14 [main] INFO  com.zaxxer.hikari.HikariDataSource - metadata_catalogue - Shutdown completed.
2026-08-21 13:47:14 [main] INFO  t.g.io/epos-eric/metadata-database/deploy:main - Creating container for image: ghcr.io/epos-eric/metadata-database/deploy:main
2026-08-21 13:47:14 [main] INFO  t.g.io/epos-eric/metadata-database/deploy:main - Container ghcr.io/epos-eric/metadata-database/deploy:main is starting: 29ba70dc08d6f4674c2fabc6e4883ec933b7a9faad3d2057e198ad63a0ab736c
2026-08-21 13:47:19 [main] INFO  t.g.io/epos-eric/metadata-database/deploy:main - Container ghcr.io/epos-eric/metadata-database/deploy:main started in PT4.661062022S
2026-08-21 13:47:19 [main] INFO  t.g.io/epos-eric/metadata-database/deploy:main - Container is started (JDBC URL: jdbc:postgresql://localhost:33222/cerif?loggerLevel=OFF)
2026-08-21 13:47:19 [main] INFO  com.zaxxer.hikari.HikariDataSource - metadata_catalogue - Starting...
2026-08-21 13:47:19 [main] INFO  com.zaxxer.hikari.pool.HikariPool - metadata_catalogue - Added connection org.postgresql.jdbc.PgConnection@574e6229
2026-08-21 13:47:19 [main] INFO  com.zaxxer.hikari.HikariDataSource - metadata_catalogue - Start completed.
2026-08-21 13:47:19 [main] INFO  com.zaxxer.hikari.HikariDataSource - metadata_catalogue - Shutdown initiated...
2026-08-21 13:47:19 [main] INFO  com.zaxxer.hikari.HikariDataSource - metadata_catalogue - Shutdown completed.
2026-08-21 13:47:19 [main] INFO  t.g.io/epos-eric/metadata-database/deploy:main - Creating container for image: ghcr.io/epos-eric/metadata-database/deploy:main
2026-08-21 13:47:20 [main] INFO  t.g.io/epos-eric/metadata-database/deploy:main - Container ghcr.io/epos-eric/metadata-database/deploy:main is starting: 8913a338681f2781eff13d33e82ea0fff41e7131bfad5af16b3aa7afe288f698
2026-08-21 13:47:24 [main] INFO  t.g.io/epos-eric/metadata-database/deploy:main - Container ghcr.io/epos-eric/metadata-database/deploy:main started in PT4.625486146S
2026-08-21 13:47:24 [main] INFO  t.g.io/epos-eric/metadata-database/deploy:main - Container is started (JDBC URL: jdbc:postgresql://localhost:33223/cerif?loggerLevel=OFF)
2026-08-21 13:47:24 [main] INFO  com.zaxxer.hikari.HikariDataSource - metadata_catalogue - Starting...
2026-08-21 13:47:24 [main] INFO  com.zaxxer.hikari.pool.HikariPool - metadata_catalogue - Added connection org.postgresql.jdbc.PgConnection@45b35d13
2026-08-21 13:47:24 [main] INFO  com.zaxxer.hikari.HikariDataSource - metadata_catalogue - Start completed.
2026-08-21 13:47:24 [main] INFO  com.zaxxer.hikari.HikariDataSource - metadata_catalogue - Shutdown initiated...
2026-08-21 13:47:24 [main] INFO  com.zaxxer.hikari.HikariDataSource - metadata_catalogue - Shutdown completed.
2026-08-21 13:48:37 [main] INFO  o.testcontainers.images.PullPolicy - Image pull policy will be performed by: DefaultPullPolicy()
2026-08-21 13:48:37 [main] INFO  o.t.utility.ImageNameSubstitutor - Image name substitution will be performed by: DefaultImageNameSubstitutor (composite of 'ConfigurationFileImageNameSubstitutor' and 'PrefixingImageNameSubstitutor')
2026-08-21 13:48:37 [main] INFO  o.testcontainers.DockerClientFactory - Testcontainers version: 2.0.2
2026-08-21 13:48:38 [main] INFO  o.t.d.DockerClientProviderStrategy - Loaded org.testcontainers.dockerclient.UnixSocketClientProviderStrategy from ~/.testcontainers.properties, will try it first
2026-08-21 13:48:38 [main] INFO  o.t.d.DockerClientProviderStrategy - Found Docker environment with local Unix socket (unix:///var/run/docker.sock)
2026-08-21 13:48:38 [main] INFO  o.testcontainers.DockerClientFactory - Docker host IP address is localhost
2026-08-21 13:48:38 [main] INFO  o.testcontainers.DockerClientFactory - Connected to docker: 
  Server Version: 29.7.2
  API Version: 1.55
  Operating System: Arch Linux
  Total Memory: 63796 MB
2026-08-21 13:48:38 [main] INFO  tc.testcontainers/ryuk:0.13.0 - Creating container for image: testcontainers/ryuk:0.13.0
2026-08-21 13:48:39 [main] INFO  tc.testcontainers/ryuk:0.13.0 - Container testcontainers/ryuk:0.13.0 is starting: af071cc58f9ad86bf3c243b289d546c27b7c547d3de993f96e9e7733fe1edd44
2026-08-21 13:48:39 [main] INFO  tc.testcontainers/ryuk:0.13.0 - Container testcontainers/ryuk:0.13.0 started in PT0.346158112S
2026-08-21 13:48:39 [main] INFO  o.t.utility.RyukResourceReaper - Ryuk started - will monitor and terminate Testcontainers containers on JVM exit
2026-08-21 13:48:39 [main] INFO  o.testcontainers.DockerClientFactory - Checking the system...
2026-08-21 13:48:39 [main] INFO  o.testcontainers.DockerClientFactory - ✔︎ Docker server version should be at least 1.6.0
2026-08-21 13:48:39 [main] INFO  t.g.io/epos-eric/metadata-database/deploy:main - Creating container for image: ghcr.io/epos-eric/metadata-database/deploy:main
2026-08-21 13:48:39 [main] INFO  t.g.io/epos-eric/metadata-database/deploy:main - Container ghcr.io/epos-eric/metadata-database/deploy:main is starting: bba479ac799c860aec687227283789886a9dff3cf0903530196c81f4c8f38975
2026-08-21 13:48:42 [main] INFO  t.g.io/epos-eric/metadata-database/deploy:main - Container ghcr.io/epos-eric/metadata-database/deploy:main started in PT3.453225477S
2026-08-21 13:48:42 [main] INFO  t.g.io/epos-eric/metadata-database/deploy:main - Container is started (JDBC URL: jdbc:postgresql://localhost:33227/cerif?loggerLevel=OFF)
2026-08-21 13:48:42 [main] INFO  com.zaxxer.hikari.HikariDataSource - metadata_catalogue - Starting...
2026-08-21 13:48:42 [main] INFO  com.zaxxer.hikari.pool.HikariPool - metadata_catalogue - Added connection org.postgresql.jdbc.PgConnection@ca8ef3a
2026-08-21 13:48:42 [main] INFO  com.zaxxer.hikari.HikariDataSource - metadata_catalogue - Start completed.
2026-08-21 13:48:43 [main] INFO  com.zaxxer.hikari.HikariDataSource - metadata_catalogue - Shutdown initiated...
2026-08-21 13:48:43 [main] INFO  com.zaxxer.hikari.HikariDataSource - metadata_catalogue - Shutdown completed.
2026-08-21 13:48:43 [main] INFO  t.g.io/epos-eric/metadata-database/deploy:main - Creating container for image: ghcr.io/epos-eric/metadata-database/deploy:main
2026-08-21 13:48:43 [main] INFO  t.g.io/epos-eric/metadata-database/deploy:main - Container ghcr.io/epos-eric/metadata-database/deploy:main is starting: 4e5a78bc7f0cd2624635799e44c6664d9a59930632dba07b547369144103b60e
2026-08-21 13:48:47 [main] INFO  t.g.io/epos-eric/metadata-database/deploy:main - Container ghcr.io/epos-eric/metadata-database/deploy:main started in PT3.467500943S
2026-08-21 13:48:47 [main] INFO  t.g.io/epos-eric/metadata-database/deploy:main - Container is started (JDBC URL: jdbc:postgresql://localhost:33228/cerif?loggerLevel=OFF)
2026-08-21 13:48:47 [main] INFO  com.zaxxer.hikari.HikariDataSource - metadata_catalogue - Starting...
2026-08-21 13:48:47 [main] INFO  com.zaxxer.hikari.pool.HikariPool - metadata_catalogue - Added connection org.postgresql.jdbc.PgConnection@17d76ebb
2026-08-21 13:48:47 [main] INFO  com.zaxxer.hikari.HikariDataSource - metadata_catalogue - Start completed.
2026-08-21 13:48:47 [main] INFO  com.zaxxer.hikari.HikariDataSource - metadata_catalogue - Shutdown initiated...
2026-08-21 13:48:47 [main] INFO  com.zaxxer.hikari.HikariDataSource - metadata_catalogue - Shutdown completed.
2026-08-21 13:48:47 [main] INFO  t.g.io/epos-eric/metadata-database/deploy:main - Creating container for image: ghcr.io/epos-eric/metadata-database/deploy:main
2026-08-21 13:48:47 [main] INFO  t.g.io/epos-eric/metadata-database/deploy:main - Container ghcr.io/epos-eric/metadata-database/deploy:main is starting: b36e0e2e877bc4a71bc34e18de576a5c6d139f528a7f4b8bb770ad1a10993604
2026-08-21 13:48:51 [main] INFO  t.g.io/epos-eric/metadata-database/deploy:main - Container ghcr.io/epos-eric/metadata-database/deploy:main started in PT3.461495901S
2026-08-21 13:48:51 [main] INFO  t.g.io/epos-eric/metadata-database/deploy:main - Container is started (JDBC URL: jdbc:postgresql://localhost:33230/cerif?loggerLevel=OFF)
2026-08-21 13:48:51 [main] INFO  com.zaxxer.hikari.HikariDataSource - metadata_catalogue - Starting...
2026-08-21 13:48:51 [main] INFO  com.zaxxer.hikari.pool.HikariPool - metadata_catalogue - Added connection org.postgresql.jdbc.PgConnection@5f166f2e
2026-08-21 13:48:51 [main] INFO  com.zaxxer.hikari.HikariDataSource - metadata_catalogue - Start completed.
2026-08-21 13:48:52 [main] INFO  com.zaxxer.hikari.HikariDataSource - metadata_catalogue - Shutdown initiated...
2026-08-21 13:48:52 [main] INFO  com.zaxxer.hikari.HikariDataSource - metadata_catalogue - Shutdown completed.
2026-08-21 13:48:52 [main] INFO  t.g.io/epos-eric/metadata-database/deploy:main - Creating container for image: ghcr.io/epos-eric/metadata-database/deploy:main
2026-08-21 13:48:52 [main] INFO  t.g.io/epos-eric/metadata-database/deploy:main - Container ghcr.io/epos-eric/metadata-database/deploy:main is starting: e3afd539a9bdfdfc93800e2651ba9bf2ad80cd95e05cc2ea35f9241be3460835
2026-08-21 13:48:55 [main] INFO  t.g.io/epos-eric/metadata-database/deploy:main - Container ghcr.io/epos-eric/metadata-database/deploy:main started in PT3.267317105S
2026-08-21 13:48:55 [main] INFO  t.g.io/epos-eric/metadata-database/deploy:main - Container is started (JDBC URL: jdbc:postgresql://localhost:33232/cerif?loggerLevel=OFF)
2026-08-21 13:48:55 [main] INFO  com.zaxxer.hikari.HikariDataSource - metadata_catalogue - Starting...
2026-08-21 13:48:55 [main] INFO  com.zaxxer.hikari.pool.HikariPool - metadata_catalogue - Added connection org.postgresql.jdbc.PgConnection@5e3405a1
2026-08-21 13:48:55 [main] INFO  com.zaxxer.hikari.HikariDataSource - metadata_catalogue - Start completed.
2026-08-21 13:48:56 [main] INFO  com.zaxxer.hikari.HikariDataSource - metadata_catalogue - Shutdown initiated...
2026-08-21 13:48:56 [main] INFO  com.zaxxer.hikari.HikariDataSource - metadata_catalogue - Shutdown completed.
2026-08-21 13:48:56 [main] INFO  t.g.io/epos-eric/metadata-database/deploy:main - Creating container for image: ghcr.io/epos-eric/metadata-database/deploy:main
2026-08-21 13:48:56 [main] INFO  t.g.io/epos-eric/metadata-database/deploy:main - Container ghcr.io/epos-eric/metadata-database/deploy:main is starting: 97191f318a96b929c65987efbc93886fa3062aeadccade0842f34d158fefcea3
2026-08-21 13:49:00 [main] INFO  t.g.io/epos-eric/metadata-database/deploy:main - Container ghcr.io/epos-eric/metadata-database/deploy:main started in PT3.812836762S
2026-08-21 13:49:00 [main] INFO  t.g.io/epos-eric/metadata-database/deploy:main - Container is started (JDBC URL: jdbc:postgresql://localhost:33234/cerif?loggerLevel=OFF)
2026-08-21 13:49:00 [main] INFO  com.zaxxer.hikari.HikariDataSource - metadata_catalogue - Starting...
2026-08-21 13:49:00 [main] INFO  com.zaxxer.hikari.pool.HikariPool - metadata_catalogue - Added connection org.postgresql.jdbc.PgConnection@66046e7c
2026-08-21 13:49:00 [main] INFO  com.zaxxer.hikari.HikariDataSource - metadata_catalogue - Start completed.
2026-08-21 13:49:00 [main] INFO  com.zaxxer.hikari.HikariDataSource - metadata_catalogue - Shutdown initiated...
2026-08-21 13:49:00 [main] INFO  com.zaxxer.hikari.HikariDataSource - metadata_catalogue - Shutdown completed.
2026-08-21 13:49:00 [main] INFO  t.g.io/epos-eric/metadata-database/deploy:main - Creating container for image: ghcr.io/epos-eric/metadata-database/deploy:main
2026-08-21 13:49:01 [main] INFO  t.g.io/epos-eric/metadata-database/deploy:main - Container ghcr.io/epos-eric/metadata-database/deploy:main is starting: dfcd7c431fb1d813b34e97524bbbf009d4ef76345cf10ecf17a2df3e7c183ec9
2026-08-21 13:49:04 [main] INFO  t.g.io/epos-eric/metadata-database/deploy:main - Container ghcr.io/epos-eric/metadata-database/deploy:main started in PT3.744417408S
2026-08-21 13:49:04 [main] INFO  t.g.io/epos-eric/metadata-database/deploy:main - Container is started (JDBC URL: jdbc:postgresql://localhost:33236/cerif?loggerLevel=OFF)
2026-08-21 13:49:04 [main] INFO  com.zaxxer.hikari.HikariDataSource - metadata_catalogue - Starting...
2026-08-21 13:49:04 [main] INFO  com.zaxxer.hikari.pool.HikariPool - metadata_catalogue - Added connection org.postgresql.jdbc.PgConnection@311453ab
2026-08-21 13:49:04 [main] INFO  com.zaxxer.hikari.HikariDataSource - metadata_catalogue - Start completed.
2026-08-21 13:49:04 [main] INFO  com.zaxxer.hikari.HikariDataSource - metadata_catalogue - Shutdown initiated...
2026-08-21 13:49:04 [main] INFO  com.zaxxer.hikari.HikariDataSource - metadata_catalogue - Shutdown completed.
2026-08-21 13:49:05 [main] INFO  t.g.io/epos-eric/metadata-database/deploy:main - Creating container for image: ghcr.io/epos-eric/metadata-database/deploy:main
2026-08-21 13:49:05 [main] INFO  t.g.io/epos-eric/metadata-database/deploy:main - Container ghcr.io/epos-eric/metadata-database/deploy:main is starting: 6aecf5b4803d604fb123ffdce47f9c5b28d7a277f31c49e1bd9768adaaa4f390
2026-08-21 13:49:08 [main] INFO  t.g.io/epos-eric/metadata-database/deploy:main - Container ghcr.io/epos-eric/metadata-database/deploy:main started in PT3.425537856S
2026-08-21 13:49:08 [main] INFO  t.g.io/epos-eric/metadata-database/deploy:main - Container is started (JDBC URL: jdbc:postgresql://localhost:33238/cerif?loggerLevel=OFF)
2026-08-21 13:49:08 [main] INFO  com.zaxxer.hikari.HikariDataSource - metadata_catalogue - Starting...
2026-08-21 13:49:08 [main] INFO  com.zaxxer.hikari.pool.HikariPool - metadata_catalogue - Added connection org.postgresql.jdbc.PgConnection@6046fba0
2026-08-21 13:49:08 [main] INFO  com.zaxxer.hikari.HikariDataSource - metadata_catalogue - Start completed.
2026-08-21 13:49:08 [main] INFO  com.zaxxer.hikari.HikariDataSource - metadata_catalogue - Shutdown initiated...
2026-08-21 13:49:08 [main] INFO  com.zaxxer.hikari.HikariDataSource - metadata_catalogue - Shutdown completed.
2026-08-21 13:49:08 [main] INFO  t.g.io/epos-eric/metadata-database/deploy:main - Creating container for image: ghcr.io/epos-eric/metadata-database/deploy:main
2026-08-21 13:49:09 [main] INFO  t.g.io/epos-eric/metadata-database/deploy:main - Container ghcr.io/epos-eric/metadata-database/deploy:main is starting: 4af4c0367cc4024c6238be362b9c6a0c6f2303e23b08fba22eaacd3893087c7b
2026-08-21 13:49:12 [main] INFO  t.g.io/epos-eric/metadata-database/deploy:main - Container ghcr.io/epos-eric/metadata-database/deploy:main started in PT3.615556534S
2026-08-21 13:49:12 [main] INFO  t.g.io/epos-eric/metadata-database/deploy:main - Container is started (JDBC URL: jdbc:postgresql://localhost:33240/cerif?loggerLevel=OFF)
2026-08-21 13:49:12 [main] INFO  com.zaxxer.hikari.HikariDataSource - metadata_catalogue - Starting...
2026-08-21 13:49:12 [main] INFO  com.zaxxer.hikari.pool.HikariPool - metadata_catalogue - Added connection org.postgresql.jdbc.PgConnection@9e092b5
2026-08-21 13:49:12 [main] INFO  com.zaxxer.hikari.HikariDataSource - metadata_catalogue - Start completed.
2026-08-21 13:49:12 [main] INFO  com.zaxxer.hikari.HikariDataSource - metadata_catalogue - Shutdown initiated...
2026-08-21 13:49:12 [main] INFO  com.zaxxer.hikari.HikariDataSource - metadata_catalogue - Shutdown completed.
2026-08-21 13:49:12 [main] INFO  t.g.io/epos-eric/metadata-database/deploy:main - Creating container for image: ghcr.io/epos-eric/metadata-database/deploy:main
2026-08-21 13:49:13 [main] INFO  t.g.io/epos-eric/metadata-database/deploy:main - Container ghcr.io/epos-eric/metadata-database/deploy:main is starting: 1d376e70844767183619321b6982e918c7907d1d61e3443cc30c75030357c68f
2026-08-21 13:49:16 [main] INFO  t.g.io/epos-eric/metadata-database/deploy:main - Container ghcr.io/epos-eric/metadata-database/deploy:main started in PT3.718120668S
2026-08-21 13:49:16 [main] INFO  t.g.io/epos-eric/metadata-database/deploy:main - Container is started (JDBC URL: jdbc:postgresql://localhost:33242/cerif?loggerLevel=OFF)
2026-08-21 13:49:16 [main] INFO  com.zaxxer.hikari.HikariDataSource - metadata_catalogue - Starting...
2026-08-21 13:49:16 [main] INFO  com.zaxxer.hikari.pool.HikariPool - metadata_catalogue - Added connection org.postgresql.jdbc.PgConnection@7cddc50f
2026-08-21 13:49:16 [main] INFO  com.zaxxer.hikari.HikariDataSource - metadata_catalogue - Start completed.
2026-08-21 13:49:16 [main] INFO  com.zaxxer.hikari.HikariDataSource - metadata_catalogue - Shutdown initiated...
2026-08-21 13:49:16 [main] INFO  com.zaxxer.hikari.HikariDataSource - metadata_catalogue - Shutdown completed.
2026-08-21 13:49:17 [main] INFO  t.g.io/epos-eric/metadata-database/deploy:main - Creating container for image: ghcr.io/epos-eric/metadata-database/deploy:main
2026-08-21 13:49:17 [main] INFO  t.g.io/epos-eric/metadata-database/deploy:main - Container ghcr.io/epos-eric/metadata-database/deploy:main is starting: e7ebdafcc171be2c97a707a61a995f9676c4f04fd72ea117e1e551b5fd1614db
2026-08-21 13:49:20 [main] INFO  t.g.io/epos-eric/metadata-database/deploy:main - Container ghcr.io/epos-eric/metadata-database/deploy:main started in PT3.585199885S
2026-08-21 13:49:20 [main] INFO  t.g.io/epos-eric/metadata-database/deploy:main - Container is started (JDBC URL: jdbc:postgresql://localhost:33244/cerif?loggerLevel=OFF)
2026-08-21 13:49:20 [main] INFO  com.zaxxer.hikari.HikariDataSource - metadata_catalogue - Starting...
2026-08-21 13:49:20 [main] INFO  com.zaxxer.hikari.pool.HikariPool - metadata_catalogue - Added connection org.postgresql.jdbc.PgConnection@7510824
2026-08-21 13:49:20 [main] INFO  com.zaxxer.hikari.HikariDataSource - metadata_catalogue - Start completed.
2026-08-21 13:49:20 [main] INFO  com.zaxxer.hikari.HikariDataSource - metadata_catalogue - Shutdown initiated...
2026-08-21 13:49:20 [main] INFO  com.zaxxer.hikari.HikariDataSource - metadata_catalogue - Shutdown completed.
2026-08-21 13:49:21 [main] INFO  t.g.io/epos-eric/metadata-database/deploy:main - Creating container for image: ghcr.io/epos-eric/metadata-database/deploy:main
2026-08-21 13:49:21 [main] INFO  t.g.io/epos-eric/metadata-database/deploy:main - Container ghcr.io/epos-eric/metadata-database/deploy:main is starting: 8044170414e77368fbd6f5d540ad9bb4361c0699608877da3abfd08063aa6c8d
2026-08-21 13:49:24 [main] INFO  t.g.io/epos-eric/metadata-database/deploy:main - Container ghcr.io/epos-eric/metadata-database/deploy:main started in PT3.503581016S
2026-08-21 13:49:24 [main] INFO  t.g.io/epos-eric/metadata-database/deploy:main - Container is started (JDBC URL: jdbc:postgresql://localhost:33246/cerif?loggerLevel=OFF)
2026-08-21 13:49:24 [main] INFO  com.zaxxer.hikari.HikariDataSource - metadata_catalogue - Starting...
2026-08-21 13:49:24 [main] INFO  com.zaxxer.hikari.pool.HikariPool - metadata_catalogue - Added connection org.postgresql.jdbc.PgConnection@21d30ba5
2026-08-21 13:49:24 [main] INFO  com.zaxxer.hikari.HikariDataSource - metadata_catalogue - Start completed.
2026-08-21 13:49:24 [main] INFO  com.zaxxer.hikari.HikariDataSource - metadata_catalogue - Shutdown initiated...
2026-08-21 13:49:24 [main] INFO  com.zaxxer.hikari.HikariDataSource - metadata_catalogue - Shutdown completed.
2026-08-21 13:49:24 [main] INFO  t.g.io/epos-eric/metadata-database/deploy:main - Creating container for image: ghcr.io/epos-eric/metadata-database/deploy:main
2026-08-21 13:49:25 [main] INFO  t.g.io/epos-eric/metadata-database/deploy:main - Container ghcr.io/epos-eric/metadata-database/deploy:main is starting: c16979a71f659a5c25a35b5763cf4342e4c4a0f972877b7c65ace74b27f9a0a9
2026-08-21 13:49:28 [main] INFO  t.g.io/epos-eric/metadata-database/deploy:main - Container ghcr.io/epos-eric/metadata-database/deploy:main started in PT3.487030458S
2026-08-21 13:49:28 [main] INFO  t.g.io/epos-eric/metadata-database/deploy:main - Container is started (JDBC URL: jdbc:postgresql://localhost:33248/cerif?loggerLevel=OFF)
2026-08-21 13:49:28 [main] INFO  com.zaxxer.hikari.HikariDataSource - metadata_catalogue - Starting...
2026-08-21 13:49:28 [main] INFO  com.zaxxer.hikari.pool.HikariPool - metadata_catalogue - Added connection org.postgresql.jdbc.PgConnection@4b90a402
2026-08-21 13:49:28 [main] INFO  com.zaxxer.hikari.HikariDataSource - metadata_catalogue - Start completed.
2026-08-21 13:49:28 [main] INFO  com.zaxxer.hikari.HikariDataSource - metadata_catalogue - Shutdown initiated...
2026-08-21 13:49:28 [main] INFO  com.zaxxer.hikari.HikariDataSource - metadata_catalogue - Shutdown completed.
2026-08-21 13:49:29 [main] INFO  t.g.io/epos-eric/metadata-database/deploy:main - Creating container for image: ghcr.io/epos-eric/metadata-database/deploy:main
2026-08-21 13:49:29 [main] INFO  t.g.io/epos-eric/metadata-database/deploy:main - Container ghcr.io/epos-eric/metadata-database/deploy:main is starting: ce34419571695b4fbfa0bed3d3b549da4443fcab4af4acf51167d444271bf50b
2026-08-21 13:49:32 [main] INFO  t.g.io/epos-eric/metadata-database/deploy:main - Container ghcr.io/epos-eric/metadata-database/deploy:main started in PT3.548494214S
2026-08-21 13:49:32 [main] INFO  t.g.io/epos-eric/metadata-database/deploy:main - Container is started (JDBC URL: jdbc:postgresql://localhost:33250/cerif?loggerLevel=OFF)
2026-08-21 13:49:32 [main] INFO  com.zaxxer.hikari.HikariDataSource - metadata_catalogue - Starting...
2026-08-21 13:49:32 [main] INFO  com.zaxxer.hikari.pool.HikariPool - metadata_catalogue - Added connection org.postgresql.jdbc.PgConnection@60a6564c
2026-08-21 13:49:32 [main] INFO  com.zaxxer.hikari.HikariDataSource - metadata_catalogue - Start completed.
2026-08-21 13:49:32 [main] INFO  com.zaxxer.hikari.HikariDataSource - metadata_catalogue - Shutdown initiated...
2026-08-21 13:49:32 [main] INFO  com.zaxxer.hikari.HikariDataSource - metadata_catalogue - Shutdown completed.
2026-08-21 13:49:33 [main] INFO  t.g.io/epos-eric/metadata-database/deploy:main - Creating container for image: ghcr.io/epos-eric/metadata-database/deploy:main
2026-08-21 13:49:33 [main] INFO  t.g.io/epos-eric/metadata-database/deploy:main - Container ghcr.io/epos-eric/metadata-database/deploy:main is starting: b05a58c7319fa8cc52e9b886318eb1a4db9c5f8f86e22ff5adbaed45b7dc461e
2026-08-21 13:49:36 [main] INFO  t.g.io/epos-eric/metadata-database/deploy:main - Container ghcr.io/epos-eric/metadata-database/deploy:main started in PT3.615176353S
2026-08-21 13:49:36 [main] INFO  t.g.io/epos-eric/metadata-database/deploy:main - Container is started (JDBC URL: jdbc:postgresql://localhost:33252/cerif?loggerLevel=OFF)
2026-08-21 13:49:36 [main] INFO  com.zaxxer.hikari.HikariDataSource - metadata_catalogue - Starting...
2026-08-21 13:49:36 [main] INFO  com.zaxxer.hikari.pool.HikariPool - metadata_catalogue - Added connection org.postgresql.jdbc.PgConnection@4f8eb97c
2026-08-21 13:49:36 [main] INFO  com.zaxxer.hikari.HikariDataSource - metadata_catalogue - Start completed.
2026-08-21 13:49:37 [main] INFO  com.zaxxer.hikari.HikariDataSource - metadata_catalogue - Shutdown initiated...
2026-08-21 13:49:37 [main] INFO  com.zaxxer.hikari.HikariDataSource - metadata_catalogue - Shutdown completed.
2026-08-21 13:49:37 [main] INFO  t.g.io/epos-eric/metadata-database/deploy:main - Creating container for image: ghcr.io/epos-eric/metadata-database/deploy:main
2026-08-21 13:49:37 [main] INFO  t.g.io/epos-eric/metadata-database/deploy:main - Container ghcr.io/epos-eric/metadata-database/deploy:main is starting: 453d70fc0991e8b006837f52ce27fba05f0648e5895a39aa8d9e4ea47faec41a
2026-08-21 13:49:40 [main] INFO  t.g.io/epos-eric/metadata-database/deploy:main - Container ghcr.io/epos-eric/metadata-database/deploy:main started in PT3.451663557S
2026-08-21 13:49:40 [main] INFO  t.g.io/epos-eric/metadata-database/deploy:main - Container is started (JDBC URL: jdbc:postgresql://localhost:33254/cerif?loggerLevel=OFF)
2026-08-21 13:49:40 [main] INFO  com.zaxxer.hikari.HikariDataSource - metadata_catalogue - Starting...
2026-08-21 13:49:41 [main] INFO  com.zaxxer.hikari.pool.HikariPool - metadata_catalogue - Added connection org.postgresql.jdbc.PgConnection@bb510b
2026-08-21 13:49:41 [main] INFO  com.zaxxer.hikari.HikariDataSource - metadata_catalogue - Start completed.
2026-08-21 13:49:41 [main] INFO  com.zaxxer.hikari.HikariDataSource - metadata_catalogue - Shutdown initiated...
2026-08-21 13:49:41 [main] INFO  com.zaxxer.hikari.HikariDataSource - metadata_catalogue - Shutdown completed.
2026-08-21 13:49:41 [main] INFO  t.g.io/epos-eric/metadata-database/deploy:main - Creating container for image: ghcr.io/epos-eric/metadata-database/deploy:main
2026-08-21 13:49:41 [main] INFO  t.g.io/epos-eric/metadata-database/deploy:main - Container ghcr.io/epos-eric/metadata-database/deploy:main is starting: c2347c8b34cb5ca2a58a87978b4f2a616406d87433a07107b791a99206ba78cf
2026-08-21 13:49:44 [main] INFO  t.g.io/epos-eric/metadata-database/deploy:main - Container ghcr.io/epos-eric/metadata-database/deploy:main started in PT3.628591277S
2026-08-21 13:49:44 [main] INFO  t.g.io/epos-eric/metadata-database/deploy:main - Container is started (JDBC URL: jdbc:postgresql://localhost:33256/cerif?loggerLevel=OFF)
2026-08-21 13:49:44 [main] INFO  com.zaxxer.hikari.HikariDataSource - metadata_catalogue - Starting...
2026-08-21 13:49:44 [main] INFO  com.zaxxer.hikari.pool.HikariPool - metadata_catalogue - Added connection org.postgresql.jdbc.PgConnection@1e5a8278
2026-08-21 13:49:44 [main] INFO  com.zaxxer.hikari.HikariDataSource - metadata_catalogue - Start completed.
2026-08-21 13:49:45 [main] INFO  com.zaxxer.hikari.HikariDataSource - metadata_catalogue - Shutdown initiated...
2026-08-21 13:49:45 [main] INFO  com.zaxxer.hikari.HikariDataSource - metadata_catalogue - Shutdown completed.
2026-08-21 13:49:45 [main] INFO  t.g.io/epos-eric/metadata-database/deploy:main - Creating container for image: ghcr.io/epos-eric/metadata-database/deploy:main
2026-08-21 13:49:45 [main] INFO  t.g.io/epos-eric/metadata-database/deploy:main - Container ghcr.io/epos-eric/metadata-database/deploy:main is starting: f7444248c578bd72d3846829b6c3c64d29cf92dbd62bac120fe3e2d9f48d8b00
2026-08-21 13:49:49 [main] INFO  t.g.io/epos-eric/metadata-database/deploy:main - Container ghcr.io/epos-eric/metadata-database/deploy:main started in PT3.870730839S
2026-08-21 13:49:49 [main] INFO  t.g.io/epos-eric/metadata-database/deploy:main - Container is started (JDBC URL: jdbc:postgresql://localhost:33258/cerif?loggerLevel=OFF)
2026-08-21 13:49:49 [main] INFO  com.zaxxer.hikari.HikariDataSource - metadata_catalogue - Starting...
2026-08-21 13:49:49 [main] INFO  com.zaxxer.hikari.pool.HikariPool - metadata_catalogue - Added connection org.postgresql.jdbc.PgConnection@5fde8cf4
2026-08-21 13:49:49 [main] INFO  com.zaxxer.hikari.HikariDataSource - metadata_catalogue - Start completed.
2026-08-21 13:49:49 [main] INFO  com.zaxxer.hikari.HikariDataSource - metadata_catalogue - Shutdown initiated...
2026-08-21 13:49:49 [main] INFO  com.zaxxer.hikari.HikariDataSource - metadata_catalogue - Shutdown completed.
2026-08-21 13:49:49 [main] INFO  t.g.io/epos-eric/metadata-database/deploy:main - Creating container for image: ghcr.io/epos-eric/metadata-database/deploy:main
2026-08-21 13:49:50 [main] INFO  t.g.io/epos-eric/metadata-database/deploy:main - Container ghcr.io/epos-eric/metadata-database/deploy:main is starting: e0df3e0a8f9e6cf60f922206c8ea262e8adb63b72ff0e693a4b89eed0a3de311
2026-08-21 13:49:54 [main] INFO  t.g.io/epos-eric/metadata-database/deploy:main - Container ghcr.io/epos-eric/metadata-database/deploy:main started in PT4.422482492S
2026-08-21 13:49:54 [main] INFO  t.g.io/epos-eric/metadata-database/deploy:main - Container is started (JDBC URL: jdbc:postgresql://localhost:33259/cerif?loggerLevel=OFF)
2026-08-21 13:49:54 [main] INFO  com.zaxxer.hikari.HikariDataSource - metadata_catalogue - Starting...
2026-08-21 13:49:54 [main] INFO  com.zaxxer.hikari.pool.HikariPool - metadata_catalogue - Added connection org.postgresql.jdbc.PgConnection@20f4849c
2026-08-21 13:49:54 [main] INFO  com.zaxxer.hikari.HikariDataSource - metadata_catalogue - Start completed.
2026-08-21 13:49:55 [main] INFO  com.zaxxer.hikari.HikariDataSource - metadata_catalogue - Shutdown initiated...
2026-08-21 13:49:55 [main] INFO  com.zaxxer.hikari.HikariDataSource - metadata_catalogue - Shutdown completed.
2026-08-21 13:49:55 [main] INFO  t.g.io/epos-eric/metadata-database/deploy:main - Creating container for image: ghcr.io/epos-eric/metadata-database/deploy:main
2026-08-21 13:49:55 [main] INFO  t.g.io/epos-eric/metadata-database/deploy:main - Container ghcr.io/epos-eric/metadata-database/deploy:main is starting: 1b698895d6e070460db4f722b61e1d278c11be505172fec7ec657bb1f5c4527e
2026-08-21 13:50:00 [main] INFO  t.g.io/epos-eric/metadata-database/deploy:main - Container ghcr.io/epos-eric/metadata-database/deploy:main started in PT5.206088935S
2026-08-21 13:50:00 [main] INFO  t.g.io/epos-eric/metadata-database/deploy:main - Container is started (JDBC URL: jdbc:postgresql://localhost:33260/cerif?loggerLevel=OFF)
2026-08-21 13:50:00 [main] INFO  com.zaxxer.hikari.HikariDataSource - metadata_catalogue - Starting...
2026-08-21 13:50:00 [main] INFO  com.zaxxer.hikari.pool.HikariPool - metadata_catalogue - Added connection org.postgresql.jdbc.PgConnection@6084d56b
2026-08-21 13:50:00 [main] INFO  com.zaxxer.hikari.HikariDataSource - metadata_catalogue - Start completed.
2026-08-21 13:50:02 [main] INFO  com.zaxxer.hikari.HikariDataSource - metadata_catalogue - Shutdown initiated...
2026-08-21 13:50:02 [main] INFO  com.zaxxer.hikari.HikariDataSource - metadata_catalogue - Shutdown completed.
2026-08-21 13:50:02 [main] INFO  t.g.io/epos-eric/metadata-database/deploy:main - Creating container for image: ghcr.io/epos-eric/metadata-database/deploy:main
2026-08-21 13:50:03 [main] INFO  t.g.io/epos-eric/metadata-database/deploy:main - Container ghcr.io/epos-eric/metadata-database/deploy:main is starting: b8354c0eb44187ee339a5f848f7baa6858489222b054f459fd21e65084e122a4
2026-08-21 13:50:06 [main] INFO  t.g.io/epos-eric/metadata-database/deploy:main - Container ghcr.io/epos-eric/metadata-database/deploy:main started in PT3.862920904S
2026-08-21 13:50:06 [main] INFO  t.g.io/epos-eric/metadata-database/deploy:main - Container is started (JDBC URL: jdbc:postgresql://localhost:33261/cerif?loggerLevel=OFF)
2026-08-21 13:50:06 [main] INFO  com.zaxxer.hikari.HikariDataSource - metadata_catalogue - Starting...
2026-08-21 13:50:06 [main] INFO  com.zaxxer.hikari.pool.HikariPool - metadata_catalogue - Added connection org.postgresql.jdbc.PgConnection@7a9e618e
2026-08-21 13:50:06 [main] INFO  com.zaxxer.hikari.HikariDataSource - metadata_catalogue - Start completed.
2026-08-21 13:50:07 [main] INFO  com.zaxxer.hikari.HikariDataSource - metadata_catalogue - Shutdown initiated...
2026-08-21 13:50:07 [main] INFO  com.zaxxer.hikari.HikariDataSource - metadata_catalogue - Shutdown completed.
2026-08-21 13:50:07 [main] INFO  t.g.io/epos-eric/metadata-database/deploy:main - Creating container for image: ghcr.io/epos-eric/metadata-database/deploy:main
2026-08-21 13:50:07 [main] INFO  t.g.io/epos-eric/metadata-database/deploy:main - Container ghcr.io/epos-eric/metadata-database/deploy:main is starting: 01be623b3e7937d6e036f02cca01cc0cbaa30f46e624da686dcac65dbd14f42c
2026-08-21 13:50:11 [main] INFO  t.g.io/epos-eric/metadata-database/deploy:main - Container ghcr.io/epos-eric/metadata-database/deploy:main started in PT3.916968547S
2026-08-21 13:50:11 [main] INFO  t.g.io/epos-eric/metadata-database/deploy:main - Container is started (JDBC URL: jdbc:postgresql://localhost:33262/cerif?loggerLevel=OFF)
2026-08-21 13:50:11 [main] INFO  com.zaxxer.hikari.HikariDataSource - metadata_catalogue - Starting...
2026-08-21 13:50:11 [main] INFO  com.zaxxer.hikari.pool.HikariPool - metadata_catalogue - Added connection org.postgresql.jdbc.PgConnection@39dc0a19
2026-08-21 13:50:11 [main] INFO  com.zaxxer.hikari.HikariDataSource - metadata_catalogue - Start completed.
2026-08-21 13:50:11 [main] INFO  com.zaxxer.hikari.HikariDataSource - metadata_catalogue - Shutdown initiated...
2026-08-21 13:50:11 [main] INFO  com.zaxxer.hikari.HikariDataSource - metadata_catalogue - Shutdown completed.
2026-08-21 13:50:11 [main] INFO  t.g.io/epos-eric/metadata-database/deploy:main - Creating container for image: ghcr.io/epos-eric/metadata-database/deploy:main
2026-08-21 13:50:12 [main] INFO  t.g.io/epos-eric/metadata-database/deploy:main - Container ghcr.io/epos-eric/metadata-database/deploy:main is starting: 612d9746787d430f01a2135a5cd0379e0677c23da25a145d96b86be602ba749a
2026-08-21 13:50:16 [main] INFO  t.g.io/epos-eric/metadata-database/deploy:main - Container ghcr.io/epos-eric/metadata-database/deploy:main started in PT4.394060989S
2026-08-21 13:50:16 [main] INFO  t.g.io/epos-eric/metadata-database/deploy:main - Container is started (JDBC URL: jdbc:postgresql://localhost:33263/cerif?loggerLevel=OFF)
2026-08-21 13:50:16 [main] INFO  com.zaxxer.hikari.HikariDataSource - metadata_catalogue - Starting...
2026-08-21 13:50:16 [main] INFO  com.zaxxer.hikari.pool.HikariPool - metadata_catalogue - Added connection org.postgresql.jdbc.PgConnection@4a4525a1
2026-08-21 13:50:16 [main] INFO  com.zaxxer.hikari.HikariDataSource - metadata_catalogue - Start completed.
2026-08-21 13:50:16 [main] INFO  com.zaxxer.hikari.HikariDataSource - metadata_catalogue - Shutdown initiated...
2026-08-21 13:50:16 [main] INFO  com.zaxxer.hikari.HikariDataSource - metadata_catalogue - Shutdown completed.
2026-08-21 13:50:16 [main] INFO  t.g.io/epos-eric/metadata-database/deploy:main - Creating container for image: ghcr.io/epos-eric/metadata-database/deploy:main
2026-08-21 13:50:16 [main] INFO  t.g.io/epos-eric/metadata-database/deploy:main - Container ghcr.io/epos-eric/metadata-database/deploy:main is starting: 2d98a6c1211d3b72f483f25abbf5dbf1b3c6c3a4091e47e9b1cb33b1e6952319
2026-08-21 13:50:22 [main] INFO  t.g.io/epos-eric/metadata-database/deploy:main - Container ghcr.io/epos-eric/metadata-database/deploy:main started in PT5.241152532S
2026-08-21 13:50:22 [main] INFO  t.g.io/epos-eric/metadata-database/deploy:main - Container is started (JDBC URL: jdbc:postgresql://localhost:33264/cerif?loggerLevel=OFF)
2026-08-21 13:50:22 [main] INFO  com.zaxxer.hikari.HikariDataSource - metadata_catalogue - Starting...
2026-08-21 13:50:22 [main] INFO  com.zaxxer.hikari.pool.HikariPool - metadata_catalogue - Added connection org.postgresql.jdbc.PgConnection@3dc70c5a
2026-08-21 13:50:22 [main] INFO  com.zaxxer.hikari.HikariDataSource - metadata_catalogue - Start completed.
2026-08-21 13:50:22 [main] INFO  com.zaxxer.hikari.HikariDataSource - metadata_catalogue - Shutdown initiated...
2026-08-21 13:50:22 [main] INFO  com.zaxxer.hikari.HikariDataSource - metadata_catalogue - Shutdown completed.
2026-08-21 13:50:22 [main] INFO  t.g.io/epos-eric/metadata-database/deploy:main - Creating container for image: ghcr.io/epos-eric/metadata-database/deploy:main
2026-08-21 13:50:22 [main] INFO  t.g.io/epos-eric/metadata-database/deploy:main - Container ghcr.io/epos-eric/metadata-database/deploy:main is starting: 61f92b6aa01729fbbfe111efb2d0e498c322437a4f49cabb6a270e64fe1db878
2026-08-21 13:50:26 [main] INFO  t.g.io/epos-eric/metadata-database/deploy:main - Container ghcr.io/epos-eric/metadata-database/deploy:main started in PT4.225225999S
2026-08-21 13:50:26 [main] INFO  t.g.io/epos-eric/metadata-database/deploy:main - Container is started (JDBC URL: jdbc:postgresql://localhost:33265/cerif?loggerLevel=OFF)
2026-08-21 13:50:26 [main] INFO  com.zaxxer.hikari.HikariDataSource - metadata_catalogue - Starting...
2026-08-21 13:50:26 [main] INFO  com.zaxxer.hikari.pool.HikariPool - metadata_catalogue - Added connection org.postgresql.jdbc.PgConnection@3bb27579
2026-08-21 13:50:26 [main] INFO  com.zaxxer.hikari.HikariDataSource - metadata_catalogue - Start completed.
2026-08-21 13:50:26 [main] INFO  com.zaxxer.hikari.HikariDataSource - metadata_catalogue - Shutdown initiated...
2026-08-21 13:50:26 [main] INFO  com.zaxxer.hikari.HikariDataSource - metadata_catalogue - Shutdown completed.
2026-08-21 13:50:27 [main] INFO  t.g.io/epos-eric/metadata-database/deploy:main - Creating container for image: ghcr.io/epos-eric/metadata-database/deploy:main
2026-08-21 13:50:27 [main] INFO  t.g.io/epos-eric/metadata-database/deploy:main - Container ghcr.io/epos-eric/metadata-database/deploy:main is starting: f9fdecb2e2c2dae0cb7a6a4aa2d58b8aaa10e8f37f8e57cf98346304b9921467
2026-08-21 13:50:32 [main] INFO  t.g.io/epos-eric/metadata-database/deploy:main - Container ghcr.io/epos-eric/metadata-database/deploy:main started in PT4.655348391S
2026-08-21 13:50:32 [main] INFO  t.g.io/epos-eric/metadata-database/deploy:main - Container is started (JDBC URL: jdbc:postgresql://localhost:33266/cerif?loggerLevel=OFF)
2026-08-21 13:50:32 [main] INFO  com.zaxxer.hikari.HikariDataSource - metadata_catalogue - Starting...
2026-08-21 13:50:32 [main] INFO  com.zaxxer.hikari.pool.HikariPool - metadata_catalogue - Added connection org.postgresql.jdbc.PgConnection@3d228c48
2026-08-21 13:50:32 [main] INFO  com.zaxxer.hikari.HikariDataSource - metadata_catalogue - Start completed.
2026-08-21 13:50:33 [main] INFO  com.zaxxer.hikari.HikariDataSource - metadata_catalogue - Shutdown initiated...
2026-08-21 13:50:33 [main] INFO  com.zaxxer.hikari.HikariDataSource - metadata_catalogue - Shutdown completed.
2026-08-21 13:50:33 [main] INFO  t.g.io/epos-eric/metadata-database/deploy:main - Creating container for image: ghcr.io/epos-eric/metadata-database/deploy:main
2026-08-21 13:50:34 [main] INFO  t.g.io/epos-eric/metadata-database/deploy:main - Container ghcr.io/epos-eric/metadata-database/deploy:main is starting: 311e77cee2f803bf29c48fda74774b59c3e7b56447f5dca5ddbc8c3d3e81e378
2026-08-21 13:50:38 [main] INFO  t.g.io/epos-eric/metadata-database/deploy:main - Container ghcr.io/epos-eric/metadata-database/deploy:main started in PT4.579150047S
2026-08-21 13:50:38 [main] INFO  t.g.io/epos-eric/metadata-database/deploy:main - Container is started (JDBC URL: jdbc:postgresql://localhost:33267/cerif?loggerLevel=OFF)
2026-08-21 13:50:38 [main] INFO  com.zaxxer.hikari.HikariDataSource - metadata_catalogue - Starting...
2026-08-21 13:50:38 [main] INFO  com.zaxxer.hikari.pool.HikariPool - metadata_catalogue - Added connection org.postgresql.jdbc.PgConnection@327a9837
2026-08-21 13:50:38 [main] INFO  com.zaxxer.hikari.HikariDataSource - metadata_catalogue - Start completed.
2026-08-21 13:50:38 [main] INFO  com.zaxxer.hikari.HikariDataSource - metadata_catalogue - Shutdown initiated...
2026-08-21 13:50:38 [main] INFO  com.zaxxer.hikari.HikariDataSource - metadata_catalogue - Shutdown completed.
2026-08-21 13:50:39 [main] INFO  t.g.io/epos-eric/metadata-database/deploy:main - Creating container for image: ghcr.io/epos-eric/metadata-database/deploy:main
2026-08-21 13:50:39 [main] INFO  t.g.io/epos-eric/metadata-database/deploy:main - Container ghcr.io/epos-eric/metadata-database/deploy:main is starting: 4c062d26f5606c94e88dbbc042953e14250a28e83fe8e01618697f0498d23fbf
2026-08-21 13:50:44 [main] INFO  t.g.io/epos-eric/metadata-database/deploy:main - Container ghcr.io/epos-eric/metadata-database/deploy:main started in PT5.199733049S
2026-08-21 13:50:44 [main] INFO  t.g.io/epos-eric/metadata-database/deploy:main - Container is started (JDBC URL: jdbc:postgresql://localhost:33268/cerif?loggerLevel=OFF)
2026-08-21 13:50:44 [main] INFO  com.zaxxer.hikari.HikariDataSource - metadata_catalogue - Starting...
2026-08-21 13:50:44 [main] INFO  com.zaxxer.hikari.pool.HikariPool - metadata_catalogue - Added connection org.postgresql.jdbc.PgConnection@187271bf
2026-08-21 13:50:44 [main] INFO  com.zaxxer.hikari.HikariDataSource - metadata_catalogue - Start completed.
2026-08-21 13:50:44 [main] INFO  com.zaxxer.hikari.HikariDataSource - metadata_catalogue - Shutdown initiated...
2026-08-21 13:50:44 [main] INFO  com.zaxxer.hikari.HikariDataSource - metadata_catalogue - Shutdown completed.
2026-08-21 13:50:44 [main] INFO  t.g.io/epos-eric/metadata-database/deploy:main - Creating container for image: ghcr.io/epos-eric/metadata-database/deploy:main
2026-08-21 13:50:45 [main] INFO  t.g.io/epos-eric/metadata-database/deploy:main - Container ghcr.io/epos-eric/metadata-database/deploy:main is starting: 2518edc8eae29099e2fac5870faf5c65fb9ce2218448ff320b83aa19ee51fe76
2026-08-21 13:50:49 [main] INFO  t.g.io/epos-eric/metadata-database/deploy:main - Container ghcr.io/epos-eric/metadata-database/deploy:main started in PT4.4964448S
2026-08-21 13:50:49 [main] INFO  t.g.io/epos-eric/metadata-database/deploy:main - Container is started (JDBC URL: jdbc:postgresql://localhost:33269/cerif?loggerLevel=OFF)
2026-08-21 13:50:49 [main] INFO  com.zaxxer.hikari.HikariDataSource - metadata_catalogue - Starting...
2026-08-21 13:50:49 [main] INFO  com.zaxxer.hikari.pool.HikariPool - metadata_catalogue - Added connection org.postgresql.jdbc.PgConnection@62f1773d
2026-08-21 13:50:49 [main] INFO  com.zaxxer.hikari.HikariDataSource - metadata_catalogue - Start completed.
2026-08-21 13:50:49 [main] INFO  com.zaxxer.hikari.HikariDataSource - metadata_catalogue - Shutdown initiated...
2026-08-21 13:50:49 [main] INFO  com.zaxxer.hikari.HikariDataSource - metadata_catalogue - Shutdown completed.
2026-08-21 13:50:50 [main] INFO  t.g.io/epos-eric/metadata-database/deploy:main - Creating container for image: ghcr.io/epos-eric/metadata-database/deploy:main
2026-08-21 13:50:50 [main] INFO  t.g.io/epos-eric/metadata-database/deploy:main - Container ghcr.io/epos-eric/metadata-database/deploy:main is starting: a022546e252b572839d3f427b3e6a4c861cd645f179213fb4062dc9a45655af6
2026-08-21 13:50:54 [main] INFO  t.g.io/epos-eric/metadata-database/deploy:main - Container ghcr.io/epos-eric/metadata-database/deploy:main started in PT4.58987583S
2026-08-21 13:50:54 [main] INFO  t.g.io/epos-eric/metadata-database/deploy:main - Container is started (JDBC URL: jdbc:postgresql://localhost:33270/cerif?loggerLevel=OFF)
2026-08-21 13:50:54 [main] INFO  com.zaxxer.hikari.HikariDataSource - metadata_catalogue - Starting...
2026-08-21 13:50:54 [main] INFO  com.zaxxer.hikari.pool.HikariPool - metadata_catalogue - Added connection org.postgresql.jdbc.PgConnection@237bb183
2026-08-21 13:50:54 [main] INFO  com.zaxxer.hikari.HikariDataSource - metadata_catalogue - Start completed.
2026-08-21 13:50:54 [main] INFO  com.zaxxer.hikari.HikariDataSource - metadata_catalogue - Shutdown initiated...
2026-08-21 13:50:55 [main] INFO  com.zaxxer.hikari.HikariDataSource - metadata_catalogue - Shutdown completed.
2026-08-21 13:50:55 [main] INFO  t.g.io/epos-eric/metadata-database/deploy:main - Creating container for image: ghcr.io/epos-eric/metadata-database/deploy:main
2026-08-21 13:50:55 [main] INFO  t.g.io/epos-eric/metadata-database/deploy:main - Container ghcr.io/epos-eric/metadata-database/deploy:main is starting: 7f59f5fd8fad74097a6b3108501aebcfa64e35b224c1f3a9a82a1f887e2598ba
2026-08-21 13:50:59 [main] INFO  t.g.io/epos-eric/metadata-database/deploy:main - Container ghcr.io/epos-eric/metadata-database/deploy:main started in PT4.341734461S
2026-08-21 13:50:59 [main] INFO  t.g.io/epos-eric/metadata-database/deploy:main - Container is started (JDBC URL: jdbc:postgresql://localhost:33271/cerif?loggerLevel=OFF)
2026-08-21 13:50:59 [main] INFO  com.zaxxer.hikari.HikariDataSource - metadata_catalogue - Starting...
2026-08-21 13:50:59 [main] INFO  com.zaxxer.hikari.pool.HikariPool - metadata_catalogue - Added connection org.postgresql.jdbc.PgConnection@5a9f68a3
2026-08-21 13:50:59 [main] INFO  com.zaxxer.hikari.HikariDataSource - metadata_catalogue - Start completed.
2026-08-21 13:51:00 [main] INFO  com.zaxxer.hikari.HikariDataSource - metadata_catalogue - Shutdown initiated...
2026-08-21 13:51:00 [main] INFO  com.zaxxer.hikari.HikariDataSource - metadata_catalogue - Shutdown completed.
2026-08-21 13:51:00 [main] INFO  t.g.io/epos-eric/metadata-database/deploy:main - Creating container for image: ghcr.io/epos-eric/metadata-database/deploy:main
2026-08-21 13:51:00 [main] INFO  t.g.io/epos-eric/metadata-database/deploy:main - Container ghcr.io/epos-eric/metadata-database/deploy:main is starting: c3587fd585b4b8f2b1df22f98f33d265fd95371c97febb5af2ff3be0b15354ff
2026-08-21 13:51:05 [main] INFO  t.g.io/epos-eric/metadata-database/deploy:main - Container ghcr.io/epos-eric/metadata-database/deploy:main started in PT5.135099613S
2026-08-21 13:51:05 [main] INFO  t.g.io/epos-eric/metadata-database/deploy:main - Container is started (JDBC URL: jdbc:postgresql://localhost:33272/cerif?loggerLevel=OFF)
2026-08-21 13:51:05 [main] INFO  com.zaxxer.hikari.HikariDataSource - metadata_catalogue - Starting...
2026-08-21 13:51:05 [main] INFO  com.zaxxer.hikari.pool.HikariPool - metadata_catalogue - Added connection org.postgresql.jdbc.PgConnection@25b78608
2026-08-21 13:51:05 [main] INFO  com.zaxxer.hikari.HikariDataSource - metadata_catalogue - Start completed.
2026-08-21 13:51:07 [main] INFO  com.zaxxer.hikari.HikariDataSource - metadata_catalogue - Shutdown initiated...
2026-08-21 13:51:07 [main] INFO  com.zaxxer.hikari.HikariDataSource - metadata_catalogue - Shutdown completed.
2026-08-21 13:51:07 [main] INFO  t.g.io/epos-eric/metadata-database/deploy:main - Creating container for image: ghcr.io/epos-eric/metadata-database/deploy:main
2026-08-21 13:51:07 [main] INFO  t.g.io/epos-eric/metadata-database/deploy:main - Container ghcr.io/epos-eric/metadata-database/deploy:main is starting: 28a017999198a8b4992a71ebf45bc5e49ec28b222552b8167fa693e7e3a9fb02
2026-08-21 13:51:11 [main] INFO  t.g.io/epos-eric/metadata-database/deploy:main - Container ghcr.io/epos-eric/metadata-database/deploy:main started in PT4.476331381S
2026-08-21 13:51:11 [main] INFO  t.g.io/epos-eric/metadata-database/deploy:main - Container is started (JDBC URL: jdbc:postgresql://localhost:33273/cerif?loggerLevel=OFF)
2026-08-21 13:51:11 [main] INFO  com.zaxxer.hikari.HikariDataSource - metadata_catalogue - Starting...
2026-08-21 13:51:11 [main] INFO  com.zaxxer.hikari.pool.HikariPool - metadata_catalogue - Added connection org.postgresql.jdbc.PgConnection@69d7e75d
2026-08-21 13:51:11 [main] INFO  com.zaxxer.hikari.HikariDataSource - metadata_catalogue - Start completed.
2026-08-21 13:51:12 [main] INFO  com.zaxxer.hikari.HikariDataSource - metadata_catalogue - Shutdown initiated...
2026-08-21 13:51:12 [main] INFO  com.zaxxer.hikari.HikariDataSource - metadata_catalogue - Shutdown completed.
2026-08-21 13:51:12 [main] INFO  t.g.io/epos-eric/metadata-database/deploy:main - Creating container for image: ghcr.io/epos-eric/metadata-database/deploy:main
2026-08-21 13:51:12 [main] INFO  t.g.io/epos-eric/metadata-database/deploy:main - Container ghcr.io/epos-eric/metadata-database/deploy:main is starting: e7e63fd44d5b350604809e7a2d47782f898ce8ebaa063b72f77a34c2bdbd5cb8
2026-08-21 13:51:16 [main] INFO  t.g.io/epos-eric/metadata-database/deploy:main - Container ghcr.io/epos-eric/metadata-database/deploy:main started in PT4.307263629S
2026-08-21 13:51:16 [main] INFO  t.g.io/epos-eric/metadata-database/deploy:main - Container is started (JDBC URL: jdbc:postgresql://localhost:33274/cerif?loggerLevel=OFF)
2026-08-21 13:51:16 [main] INFO  com.zaxxer.hikari.HikariDataSource - metadata_catalogue - Starting...
2026-08-21 13:51:16 [main] INFO  com.zaxxer.hikari.pool.HikariPool - metadata_catalogue - Added connection org.postgresql.jdbc.PgConnection@4b1d75ea
2026-08-21 13:51:16 [main] INFO  com.zaxxer.hikari.HikariDataSource - metadata_catalogue - Start completed.
2026-08-21 13:51:16 [main] INFO  com.zaxxer.hikari.HikariDataSource - metadata_catalogue - Shutdown initiated...
2026-08-21 13:51:16 [main] INFO  com.zaxxer.hikari.HikariDataSource - metadata_catalogue - Shutdown completed.
2026-08-21 13:51:17 [main] INFO  t.g.io/epos-eric/metadata-database/deploy:main - Creating container for image: ghcr.io/epos-eric/metadata-database/deploy:main
2026-08-21 13:51:17 [main] INFO  t.g.io/epos-eric/metadata-database/deploy:main - Container ghcr.io/epos-eric/metadata-database/deploy:main is starting: d2e1debfc41da3f67d51d4e5542eaa182b7136f85213b0f4cb36220da35d58ed
2026-08-21 13:51:21 [main] INFO  t.g.io/epos-eric/metadata-database/deploy:main - Container ghcr.io/epos-eric/metadata-database/deploy:main started in PT4.533903481S
2026-08-21 13:51:21 [main] INFO  t.g.io/epos-eric/metadata-database/deploy:main - Container is started (JDBC URL: jdbc:postgresql://localhost:33275/cerif?loggerLevel=OFF)
2026-08-21 13:51:21 [main] INFO  com.zaxxer.hikari.HikariDataSource - metadata_catalogue - Starting...
2026-08-21 13:51:21 [main] INFO  com.zaxxer.hikari.pool.HikariPool - metadata_catalogue - Added connection org.postgresql.jdbc.PgConnection@60d7f72d
2026-08-21 13:51:21 [main] INFO  com.zaxxer.hikari.HikariDataSource - metadata_catalogue - Start completed.
2026-08-21 13:51:21 [main] INFO  com.zaxxer.hikari.HikariDataSource - metadata_catalogue - Shutdown initiated...
2026-08-21 13:51:21 [main] INFO  com.zaxxer.hikari.HikariDataSource - metadata_catalogue - Shutdown completed.
2026-08-21 13:51:22 [main] INFO  t.g.io/epos-eric/metadata-database/deploy:main - Creating container for image: ghcr.io/epos-eric/metadata-database/deploy:main
2026-08-21 13:51:22 [main] INFO  t.g.io/epos-eric/metadata-database/deploy:main - Container ghcr.io/epos-eric/metadata-database/deploy:main is starting: e676a6137933b55f2183e9c6b2aa0cc13dbd33c1d477d57680aecfef22b8a55f
2026-08-21 13:51:26 [main] INFO  t.g.io/epos-eric/metadata-database/deploy:main - Container ghcr.io/epos-eric/metadata-database/deploy:main started in PT3.939894295S
2026-08-21 13:51:26 [main] INFO  t.g.io/epos-eric/metadata-database/deploy:main - Container is started (JDBC URL: jdbc:postgresql://localhost:33276/cerif?loggerLevel=OFF)
2026-08-21 13:51:26 [main] INFO  com.zaxxer.hikari.HikariDataSource - metadata_catalogue - Starting...
2026-08-21 13:51:26 [main] INFO  com.zaxxer.hikari.pool.HikariPool - metadata_catalogue - Added connection org.postgresql.jdbc.PgConnection@35117794
2026-08-21 13:51:26 [main] INFO  com.zaxxer.hikari.HikariDataSource - metadata_catalogue - Start completed.
2026-08-21 13:51:26 [main] INFO  com.zaxxer.hikari.HikariDataSource - metadata_catalogue - Shutdown initiated...
2026-08-21 13:51:26 [main] INFO  com.zaxxer.hikari.HikariDataSource - metadata_catalogue - Shutdown completed.
2026-08-21 13:51:27 [main] INFO  t.g.io/epos-eric/metadata-database/deploy:main - Creating container for image: ghcr.io/epos-eric/metadata-database/deploy:main
2026-08-21 13:51:27 [main] INFO  t.g.io/epos-eric/metadata-database/deploy:main - Container ghcr.io/epos-eric/metadata-database/deploy:main is starting: 23965f4581c6f180d772710a01b101f4acdccfca2a575596868b361362171ab8
2026-08-21 13:51:31 [main] INFO  t.g.io/epos-eric/metadata-database/deploy:main - Container ghcr.io/epos-eric/metadata-database/deploy:main started in PT3.937169856S
2026-08-21 13:51:31 [main] INFO  t.g.io/epos-eric/metadata-database/deploy:main - Container is started (JDBC URL: jdbc:postgresql://localhost:33277/cerif?loggerLevel=OFF)
2026-08-21 13:51:31 [main] INFO  com.zaxxer.hikari.HikariDataSource - metadata_catalogue - Starting...
2026-08-21 13:51:31 [main] INFO  com.zaxxer.hikari.pool.HikariPool - metadata_catalogue - Added connection org.postgresql.jdbc.PgConnection@5c19d513
2026-08-21 13:51:31 [main] INFO  com.zaxxer.hikari.HikariDataSource - metadata_catalogue - Start completed.
2026-08-21 13:51:31 [main] INFO  com.zaxxer.hikari.HikariDataSource - metadata_catalogue - Shutdown initiated...
2026-08-21 13:51:31 [main] INFO  com.zaxxer.hikari.HikariDataSource - metadata_catalogue - Shutdown completed.
2026-08-21 13:51:31 [main] INFO  t.g.io/epos-eric/metadata-database/deploy:main - Creating container for image: ghcr.io/epos-eric/metadata-database/deploy:main
2026-08-21 13:51:31 [main] INFO  t.g.io/epos-eric/metadata-database/deploy:main - Container ghcr.io/epos-eric/metadata-database/deploy:main is starting: f645888bf6320b1fe80943689559f739fe94658af1f072ccaddde2cf96eb6359
2026-08-21 13:51:35 [main] INFO  t.g.io/epos-eric/metadata-database/deploy:main - Container ghcr.io/epos-eric/metadata-database/deploy:main started in PT3.98349149S
2026-08-21 13:51:35 [main] INFO  t.g.io/epos-eric/metadata-database/deploy:main - Container is started (JDBC URL: jdbc:postgresql://localhost:33278/cerif?loggerLevel=OFF)
2026-08-21 13:51:35 [main] INFO  com.zaxxer.hikari.HikariDataSource - metadata_catalogue - Starting...
2026-08-21 13:51:35 [main] INFO  com.zaxxer.hikari.pool.HikariPool - metadata_catalogue - Added connection org.postgresql.jdbc.PgConnection@4e789428
2026-08-21 13:51:35 [main] INFO  com.zaxxer.hikari.HikariDataSource - metadata_catalogue - Start completed.
2026-08-21 13:51:36 [main] INFO  com.zaxxer.hikari.HikariDataSource - metadata_catalogue - Shutdown initiated...
2026-08-21 13:51:36 [main] INFO  com.zaxxer.hikari.HikariDataSource - metadata_catalogue - Shutdown completed.
2026-08-21 13:51:36 [main] INFO  t.g.io/epos-eric/metadata-database/deploy:main - Creating container for image: ghcr.io/epos-eric/metadata-database/deploy:main
2026-08-21 13:51:36 [main] INFO  t.g.io/epos-eric/metadata-database/deploy:main - Container ghcr.io/epos-eric/metadata-database/deploy:main is starting: 2489b92625994313ce0497ebaca349d06bf83d1501acd29c2b60daf39b74aa5a
2026-08-21 13:51:41 [main] INFO  t.g.io/epos-eric/metadata-database/deploy:main - Container ghcr.io/epos-eric/metadata-database/deploy:main started in PT4.605593651S
2026-08-21 13:51:41 [main] INFO  t.g.io/epos-eric/metadata-database/deploy:main - Container is started (JDBC URL: jdbc:postgresql://localhost:33279/cerif?loggerLevel=OFF)
2026-08-21 13:51:41 [main] INFO  com.zaxxer.hikari.HikariDataSource - metadata_catalogue - Starting...
2026-08-21 13:51:41 [main] INFO  com.zaxxer.hikari.pool.HikariPool - metadata_catalogue - Added connection org.postgresql.jdbc.PgConnection@64635346
2026-08-21 13:51:41 [main] INFO  com.zaxxer.hikari.HikariDataSource - metadata_catalogue - Start completed.
2026-08-21 13:51:41 [main] INFO  com.zaxxer.hikari.HikariDataSource - metadata_catalogue - Shutdown initiated...
2026-08-21 13:51:41 [main] INFO  com.zaxxer.hikari.HikariDataSource - metadata_catalogue - Shutdown completed.
2026-08-21 13:51:41 [main] INFO  t.g.io/epos-eric/metadata-database/deploy:main - Creating container for image: ghcr.io/epos-eric/metadata-database/deploy:main
2026-08-21 13:51:41 [main] INFO  t.g.io/epos-eric/metadata-database/deploy:main - Container ghcr.io/epos-eric/metadata-database/deploy:main is starting: d91725bf94b3c5dcb6803e907b932ebbaa38ee40ea9749f8e2c92a8b00d54896
2026-08-21 13:51:46 [main] INFO  t.g.io/epos-eric/metadata-database/deploy:main - Container ghcr.io/epos-eric/metadata-database/deploy:main started in PT4.574631059S
2026-08-21 13:51:46 [main] INFO  t.g.io/epos-eric/metadata-database/deploy:main - Container is started (JDBC URL: jdbc:postgresql://localhost:33280/cerif?loggerLevel=OFF)
2026-08-21 13:51:46 [main] INFO  com.zaxxer.hikari.HikariDataSource - metadata_catalogue - Starting...
2026-08-21 13:51:46 [main] INFO  com.zaxxer.hikari.pool.HikariPool - metadata_catalogue - Added connection org.postgresql.jdbc.PgConnection@55739a94
2026-08-21 13:51:46 [main] INFO  com.zaxxer.hikari.HikariDataSource - metadata_catalogue - Start completed.
2026-08-21 13:51:46 [main] INFO  com.zaxxer.hikari.HikariDataSource - metadata_catalogue - Shutdown initiated...
2026-08-21 13:51:46 [main] INFO  com.zaxxer.hikari.HikariDataSource - metadata_catalogue - Shutdown completed.
2026-08-21 13:51:46 [main] INFO  t.g.io/epos-eric/metadata-database/deploy:main - Creating container for image: ghcr.io/epos-eric/metadata-database/deploy:main
2026-08-21 13:51:46 [main] INFO  t.g.io/epos-eric/metadata-database/deploy:main - Container ghcr.io/epos-eric/metadata-database/deploy:main is starting: d5728ea7f53639f36fa240975cb31611749f60be55369306b0b2c6d31d110781
2026-08-21 13:51:51 [main] INFO  t.g.io/epos-eric/metadata-database/deploy:main - Container ghcr.io/epos-eric/metadata-database/deploy:main started in PT4.631684145S
2026-08-21 13:51:51 [main] INFO  t.g.io/epos-eric/metadata-database/deploy:main - Container is started (JDBC URL: jdbc:postgresql://localhost:33281/cerif?loggerLevel=OFF)
2026-08-21 13:51:51 [main] INFO  com.zaxxer.hikari.HikariDataSource - metadata_catalogue - Starting...
2026-08-21 13:51:51 [main] INFO  com.zaxxer.hikari.pool.HikariPool - metadata_catalogue - Added connection org.postgresql.jdbc.PgConnection@4ed03232
2026-08-21 13:51:51 [main] INFO  com.zaxxer.hikari.HikariDataSource - metadata_catalogue - Start completed.
2026-08-21 13:51:51 [main] INFO  com.zaxxer.hikari.HikariDataSource - metadata_catalogue - Shutdown initiated...
2026-08-21 13:51:51 [main] INFO  com.zaxxer.hikari.HikariDataSource - metadata_catalogue - Shutdown completed.
2026-08-21 13:51:52 [main] INFO  t.g.io/epos-eric/metadata-database/deploy:main - Creating container for image: ghcr.io/epos-eric/metadata-database/deploy:main
2026-08-21 13:51:52 [main] INFO  t.g.io/epos-eric/metadata-database/deploy:main - Container ghcr.io/epos-eric/metadata-database/deploy:main is starting: b14a39b5873b9f9fbb0bd3f3e356e9c3f30237f05617524ddd0b28be36a2a555
2026-08-21 13:51:57 [main] INFO  t.g.io/epos-eric/metadata-database/deploy:main - Container ghcr.io/epos-eric/metadata-database/deploy:main started in PT5.263530937S
2026-08-21 13:51:57 [main] INFO  t.g.io/epos-eric/metadata-database/deploy:main - Container is started (JDBC URL: jdbc:postgresql://localhost:33282/cerif?loggerLevel=OFF)
2026-08-21 13:51:57 [main] INFO  com.zaxxer.hikari.HikariDataSource - metadata_catalogue - Starting...
2026-08-21 13:51:57 [main] INFO  com.zaxxer.hikari.pool.HikariPool - metadata_catalogue - Added connection org.postgresql.jdbc.PgConnection@68378a15
2026-08-21 13:51:57 [main] INFO  com.zaxxer.hikari.HikariDataSource - metadata_catalogue - Start completed.
2026-08-21 13:51:57 [main] INFO  com.zaxxer.hikari.HikariDataSource - metadata_catalogue - Shutdown initiated...
2026-08-21 13:51:57 [main] INFO  com.zaxxer.hikari.HikariDataSource - metadata_catalogue - Shutdown completed.
2026-08-21 13:51:58 [main] INFO  t.g.io/epos-eric/metadata-database/deploy:main - Creating container for image: ghcr.io/epos-eric/metadata-database/deploy:main
2026-08-21 13:51:58 [main] INFO  t.g.io/epos-eric/metadata-database/deploy:main - Container ghcr.io/epos-eric/metadata-database/deploy:main is starting: 39fef9b936f89d3f1af0d729b7ca6fd11acd17bfb87228561c0fc1e154afdd4e
2026-08-21 13:52:03 [main] INFO  t.g.io/epos-eric/metadata-database/deploy:main - Container ghcr.io/epos-eric/metadata-database/deploy:main started in PT5.272679469S
2026-08-21 13:52:03 [main] INFO  t.g.io/epos-eric/metadata-database/deploy:main - Container is started (JDBC URL: jdbc:postgresql://localhost:33283/cerif?loggerLevel=OFF)
2026-08-21 13:52:03 [main] INFO  com.zaxxer.hikari.HikariDataSource - metadata_catalogue - Starting...
2026-08-21 13:52:03 [main] INFO  com.zaxxer.hikari.pool.HikariPool - metadata_catalogue - Added connection org.postgresql.jdbc.PgConnection@abd8679
2026-08-21 13:52:03 [main] INFO  com.zaxxer.hikari.HikariDataSource - metadata_catalogue - Start completed.
2026-08-21 13:52:03 [main] INFO  com.zaxxer.hikari.HikariDataSource - metadata_catalogue - Shutdown initiated...
2026-08-21 13:52:03 [main] INFO  com.zaxxer.hikari.HikariDataSource - metadata_catalogue - Shutdown completed.
2026-08-21 13:52:04 [main] INFO  t.g.io/epos-eric/metadata-database/deploy:main - Creating container for image: ghcr.io/epos-eric/metadata-database/deploy:main
2026-08-21 13:52:04 [main] INFO  t.g.io/epos-eric/metadata-database/deploy:main - Container ghcr.io/epos-eric/metadata-database/deploy:main is starting: 5284aaef1b5685b3d1790a0b0384f58bdceb10e318ddd59bf6b1b3ec59772860
2026-08-21 13:52:08 [main] INFO  t.g.io/epos-eric/metadata-database/deploy:main - Container ghcr.io/epos-eric/metadata-database/deploy:main started in PT4.405812972S
2026-08-21 13:52:08 [main] INFO  t.g.io/epos-eric/metadata-database/deploy:main - Container is started (JDBC URL: jdbc:postgresql://localhost:33284/cerif?loggerLevel=OFF)
2026-08-21 13:52:08 [main] INFO  com.zaxxer.hikari.HikariDataSource - metadata_catalogue - Starting...
2026-08-21 13:52:08 [main] INFO  com.zaxxer.hikari.pool.HikariPool - metadata_catalogue - Added connection org.postgresql.jdbc.PgConnection@76abaec
2026-08-21 13:52:08 [main] INFO  com.zaxxer.hikari.HikariDataSource - metadata_catalogue - Start completed.
2026-08-21 13:52:08 [main] INFO  com.zaxxer.hikari.HikariDataSource - metadata_catalogue - Shutdown initiated...
2026-08-21 13:52:08 [main] INFO  com.zaxxer.hikari.HikariDataSource - metadata_catalogue - Shutdown completed.
2026-08-21 13:52:09 [main] INFO  t.g.io/epos-eric/metadata-database/deploy:main - Creating container for image: ghcr.io/epos-eric/metadata-database/deploy:main
2026-08-21 13:52:09 [main] INFO  t.g.io/epos-eric/metadata-database/deploy:main - Container ghcr.io/epos-eric/metadata-database/deploy:main is starting: 72f32a5129e3444b891160e2956b5e5bd3c7242f5676904e1131090d5adfd238
2026-08-21 13:52:14 [main] INFO  t.g.io/epos-eric/metadata-database/deploy:main - Container ghcr.io/epos-eric/metadata-database/deploy:main started in PT4.754647389S
2026-08-21 13:52:14 [main] INFO  t.g.io/epos-eric/metadata-database/deploy:main - Container is started (JDBC URL: jdbc:postgresql://localhost:33285/cerif?loggerLevel=OFF)
2026-08-21 13:52:14 [main] INFO  com.zaxxer.hikari.HikariDataSource - metadata_catalogue - Starting...
2026-08-21 13:52:14 [main] INFO  com.zaxxer.hikari.pool.HikariPool - metadata_catalogue - Added connection org.postgresql.jdbc.PgConnection@3cc6f9d0
2026-08-21 13:52:14 [main] INFO  com.zaxxer.hikari.HikariDataSource - metadata_catalogue - Start completed.
2026-08-21 13:52:14 [main] INFO  com.zaxxer.hikari.HikariDataSource - metadata_catalogue - Shutdown initiated...
2026-08-21 13:52:14 [main] INFO  com.zaxxer.hikari.HikariDataSource - metadata_catalogue - Shutdown completed.
2026-08-21 13:52:14 [main] INFO  t.g.io/epos-eric/metadata-database/deploy:main - Creating container for image: ghcr.io/epos-eric/metadata-database/deploy:main
2026-08-21 13:52:14 [main] INFO  t.g.io/epos-eric/metadata-database/deploy:main - Container ghcr.io/epos-eric/metadata-database/deploy:main is starting: b994097674014e70c00ffb7462bfd0205e4a70ba0517fc94caa0bb1d318e4cfc
2026-08-21 13:52:19 [main] INFO  t.g.io/epos-eric/metadata-database/deploy:main - Container ghcr.io/epos-eric/metadata-database/deploy:main started in PT5.162581998S
2026-08-21 13:52:19 [main] INFO  t.g.io/epos-eric/metadata-database/deploy:main - Container is started (JDBC URL: jdbc:postgresql://localhost:33286/cerif?loggerLevel=OFF)
2026-08-21 13:52:19 [main] INFO  com.zaxxer.hikari.HikariDataSource - metadata_catalogue - Starting...
2026-08-21 13:52:19 [main] INFO  com.zaxxer.hikari.pool.HikariPool - metadata_catalogue - Added connection org.postgresql.jdbc.PgConnection@18313b59
2026-08-21 13:52:19 [main] INFO  com.zaxxer.hikari.HikariDataSource - metadata_catalogue - Start completed.
2026-08-21 13:52:19 [main] INFO  com.zaxxer.hikari.HikariDataSource - metadata_catalogue - Shutdown initiated...
2026-08-21 13:52:20 [main] INFO  com.zaxxer.hikari.HikariDataSource - metadata_catalogue - Shutdown completed.
2026-08-21 13:52:20 [main] INFO  t.g.io/epos-eric/metadata-database/deploy:main - Creating container for image: ghcr.io/epos-eric/metadata-database/deploy:main
2026-08-21 13:52:20 [main] INFO  t.g.io/epos-eric/metadata-database/deploy:main - Container ghcr.io/epos-eric/metadata-database/deploy:main is starting: c2b48f2732433ec596e07d7b2f93dd39abba8a661a9a92d6ff7adbcc2e97acb1
2026-08-21 13:52:25 [main] INFO  t.g.io/epos-eric/metadata-database/deploy:main - Container ghcr.io/epos-eric/metadata-database/deploy:main started in PT5.448761791S
2026-08-21 13:52:25 [main] INFO  t.g.io/epos-eric/metadata-database/deploy:main - Container is started (JDBC URL: jdbc:postgresql://localhost:33287/cerif?loggerLevel=OFF)
2026-08-21 13:52:25 [main] INFO  com.zaxxer.hikari.HikariDataSource - metadata_catalogue - Starting...
2026-08-21 13:52:25 [main] INFO  com.zaxxer.hikari.pool.HikariPool - metadata_catalogue - Added connection org.postgresql.jdbc.PgConnection@7964a054
2026-08-21 13:52:25 [main] INFO  com.zaxxer.hikari.HikariDataSource - metadata_catalogue - Start completed.
2026-08-21 13:52:26 [main] INFO  com.zaxxer.hikari.HikariDataSource - metadata_catalogue - Shutdown initiated...
2026-08-21 13:52:26 [main] INFO  com.zaxxer.hikari.HikariDataSource - metadata_catalogue - Shutdown completed.
2026-08-21 13:52:26 [main] INFO  t.g.io/epos-eric/metadata-database/deploy:main - Creating container for image: ghcr.io/epos-eric/metadata-database/deploy:main
2026-08-21 13:52:26 [main] INFO  t.g.io/epos-eric/metadata-database/deploy:main - Container ghcr.io/epos-eric/metadata-database/deploy:main is starting: 3439dc361aacc031e6c44761955c747b6ab6f04408fe76efb63300d01bae4bcc
2026-08-21 13:52:31 [main] INFO  t.g.io/epos-eric/metadata-database/deploy:main - Container ghcr.io/epos-eric/metadata-database/deploy:main started in PT4.626122002S
2026-08-21 13:52:31 [main] INFO  t.g.io/epos-eric/metadata-database/deploy:main - Container is started (JDBC URL: jdbc:postgresql://localhost:33288/cerif?loggerLevel=OFF)
2026-08-21 13:52:31 [main] INFO  com.zaxxer.hikari.HikariDataSource - metadata_catalogue - Starting...
2026-08-21 13:52:31 [main] INFO  com.zaxxer.hikari.pool.HikariPool - metadata_catalogue - Added connection org.postgresql.jdbc.PgConnection@1ca6df99
2026-08-21 13:52:31 [main] INFO  com.zaxxer.hikari.HikariDataSource - metadata_catalogue - Start completed.
2026-08-21 13:52:31 [main] INFO  com.zaxxer.hikari.HikariDataSource - metadata_catalogue - Shutdown initiated...
2026-08-21 13:52:31 [main] INFO  com.zaxxer.hikari.HikariDataSource - metadata_catalogue - Shutdown completed.
2026-08-21 13:52:31 [main] INFO  t.g.io/epos-eric/metadata-database/deploy:main - Creating container for image: ghcr.io/epos-eric/metadata-database/deploy:main
2026-08-21 13:52:32 [main] INFO  t.g.io/epos-eric/metadata-database/deploy:main - Container ghcr.io/epos-eric/metadata-database/deploy:main is starting: 09e9156ac96b438da97df04216370fb5308bec392d8cdc88b9d0e960d899ba01
2026-08-21 13:52:36 [main] INFO  t.g.io/epos-eric/metadata-database/deploy:main - Container ghcr.io/epos-eric/metadata-database/deploy:main started in PT4.460054688S
2026-08-21 13:52:36 [main] INFO  t.g.io/epos-eric/metadata-database/deploy:main - Container is started (JDBC URL: jdbc:postgresql://localhost:33289/cerif?loggerLevel=OFF)
2026-08-21 13:52:36 [main] INFO  com.zaxxer.hikari.HikariDataSource - metadata_catalogue - Starting...
2026-08-21 13:52:36 [main] INFO  com.zaxxer.hikari.pool.HikariPool - metadata_catalogue - Added connection org.postgresql.jdbc.PgConnection@6d1e6392
2026-08-21 13:52:36 [main] INFO  com.zaxxer.hikari.HikariDataSource - metadata_catalogue - Start completed.
2026-08-21 13:52:36 [main] INFO  com.zaxxer.hikari.HikariDataSource - metadata_catalogue - Shutdown initiated...
2026-08-21 13:52:36 [main] INFO  com.zaxxer.hikari.HikariDataSource - metadata_catalogue - Shutdown completed.
2026-08-21 13:52:36 [main] INFO  t.g.io/epos-eric/metadata-database/deploy:main - Creating container for image: ghcr.io/epos-eric/metadata-database/deploy:main
2026-08-21 13:52:37 [main] INFO  t.g.io/epos-eric/metadata-database/deploy:main - Container ghcr.io/epos-eric/metadata-database/deploy:main is starting: db2684108abeea1749ca2be19ac5c7348d5d58382473bf89669190db30109148
2026-08-21 13:52:41 [main] INFO  t.g.io/epos-eric/metadata-database/deploy:main - Container ghcr.io/epos-eric/metadata-database/deploy:main started in PT4.625044121S
2026-08-21 13:52:41 [main] INFO  t.g.io/epos-eric/metadata-database/deploy:main - Container is started (JDBC URL: jdbc:postgresql://localhost:33290/cerif?loggerLevel=OFF)
2026-08-21 13:52:41 [main] INFO  com.zaxxer.hikari.HikariDataSource - metadata_catalogue - Starting...
2026-08-21 13:52:41 [main] INFO  com.zaxxer.hikari.pool.HikariPool - metadata_catalogue - Added connection org.postgresql.jdbc.PgConnection@21a36de9
2026-08-21 13:52:41 [main] INFO  com.zaxxer.hikari.HikariDataSource - metadata_catalogue - Start completed.
2026-08-21 13:52:41 [main] INFO  com.zaxxer.hikari.HikariDataSource - metadata_catalogue - Shutdown initiated...
2026-08-21 13:52:41 [main] INFO  com.zaxxer.hikari.HikariDataSource - metadata_catalogue - Shutdown completed.
2026-08-21 13:52:42 [main] INFO  t.g.io/epos-eric/metadata-database/deploy:main - Creating container for image: ghcr.io/epos-eric/metadata-database/deploy:main
2026-08-21 13:52:42 [main] INFO  t.g.io/epos-eric/metadata-database/deploy:main - Container ghcr.io/epos-eric/metadata-database/deploy:main is starting: 564497f2f71c27a37a65b3d28debc1e3505b8b7b9fd9f3de17f6de70f11dbb36
2026-08-21 13:52:46 [main] INFO  t.g.io/epos-eric/metadata-database/deploy:main - Container ghcr.io/epos-eric/metadata-database/deploy:main started in PT4.483734751S
2026-08-21 13:52:46 [main] INFO  t.g.io/epos-eric/metadata-database/deploy:main - Container is started (JDBC URL: jdbc:postgresql://localhost:33291/cerif?loggerLevel=OFF)
2026-08-21 13:52:46 [main] INFO  com.zaxxer.hikari.HikariDataSource - metadata_catalogue - Starting...
2026-08-21 13:52:46 [main] INFO  com.zaxxer.hikari.pool.HikariPool - metadata_catalogue - Added connection org.postgresql.jdbc.PgConnection@9d1ae61
2026-08-21 13:52:46 [main] INFO  com.zaxxer.hikari.HikariDataSource - metadata_catalogue - Start completed.
2026-08-21 13:52:46 [main] INFO  com.zaxxer.hikari.HikariDataSource - metadata_catalogue - Shutdown initiated...
2026-08-21 13:52:46 [main] INFO  com.zaxxer.hikari.HikariDataSource - metadata_catalogue - Shutdown completed.
2026-08-21 13:52:47 [main] INFO  t.g.io/epos-eric/metadata-database/deploy:main - Creating container for image: ghcr.io/epos-eric/metadata-database/deploy:main
2026-08-21 13:52:47 [main] INFO  t.g.io/epos-eric/metadata-database/deploy:main - Container ghcr.io/epos-eric/metadata-database/deploy:main is starting: 0e64c36b1284a100929278517e36f423b96e89e671fcf2c5ca0ce1cdac9a66d3
2026-08-21 13:52:51 [main] INFO  t.g.io/epos-eric/metadata-database/deploy:main - Container ghcr.io/epos-eric/metadata-database/deploy:main started in PT4.414110459S
2026-08-21 13:52:51 [main] INFO  t.g.io/epos-eric/metadata-database/deploy:main - Container is started (JDBC URL: jdbc:postgresql://localhost:33292/cerif?loggerLevel=OFF)
2026-08-21 13:52:51 [main] INFO  com.zaxxer.hikari.HikariDataSource - metadata_catalogue - Starting...
2026-08-21 13:52:51 [main] INFO  com.zaxxer.hikari.pool.HikariPool - metadata_catalogue - Added connection org.postgresql.jdbc.PgConnection@62924fbe
2026-08-21 13:52:51 [main] INFO  com.zaxxer.hikari.HikariDataSource - metadata_catalogue - Start completed.
2026-08-21 13:52:52 [main] INFO  com.zaxxer.hikari.HikariDataSource - metadata_catalogue - Shutdown initiated...
2026-08-21 13:52:52 [main] INFO  com.zaxxer.hikari.HikariDataSource - metadata_catalogue - Shutdown completed.
2026-08-21 13:52:52 [main] INFO  t.g.io/epos-eric/metadata-database/deploy:main - Creating container for image: ghcr.io/epos-eric/metadata-database/deploy:main
2026-08-21 13:52:52 [main] INFO  t.g.io/epos-eric/metadata-database/deploy:main - Container ghcr.io/epos-eric/metadata-database/deploy:main is starting: 4074bf9f775f1f5844a4b137793316f0a6805c087a0eb42c8f41a7a4217b10a8
2026-08-21 13:52:57 [main] INFO  t.g.io/epos-eric/metadata-database/deploy:main - Container ghcr.io/epos-eric/metadata-database/deploy:main started in PT4.686280178S
2026-08-21 13:52:57 [main] INFO  t.g.io/epos-eric/metadata-database/deploy:main - Container is started (JDBC URL: jdbc:postgresql://localhost:33293/cerif?loggerLevel=OFF)
2026-08-21 13:52:57 [main] INFO  com.zaxxer.hikari.HikariDataSource - metadata_catalogue - Starting...
2026-08-21 13:52:57 [main] INFO  com.zaxxer.hikari.pool.HikariPool - metadata_catalogue - Added connection org.postgresql.jdbc.PgConnection@61d711c7
2026-08-21 13:52:57 [main] INFO  com.zaxxer.hikari.HikariDataSource - metadata_catalogue - Start completed.
2026-08-21 13:52:57 [main] INFO  com.zaxxer.hikari.HikariDataSource - metadata_catalogue - Shutdown initiated...
2026-08-21 13:52:57 [main] INFO  com.zaxxer.hikari.HikariDataSource - metadata_catalogue - Shutdown completed.
2026-08-21 13:52:58 [main] INFO  t.g.io/epos-eric/metadata-database/deploy:main - Creating container for image: ghcr.io/epos-eric/metadata-database/deploy:main
2026-08-21 13:52:58 [main] INFO  t.g.io/epos-eric/metadata-database/deploy:main - Container ghcr.io/epos-eric/metadata-database/deploy:main is starting: e144cca05a9abb8b56edb4f9eead5de877cdf89d774452c614187c5f564dc3b2
2026-08-21 13:53:02 [main] INFO  t.g.io/epos-eric/metadata-database/deploy:main - Container ghcr.io/epos-eric/metadata-database/deploy:main started in PT4.375766564S
2026-08-21 13:53:02 [main] INFO  t.g.io/epos-eric/metadata-database/deploy:main - Container is started (JDBC URL: jdbc:postgresql://localhost:33294/cerif?loggerLevel=OFF)
2026-08-21 13:53:02 [main] INFO  com.zaxxer.hikari.HikariDataSource - metadata_catalogue - Starting...
2026-08-21 13:53:02 [main] INFO  com.zaxxer.hikari.pool.HikariPool - metadata_catalogue - Added connection org.postgresql.jdbc.PgConnection@5a4b8092
2026-08-21 13:53:02 [main] INFO  com.zaxxer.hikari.HikariDataSource - metadata_catalogue - Start completed.
2026-08-21 13:53:02 [main] INFO  com.zaxxer.hikari.HikariDataSource - metadata_catalogue - Shutdown initiated...
2026-08-21 13:53:02 [main] INFO  com.zaxxer.hikari.HikariDataSource - metadata_catalogue - Shutdown completed.
2026-08-21 13:53:02 [main] INFO  t.g.io/epos-eric/metadata-database/deploy:main - Creating container for image: ghcr.io/epos-eric/metadata-database/deploy:main
2026-08-21 13:53:03 [main] INFO  t.g.io/epos-eric/metadata-database/deploy:main - Container ghcr.io/epos-eric/metadata-database/deploy:main is starting: 01d7dfdab8d30bd202a68285eb83129335e9dad3a0e73459b89c0d3ab8902917
2026-08-21 13:53:07 [main] INFO  t.g.io/epos-eric/metadata-database/deploy:main - Container ghcr.io/epos-eric/metadata-database/deploy:main started in PT4.404371657S
2026-08-21 13:53:07 [main] INFO  t.g.io/epos-eric/metadata-database/deploy:main - Container is started (JDBC URL: jdbc:postgresql://localhost:33295/cerif?loggerLevel=OFF)
2026-08-21 13:53:07 [main] INFO  com.zaxxer.hikari.HikariDataSource - metadata_catalogue - Starting...
2026-08-21 13:53:07 [main] INFO  com.zaxxer.hikari.pool.HikariPool - metadata_catalogue - Added connection org.postgresql.jdbc.PgConnection@633573f8
2026-08-21 13:53:07 [main] INFO  com.zaxxer.hikari.HikariDataSource - metadata_catalogue - Start completed.
2026-08-21 13:53:07 [main] INFO  com.zaxxer.hikari.HikariDataSource - metadata_catalogue - Shutdown initiated...
2026-08-21 13:53:07 [main] INFO  com.zaxxer.hikari.HikariDataSource - metadata_catalogue - Shutdown completed.
2026-08-21 13:53:07 [main] INFO  t.g.io/epos-eric/metadata-database/deploy:main - Creating container for image: ghcr.io/epos-eric/metadata-database/deploy:main
2026-08-21 13:53:08 [main] INFO  t.g.io/epos-eric/metadata-database/deploy:main - Container ghcr.io/epos-eric/metadata-database/deploy:main is starting: 6d3e489055f4c77eb5ee130ed29ab19032c669086ee74067e482005803989d8f
2026-08-21 13:53:13 [main] INFO  t.g.io/epos-eric/metadata-database/deploy:main - Container ghcr.io/epos-eric/metadata-database/deploy:main started in PT5.371449797S
2026-08-21 13:53:13 [main] INFO  t.g.io/epos-eric/metadata-database/deploy:main - Container is started (JDBC URL: jdbc:postgresql://localhost:33296/cerif?loggerLevel=OFF)
2026-08-21 13:53:13 [main] INFO  com.zaxxer.hikari.HikariDataSource - metadata_catalogue - Starting...
2026-08-21 13:53:13 [main] INFO  com.zaxxer.hikari.pool.HikariPool - metadata_catalogue - Added connection org.postgresql.jdbc.PgConnection@43c30f08
2026-08-21 13:53:13 [main] INFO  com.zaxxer.hikari.HikariDataSource - metadata_catalogue - Start completed.
2026-08-21 13:53:13 [main] INFO  com.zaxxer.hikari.HikariDataSource - metadata_catalogue - Shutdown initiated...
2026-08-21 13:53:13 [main] INFO  com.zaxxer.hikari.HikariDataSource - metadata_catalogue - Shutdown completed.
2026-08-21 13:53:13 [main] INFO  t.g.io/epos-eric/metadata-database/deploy:main - Creating container for image: ghcr.io/epos-eric/metadata-database/deploy:main
2026-08-21 13:53:14 [main] INFO  t.g.io/epos-eric/metadata-database/deploy:main - Container ghcr.io/epos-eric/metadata-database/deploy:main is starting: 7ee986cf19090155fa30cd1ad50bab574561b8094da8d160980633941e6833b7
2026-08-21 13:53:18 [main] INFO  t.g.io/epos-eric/metadata-database/deploy:main - Container ghcr.io/epos-eric/metadata-database/deploy:main started in PT4.5941208S
2026-08-21 13:53:18 [main] INFO  t.g.io/epos-eric/metadata-database/deploy:main - Container is started (JDBC URL: jdbc:postgresql://localhost:33297/cerif?loggerLevel=OFF)
2026-08-21 13:53:18 [main] INFO  com.zaxxer.hikari.HikariDataSource - metadata_catalogue - Starting...
2026-08-21 13:53:18 [main] INFO  com.zaxxer.hikari.pool.HikariPool - metadata_catalogue - Added connection org.postgresql.jdbc.PgConnection@18b47f72
2026-08-21 13:53:18 [main] INFO  com.zaxxer.hikari.HikariDataSource - metadata_catalogue - Start completed.
2026-08-21 13:53:19 [main] INFO  com.zaxxer.hikari.HikariDataSource - metadata_catalogue - Shutdown initiated...
2026-08-21 13:53:19 [main] INFO  com.zaxxer.hikari.HikariDataSource - metadata_catalogue - Shutdown completed.
2026-08-21 13:53:19 [main] INFO  t.g.io/epos-eric/metadata-database/deploy:main - Creating container for image: ghcr.io/epos-eric/metadata-database/deploy:main
2026-08-21 13:53:19 [main] INFO  t.g.io/epos-eric/metadata-database/deploy:main - Container ghcr.io/epos-eric/metadata-database/deploy:main is starting: 0c03eedefece341af27cd7753a0c0c02ef92a58099c4de8b8e6b377946e6a48b
2026-08-21 13:53:24 [main] INFO  t.g.io/epos-eric/metadata-database/deploy:main - Container ghcr.io/epos-eric/metadata-database/deploy:main started in PT4.768014794S
2026-08-21 13:53:24 [main] INFO  t.g.io/epos-eric/metadata-database/deploy:main - Container is started (JDBC URL: jdbc:postgresql://localhost:33298/cerif?loggerLevel=OFF)
2026-08-21 13:53:24 [main] INFO  com.zaxxer.hikari.HikariDataSource - metadata_catalogue - Starting...
2026-08-21 13:53:24 [main] INFO  com.zaxxer.hikari.pool.HikariPool - metadata_catalogue - Added connection org.postgresql.jdbc.PgConnection@4f134331
2026-08-21 13:53:24 [main] INFO  com.zaxxer.hikari.HikariDataSource - metadata_catalogue - Start completed.
2026-08-21 13:53:24 [main] INFO  com.zaxxer.hikari.HikariDataSource - metadata_catalogue - Shutdown initiated...
2026-08-21 13:53:24 [main] INFO  com.zaxxer.hikari.HikariDataSource - metadata_catalogue - Shutdown completed.
2026-08-21 13:53:24 [main] INFO  t.g.io/epos-eric/metadata-database/deploy:main - Creating container for image: ghcr.io/epos-eric/metadata-database/deploy:main
2026-08-21 13:53:25 [main] INFO  t.g.io/epos-eric/metadata-database/deploy:main - Container ghcr.io/epos-eric/metadata-database/deploy:main is starting: 4b64bb56fcd5ce9264058a3d50ed62b4c6bf2e6ad80992b59393a759cc4b2d9c
2026-08-21 13:53:29 [main] INFO  t.g.io/epos-eric/metadata-database/deploy:main - Container ghcr.io/epos-eric/metadata-database/deploy:main started in PT4.13005146S
2026-08-21 13:53:29 [main] INFO  t.g.io/epos-eric/metadata-database/deploy:main - Container is started (JDBC URL: jdbc:postgresql://localhost:33299/cerif?loggerLevel=OFF)
2026-08-21 13:53:29 [main] INFO  com.zaxxer.hikari.HikariDataSource - metadata_catalogue - Starting...
2026-08-21 13:53:29 [main] INFO  com.zaxxer.hikari.pool.HikariPool - metadata_catalogue - Added connection org.postgresql.jdbc.PgConnection@5e104ac0
2026-08-21 13:53:29 [main] INFO  com.zaxxer.hikari.HikariDataSource - metadata_catalogue - Start completed.
2026-08-21 13:53:29 [main] INFO  com.zaxxer.hikari.HikariDataSource - metadata_catalogue - Shutdown initiated...
2026-08-21 13:53:29 [main] INFO  com.zaxxer.hikari.HikariDataSource - metadata_catalogue - Shutdown completed.
2026-08-21 13:53:29 [main] INFO  t.g.io/epos-eric/metadata-database/deploy:main - Creating container for image: ghcr.io/epos-eric/metadata-database/deploy:main
2026-08-21 13:53:30 [main] INFO  t.g.io/epos-eric/metadata-database/deploy:main - Container ghcr.io/epos-eric/metadata-database/deploy:main is starting: face83d477a1115def2b368bfe7229742e377a64edacf3a87e6678a427fb5775
2026-08-21 13:53:34 [main] INFO  t.g.io/epos-eric/metadata-database/deploy:main - Container ghcr.io/epos-eric/metadata-database/deploy:main started in PT4.850268628S
2026-08-21 13:53:34 [main] INFO  t.g.io/epos-eric/metadata-database/deploy:main - Container is started (JDBC URL: jdbc:postgresql://localhost:33300/cerif?loggerLevel=OFF)
2026-08-21 13:53:34 [main] INFO  com.zaxxer.hikari.HikariDataSource - metadata_catalogue - Starting...
2026-08-21 13:53:34 [main] INFO  com.zaxxer.hikari.pool.HikariPool - metadata_catalogue - Added connection org.postgresql.jdbc.PgConnection@c878c7a
2026-08-21 13:53:34 [main] INFO  com.zaxxer.hikari.HikariDataSource - metadata_catalogue - Start completed.
2026-08-21 13:53:35 [main] INFO  com.zaxxer.hikari.HikariDataSource - metadata_catalogue - Shutdown initiated...
2026-08-21 13:53:35 [main] INFO  com.zaxxer.hikari.HikariDataSource - metadata_catalogue - Shutdown completed.
2026-08-21 13:53:35 [main] INFO  t.g.io/epos-eric/metadata-database/deploy:main - Creating container for image: ghcr.io/epos-eric/metadata-database/deploy:main
2026-08-21 13:53:35 [main] INFO  t.g.io/epos-eric/metadata-database/deploy:main - Container ghcr.io/epos-eric/metadata-database/deploy:main is starting: dbd9767d77e510907d3abdd5523fa90628371c2cd858dc13adcbedcd2547d5d1
2026-08-21 13:53:40 [main] INFO  t.g.io/epos-eric/metadata-database/deploy:main - Container ghcr.io/epos-eric/metadata-database/deploy:main started in PT5.351136624S
2026-08-21 13:53:40 [main] INFO  t.g.io/epos-eric/metadata-database/deploy:main - Container is started (JDBC URL: jdbc:postgresql://localhost:33301/cerif?loggerLevel=OFF)
2026-08-21 13:53:40 [main] INFO  com.zaxxer.hikari.HikariDataSource - metadata_catalogue - Starting...
2026-08-21 13:53:40 [main] INFO  com.zaxxer.hikari.pool.HikariPool - metadata_catalogue - Added connection org.postgresql.jdbc.PgConnection@3e60d626
2026-08-21 13:53:40 [main] INFO  com.zaxxer.hikari.HikariDataSource - metadata_catalogue - Start completed.
2026-08-21 13:53:43 [main] INFO  com.zaxxer.hikari.HikariDataSource - metadata_catalogue - Shutdown initiated...
2026-08-21 13:53:43 [main] INFO  com.zaxxer.hikari.HikariDataSource - metadata_catalogue - Shutdown completed.
2026-08-21 13:53:44 [main] INFO  t.g.io/epos-eric/metadata-database/deploy:main - Creating container for image: ghcr.io/epos-eric/metadata-database/deploy:main
2026-08-21 13:53:44 [main] INFO  t.g.io/epos-eric/metadata-database/deploy:main - Container ghcr.io/epos-eric/metadata-database/deploy:main is starting: f1a57af75e128cc44fd51ad7e8f8d12c0ea759be222946ce53d1cb7c4ccdba5d
2026-08-21 13:53:47 [main] INFO  t.g.io/epos-eric/metadata-database/deploy:main - Container ghcr.io/epos-eric/metadata-database/deploy:main started in PT3.845250065S
2026-08-21 13:53:47 [main] INFO  t.g.io/epos-eric/metadata-database/deploy:main - Container is started (JDBC URL: jdbc:postgresql://localhost:33302/cerif?loggerLevel=OFF)
2026-08-21 13:53:47 [main] INFO  com.zaxxer.hikari.HikariDataSource - metadata_catalogue - Starting...
2026-08-21 13:53:48 [main] INFO  com.zaxxer.hikari.pool.HikariPool - metadata_catalogue - Added connection org.postgresql.jdbc.PgConnection@2bd3568c
2026-08-21 13:53:48 [main] INFO  com.zaxxer.hikari.HikariDataSource - metadata_catalogue - Start completed.
2026-08-21 13:53:48 [main] INFO  com.zaxxer.hikari.HikariDataSource - metadata_catalogue - Shutdown initiated...
2026-08-21 13:53:48 [main] INFO  com.zaxxer.hikari.HikariDataSource - metadata_catalogue - Shutdown completed.
2026-08-21 13:53:49 [main] INFO  t.g.io/epos-eric/metadata-database/deploy:main - Creating container for image: ghcr.io/epos-eric/metadata-database/deploy:main
2026-08-21 13:53:49 [main] INFO  t.g.io/epos-eric/metadata-database/deploy:main - Container ghcr.io/epos-eric/metadata-database/deploy:main is starting: 2d83723196852ff5c4d19b8024aea4af8e276f7d39e5001a599a9a07a79caf8f
2026-08-21 13:53:54 [main] INFO  t.g.io/epos-eric/metadata-database/deploy:main - Container ghcr.io/epos-eric/metadata-database/deploy:main started in PT5.181021155S
2026-08-21 13:53:54 [main] INFO  t.g.io/epos-eric/metadata-database/deploy:main - Container is started (JDBC URL: jdbc:postgresql://localhost:33303/cerif?loggerLevel=OFF)
2026-08-21 13:53:54 [main] INFO  com.zaxxer.hikari.HikariDataSource - metadata_catalogue - Starting...
2026-08-21 13:53:54 [main] INFO  com.zaxxer.hikari.pool.HikariPool - metadata_catalogue - Added connection org.postgresql.jdbc.PgConnection@5d01f6f7
2026-08-21 13:53:54 [main] INFO  com.zaxxer.hikari.HikariDataSource - metadata_catalogue - Start completed.
2026-08-21 13:53:54 [main] INFO  com.zaxxer.hikari.HikariDataSource - metadata_catalogue - Shutdown initiated...
2026-08-21 13:53:54 [main] INFO  com.zaxxer.hikari.HikariDataSource - metadata_catalogue - Shutdown completed.
2026-08-21 13:53:55 [main] INFO  t.g.io/epos-eric/metadata-database/deploy:main - Creating container for image: ghcr.io/epos-eric/metadata-database/deploy:main
2026-08-21 13:53:55 [main] INFO  t.g.io/epos-eric/metadata-database/deploy:main - Container ghcr.io/epos-eric/metadata-database/deploy:main is starting: 23636ff923b40cfb1ef00e4656952fb2b99a83d34400f41b09fda99ac1eb76aa
2026-08-21 13:53:59 [main] INFO  t.g.io/epos-eric/metadata-database/deploy:main - Container ghcr.io/epos-eric/metadata-database/deploy:main started in PT4.595591024S
2026-08-21 13:53:59 [main] INFO  t.g.io/epos-eric/metadata-database/deploy:main - Container is started (JDBC URL: jdbc:postgresql://localhost:33304/cerif?loggerLevel=OFF)
2026-08-21 13:53:59 [main] INFO  com.zaxxer.hikari.HikariDataSource - metadata_catalogue - Starting...
2026-08-21 13:53:59 [main] INFO  com.zaxxer.hikari.pool.HikariPool - metadata_catalogue - Added connection org.postgresql.jdbc.PgConnection@38eae541
2026-08-21 13:53:59 [main] INFO  com.zaxxer.hikari.HikariDataSource - metadata_catalogue - Start completed.
2026-08-21 13:53:59 [main] INFO  com.zaxxer.hikari.HikariDataSource - metadata_catalogue - Shutdown initiated...
2026-08-21 13:53:59 [main] INFO  com.zaxxer.hikari.HikariDataSource - metadata_catalogue - Shutdown completed.
2026-08-21 13:54:00 [main] INFO  t.g.io/epos-eric/metadata-database/deploy:main - Creating container for image: ghcr.io/epos-eric/metadata-database/deploy:main
2026-08-21 13:54:00 [main] INFO  t.g.io/epos-eric/metadata-database/deploy:main - Container ghcr.io/epos-eric/metadata-database/deploy:main is starting: 366a3c7917b3be6b98cf11eda8014983b8528a0a1479a04c5c0dd96b4a930020
2026-08-21 13:54:04 [main] INFO  t.g.io/epos-eric/metadata-database/deploy:main - Container ghcr.io/epos-eric/metadata-database/deploy:main started in PT4.326329838S
2026-08-21 13:54:04 [main] INFO  t.g.io/epos-eric/metadata-database/deploy:main - Container is started (JDBC URL: jdbc:postgresql://localhost:33305/cerif?loggerLevel=OFF)
2026-08-21 13:54:04 [main] INFO  com.zaxxer.hikari.HikariDataSource - metadata_catalogue - Starting...
2026-08-21 13:54:04 [main] INFO  com.zaxxer.hikari.pool.HikariPool - metadata_catalogue - Added connection org.postgresql.jdbc.PgConnection@2d427ca6
2026-08-21 13:54:04 [main] INFO  com.zaxxer.hikari.HikariDataSource - metadata_catalogue - Start completed.
2026-08-21 13:54:04 [main] INFO  com.zaxxer.hikari.HikariDataSource - metadata_catalogue - Shutdown initiated...
2026-08-21 13:54:04 [main] INFO  com.zaxxer.hikari.HikariDataSource - metadata_catalogue - Shutdown completed.
2026-08-21 13:54:05 [main] INFO  t.g.io/epos-eric/metadata-database/deploy:main - Creating container for image: ghcr.io/epos-eric/metadata-database/deploy:main
2026-08-21 13:54:05 [main] INFO  t.g.io/epos-eric/metadata-database/deploy:main - Container ghcr.io/epos-eric/metadata-database/deploy:main is starting: 52da124a436c88556aa42ab8c2768aa95e3f15d1da584c3020b40c2b2f4f77af
2026-08-21 13:54:09 [main] INFO  t.g.io/epos-eric/metadata-database/deploy:main - Container ghcr.io/epos-eric/metadata-database/deploy:main started in PT4.637413062S
2026-08-21 13:54:09 [main] INFO  t.g.io/epos-eric/metadata-database/deploy:main - Container is started (JDBC URL: jdbc:postgresql://localhost:33306/cerif?loggerLevel=OFF)
2026-08-21 13:54:09 [main] INFO  com.zaxxer.hikari.HikariDataSource - metadata_catalogue - Starting...
2026-08-21 13:54:09 [main] INFO  com.zaxxer.hikari.pool.HikariPool - metadata_catalogue - Added connection org.postgresql.jdbc.PgConnection@613ac7e8
2026-08-21 13:54:09 [main] INFO  com.zaxxer.hikari.HikariDataSource - metadata_catalogue - Start completed.
2026-08-21 13:54:10 [main] INFO  com.zaxxer.hikari.HikariDataSource - metadata_catalogue - Shutdown initiated...
2026-08-21 13:54:10 [main] INFO  com.zaxxer.hikari.HikariDataSource - metadata_catalogue - Shutdown completed.
2026-08-21 13:54:10 [main] INFO  t.g.io/epos-eric/metadata-database/deploy:main - Creating container for image: ghcr.io/epos-eric/metadata-database/deploy:main
2026-08-21 13:54:10 [main] INFO  t.g.io/epos-eric/metadata-database/deploy:main - Container ghcr.io/epos-eric/metadata-database/deploy:main is starting: 6e510eee928f9bc542a382b319f40e58d46f24230b9102f3423027aee33b0c25
2026-08-21 13:54:14 [main] INFO  t.g.io/epos-eric/metadata-database/deploy:main - Container ghcr.io/epos-eric/metadata-database/deploy:main started in PT4.123749726S
2026-08-21 13:54:14 [main] INFO  t.g.io/epos-eric/metadata-database/deploy:main - Container is started (JDBC URL: jdbc:postgresql://localhost:33307/cerif?loggerLevel=OFF)
2026-08-21 13:54:14 [main] INFO  com.zaxxer.hikari.HikariDataSource - metadata_catalogue - Starting...
2026-08-21 13:54:14 [main] INFO  com.zaxxer.hikari.pool.HikariPool - metadata_catalogue - Added connection org.postgresql.jdbc.PgConnection@1f6b1364
2026-08-21 13:54:14 [main] INFO  com.zaxxer.hikari.HikariDataSource - metadata_catalogue - Start completed.
2026-08-21 13:54:14 [main] INFO  com.zaxxer.hikari.HikariDataSource - metadata_catalogue - Shutdown initiated...
2026-08-21 13:54:14 [main] INFO  com.zaxxer.hikari.HikariDataSource - metadata_catalogue - Shutdown completed.
2026-08-21 13:54:15 [main] INFO  t.g.io/epos-eric/metadata-database/deploy:main - Creating container for image: ghcr.io/epos-eric/metadata-database/deploy:main
2026-08-21 13:54:15 [main] INFO  t.g.io/epos-eric/metadata-database/deploy:main - Container ghcr.io/epos-eric/metadata-database/deploy:main is starting: 6661fa0858440e2d0d895ae2e01135d4568267eb185aa1814e603b8c40bc3729
2026-08-21 13:54:20 [main] INFO  t.g.io/epos-eric/metadata-database/deploy:main - Container ghcr.io/epos-eric/metadata-database/deploy:main started in PT5.276595603S
2026-08-21 13:54:20 [main] INFO  t.g.io/epos-eric/metadata-database/deploy:main - Container is started (JDBC URL: jdbc:postgresql://localhost:33308/cerif?loggerLevel=OFF)
2026-08-21 13:54:20 [main] INFO  com.zaxxer.hikari.HikariDataSource - metadata_catalogue - Starting...
2026-08-21 13:54:20 [main] INFO  com.zaxxer.hikari.pool.HikariPool - metadata_catalogue - Added connection org.postgresql.jdbc.PgConnection@1a1885a6
2026-08-21 13:54:20 [main] INFO  com.zaxxer.hikari.HikariDataSource - metadata_catalogue - Start completed.
2026-08-21 13:54:21 [main] INFO  com.zaxxer.hikari.HikariDataSource - metadata_catalogue - Shutdown initiated...
2026-08-21 13:54:21 [main] INFO  com.zaxxer.hikari.HikariDataSource - metadata_catalogue - Shutdown completed.
2026-08-21 13:54:21 [main] INFO  t.g.io/epos-eric/metadata-database/deploy:main - Creating container for image: ghcr.io/epos-eric/metadata-database/deploy:main
2026-08-21 13:54:21 [main] INFO  t.g.io/epos-eric/metadata-database/deploy:main - Container ghcr.io/epos-eric/metadata-database/deploy:main is starting: 7830c34510c9cb418f477d3369c91085533ddd3bd23a5d07e48635645afeb7bd
2026-08-21 13:54:25 [main] INFO  t.g.io/epos-eric/metadata-database/deploy:main - Container ghcr.io/epos-eric/metadata-database/deploy:main started in PT4.479046016S
2026-08-21 13:54:25 [main] INFO  t.g.io/epos-eric/metadata-database/deploy:main - Container is started (JDBC URL: jdbc:postgresql://localhost:33309/cerif?loggerLevel=OFF)
2026-08-21 13:54:25 [main] INFO  com.zaxxer.hikari.HikariDataSource - metadata_catalogue - Starting...
2026-08-21 13:54:25 [main] INFO  com.zaxxer.hikari.pool.HikariPool - metadata_catalogue - Added connection org.postgresql.jdbc.PgConnection@3d2b804a
2026-08-21 13:54:25 [main] INFO  com.zaxxer.hikari.HikariDataSource - metadata_catalogue - Start completed.
2026-08-21 13:54:26 [main] INFO  com.zaxxer.hikari.HikariDataSource - metadata_catalogue - Shutdown initiated...
2026-08-21 13:54:26 [main] INFO  com.zaxxer.hikari.HikariDataSource - metadata_catalogue - Shutdown completed.
2026-08-21 13:54:26 [main] INFO  t.g.io/epos-eric/metadata-database/deploy:main - Creating container for image: ghcr.io/epos-eric/metadata-database/deploy:main
2026-08-21 13:54:26 [main] INFO  t.g.io/epos-eric/metadata-database/deploy:main - Container ghcr.io/epos-eric/metadata-database/deploy:main is starting: f18d2de0ff6f162b62510ec6246f3256fa9471401d200f83867331026c4cb1bf
2026-08-21 13:54:30 [main] INFO  t.g.io/epos-eric/metadata-database/deploy:main - Container ghcr.io/epos-eric/metadata-database/deploy:main started in PT4.46340156S
2026-08-21 13:54:30 [main] INFO  t.g.io/epos-eric/metadata-database/deploy:main - Container is started (JDBC URL: jdbc:postgresql://localhost:33310/cerif?loggerLevel=OFF)
2026-08-21 13:54:30 [main] INFO  com.zaxxer.hikari.HikariDataSource - metadata_catalogue - Starting...
2026-08-21 13:54:30 [main] INFO  com.zaxxer.hikari.pool.HikariPool - metadata_catalogue - Added connection org.postgresql.jdbc.PgConnection@200e04db
2026-08-21 13:54:30 [main] INFO  com.zaxxer.hikari.HikariDataSource - metadata_catalogue - Start completed.
2026-08-21 13:54:31 [main] INFO  com.zaxxer.hikari.HikariDataSource - metadata_catalogue - Shutdown initiated...
2026-08-21 13:54:31 [main] INFO  com.zaxxer.hikari.HikariDataSource - metadata_catalogue - Shutdown completed.
2026-08-21 13:54:31 [main] INFO  t.g.io/epos-eric/metadata-database/deploy:main - Creating container for image: ghcr.io/epos-eric/metadata-database/deploy:main
2026-08-21 13:54:31 [main] INFO  t.g.io/epos-eric/metadata-database/deploy:main - Container ghcr.io/epos-eric/metadata-database/deploy:main is starting: b8b31663508a17fabb4a5101df8a8f43a4ae6a7f4fc803b4bf06ca240354300b
2026-08-21 13:54:36 [main] INFO  t.g.io/epos-eric/metadata-database/deploy:main - Container ghcr.io/epos-eric/metadata-database/deploy:main started in PT4.789440619S
2026-08-21 13:54:36 [main] INFO  t.g.io/epos-eric/metadata-database/deploy:main - Container is started (JDBC URL: jdbc:postgresql://localhost:33311/cerif?loggerLevel=OFF)
2026-08-21 13:54:36 [main] INFO  com.zaxxer.hikari.HikariDataSource - metadata_catalogue - Starting...
2026-08-21 13:54:36 [main] INFO  com.zaxxer.hikari.pool.HikariPool - metadata_catalogue - Added connection org.postgresql.jdbc.PgConnection@5dc43fd0
2026-08-21 13:54:36 [main] INFO  com.zaxxer.hikari.HikariDataSource - metadata_catalogue - Start completed.
2026-08-21 13:54:36 [main] INFO  com.zaxxer.hikari.HikariDataSource - metadata_catalogue - Shutdown initiated...
2026-08-21 13:54:36 [main] INFO  com.zaxxer.hikari.HikariDataSource - metadata_catalogue - Shutdown completed.
2026-08-21 13:54:37 [main] INFO  t.g.io/epos-eric/metadata-database/deploy:main - Creating container for image: ghcr.io/epos-eric/metadata-database/deploy:main
2026-08-21 13:54:37 [main] INFO  t.g.io/epos-eric/metadata-database/deploy:main - Container ghcr.io/epos-eric/metadata-database/deploy:main is starting: 1dcfb95a1d33bfddc9092cfdfba931e93fd88be3c4c414c45496b168da6a0255
2026-08-21 13:54:42 [main] INFO  t.g.io/epos-eric/metadata-database/deploy:main - Container ghcr.io/epos-eric/metadata-database/deploy:main started in PT4.875038639S
2026-08-21 13:54:42 [main] INFO  t.g.io/epos-eric/metadata-database/deploy:main - Container is started (JDBC URL: jdbc:postgresql://localhost:33312/cerif?loggerLevel=OFF)
2026-08-21 13:54:42 [main] INFO  com.zaxxer.hikari.HikariDataSource - metadata_catalogue - Starting...
2026-08-21 13:54:42 [main] INFO  com.zaxxer.hikari.pool.HikariPool - metadata_catalogue - Added connection org.postgresql.jdbc.PgConnection@7e8b077c
2026-08-21 13:54:42 [main] INFO  com.zaxxer.hikari.HikariDataSource - metadata_catalogue - Start completed.
2026-08-21 13:54:55 [main] INFO  com.zaxxer.hikari.HikariDataSource - metadata_catalogue - Shutdown initiated...
2026-08-21 13:54:55 [main] INFO  com.zaxxer.hikari.HikariDataSource - metadata_catalogue - Shutdown completed.
2026-08-21 13:54:55 [main] INFO  t.g.io/epos-eric/metadata-database/deploy:main - Creating container for image: ghcr.io/epos-eric/metadata-database/deploy:main
2026-08-21 13:54:55 [main] INFO  t.g.io/epos-eric/metadata-database/deploy:main - Container ghcr.io/epos-eric/metadata-database/deploy:main is starting: 18047c1007a113aa5d29ccf6d217efa946ed2329bf6ad797f1b76b2c0f8f053d
2026-08-21 13:54:59 [main] INFO  t.g.io/epos-eric/metadata-database/deploy:main - Container ghcr.io/epos-eric/metadata-database/deploy:main started in PT4.142804056S
2026-08-21 13:54:59 [main] INFO  t.g.io/epos-eric/metadata-database/deploy:main - Container is started (JDBC URL: jdbc:postgresql://localhost:33313/cerif?loggerLevel=OFF)
2026-08-21 13:54:59 [main] INFO  com.zaxxer.hikari.HikariDataSource - metadata_catalogue - Starting...
2026-08-21 13:54:59 [main] INFO  com.zaxxer.hikari.pool.HikariPool - metadata_catalogue - Added connection org.postgresql.jdbc.PgConnection@3b10a942
2026-08-21 13:54:59 [main] INFO  com.zaxxer.hikari.HikariDataSource - metadata_catalogue - Start completed.
2026-08-21 13:54:59 [main] INFO  com.zaxxer.hikari.HikariDataSource - metadata_catalogue - Shutdown initiated...
2026-08-21 13:54:59 [main] INFO  com.zaxxer.hikari.HikariDataSource - metadata_catalogue - Shutdown completed.
2026-08-21 13:55:00 [main] INFO  t.g.io/epos-eric/metadata-database/deploy:main - Creating container for image: ghcr.io/epos-eric/metadata-database/deploy:main
2026-08-21 13:55:00 [main] INFO  t.g.io/epos-eric/metadata-database/deploy:main - Container ghcr.io/epos-eric/metadata-database/deploy:main is starting: 3e6f021c91d9a193c7e6331e48e2133aade628a0817e9e4087161fb9f88df202
2026-08-21 13:55:05 [main] INFO  t.g.io/epos-eric/metadata-database/deploy:main - Container ghcr.io/epos-eric/metadata-database/deploy:main started in PT4.697477403S
2026-08-21 13:55:05 [main] INFO  t.g.io/epos-eric/metadata-database/deploy:main - Container is started (JDBC URL: jdbc:postgresql://localhost:33314/cerif?loggerLevel=OFF)
2026-08-21 13:55:05 [main] INFO  com.zaxxer.hikari.HikariDataSource - metadata_catalogue - Starting...
2026-08-21 13:55:05 [main] INFO  com.zaxxer.hikari.pool.HikariPool - metadata_catalogue - Added connection org.postgresql.jdbc.PgConnection@18d5848e
2026-08-21 13:55:05 [main] INFO  com.zaxxer.hikari.HikariDataSource - metadata_catalogue - Start completed.
2026-08-21 13:55:05 [main] INFO  com.zaxxer.hikari.HikariDataSource - metadata_catalogue - Shutdown initiated...
2026-08-21 13:55:05 [main] INFO  com.zaxxer.hikari.HikariDataSource - metadata_catalogue - Shutdown completed.
2026-08-21 13:55:05 [main] INFO  t.g.io/epos-eric/metadata-database/deploy:main - Creating container for image: ghcr.io/epos-eric/metadata-database/deploy:main
2026-08-21 13:55:05 [main] INFO  t.g.io/epos-eric/metadata-database/deploy:main - Container ghcr.io/epos-eric/metadata-database/deploy:main is starting: 653ec10bb94517c94d0aaf73197a39024a505ff850ae71afb7eba1d047a61db6
2026-08-21 13:55:10 [main] INFO  t.g.io/epos-eric/metadata-database/deploy:main - Container ghcr.io/epos-eric/metadata-database/deploy:main started in PT5.15304453S
2026-08-21 13:55:10 [main] INFO  t.g.io/epos-eric/metadata-database/deploy:main - Container is started (JDBC URL: jdbc:postgresql://localhost:33315/cerif?loggerLevel=OFF)
2026-08-21 13:55:10 [main] INFO  com.zaxxer.hikari.HikariDataSource - metadata_catalogue - Starting...
2026-08-21 13:55:10 [main] INFO  com.zaxxer.hikari.pool.HikariPool - metadata_catalogue - Added connection org.postgresql.jdbc.PgConnection@30a9f236
2026-08-21 13:55:10 [main] INFO  com.zaxxer.hikari.HikariDataSource - metadata_catalogue - Start completed.
2026-08-21 13:55:11 [main] INFO  com.zaxxer.hikari.HikariDataSource - metadata_catalogue - Shutdown initiated...
2026-08-21 13:55:11 [main] INFO  com.zaxxer.hikari.HikariDataSource - metadata_catalogue - Shutdown completed.
2026-08-21 13:55:11 [main] INFO  t.g.io/epos-eric/metadata-database/deploy:main - Creating container for image: ghcr.io/epos-eric/metadata-database/deploy:main
2026-08-21 13:55:11 [main] INFO  t.g.io/epos-eric/metadata-database/deploy:main - Container ghcr.io/epos-eric/metadata-database/deploy:main is starting: 8c58c02171468e167c4db941cc462bb3c395eee6de1ffdd3aece6b98d9e991fd
2026-08-21 13:55:16 [main] INFO  t.g.io/epos-eric/metadata-database/deploy:main - Container ghcr.io/epos-eric/metadata-database/deploy:main started in PT4.654808172S
2026-08-21 13:55:16 [main] INFO  t.g.io/epos-eric/metadata-database/deploy:main - Container is started (JDBC URL: jdbc:postgresql://localhost:33316/cerif?loggerLevel=OFF)
2026-08-21 13:55:16 [main] INFO  com.zaxxer.hikari.HikariDataSource - metadata_catalogue - Starting...
2026-08-21 13:55:16 [main] INFO  com.zaxxer.hikari.pool.HikariPool - metadata_catalogue - Added connection org.postgresql.jdbc.PgConnection@641beb5a
2026-08-21 13:55:16 [main] INFO  com.zaxxer.hikari.HikariDataSource - metadata_catalogue - Start completed.
2026-08-21 13:55:16 [main] INFO  com.zaxxer.hikari.HikariDataSource - metadata_catalogue - Shutdown initiated...
2026-08-21 13:55:16 [main] INFO  com.zaxxer.hikari.HikariDataSource - metadata_catalogue - Shutdown completed.
2026-08-21 13:55:16 [main] INFO  t.g.io/epos-eric/metadata-database/deploy:main - Creating container for image: ghcr.io/epos-eric/metadata-database/deploy:main
2026-08-21 13:55:17 [main] INFO  t.g.io/epos-eric/metadata-database/deploy:main - Container ghcr.io/epos-eric/metadata-database/deploy:main is starting: a3f6a9740955439cb88ded7ca8dad17ab9e20a720b73810023df9befe56d0cf9
2026-08-21 13:55:21 [main] INFO  t.g.io/epos-eric/metadata-database/deploy:main - Container ghcr.io/epos-eric/metadata-database/deploy:main started in PT4.799353446S
2026-08-21 13:55:21 [main] INFO  t.g.io/epos-eric/metadata-database/deploy:main - Container is started (JDBC URL: jdbc:postgresql://localhost:33317/cerif?loggerLevel=OFF)
2026-08-21 13:55:21 [main] INFO  com.zaxxer.hikari.HikariDataSource - metadata_catalogue - Starting...
2026-08-21 13:55:21 [main] INFO  com.zaxxer.hikari.pool.HikariPool - metadata_catalogue - Added connection org.postgresql.jdbc.PgConnection@c3103be
2026-08-21 13:55:21 [main] INFO  com.zaxxer.hikari.HikariDataSource - metadata_catalogue - Start completed.
2026-08-21 13:55:21 [main] INFO  com.zaxxer.hikari.HikariDataSource - metadata_catalogue - Shutdown initiated...
2026-08-21 13:55:21 [main] INFO  com.zaxxer.hikari.HikariDataSource - metadata_catalogue - Shutdown completed.
2026-08-21 13:55:22 [main] INFO  t.g.io/epos-eric/metadata-database/deploy:main - Creating container for image: ghcr.io/epos-eric/metadata-database/deploy:main
2026-08-21 13:55:22 [main] INFO  t.g.io/epos-eric/metadata-database/deploy:main - Container ghcr.io/epos-eric/metadata-database/deploy:main is starting: d39a496abea794513887b58f0c20f349636dc331b47b0fbc8758534252cc0fec
2026-08-21 13:55:26 [main] INFO  t.g.io/epos-eric/metadata-database/deploy:main - Container ghcr.io/epos-eric/metadata-database/deploy:main started in PT4.611046996S
2026-08-21 13:55:26 [main] INFO  t.g.io/epos-eric/metadata-database/deploy:main - Container is started (JDBC URL: jdbc:postgresql://localhost:33318/cerif?loggerLevel=OFF)
2026-08-21 13:55:26 [main] INFO  com.zaxxer.hikari.HikariDataSource - metadata_catalogue - Starting...
2026-08-21 13:55:26 [main] INFO  com.zaxxer.hikari.pool.HikariPool - metadata_catalogue - Added connection org.postgresql.jdbc.PgConnection@3acfd4c4
2026-08-21 13:55:26 [main] INFO  com.zaxxer.hikari.HikariDataSource - metadata_catalogue - Start completed.
2026-08-21 13:55:27 [main] INFO  com.zaxxer.hikari.HikariDataSource - metadata_catalogue - Shutdown initiated...
2026-08-21 13:55:27 [main] INFO  com.zaxxer.hikari.HikariDataSource - metadata_catalogue - Shutdown completed.
2026-08-21 13:55:27 [main] INFO  t.g.io/epos-eric/metadata-database/deploy:main - Creating container for image: ghcr.io/epos-eric/metadata-database/deploy:main
2026-08-21 13:55:27 [main] INFO  t.g.io/epos-eric/metadata-database/deploy:main - Container ghcr.io/epos-eric/metadata-database/deploy:main is starting: 99f7def63a25553239d45305d6d19eb69319924150589836c0d9df4b9d368ae6
2026-08-21 13:55:32 [main] INFO  t.g.io/epos-eric/metadata-database/deploy:main - Container ghcr.io/epos-eric/metadata-database/deploy:main started in PT4.579835152S
2026-08-21 13:55:32 [main] INFO  t.g.io/epos-eric/metadata-database/deploy:main - Container is started (JDBC URL: jdbc:postgresql://localhost:33319/cerif?loggerLevel=OFF)
2026-08-21 13:55:32 [main] INFO  com.zaxxer.hikari.HikariDataSource - metadata_catalogue - Starting...
2026-08-21 13:55:32 [main] INFO  com.zaxxer.hikari.pool.HikariPool - metadata_catalogue - Added connection org.postgresql.jdbc.PgConnection@7b3608a2
2026-08-21 13:55:32 [main] INFO  com.zaxxer.hikari.HikariDataSource - metadata_catalogue - Start completed.
2026-08-21 13:55:32 [main] INFO  com.zaxxer.hikari.HikariDataSource - metadata_catalogue - Shutdown initiated...
2026-08-21 13:55:32 [main] INFO  com.zaxxer.hikari.HikariDataSource - metadata_catalogue - Shutdown completed.
2026-08-21 13:55:33 [main] INFO  t.g.io/epos-eric/metadata-database/deploy:main - Creating container for image: ghcr.io/epos-eric/metadata-database/deploy:main
2026-08-21 13:55:33 [main] INFO  t.g.io/epos-eric/metadata-database/deploy:main - Container ghcr.io/epos-eric/metadata-database/deploy:main is starting: 3cf5a8fa454d2bd441a51d6e58a4fe4f3250a36b552ea08748eb0098655880e3
2026-08-21 13:55:37 [main] INFO  t.g.io/epos-eric/metadata-database/deploy:main - Container ghcr.io/epos-eric/metadata-database/deploy:main started in PT4.514349851S
2026-08-21 13:55:37 [main] INFO  t.g.io/epos-eric/metadata-database/deploy:main - Container is started (JDBC URL: jdbc:postgresql://localhost:33320/cerif?loggerLevel=OFF)
2026-08-21 13:55:37 [main] INFO  com.zaxxer.hikari.HikariDataSource - metadata_catalogue - Starting...
2026-08-21 13:55:37 [main] INFO  com.zaxxer.hikari.pool.HikariPool - metadata_catalogue - Added connection org.postgresql.jdbc.PgConnection@4f0a0cf0
2026-08-21 13:55:37 [main] INFO  com.zaxxer.hikari.HikariDataSource - metadata_catalogue - Start completed.
2026-08-21 13:55:38 [main] INFO  com.zaxxer.hikari.HikariDataSource - metadata_catalogue - Shutdown initiated...
2026-08-21 13:55:38 [main] INFO  com.zaxxer.hikari.HikariDataSource - metadata_catalogue - Shutdown completed.
2026-08-21 13:55:38 [main] INFO  t.g.io/epos-eric/metadata-database/deploy:main - Creating container for image: ghcr.io/epos-eric/metadata-database/deploy:main
2026-08-21 13:55:38 [main] INFO  t.g.io/epos-eric/metadata-database/deploy:main - Container ghcr.io/epos-eric/metadata-database/deploy:main is starting: 01e4961a92fa475f1ce9acf2e89ff1b31c388fdb2c40b78c1ebfea149c77037e
2026-08-21 13:55:42 [main] INFO  t.g.io/epos-eric/metadata-database/deploy:main - Container ghcr.io/epos-eric/metadata-database/deploy:main started in PT3.939235978S
2026-08-21 13:55:42 [main] INFO  t.g.io/epos-eric/metadata-database/deploy:main - Container is started (JDBC URL: jdbc:postgresql://localhost:33321/cerif?loggerLevel=OFF)
2026-08-21 13:55:42 [main] INFO  com.zaxxer.hikari.HikariDataSource - metadata_catalogue - Starting...
2026-08-21 13:55:42 [main] INFO  com.zaxxer.hikari.pool.HikariPool - metadata_catalogue - Added connection org.postgresql.jdbc.PgConnection@77a57aee
2026-08-21 13:55:42 [main] INFO  com.zaxxer.hikari.HikariDataSource - metadata_catalogue - Start completed.
2026-08-21 13:55:42 [main] INFO  com.zaxxer.hikari.HikariDataSource - metadata_catalogue - Shutdown initiated...
2026-08-21 13:55:42 [main] INFO  com.zaxxer.hikari.HikariDataSource - metadata_catalogue - Shutdown completed.
2026-08-21 13:55:43 [main] INFO  t.g.io/epos-eric/metadata-database/deploy:main - Creating container for image: ghcr.io/epos-eric/metadata-database/deploy:main
2026-08-21 13:55:43 [main] INFO  t.g.io/epos-eric/metadata-database/deploy:main - Container ghcr.io/epos-eric/metadata-database/deploy:main is starting: 0af0f2eecc75af3933d6fa1186f925938d974ee830cf2566c1573d0db87f202d
2026-08-21 13:55:47 [main] INFO  t.g.io/epos-eric/metadata-database/deploy:main - Container ghcr.io/epos-eric/metadata-database/deploy:main started in PT4.756420721S
2026-08-21 13:55:47 [main] INFO  t.g.io/epos-eric/metadata-database/deploy:main - Container is started (JDBC URL: jdbc:postgresql://localhost:33322/cerif?loggerLevel=OFF)
2026-08-21 13:55:47 [main] INFO  com.zaxxer.hikari.HikariDataSource - metadata_catalogue - Starting...
2026-08-21 13:55:48 [main] INFO  com.zaxxer.hikari.pool.HikariPool - metadata_catalogue - Added connection org.postgresql.jdbc.PgConnection@14105cdd
2026-08-21 13:55:48 [main] INFO  com.zaxxer.hikari.HikariDataSource - metadata_catalogue - Start completed.
2026-08-21 13:55:48 [main] INFO  com.zaxxer.hikari.HikariDataSource - metadata_catalogue - Shutdown initiated...
2026-08-21 13:55:48 [main] INFO  com.zaxxer.hikari.HikariDataSource - metadata_catalogue - Shutdown completed.
2026-08-21 13:55:48 [main] INFO  t.g.io/epos-eric/metadata-database/deploy:main - Creating container for image: ghcr.io/epos-eric/metadata-database/deploy:main
2026-08-21 13:55:48 [main] INFO  t.g.io/epos-eric/metadata-database/deploy:main - Container ghcr.io/epos-eric/metadata-database/deploy:main is starting: a34b48132763ec19cee0b687c41d5ac3764fdcb075e6d3c7d139214e0b58c2e0
2026-08-21 13:55:53 [main] INFO  t.g.io/epos-eric/metadata-database/deploy:main - Container ghcr.io/epos-eric/metadata-database/deploy:main started in PT5.283349887S
2026-08-21 13:55:53 [main] INFO  t.g.io/epos-eric/metadata-database/deploy:main - Container is started (JDBC URL: jdbc:postgresql://localhost:33323/cerif?loggerLevel=OFF)
2026-08-21 13:55:53 [main] INFO  com.zaxxer.hikari.HikariDataSource - metadata_catalogue - Starting...
2026-08-21 13:55:53 [main] INFO  com.zaxxer.hikari.pool.HikariPool - metadata_catalogue - Added connection org.postgresql.jdbc.PgConnection@6b4befe2
2026-08-21 13:55:53 [main] INFO  com.zaxxer.hikari.HikariDataSource - metadata_catalogue - Start completed.
2026-08-21 13:55:54 [main] INFO  com.zaxxer.hikari.HikariDataSource - metadata_catalogue - Shutdown initiated...
2026-08-21 13:55:54 [main] INFO  com.zaxxer.hikari.HikariDataSource - metadata_catalogue - Shutdown completed.
2026-08-21 13:55:54 [main] INFO  t.g.io/epos-eric/metadata-database/deploy:main - Creating container for image: ghcr.io/epos-eric/metadata-database/deploy:main
2026-08-21 13:55:55 [main] INFO  t.g.io/epos-eric/metadata-database/deploy:main - Container ghcr.io/epos-eric/metadata-database/deploy:main is starting: 4f2d6d2b49bb1c5f4db16297c527a6385609174231d7d2fe83182f027a6a79dd
2026-08-21 13:55:59 [main] INFO  t.g.io/epos-eric/metadata-database/deploy:main - Container ghcr.io/epos-eric/metadata-database/deploy:main started in PT5.012322696S
2026-08-21 13:55:59 [main] INFO  t.g.io/epos-eric/metadata-database/deploy:main - Container is started (JDBC URL: jdbc:postgresql://localhost:33324/cerif?loggerLevel=OFF)
2026-08-21 13:55:59 [main] INFO  com.zaxxer.hikari.HikariDataSource - metadata_catalogue - Starting...
2026-08-21 13:55:59 [main] INFO  com.zaxxer.hikari.pool.HikariPool - metadata_catalogue - Added connection org.postgresql.jdbc.PgConnection@2fcf44c
2026-08-21 13:55:59 [main] INFO  com.zaxxer.hikari.HikariDataSource - metadata_catalogue - Start completed.
2026-08-21 13:55:59 [main] INFO  com.zaxxer.hikari.HikariDataSource - metadata_catalogue - Shutdown initiated...
2026-08-21 13:56:00 [main] INFO  com.zaxxer.hikari.HikariDataSource - metadata_catalogue - Shutdown completed.
2026-08-21 13:56:00 [main] INFO  t.g.io/epos-eric/metadata-database/deploy:main - Creating container for image: ghcr.io/epos-eric/metadata-database/deploy:main
2026-08-21 13:56:00 [main] INFO  t.g.io/epos-eric/metadata-database/deploy:main - Container ghcr.io/epos-eric/metadata-database/deploy:main is starting: b0ad2fed62e634e60707c2affa87fe7f3383af294262dba573c3156adc1e15b5
2026-08-21 13:56:05 [main] INFO  t.g.io/epos-eric/metadata-database/deploy:main - Container ghcr.io/epos-eric/metadata-database/deploy:main started in PT4.98357498S
2026-08-21 13:56:05 [main] INFO  t.g.io/epos-eric/metadata-database/deploy:main - Container is started (JDBC URL: jdbc:postgresql://localhost:33325/cerif?loggerLevel=OFF)
2026-08-21 13:56:05 [main] INFO  com.zaxxer.hikari.HikariDataSource - metadata_catalogue - Starting...
2026-08-21 13:56:05 [main] INFO  com.zaxxer.hikari.pool.HikariPool - metadata_catalogue - Added connection org.postgresql.jdbc.PgConnection@54d3029e
2026-08-21 13:56:05 [main] INFO  com.zaxxer.hikari.HikariDataSource - metadata_catalogue - Start completed.
2026-08-21 13:56:05 [main] INFO  com.zaxxer.hikari.HikariDataSource - metadata_catalogue - Shutdown initiated...
2026-08-21 13:56:05 [main] INFO  com.zaxxer.hikari.HikariDataSource - metadata_catalogue - Shutdown completed.
2026-08-21 13:56:06 [main] INFO  t.g.io/epos-eric/metadata-database/deploy:main - Creating container for image: ghcr.io/epos-eric/metadata-database/deploy:main
2026-08-21 13:56:06 [main] INFO  t.g.io/epos-eric/metadata-database/deploy:main - Container ghcr.io/epos-eric/metadata-database/deploy:main is starting: 65369b646e4efe966d96ecae295371694938b64bd0de211c7f7ce900bff14516
2026-08-21 13:56:10 [main] INFO  t.g.io/epos-eric/metadata-database/deploy:main - Container ghcr.io/epos-eric/metadata-database/deploy:main started in PT4.564503567S
2026-08-21 13:56:10 [main] INFO  t.g.io/epos-eric/metadata-database/deploy:main - Container is started (JDBC URL: jdbc:postgresql://localhost:33326/cerif?loggerLevel=OFF)
2026-08-21 13:56:10 [main] INFO  com.zaxxer.hikari.HikariDataSource - metadata_catalogue - Starting...
2026-08-21 13:56:10 [main] INFO  com.zaxxer.hikari.pool.HikariPool - metadata_catalogue - Added connection org.postgresql.jdbc.PgConnection@4e33ee2c
2026-08-21 13:56:10 [main] INFO  com.zaxxer.hikari.HikariDataSource - metadata_catalogue - Start completed.
2026-08-21 13:56:11 [main] INFO  com.zaxxer.hikari.HikariDataSource - metadata_catalogue - Shutdown initiated...
2026-08-21 13:56:11 [main] INFO  com.zaxxer.hikari.HikariDataSource - metadata_catalogue - Shutdown completed.
2026-08-21 13:56:11 [main] INFO  t.g.io/epos-eric/metadata-database/deploy:main - Creating container for image: ghcr.io/epos-eric/metadata-database/deploy:main
2026-08-21 13:56:11 [main] INFO  t.g.io/epos-eric/metadata-database/deploy:main - Container ghcr.io/epos-eric/metadata-database/deploy:main is starting: 7b4fccf427ddd2b1d40bed93bd1f1067567d76838f02d9e1b12831ead9d2ebf0
2026-08-21 13:56:16 [main] INFO  t.g.io/epos-eric/metadata-database/deploy:main - Container ghcr.io/epos-eric/metadata-database/deploy:main started in PT5.293087777S
2026-08-21 13:56:16 [main] INFO  t.g.io/epos-eric/metadata-database/deploy:main - Container is started (JDBC URL: jdbc:postgresql://localhost:33327/cerif?loggerLevel=OFF)
2026-08-21 13:56:16 [main] INFO  com.zaxxer.hikari.HikariDataSource - metadata_catalogue - Starting...
2026-08-21 13:56:16 [main] INFO  com.zaxxer.hikari.pool.HikariPool - metadata_catalogue - Added connection org.postgresql.jdbc.PgConnection@542851cb
2026-08-21 13:56:16 [main] INFO  com.zaxxer.hikari.HikariDataSource - metadata_catalogue - Start completed.
2026-08-21 13:56:17 [main] INFO  com.zaxxer.hikari.HikariDataSource - metadata_catalogue - Shutdown initiated...
2026-08-21 13:56:17 [main] INFO  com.zaxxer.hikari.HikariDataSource - metadata_catalogue - Shutdown completed.
2026-08-21 13:56:17 [main] INFO  t.g.io/epos-eric/metadata-database/deploy:main - Creating container for image: ghcr.io/epos-eric/metadata-database/deploy:main
2026-08-21 13:56:17 [main] INFO  t.g.io/epos-eric/metadata-database/deploy:main - Container ghcr.io/epos-eric/metadata-database/deploy:main is starting: f907dddf8228d8cde206109d5e9ca297403d6d6eecacc5ccf9c1bf096e27e4cd
2026-08-21 13:56:22 [main] INFO  t.g.io/epos-eric/metadata-database/deploy:main - Container ghcr.io/epos-eric/metadata-database/deploy:main started in PT4.461839751S
2026-08-21 13:56:22 [main] INFO  t.g.io/epos-eric/metadata-database/deploy:main - Container is started (JDBC URL: jdbc:postgresql://localhost:33328/cerif?loggerLevel=OFF)
2026-08-21 13:56:22 [main] INFO  com.zaxxer.hikari.HikariDataSource - metadata_catalogue - Starting...
2026-08-21 13:56:22 [main] INFO  com.zaxxer.hikari.pool.HikariPool - metadata_catalogue - Added connection org.postgresql.jdbc.PgConnection@6a77111c
2026-08-21 13:56:22 [main] INFO  com.zaxxer.hikari.HikariDataSource - metadata_catalogue - Start completed.
2026-08-21 13:56:22 [main] INFO  com.zaxxer.hikari.HikariDataSource - metadata_catalogue - Shutdown initiated...
2026-08-21 13:56:22 [main] INFO  com.zaxxer.hikari.HikariDataSource - metadata_catalogue - Shutdown completed.
2026-08-21 13:56:22 [main] INFO  t.g.io/epos-eric/metadata-database/deploy:main - Creating container for image: ghcr.io/epos-eric/metadata-database/deploy:main
2026-08-21 13:56:23 [main] INFO  t.g.io/epos-eric/metadata-database/deploy:main - Container ghcr.io/epos-eric/metadata-database/deploy:main is starting: 4b4b30ebe3fcbadfb23fc5bdce22d84617b4c33b72fe21c55f5504603c25e580
2026-08-21 13:56:27 [main] INFO  t.g.io/epos-eric/metadata-database/deploy:main - Container ghcr.io/epos-eric/metadata-database/deploy:main started in PT4.678956569S
2026-08-21 13:56:27 [main] INFO  t.g.io/epos-eric/metadata-database/deploy:main - Container is started (JDBC URL: jdbc:postgresql://localhost:33329/cerif?loggerLevel=OFF)
2026-08-21 13:56:27 [main] INFO  com.zaxxer.hikari.HikariDataSource - metadata_catalogue - Starting...
2026-08-21 13:56:27 [main] INFO  com.zaxxer.hikari.pool.HikariPool - metadata_catalogue - Added connection org.postgresql.jdbc.PgConnection@232c98d
2026-08-21 13:56:27 [main] INFO  com.zaxxer.hikari.HikariDataSource - metadata_catalogue - Start completed.
2026-08-21 13:56:29 [main] INFO  com.zaxxer.hikari.HikariDataSource - metadata_catalogue - Shutdown initiated...
2026-08-21 13:56:29 [main] INFO  com.zaxxer.hikari.HikariDataSource - metadata_catalogue - Shutdown completed.
2026-08-21 13:56:29 [main] INFO  t.g.io/epos-eric/metadata-database/deploy:main - Creating container for image: ghcr.io/epos-eric/metadata-database/deploy:main
2026-08-21 13:56:29 [main] INFO  t.g.io/epos-eric/metadata-database/deploy:main - Container ghcr.io/epos-eric/metadata-database/deploy:main is starting: 37898a7dd986b4ec87a98379d7d37bc7496fdfa350eb42ba3466f1b145f54fcf
2026-08-21 13:56:34 [main] INFO  t.g.io/epos-eric/metadata-database/deploy:main - Container ghcr.io/epos-eric/metadata-database/deploy:main started in PT4.640219072S
2026-08-21 13:56:34 [main] INFO  t.g.io/epos-eric/metadata-database/deploy:main - Container is started (JDBC URL: jdbc:postgresql://localhost:33330/cerif?loggerLevel=OFF)
2026-08-21 13:56:34 [main] INFO  com.zaxxer.hikari.HikariDataSource - metadata_catalogue - Starting...
2026-08-21 13:56:34 [main] INFO  com.zaxxer.hikari.pool.HikariPool - metadata_catalogue - Added connection org.postgresql.jdbc.PgConnection@5eb42c09
2026-08-21 13:56:34 [main] INFO  com.zaxxer.hikari.HikariDataSource - metadata_catalogue - Start completed.
2026-08-21 13:56:34 [main] INFO  com.zaxxer.hikari.HikariDataSource - metadata_catalogue - Shutdown initiated...
2026-08-21 13:56:34 [main] INFO  com.zaxxer.hikari.HikariDataSource - metadata_catalogue - Shutdown completed.
2026-08-21 13:56:34 [main] INFO  t.g.io/epos-eric/metadata-database/deploy:main - Creating container for image: ghcr.io/epos-eric/metadata-database/deploy:main
2026-08-21 13:56:35 [main] INFO  t.g.io/epos-eric/metadata-database/deploy:main - Container ghcr.io/epos-eric/metadata-database/deploy:main is starting: fd2515a29478759b0248973c7849c4c45ad99f6cfa47d57f7176e35949f43089
2026-08-21 13:56:40 [main] INFO  t.g.io/epos-eric/metadata-database/deploy:main - Container ghcr.io/epos-eric/metadata-database/deploy:main started in PT5.11769349S
2026-08-21 13:56:40 [main] INFO  t.g.io/epos-eric/metadata-database/deploy:main - Container is started (JDBC URL: jdbc:postgresql://localhost:33331/cerif?loggerLevel=OFF)
2026-08-21 13:56:40 [main] INFO  com.zaxxer.hikari.HikariDataSource - metadata_catalogue - Starting...
2026-08-21 13:56:40 [main] INFO  com.zaxxer.hikari.pool.HikariPool - metadata_catalogue - Added connection org.postgresql.jdbc.PgConnection@72b4d68a
2026-08-21 13:56:40 [main] INFO  com.zaxxer.hikari.HikariDataSource - metadata_catalogue - Start completed.
2026-08-21 13:56:40 [main] INFO  com.zaxxer.hikari.HikariDataSource - metadata_catalogue - Shutdown initiated...
2026-08-21 13:56:40 [main] INFO  com.zaxxer.hikari.HikariDataSource - metadata_catalogue - Shutdown completed.
2026-08-21 13:56:40 [main] INFO  t.g.io/epos-eric/metadata-database/deploy:main - Creating container for image: ghcr.io/epos-eric/metadata-database/deploy:main
2026-08-21 13:56:40 [main] INFO  t.g.io/epos-eric/metadata-database/deploy:main - Container ghcr.io/epos-eric/metadata-database/deploy:main is starting: 66e3f31cf644291fc1fb5f0022fdb728c8d52c39ed43b26b24095f7eaecea871
2026-08-21 13:56:45 [main] INFO  t.g.io/epos-eric/metadata-database/deploy:main - Container ghcr.io/epos-eric/metadata-database/deploy:main started in PT4.802360884S
2026-08-21 13:56:45 [main] INFO  t.g.io/epos-eric/metadata-database/deploy:main - Container is started (JDBC URL: jdbc:postgresql://localhost:33332/cerif?loggerLevel=OFF)
2026-08-21 13:56:45 [main] INFO  com.zaxxer.hikari.HikariDataSource - metadata_catalogue - Starting...
2026-08-21 13:56:45 [main] INFO  com.zaxxer.hikari.pool.HikariPool - metadata_catalogue - Added connection org.postgresql.jdbc.PgConnection@27c9fffd
2026-08-21 13:56:45 [main] INFO  com.zaxxer.hikari.HikariDataSource - metadata_catalogue - Start completed.
2026-08-21 13:56:46 [main] INFO  com.zaxxer.hikari.HikariDataSource - metadata_catalogue - Shutdown initiated...
2026-08-21 13:56:46 [main] INFO  com.zaxxer.hikari.HikariDataSource - metadata_catalogue - Shutdown completed.
2026-08-21 13:56:46 [main] INFO  t.g.io/epos-eric/metadata-database/deploy:main - Creating container for image: ghcr.io/epos-eric/metadata-database/deploy:main
2026-08-21 13:56:46 [main] INFO  t.g.io/epos-eric/metadata-database/deploy:main - Container ghcr.io/epos-eric/metadata-database/deploy:main is starting: 299d34d51d815d74e083c00703b22e7519361c2288b022344dbf289797e84135
2026-08-21 13:56:50 [main] INFO  t.g.io/epos-eric/metadata-database/deploy:main - Container ghcr.io/epos-eric/metadata-database/deploy:main started in PT4.426539281S
2026-08-21 13:56:50 [main] INFO  t.g.io/epos-eric/metadata-database/deploy:main - Container is started (JDBC URL: jdbc:postgresql://localhost:33333/cerif?loggerLevel=OFF)
2026-08-21 13:56:50 [main] INFO  com.zaxxer.hikari.HikariDataSource - metadata_catalogue - Starting...
2026-08-21 13:56:50 [main] INFO  com.zaxxer.hikari.pool.HikariPool - metadata_catalogue - Added connection org.postgresql.jdbc.PgConnection@33928ba6
2026-08-21 13:56:50 [main] INFO  com.zaxxer.hikari.HikariDataSource - metadata_catalogue - Start completed.
2026-08-21 13:56:51 [main] INFO  com.zaxxer.hikari.HikariDataSource - metadata_catalogue - Shutdown initiated...
2026-08-21 13:56:51 [main] INFO  com.zaxxer.hikari.HikariDataSource - metadata_catalogue - Shutdown completed.
2026-08-21 13:56:51 [main] INFO  t.g.io/epos-eric/metadata-database/deploy:main - Creating container for image: ghcr.io/epos-eric/metadata-database/deploy:main
2026-08-21 13:56:52 [main] INFO  t.g.io/epos-eric/metadata-database/deploy:main - Container ghcr.io/epos-eric/metadata-database/deploy:main is starting: 99a89dbfb114f33173fd61f2feda654a25b63a0207b4eb9a2527c5ff0b8ee586
2026-08-21 13:56:56 [main] INFO  t.g.io/epos-eric/metadata-database/deploy:main - Container ghcr.io/epos-eric/metadata-database/deploy:main started in PT4.66345418S
2026-08-21 13:56:56 [main] INFO  t.g.io/epos-eric/metadata-database/deploy:main - Container is started (JDBC URL: jdbc:postgresql://localhost:33334/cerif?loggerLevel=OFF)
2026-08-21 13:56:56 [main] INFO  com.zaxxer.hikari.HikariDataSource - metadata_catalogue - Starting...
2026-08-21 13:56:56 [main] INFO  com.zaxxer.hikari.pool.HikariPool - metadata_catalogue - Added connection org.postgresql.jdbc.PgConnection@52060054
2026-08-21 13:56:56 [main] INFO  com.zaxxer.hikari.HikariDataSource - metadata_catalogue - Start completed.
2026-08-21 13:56:56 [main] INFO  com.zaxxer.hikari.HikariDataSource - metadata_catalogue - Shutdown initiated...
2026-08-21 13:56:56 [main] INFO  com.zaxxer.hikari.HikariDataSource - metadata_catalogue - Shutdown completed.
2026-08-21 13:56:57 [main] INFO  t.g.io/epos-eric/metadata-database/deploy:main - Creating container for image: ghcr.io/epos-eric/metadata-database/deploy:main
2026-08-21 13:56:57 [main] INFO  t.g.io/epos-eric/metadata-database/deploy:main - Container ghcr.io/epos-eric/metadata-database/deploy:main is starting: 69631a3acbf4d8d5c7138d0c0229305e38ba420178dc85fdf9777b2fb27ba6bc
2026-08-21 13:57:02 [main] INFO  t.g.io/epos-eric/metadata-database/deploy:main - Container ghcr.io/epos-eric/metadata-database/deploy:main started in PT5.107441255S
2026-08-21 13:57:02 [main] INFO  t.g.io/epos-eric/metadata-database/deploy:main - Container is started (JDBC URL: jdbc:postgresql://localhost:33335/cerif?loggerLevel=OFF)
2026-08-21 13:57:02 [main] INFO  com.zaxxer.hikari.HikariDataSource - metadata_catalogue - Starting...
2026-08-21 13:57:02 [main] INFO  com.zaxxer.hikari.pool.HikariPool - metadata_catalogue - Added connection org.postgresql.jdbc.PgConnection@5626ae43
2026-08-21 13:57:02 [main] INFO  com.zaxxer.hikari.HikariDataSource - metadata_catalogue - Start completed.
2026-08-21 13:57:02 [main] INFO  com.zaxxer.hikari.HikariDataSource - metadata_catalogue - Shutdown initiated...
2026-08-21 13:57:02 [main] INFO  com.zaxxer.hikari.HikariDataSource - metadata_catalogue - Shutdown completed.
2026-08-21 13:57:02 [main] INFO  t.g.io/epos-eric/metadata-database/deploy:main - Creating container for image: ghcr.io/epos-eric/metadata-database/deploy:main
2026-08-21 13:57:03 [main] INFO  t.g.io/epos-eric/metadata-database/deploy:main - Container ghcr.io/epos-eric/metadata-database/deploy:main is starting: d8bf0830b7ff0a5b7b2a2b9cbccca55c0fcd03aacf2baf08c05973063f883b04
2026-08-21 13:57:08 [main] INFO  t.g.io/epos-eric/metadata-database/deploy:main - Container ghcr.io/epos-eric/metadata-database/deploy:main started in PT5.360327711S
2026-08-21 13:57:08 [main] INFO  t.g.io/epos-eric/metadata-database/deploy:main - Container is started (JDBC URL: jdbc:postgresql://localhost:33336/cerif?loggerLevel=OFF)
2026-08-21 13:57:08 [main] INFO  com.zaxxer.hikari.HikariDataSource - metadata_catalogue - Starting...
2026-08-21 13:57:08 [main] INFO  com.zaxxer.hikari.pool.HikariPool - metadata_catalogue - Added connection org.postgresql.jdbc.PgConnection@2671ada8
2026-08-21 13:57:08 [main] INFO  com.zaxxer.hikari.HikariDataSource - metadata_catalogue - Start completed.
2026-08-21 13:57:08 [main] INFO  com.zaxxer.hikari.HikariDataSource - metadata_catalogue - Shutdown initiated...
2026-08-21 13:57:08 [main] INFO  com.zaxxer.hikari.HikariDataSource - metadata_catalogue - Shutdown completed.
2026-08-21 13:57:08 [main] INFO  t.g.io/epos-eric/metadata-database/deploy:main - Creating container for image: ghcr.io/epos-eric/metadata-database/deploy:main
2026-08-21 13:57:08 [main] INFO  t.g.io/epos-eric/metadata-database/deploy:main - Container ghcr.io/epos-eric/metadata-database/deploy:main is starting: 8a4de94f5bcbeaa3d5f24bcc3b81edf05a7587aed16269fb89fc4377b2730a79
2026-08-21 13:57:13 [main] INFO  t.g.io/epos-eric/metadata-database/deploy:main - Container ghcr.io/epos-eric/metadata-database/deploy:main started in PT4.423167671S
2026-08-21 13:57:13 [main] INFO  t.g.io/epos-eric/metadata-database/deploy:main - Container is started (JDBC URL: jdbc:postgresql://localhost:33337/cerif?loggerLevel=OFF)
2026-08-21 13:57:13 [main] INFO  com.zaxxer.hikari.HikariDataSource - metadata_catalogue - Starting...
2026-08-21 13:57:13 [main] INFO  com.zaxxer.hikari.pool.HikariPool - metadata_catalogue - Added connection org.postgresql.jdbc.PgConnection@2b379070
2026-08-21 13:57:13 [main] INFO  com.zaxxer.hikari.HikariDataSource - metadata_catalogue - Start completed.
2026-08-21 13:57:13 [main] INFO  com.zaxxer.hikari.HikariDataSource - metadata_catalogue - Shutdown initiated...
2026-08-21 13:57:13 [main] INFO  com.zaxxer.hikari.HikariDataSource - metadata_catalogue - Shutdown completed.
2026-08-21 13:57:13 [main] INFO  t.g.io/epos-eric/metadata-database/deploy:main - Creating container for image: ghcr.io/epos-eric/metadata-database/deploy:main
2026-08-21 13:57:14 [main] INFO  t.g.io/epos-eric/metadata-database/deploy:main - Container ghcr.io/epos-eric/metadata-database/deploy:main is starting: 759a0172964157883425df098ea48e114a7a44db00ed3927036c08dfd5d0a964
2026-08-21 13:57:18 [main] INFO  t.g.io/epos-eric/metadata-database/deploy:main - Container ghcr.io/epos-eric/metadata-database/deploy:main started in PT4.611698044S
2026-08-21 13:57:18 [main] INFO  t.g.io/epos-eric/metadata-database/deploy:main - Container is started (JDBC URL: jdbc:postgresql://localhost:33338/cerif?loggerLevel=OFF)
2026-08-21 13:57:18 [main] INFO  com.zaxxer.hikari.HikariDataSource - metadata_catalogue - Starting...
2026-08-21 13:57:18 [main] INFO  com.zaxxer.hikari.pool.HikariPool - metadata_catalogue - Added connection org.postgresql.jdbc.PgConnection@3e50aa49
2026-08-21 13:57:18 [main] INFO  com.zaxxer.hikari.HikariDataSource - metadata_catalogue - Start completed.
2026-08-21 13:57:18 [main] INFO  com.zaxxer.hikari.HikariDataSource - metadata_catalogue - Shutdown initiated...
2026-08-21 13:57:18 [main] INFO  com.zaxxer.hikari.HikariDataSource - metadata_catalogue - Shutdown completed.
2026-08-21 13:57:18 [main] INFO  t.g.io/epos-eric/metadata-database/deploy:main - Creating container for image: ghcr.io/epos-eric/metadata-database/deploy:main
2026-08-21 13:57:18 [main] INFO  t.g.io/epos-eric/metadata-database/deploy:main - Container ghcr.io/epos-eric/metadata-database/deploy:main is starting: 5ea60e6ff6ba4574976c5b454e9752d1c66741add1d3c783022c0d8df1391ba7
2026-08-21 13:57:22 [main] INFO  t.g.io/epos-eric/metadata-database/deploy:main - Container ghcr.io/epos-eric/metadata-database/deploy:main started in PT4.003293276S
2026-08-21 13:57:22 [main] INFO  t.g.io/epos-eric/metadata-database/deploy:main - Container is started (JDBC URL: jdbc:postgresql://localhost:33339/cerif?loggerLevel=OFF)
2026-08-21 13:57:22 [main] INFO  com.zaxxer.hikari.HikariDataSource - metadata_catalogue - Starting...
2026-08-21 13:57:22 [main] INFO  com.zaxxer.hikari.pool.HikariPool - metadata_catalogue - Added connection org.postgresql.jdbc.PgConnection@3514905a
2026-08-21 13:57:22 [main] INFO  com.zaxxer.hikari.HikariDataSource - metadata_catalogue - Start completed.
2026-08-21 13:57:23 [main] INFO  com.zaxxer.hikari.HikariDataSource - metadata_catalogue - Shutdown initiated...
2026-08-21 13:57:23 [main] INFO  com.zaxxer.hikari.HikariDataSource - metadata_catalogue - Shutdown completed.
2026-08-21 13:57:23 [main] INFO  t.g.io/epos-eric/metadata-database/deploy:main - Creating container for image: ghcr.io/epos-eric/metadata-database/deploy:main
2026-08-21 13:57:23 [main] INFO  t.g.io/epos-eric/metadata-database/deploy:main - Container ghcr.io/epos-eric/metadata-database/deploy:main is starting: e61a06d4e210a7e06e750a0cb2be4585289f28f848e0bed1a583b55f97416c87
2026-08-21 13:57:28 [main] INFO  t.g.io/epos-eric/metadata-database/deploy:main - Container ghcr.io/epos-eric/metadata-database/deploy:main started in PT4.737932819S
2026-08-21 13:57:28 [main] INFO  t.g.io/epos-eric/metadata-database/deploy:main - Container is started (JDBC URL: jdbc:postgresql://localhost:33340/cerif?loggerLevel=OFF)
2026-08-21 13:57:28 [main] INFO  com.zaxxer.hikari.HikariDataSource - metadata_catalogue - Starting...
2026-08-21 13:57:28 [main] INFO  com.zaxxer.hikari.pool.HikariPool - metadata_catalogue - Added connection org.postgresql.jdbc.PgConnection@429e344c
2026-08-21 13:57:28 [main] INFO  com.zaxxer.hikari.HikariDataSource - metadata_catalogue - Start completed.
2026-08-21 13:57:28 [main] INFO  com.zaxxer.hikari.HikariDataSource - metadata_catalogue - Shutdown initiated...
2026-08-21 13:57:28 [main] INFO  com.zaxxer.hikari.HikariDataSource - metadata_catalogue - Shutdown completed.
2026-08-21 13:57:29 [main] INFO  t.g.io/epos-eric/metadata-database/deploy:main - Creating container for image: ghcr.io/epos-eric/metadata-database/deploy:main
2026-08-21 13:57:29 [main] INFO  t.g.io/epos-eric/metadata-database/deploy:main - Container ghcr.io/epos-eric/metadata-database/deploy:main is starting: a88bb8a81c4488925499885971e655b0bd7b09378ebcf33712e6319898fcd581
2026-08-21 13:57:33 [main] INFO  t.g.io/epos-eric/metadata-database/deploy:main - Container ghcr.io/epos-eric/metadata-database/deploy:main started in PT4.529777861S
2026-08-21 13:57:33 [main] INFO  t.g.io/epos-eric/metadata-database/deploy:main - Container is started (JDBC URL: jdbc:postgresql://localhost:33341/cerif?loggerLevel=OFF)
2026-08-21 13:57:33 [main] INFO  com.zaxxer.hikari.HikariDataSource - metadata_catalogue - Starting...
2026-08-21 13:57:33 [main] INFO  com.zaxxer.hikari.pool.HikariPool - metadata_catalogue - Added connection org.postgresql.jdbc.PgConnection@56261cb8
2026-08-21 13:57:33 [main] INFO  com.zaxxer.hikari.HikariDataSource - metadata_catalogue - Start completed.
2026-08-21 13:57:33 [main] INFO  com.zaxxer.hikari.HikariDataSource - metadata_catalogue - Shutdown initiated...
2026-08-21 13:57:33 [main] INFO  com.zaxxer.hikari.HikariDataSource - metadata_catalogue - Shutdown completed.
2026-08-21 13:57:34 [main] INFO  t.g.io/epos-eric/metadata-database/deploy:main - Creating container for image: ghcr.io/epos-eric/metadata-database/deploy:main
2026-08-21 13:57:34 [main] INFO  t.g.io/epos-eric/metadata-database/deploy:main - Container ghcr.io/epos-eric/metadata-database/deploy:main is starting: 60668ba43b5a8f382482af4543ae82a93d74912982b74f4756fbe7419bd043cf
2026-08-21 13:57:39 [main] INFO  t.g.io/epos-eric/metadata-database/deploy:main - Container ghcr.io/epos-eric/metadata-database/deploy:main started in PT5.234154095S
2026-08-21 13:57:39 [main] INFO  t.g.io/epos-eric/metadata-database/deploy:main - Container is started (JDBC URL: jdbc:postgresql://localhost:33342/cerif?loggerLevel=OFF)
2026-08-21 13:57:39 [main] INFO  com.zaxxer.hikari.HikariDataSource - metadata_catalogue - Starting...
2026-08-21 13:57:39 [main] INFO  com.zaxxer.hikari.pool.HikariPool - metadata_catalogue - Added connection org.postgresql.jdbc.PgConnection@24f26a28
2026-08-21 13:57:39 [main] INFO  com.zaxxer.hikari.HikariDataSource - metadata_catalogue - Start completed.
2026-08-21 13:57:39 [main] INFO  com.zaxxer.hikari.HikariDataSource - metadata_catalogue - Shutdown initiated...
2026-08-21 13:57:39 [main] INFO  com.zaxxer.hikari.HikariDataSource - metadata_catalogue - Shutdown completed.
2026-08-21 13:58:07 [main] INFO  o.testcontainers.images.PullPolicy - Image pull policy will be performed by: DefaultPullPolicy()
2026-08-21 13:58:07 [main] INFO  o.t.utility.ImageNameSubstitutor - Image name substitution will be performed by: DefaultImageNameSubstitutor (composite of 'ConfigurationFileImageNameSubstitutor' and 'PrefixingImageNameSubstitutor')
2026-08-21 13:58:07 [main] INFO  o.testcontainers.DockerClientFactory - Testcontainers version: 2.0.2
2026-08-21 13:58:07 [main] INFO  o.t.d.DockerClientProviderStrategy - Loaded org.testcontainers.dockerclient.UnixSocketClientProviderStrategy from ~/.testcontainers.properties, will try it first
2026-08-21 13:58:07 [main] INFO  o.t.d.DockerClientProviderStrategy - Found Docker environment with local Unix socket (unix:///var/run/docker.sock)
2026-08-21 13:58:07 [main] INFO  o.testcontainers.DockerClientFactory - Docker host IP address is localhost
2026-08-21 13:58:07 [main] INFO  o.testcontainers.DockerClientFactory - Connected to docker: 
  Server Version: 29.7.2
  API Version: 1.55
  Operating System: Arch Linux
  Total Memory: 63796 MB
2026-08-21 13:58:08 [main] INFO  tc.testcontainers/ryuk:0.13.0 - Creating container for image: testcontainers/ryuk:0.13.0
2026-08-21 13:58:08 [main] INFO  tc.testcontainers/ryuk:0.13.0 - Container testcontainers/ryuk:0.13.0 is starting: f2a01e7bc03b731108a7e3d13ad6fcc929971f1aed6d182158bdc1d7c11f285b
2026-08-21 13:58:08 [main] INFO  tc.testcontainers/ryuk:0.13.0 - Container testcontainers/ryuk:0.13.0 started in PT0.386756279S
2026-08-21 13:58:08 [main] INFO  o.t.utility.RyukResourceReaper - Ryuk started - will monitor and terminate Testcontainers containers on JVM exit
2026-08-21 13:58:08 [main] INFO  o.testcontainers.DockerClientFactory - Checking the system...
2026-08-21 13:58:08 [main] INFO  o.testcontainers.DockerClientFactory - ✔︎ Docker server version should be at least 1.6.0
2026-08-21 13:58:08 [main] INFO  t.g.io/epos-eric/metadata-database/deploy:main - Creating container for image: ghcr.io/epos-eric/metadata-database/deploy:main
2026-08-21 13:58:08 [main] INFO  t.g.io/epos-eric/metadata-database/deploy:main - Container ghcr.io/epos-eric/metadata-database/deploy:main is starting: e7a85e3802b5fa031bac400bf2a4204dcffef9962689e7a4594bae356bf562fb
2026-08-21 13:58:12 [main] INFO  t.g.io/epos-eric/metadata-database/deploy:main - Container ghcr.io/epos-eric/metadata-database/deploy:main started in PT4.050816219S
2026-08-21 13:58:12 [main] INFO  t.g.io/epos-eric/metadata-database/deploy:main - Container is started (JDBC URL: jdbc:postgresql://localhost:33344/cerif?loggerLevel=OFF)
2026-08-21 13:58:12 [main] INFO  com.zaxxer.hikari.HikariDataSource - metadata_catalogue - Starting...
2026-08-21 13:58:13 [main] INFO  com.zaxxer.hikari.pool.HikariPool - metadata_catalogue - Added connection org.postgresql.jdbc.PgConnection@2c7106d9
2026-08-21 13:58:13 [main] INFO  com.zaxxer.hikari.HikariDataSource - metadata_catalogue - Start completed.
2026-08-21 13:58:13 [main] INFO  com.zaxxer.hikari.HikariDataSource - metadata_catalogue - Shutdown initiated...
2026-08-21 13:58:13 [main] INFO  com.zaxxer.hikari.HikariDataSource - metadata_catalogue - Shutdown completed.
2026-08-21 13:58:13 [main] INFO  t.g.io/epos-eric/metadata-database/deploy:main - Creating container for image: ghcr.io/epos-eric/metadata-database/deploy:main
2026-08-21 13:58:13 [main] INFO  t.g.io/epos-eric/metadata-database/deploy:main - Container ghcr.io/epos-eric/metadata-database/deploy:main is starting: 99ff6e4056e77bcdb26ec03229759c8cd7de2c41b6dc638a77618638889b5c4a
2026-08-21 13:58:18 [main] INFO  t.g.io/epos-eric/metadata-database/deploy:main - Container ghcr.io/epos-eric/metadata-database/deploy:main started in PT4.620871998S
2026-08-21 13:58:18 [main] INFO  t.g.io/epos-eric/metadata-database/deploy:main - Container is started (JDBC URL: jdbc:postgresql://localhost:33345/cerif?loggerLevel=OFF)
2026-08-21 13:58:18 [main] INFO  com.zaxxer.hikari.HikariDataSource - metadata_catalogue - Starting...
2026-08-21 13:58:18 [main] INFO  com.zaxxer.hikari.pool.HikariPool - metadata_catalogue - Added connection org.postgresql.jdbc.PgConnection@1e120628
2026-08-21 13:58:18 [main] INFO  com.zaxxer.hikari.HikariDataSource - metadata_catalogue - Start completed.
2026-08-21 13:58:18 [main] INFO  com.zaxxer.hikari.HikariDataSource - metadata_catalogue - Shutdown initiated...
2026-08-21 13:58:18 [main] INFO  com.zaxxer.hikari.HikariDataSource - metadata_catalogue - Shutdown completed.
2026-08-21 13:58:18 [main] INFO  t.g.io/epos-eric/metadata-database/deploy:main - Creating container for image: ghcr.io/epos-eric/metadata-database/deploy:main
2026-08-21 13:58:19 [main] INFO  t.g.io/epos-eric/metadata-database/deploy:main - Container ghcr.io/epos-eric/metadata-database/deploy:main is starting: e8fa5b5097b51e8ddb1113ad18e4023ae53402c5f21f94afe627253f826301de
2026-08-21 13:58:22 [main] INFO  t.g.io/epos-eric/metadata-database/deploy:main - Container ghcr.io/epos-eric/metadata-database/deploy:main started in PT3.896146948S
2026-08-21 13:58:22 [main] INFO  t.g.io/epos-eric/metadata-database/deploy:main - Container is started (JDBC URL: jdbc:postgresql://localhost:33346/cerif?loggerLevel=OFF)
2026-08-21 13:58:22 [main] INFO  com.zaxxer.hikari.HikariDataSource - metadata_catalogue - Starting...
2026-08-21 13:58:22 [main] INFO  com.zaxxer.hikari.pool.HikariPool - metadata_catalogue - Added connection org.postgresql.jdbc.PgConnection@43c0c13a
2026-08-21 13:58:22 [main] INFO  com.zaxxer.hikari.HikariDataSource - metadata_catalogue - Start completed.
2026-08-21 13:58:23 [main] INFO  com.zaxxer.hikari.HikariDataSource - metadata_catalogue - Shutdown initiated...
2026-08-21 13:58:23 [main] INFO  com.zaxxer.hikari.HikariDataSource - metadata_catalogue - Shutdown completed.
2026-08-21 13:58:31 [main] INFO  o.testcontainers.images.PullPolicy - Image pull policy will be performed by: DefaultPullPolicy()
2026-08-21 13:58:31 [main] INFO  o.t.utility.ImageNameSubstitutor - Image name substitution will be performed by: DefaultImageNameSubstitutor (composite of 'ConfigurationFileImageNameSubstitutor' and 'PrefixingImageNameSubstitutor')
2026-08-21 13:58:31 [main] INFO  o.testcontainers.DockerClientFactory - Testcontainers version: 2.0.2
2026-08-21 13:58:32 [main] INFO  o.t.d.DockerClientProviderStrategy - Loaded org.testcontainers.dockerclient.UnixSocketClientProviderStrategy from ~/.testcontainers.properties, will try it first
2026-08-21 13:58:32 [main] INFO  o.t.d.DockerClientProviderStrategy - Found Docker environment with local Unix socket (unix:///var/run/docker.sock)
2026-08-21 13:58:32 [main] INFO  o.testcontainers.DockerClientFactory - Docker host IP address is localhost
2026-08-21 13:58:32 [main] INFO  o.testcontainers.DockerClientFactory - Connected to docker: 
  Server Version: 29.7.2
  API Version: 1.55
  Operating System: Arch Linux
  Total Memory: 63796 MB
2026-08-21 13:58:33 [main] INFO  tc.testcontainers/ryuk:0.13.0 - Creating container for image: testcontainers/ryuk:0.13.0
2026-08-21 13:58:33 [main] INFO  tc.testcontainers/ryuk:0.13.0 - Container testcontainers/ryuk:0.13.0 is starting: 3474da910959cb00588581525c07ba25adb2595d6443c8013b780a5fc9685666
2026-08-21 13:58:33 [main] INFO  tc.testcontainers/ryuk:0.13.0 - Container testcontainers/ryuk:0.13.0 started in PT0.309742953S
2026-08-21 13:58:33 [main] INFO  o.t.utility.RyukResourceReaper - Ryuk started - will monitor and terminate Testcontainers containers on JVM exit
2026-08-21 13:58:33 [main] INFO  o.testcontainers.DockerClientFactory - Checking the system...
2026-08-21 13:58:33 [main] INFO  o.testcontainers.DockerClientFactory - ✔︎ Docker server version should be at least 1.6.0
2026-08-21 13:58:33 [main] INFO  t.g.io/epos-eric/metadata-database/deploy:main - Creating container for image: ghcr.io/epos-eric/metadata-database/deploy:main
2026-08-21 13:58:33 [main] INFO  t.g.io/epos-eric/metadata-database/deploy:main - Container ghcr.io/epos-eric/metadata-database/deploy:main is starting: 4ac20a732f12555b8e214f52697df29ab2c793374dcf4c0a2beca8f3150e3eeb
2026-08-21 13:58:37 [main] INFO  t.g.io/epos-eric/metadata-database/deploy:main - Container ghcr.io/epos-eric/metadata-database/deploy:main started in PT3.892809732S
2026-08-21 13:58:37 [main] INFO  t.g.io/epos-eric/metadata-database/deploy:main - Container is started (JDBC URL: jdbc:postgresql://localhost:33348/cerif?loggerLevel=OFF)
2026-08-21 13:58:37 [main] INFO  com.zaxxer.hikari.HikariDataSource - metadata_catalogue - Starting...
2026-08-21 13:58:37 [main] INFO  com.zaxxer.hikari.pool.HikariPool - metadata_catalogue - Added connection org.postgresql.jdbc.PgConnection@ca8ef3a
2026-08-21 13:58:37 [main] INFO  com.zaxxer.hikari.HikariDataSource - metadata_catalogue - Start completed.
2026-08-21 13:58:38 [main] INFO  com.zaxxer.hikari.HikariDataSource - metadata_catalogue - Shutdown initiated...
2026-08-21 13:58:38 [main] INFO  com.zaxxer.hikari.HikariDataSource - metadata_catalogue - Shutdown completed.
2026-08-21 13:58:38 [main] INFO  t.g.io/epos-eric/metadata-database/deploy:main - Creating container for image: ghcr.io/epos-eric/metadata-database/deploy:main
2026-08-21 13:58:38 [main] INFO  t.g.io/epos-eric/metadata-database/deploy:main - Container ghcr.io/epos-eric/metadata-database/deploy:main is starting: fd1fc7c845f00f433b8289274e9d8706a9a69a67475b98433ba6f255259b7cea
2026-08-21 13:58:42 [main] INFO  t.g.io/epos-eric/metadata-database/deploy:main - Container ghcr.io/epos-eric/metadata-database/deploy:main started in PT4.428464163S
2026-08-21 13:58:42 [main] INFO  t.g.io/epos-eric/metadata-database/deploy:main - Container is started (JDBC URL: jdbc:postgresql://localhost:33349/cerif?loggerLevel=OFF)
2026-08-21 13:58:42 [main] INFO  com.zaxxer.hikari.HikariDataSource - metadata_catalogue - Starting...
2026-08-21 13:58:42 [main] INFO  com.zaxxer.hikari.pool.HikariPool - metadata_catalogue - Added connection org.postgresql.jdbc.PgConnection@17d76ebb
2026-08-21 13:58:42 [main] INFO  com.zaxxer.hikari.HikariDataSource - metadata_catalogue - Start completed.
2026-08-21 13:58:43 [main] INFO  com.zaxxer.hikari.HikariDataSource - metadata_catalogue - Shutdown initiated...
2026-08-21 13:58:43 [main] INFO  com.zaxxer.hikari.HikariDataSource - metadata_catalogue - Shutdown completed.
2026-08-21 13:58:43 [main] INFO  t.g.io/epos-eric/metadata-database/deploy:main - Creating container for image: ghcr.io/epos-eric/metadata-database/deploy:main
2026-08-21 13:58:43 [main] INFO  t.g.io/epos-eric/metadata-database/deploy:main - Container ghcr.io/epos-eric/metadata-database/deploy:main is starting: 7e6ea48757973f1420dbe5b7a546cc788ff994ec311836e745ee1f4f941b4127
2026-08-21 13:58:47 [main] INFO  t.g.io/epos-eric/metadata-database/deploy:main - Container ghcr.io/epos-eric/metadata-database/deploy:main started in PT4.014752477S
2026-08-21 13:58:47 [main] INFO  t.g.io/epos-eric/metadata-database/deploy:main - Container is started (JDBC URL: jdbc:postgresql://localhost:33350/cerif?loggerLevel=OFF)
2026-08-21 13:58:47 [main] INFO  com.zaxxer.hikari.HikariDataSource - metadata_catalogue - Starting...
2026-08-21 13:58:47 [main] INFO  com.zaxxer.hikari.pool.HikariPool - metadata_catalogue - Added connection org.postgresql.jdbc.PgConnection@1ef93e01
2026-08-21 13:58:47 [main] INFO  com.zaxxer.hikari.HikariDataSource - metadata_catalogue - Start completed.
2026-08-21 13:58:48 [main] INFO  com.zaxxer.hikari.HikariDataSource - metadata_catalogue - Shutdown initiated...
2026-08-21 13:58:48 [main] INFO  com.zaxxer.hikari.HikariDataSource - metadata_catalogue - Shutdown completed.
2026-08-21 13:58:48 [main] INFO  t.g.io/epos-eric/metadata-database/deploy:main - Creating container for image: ghcr.io/epos-eric/metadata-database/deploy:main
2026-08-21 13:58:48 [main] INFO  t.g.io/epos-eric/metadata-database/deploy:main - Container ghcr.io/epos-eric/metadata-database/deploy:main is starting: 5dbef39f1cf1c864ba05b47f50a6148e1e8dbe8af47d8541bedd83c3d82222ea
2026-08-21 13:58:53 [main] INFO  t.g.io/epos-eric/metadata-database/deploy:main - Container ghcr.io/epos-eric/metadata-database/deploy:main started in PT4.535298029S
2026-08-21 13:58:53 [main] INFO  t.g.io/epos-eric/metadata-database/deploy:main - Container is started (JDBC URL: jdbc:postgresql://localhost:33351/cerif?loggerLevel=OFF)
2026-08-21 13:58:53 [main] INFO  com.zaxxer.hikari.HikariDataSource - metadata_catalogue - Starting...
2026-08-21 13:58:53 [main] INFO  com.zaxxer.hikari.pool.HikariPool - metadata_catalogue - Added connection org.postgresql.jdbc.PgConnection@5e3405a1
2026-08-21 13:58:53 [main] INFO  com.zaxxer.hikari.HikariDataSource - metadata_catalogue - Start completed.
2026-08-21 13:58:53 [main] INFO  com.zaxxer.hikari.HikariDataSource - metadata_catalogue - Shutdown initiated...
2026-08-21 13:58:53 [main] INFO  com.zaxxer.hikari.HikariDataSource - metadata_catalogue - Shutdown completed.
2026-08-21 13:58:54 [main] INFO  t.g.io/epos-eric/metadata-database/deploy:main - Creating container for image: ghcr.io/epos-eric/metadata-database/deploy:main
2026-08-21 13:58:54 [main] INFO  t.g.io/epos-eric/metadata-database/deploy:main - Container ghcr.io/epos-eric/metadata-database/deploy:main is starting: 03281f541b4de65b80629f58ebe5110ef4d1fd10b43c850fb746a710e00cb6c6
2026-08-21 13:58:58 [main] INFO  t.g.io/epos-eric/metadata-database/deploy:main - Container ghcr.io/epos-eric/metadata-database/deploy:main started in PT3.966561951S
2026-08-21 13:58:58 [main] INFO  t.g.io/epos-eric/metadata-database/deploy:main - Container is started (JDBC URL: jdbc:postgresql://localhost:33352/cerif?loggerLevel=OFF)
2026-08-21 13:58:58 [main] INFO  com.zaxxer.hikari.HikariDataSource - metadata_catalogue - Starting...
2026-08-21 13:58:58 [main] INFO  com.zaxxer.hikari.pool.HikariPool - metadata_catalogue - Added connection org.postgresql.jdbc.PgConnection@66046e7c
2026-08-21 13:58:58 [main] INFO  com.zaxxer.hikari.HikariDataSource - metadata_catalogue - Start completed.
2026-08-21 13:58:58 [main] INFO  com.zaxxer.hikari.HikariDataSource - metadata_catalogue - Shutdown initiated...
2026-08-21 13:58:58 [main] INFO  com.zaxxer.hikari.HikariDataSource - metadata_catalogue - Shutdown completed.
2026-08-21 13:58:58 [main] INFO  t.g.io/epos-eric/metadata-database/deploy:main - Creating container for image: ghcr.io/epos-eric/metadata-database/deploy:main
2026-08-21 13:58:58 [main] INFO  t.g.io/epos-eric/metadata-database/deploy:main - Container ghcr.io/epos-eric/metadata-database/deploy:main is starting: 73069e484e22a2f76f24ba654b60573e56dba951bafdcf6fa228e0d71dbfa26a
2026-08-21 13:59:02 [main] INFO  t.g.io/epos-eric/metadata-database/deploy:main - Container ghcr.io/epos-eric/metadata-database/deploy:main started in PT4.038272121S
2026-08-21 13:59:02 [main] INFO  t.g.io/epos-eric/metadata-database/deploy:main - Container is started (JDBC URL: jdbc:postgresql://localhost:33353/cerif?loggerLevel=OFF)
2026-08-21 13:59:02 [main] INFO  com.zaxxer.hikari.HikariDataSource - metadata_catalogue - Starting...
2026-08-21 13:59:02 [main] INFO  com.zaxxer.hikari.pool.HikariPool - metadata_catalogue - Added connection org.postgresql.jdbc.PgConnection@311453ab
2026-08-21 13:59:02 [main] INFO  com.zaxxer.hikari.HikariDataSource - metadata_catalogue - Start completed.
2026-08-21 13:59:03 [main] INFO  com.zaxxer.hikari.HikariDataSource - metadata_catalogue - Shutdown initiated...
2026-08-21 13:59:03 [main] INFO  com.zaxxer.hikari.HikariDataSource - metadata_catalogue - Shutdown completed.
2026-08-21 13:59:03 [main] INFO  t.g.io/epos-eric/metadata-database/deploy:main - Creating container for image: ghcr.io/epos-eric/metadata-database/deploy:main
2026-08-21 13:59:03 [main] INFO  t.g.io/epos-eric/metadata-database/deploy:main - Container ghcr.io/epos-eric/metadata-database/deploy:main is starting: 87826cc407af759559980f5ea82783a305b61d28338456252c31a7c7e8db59d8
2026-08-21 13:59:07 [main] INFO  t.g.io/epos-eric/metadata-database/deploy:main - Container ghcr.io/epos-eric/metadata-database/deploy:main started in PT4.40141124S
2026-08-21 13:59:07 [main] INFO  t.g.io/epos-eric/metadata-database/deploy:main - Container is started (JDBC URL: jdbc:postgresql://localhost:33354/cerif?loggerLevel=OFF)
2026-08-21 13:59:07 [main] INFO  com.zaxxer.hikari.HikariDataSource - metadata_catalogue - Starting...
2026-08-21 13:59:07 [main] INFO  com.zaxxer.hikari.pool.HikariPool - metadata_catalogue - Added connection org.postgresql.jdbc.PgConnection@6046fba0
2026-08-21 13:59:07 [main] INFO  com.zaxxer.hikari.HikariDataSource - metadata_catalogue - Start completed.
2026-08-21 13:59:08 [main] INFO  com.zaxxer.hikari.HikariDataSource - metadata_catalogue - Shutdown initiated...
2026-08-21 13:59:08 [main] INFO  com.zaxxer.hikari.HikariDataSource - metadata_catalogue - Shutdown completed.
2026-08-21 13:59:08 [main] INFO  t.g.io/epos-eric/metadata-database/deploy:main - Creating container for image: ghcr.io/epos-eric/metadata-database/deploy:main
2026-08-21 13:59:08 [main] INFO  t.g.io/epos-eric/metadata-database/deploy:main - Container ghcr.io/epos-eric/metadata-database/deploy:main is starting: d3e36987e3f8af971120152ff7d05e30c4957413ca929b5b051fc249e53eb53b
2026-08-21 13:59:12 [main] INFO  t.g.io/epos-eric/metadata-database/deploy:main - Container ghcr.io/epos-eric/metadata-database/deploy:main started in PT4.256833818S
2026-08-21 13:59:12 [main] INFO  t.g.io/epos-eric/metadata-database/deploy:main - Container is started (JDBC URL: jdbc:postgresql://localhost:33355/cerif?loggerLevel=OFF)
2026-08-21 13:59:12 [main] INFO  com.zaxxer.hikari.HikariDataSource - metadata_catalogue - Starting...
2026-08-21 13:59:12 [main] INFO  com.zaxxer.hikari.pool.HikariPool - metadata_catalogue - Added connection org.postgresql.jdbc.PgConnection@9e092b5
2026-08-21 13:59:12 [main] INFO  com.zaxxer.hikari.HikariDataSource - metadata_catalogue - Start completed.
2026-08-21 13:59:12 [main] INFO  com.zaxxer.hikari.HikariDataSource - metadata_catalogue - Shutdown initiated...
2026-08-21 13:59:12 [main] INFO  com.zaxxer.hikari.HikariDataSource - metadata_catalogue - Shutdown completed.
2026-08-21 13:59:13 [main] INFO  t.g.io/epos-eric/metadata-database/deploy:main - Creating container for image: ghcr.io/epos-eric/metadata-database/deploy:main
2026-08-21 13:59:13 [main] INFO  t.g.io/epos-eric/metadata-database/deploy:main - Container ghcr.io/epos-eric/metadata-database/deploy:main is starting: 8c714563d9d553715c2e198ef20c3c2c25e9b65efc3536ec61668e203033158c
2026-08-21 13:59:16 [main] INFO  t.g.io/epos-eric/metadata-database/deploy:main - Container ghcr.io/epos-eric/metadata-database/deploy:main started in PT3.732218357S
2026-08-21 13:59:16 [main] INFO  t.g.io/epos-eric/metadata-database/deploy:main - Container is started (JDBC URL: jdbc:postgresql://localhost:33356/cerif?loggerLevel=OFF)
2026-08-21 13:59:16 [main] INFO  com.zaxxer.hikari.HikariDataSource - metadata_catalogue - Starting...
2026-08-21 13:59:16 [main] INFO  com.zaxxer.hikari.pool.HikariPool - metadata_catalogue - Added connection org.postgresql.jdbc.PgConnection@3f0c2eff
2026-08-21 13:59:16 [main] INFO  com.zaxxer.hikari.HikariDataSource - metadata_catalogue - Start completed.
2026-08-21 13:59:17 [main] INFO  com.zaxxer.hikari.HikariDataSource - metadata_catalogue - Shutdown initiated...
2026-08-21 13:59:17 [main] INFO  com.zaxxer.hikari.HikariDataSource - metadata_catalogue - Shutdown completed.
2026-08-21 13:59:17 [main] INFO  t.g.io/epos-eric/metadata-database/deploy:main - Creating container for image: ghcr.io/epos-eric/metadata-database/deploy:main
2026-08-21 13:59:17 [main] INFO  t.g.io/epos-eric/metadata-database/deploy:main - Container ghcr.io/epos-eric/metadata-database/deploy:main is starting: 2b94ce24ddf656f2724dfbae6764149407381c11d518527f9ca20786488d31f8
2026-08-21 13:59:21 [main] INFO  t.g.io/epos-eric/metadata-database/deploy:main - Container ghcr.io/epos-eric/metadata-database/deploy:main started in PT4.448668204S
2026-08-21 13:59:21 [main] INFO  t.g.io/epos-eric/metadata-database/deploy:main - Container is started (JDBC URL: jdbc:postgresql://localhost:33357/cerif?loggerLevel=OFF)
2026-08-21 13:59:21 [main] INFO  com.zaxxer.hikari.HikariDataSource - metadata_catalogue - Starting...
2026-08-21 13:59:21 [main] INFO  com.zaxxer.hikari.pool.HikariPool - metadata_catalogue - Added connection org.postgresql.jdbc.PgConnection@7ed6e557
2026-08-21 13:59:21 [main] INFO  com.zaxxer.hikari.HikariDataSource - metadata_catalogue - Start completed.
2026-08-21 13:59:22 [main] INFO  com.zaxxer.hikari.HikariDataSource - metadata_catalogue - Shutdown initiated...
2026-08-21 13:59:22 [main] INFO  com.zaxxer.hikari.HikariDataSource - metadata_catalogue - Shutdown completed.
2026-08-21 13:59:22 [main] INFO  t.g.io/epos-eric/metadata-database/deploy:main - Creating container for image: ghcr.io/epos-eric/metadata-database/deploy:main
2026-08-21 13:59:22 [main] INFO  t.g.io/epos-eric/metadata-database/deploy:main - Container ghcr.io/epos-eric/metadata-database/deploy:main is starting: f9f53c9d54d6b0e24bbb06dd4f5dcf93da602a983c6b4102fb66769e2cae43f8
2026-08-21 13:59:27 [main] INFO  t.g.io/epos-eric/metadata-database/deploy:main - Container ghcr.io/epos-eric/metadata-database/deploy:main started in PT4.679532755S
2026-08-21 13:59:27 [main] INFO  t.g.io/epos-eric/metadata-database/deploy:main - Container is started (JDBC URL: jdbc:postgresql://localhost:33358/cerif?loggerLevel=OFF)
2026-08-21 13:59:27 [main] INFO  com.zaxxer.hikari.HikariDataSource - metadata_catalogue - Starting...
2026-08-21 13:59:27 [main] INFO  com.zaxxer.hikari.pool.HikariPool - metadata_catalogue - Added connection org.postgresql.jdbc.PgConnection@dd26290
2026-08-21 13:59:27 [main] INFO  com.zaxxer.hikari.HikariDataSource - metadata_catalogue - Start completed.
2026-08-21 13:59:27 [main] INFO  com.zaxxer.hikari.HikariDataSource - metadata_catalogue - Shutdown initiated...
2026-08-21 13:59:27 [main] INFO  com.zaxxer.hikari.HikariDataSource - metadata_catalogue - Shutdown completed.
2026-08-21 13:59:27 [main] INFO  t.g.io/epos-eric/metadata-database/deploy:main - Creating container for image: ghcr.io/epos-eric/metadata-database/deploy:main
2026-08-21 13:59:27 [main] INFO  t.g.io/epos-eric/metadata-database/deploy:main - Container ghcr.io/epos-eric/metadata-database/deploy:main is starting: 3d42647d765038da24d98e355edfecb0b5a437446e79b6b69d6891dfca07ae03
2026-08-21 13:59:31 [main] INFO  t.g.io/epos-eric/metadata-database/deploy:main - Container ghcr.io/epos-eric/metadata-database/deploy:main started in PT4.254749983S
2026-08-21 13:59:31 [main] INFO  t.g.io/epos-eric/metadata-database/deploy:main - Container is started (JDBC URL: jdbc:postgresql://localhost:33359/cerif?loggerLevel=OFF)
2026-08-21 13:59:31 [main] INFO  com.zaxxer.hikari.HikariDataSource - metadata_catalogue - Starting...
2026-08-21 13:59:31 [main] INFO  com.zaxxer.hikari.pool.HikariPool - metadata_catalogue - Added connection org.postgresql.jdbc.PgConnection@41f274d
2026-08-21 13:59:31 [main] INFO  com.zaxxer.hikari.HikariDataSource - metadata_catalogue - Start completed.
2026-08-21 13:59:32 [main] INFO  com.zaxxer.hikari.HikariDataSource - metadata_catalogue - Shutdown initiated...
2026-08-21 13:59:32 [main] INFO  com.zaxxer.hikari.HikariDataSource - metadata_catalogue - Shutdown completed.
2026-08-21 13:59:32 [main] INFO  t.g.io/epos-eric/metadata-database/deploy:main - Creating container for image: ghcr.io/epos-eric/metadata-database/deploy:main
2026-08-21 13:59:32 [main] INFO  t.g.io/epos-eric/metadata-database/deploy:main - Container ghcr.io/epos-eric/metadata-database/deploy:main is starting: 6b9eb3a1ac334e0bde44ddb33dc84abe7473fdb8fb98e5af0e2d82ded724bdd9
2026-08-21 13:59:36 [main] INFO  t.g.io/epos-eric/metadata-database/deploy:main - Container ghcr.io/epos-eric/metadata-database/deploy:main started in PT3.944787492S
2026-08-21 13:59:36 [main] INFO  t.g.io/epos-eric/metadata-database/deploy:main - Container is started (JDBC URL: jdbc:postgresql://localhost:33360/cerif?loggerLevel=OFF)
2026-08-21 13:59:36 [main] INFO  com.zaxxer.hikari.HikariDataSource - metadata_catalogue - Starting...
2026-08-21 13:59:36 [main] INFO  com.zaxxer.hikari.pool.HikariPool - metadata_catalogue - Added connection org.postgresql.jdbc.PgConnection@40c858fc
2026-08-21 13:59:36 [main] INFO  com.zaxxer.hikari.HikariDataSource - metadata_catalogue - Start completed.
2026-08-21 13:59:37 [main] INFO  com.zaxxer.hikari.HikariDataSource - metadata_catalogue - Shutdown initiated...
2026-08-21 13:59:37 [main] INFO  com.zaxxer.hikari.HikariDataSource - metadata_catalogue - Shutdown completed.
2026-08-21 13:59:37 [main] INFO  t.g.io/epos-eric/metadata-database/deploy:main - Creating container for image: ghcr.io/epos-eric/metadata-database/deploy:main
2026-08-21 13:59:37 [main] INFO  t.g.io/epos-eric/metadata-database/deploy:main - Container ghcr.io/epos-eric/metadata-database/deploy:main is starting: a46091c029f2f2899600421f6df6fcdbf21a260f0905576c84e81800440a0859
2026-08-21 13:59:41 [main] INFO  t.g.io/epos-eric/metadata-database/deploy:main - Container ghcr.io/epos-eric/metadata-database/deploy:main started in PT4.447357S
2026-08-21 13:59:41 [main] INFO  t.g.io/epos-eric/metadata-database/deploy:main - Container is started (JDBC URL: jdbc:postgresql://localhost:33361/cerif?loggerLevel=OFF)
2026-08-21 13:59:41 [main] INFO  com.zaxxer.hikari.HikariDataSource - metadata_catalogue - Starting...
2026-08-21 13:59:41 [main] INFO  com.zaxxer.hikari.pool.HikariPool - metadata_catalogue - Added connection org.postgresql.jdbc.PgConnection@5a1c0bcc
2026-08-21 13:59:41 [main] INFO  com.zaxxer.hikari.HikariDataSource - metadata_catalogue - Start completed.
2026-08-21 13:59:42 [main] INFO  com.zaxxer.hikari.HikariDataSource - metadata_catalogue - Shutdown initiated...
2026-08-21 13:59:42 [main] INFO  com.zaxxer.hikari.HikariDataSource - metadata_catalogue - Shutdown completed.
2026-08-21 13:59:42 [main] INFO  t.g.io/epos-eric/metadata-database/deploy:main - Creating container for image: ghcr.io/epos-eric/metadata-database/deploy:main
2026-08-21 13:59:43 [main] INFO  t.g.io/epos-eric/metadata-database/deploy:main - Container ghcr.io/epos-eric/metadata-database/deploy:main is starting: 1d4807b269b38844acb04b5c97def20601e35b38463a50935f2ec13baeee7d00
2026-08-21 13:59:47 [main] INFO  t.g.io/epos-eric/metadata-database/deploy:main - Container ghcr.io/epos-eric/metadata-database/deploy:main started in PT4.248575256S
2026-08-21 13:59:47 [main] INFO  t.g.io/epos-eric/metadata-database/deploy:main - Container is started (JDBC URL: jdbc:postgresql://localhost:33362/cerif?loggerLevel=OFF)
2026-08-21 13:59:47 [main] INFO  com.zaxxer.hikari.HikariDataSource - metadata_catalogue - Starting...
2026-08-21 13:59:47 [main] INFO  com.zaxxer.hikari.pool.HikariPool - metadata_catalogue - Added connection org.postgresql.jdbc.PgConnection@27ffe1d6
2026-08-21 13:59:47 [main] INFO  com.zaxxer.hikari.HikariDataSource - metadata_catalogue - Start completed.
2026-08-21 13:59:47 [main] INFO  com.zaxxer.hikari.HikariDataSource - metadata_catalogue - Shutdown initiated...
2026-08-21 13:59:47 [main] INFO  com.zaxxer.hikari.HikariDataSource - metadata_catalogue - Shutdown completed.
2026-08-21 13:59:47 [main] INFO  t.g.io/epos-eric/metadata-database/deploy:main - Creating container for image: ghcr.io/epos-eric/metadata-database/deploy:main
2026-08-21 13:59:47 [main] INFO  t.g.io/epos-eric/metadata-database/deploy:main - Container ghcr.io/epos-eric/metadata-database/deploy:main is starting: 2bf93018c7c2d30cd6cdd118677b338bf7e3162b2b22797e4dc41bd317c0dfa6
2026-08-21 13:59:52 [main] INFO  t.g.io/epos-eric/metadata-database/deploy:main - Container ghcr.io/epos-eric/metadata-database/deploy:main started in PT4.538603278S
2026-08-21 13:59:52 [main] INFO  t.g.io/epos-eric/metadata-database/deploy:main - Container is started (JDBC URL: jdbc:postgresql://localhost:33363/cerif?loggerLevel=OFF)
2026-08-21 13:59:52 [main] INFO  com.zaxxer.hikari.HikariDataSource - metadata_catalogue - Starting...
2026-08-21 13:59:52 [main] INFO  com.zaxxer.hikari.pool.HikariPool - metadata_catalogue - Added connection org.postgresql.jdbc.PgConnection@44b522ce
2026-08-21 13:59:52 [main] INFO  com.zaxxer.hikari.HikariDataSource - metadata_catalogue - Start completed.
2026-08-21 13:59:52 [main] INFO  com.zaxxer.hikari.HikariDataSource - metadata_catalogue - Shutdown initiated...
2026-08-21 13:59:52 [main] INFO  com.zaxxer.hikari.HikariDataSource - metadata_catalogue - Shutdown completed.
2026-08-21 13:59:53 [main] INFO  t.g.io/epos-eric/metadata-database/deploy:main - Creating container for image: ghcr.io/epos-eric/metadata-database/deploy:main
2026-08-21 13:59:53 [main] INFO  t.g.io/epos-eric/metadata-database/deploy:main - Container ghcr.io/epos-eric/metadata-database/deploy:main is starting: fe5ecb4c44d4c33bcf1c353a73df45791a25abd6a7887cd524d9a93f3cfcd696
2026-08-21 13:59:57 [main] INFO  t.g.io/epos-eric/metadata-database/deploy:main - Container ghcr.io/epos-eric/metadata-database/deploy:main started in PT4.672629946S
2026-08-21 13:59:57 [main] INFO  t.g.io/epos-eric/metadata-database/deploy:main - Container is started (JDBC URL: jdbc:postgresql://localhost:33364/cerif?loggerLevel=OFF)
2026-08-21 13:59:57 [main] INFO  com.zaxxer.hikari.HikariDataSource - metadata_catalogue - Starting...
2026-08-21 13:59:57 [main] INFO  com.zaxxer.hikari.pool.HikariPool - metadata_catalogue - Added connection org.postgresql.jdbc.PgConnection@722b4f64
2026-08-21 13:59:57 [main] INFO  com.zaxxer.hikari.HikariDataSource - metadata_catalogue - Start completed.
2026-08-21 13:59:57 [main] INFO  com.zaxxer.hikari.HikariDataSource - metadata_catalogue - Shutdown initiated...
2026-08-21 13:59:58 [main] INFO  com.zaxxer.hikari.HikariDataSource - metadata_catalogue - Shutdown completed.
2026-08-21 13:59:58 [main] INFO  t.g.io/epos-eric/metadata-database/deploy:main - Creating container for image: ghcr.io/epos-eric/metadata-database/deploy:main
2026-08-21 13:59:58 [main] INFO  t.g.io/epos-eric/metadata-database/deploy:main - Container ghcr.io/epos-eric/metadata-database/deploy:main is starting: 8773d9dc3dc4842ae0e2e3ad077c29d5535a3f55f841d8f677744b7169df1831
2026-08-21 14:00:02 [main] INFO  t.g.io/epos-eric/metadata-database/deploy:main - Container ghcr.io/epos-eric/metadata-database/deploy:main started in PT3.903888824S
2026-08-21 14:00:02 [main] INFO  t.g.io/epos-eric/metadata-database/deploy:main - Container is started (JDBC URL: jdbc:postgresql://localhost:33365/cerif?loggerLevel=OFF)
2026-08-21 14:00:02 [main] INFO  com.zaxxer.hikari.HikariDataSource - metadata_catalogue - Starting...
2026-08-21 14:00:02 [main] INFO  com.zaxxer.hikari.pool.HikariPool - metadata_catalogue - Added connection org.postgresql.jdbc.PgConnection@61252eef
2026-08-21 14:00:02 [main] INFO  com.zaxxer.hikari.HikariDataSource - metadata_catalogue - Start completed.
2026-08-21 14:00:03 [main] INFO  com.zaxxer.hikari.HikariDataSource - metadata_catalogue - Shutdown initiated...
2026-08-21 14:00:03 [main] INFO  com.zaxxer.hikari.HikariDataSource - metadata_catalogue - Shutdown completed.
2026-08-21 14:00:03 [main] INFO  t.g.io/epos-eric/metadata-database/deploy:main - Creating container for image: ghcr.io/epos-eric/metadata-database/deploy:main
2026-08-21 14:00:03 [main] INFO  t.g.io/epos-eric/metadata-database/deploy:main - Container ghcr.io/epos-eric/metadata-database/deploy:main is starting: 3fbc1abfb1d0ad109e72ffaf8219833614704b6dc7f939cfd215359099dfe784
2026-08-21 14:00:07 [main] INFO  t.g.io/epos-eric/metadata-database/deploy:main - Container ghcr.io/epos-eric/metadata-database/deploy:main started in PT3.831749507S
2026-08-21 14:00:07 [main] INFO  t.g.io/epos-eric/metadata-database/deploy:main - Container is started (JDBC URL: jdbc:postgresql://localhost:33366/cerif?loggerLevel=OFF)
2026-08-21 14:00:07 [main] INFO  com.zaxxer.hikari.HikariDataSource - metadata_catalogue - Starting...
2026-08-21 14:00:07 [main] INFO  com.zaxxer.hikari.pool.HikariPool - metadata_catalogue - Added connection org.postgresql.jdbc.PgConnection@4bb408d1
2026-08-21 14:00:07 [main] INFO  com.zaxxer.hikari.HikariDataSource - metadata_catalogue - Start completed.
2026-08-21 14:00:09 [main] INFO  com.zaxxer.hikari.HikariDataSource - metadata_catalogue - Shutdown initiated...
2026-08-21 14:00:09 [main] INFO  com.zaxxer.hikari.HikariDataSource - metadata_catalogue - Shutdown completed.
2026-08-21 14:00:09 [main] INFO  t.g.io/epos-eric/metadata-database/deploy:main - Creating container for image: ghcr.io/epos-eric/metadata-database/deploy:main
2026-08-21 14:00:09 [main] INFO  t.g.io/epos-eric/metadata-database/deploy:main - Container ghcr.io/epos-eric/metadata-database/deploy:main is starting: 5effe877a1acf5f4478217f47294794749114adb81c7901c4f2c2839b2ec0f5b
2026-08-21 14:00:13 [main] INFO  t.g.io/epos-eric/metadata-database/deploy:main - Container ghcr.io/epos-eric/metadata-database/deploy:main started in PT4.372991892S
2026-08-21 14:00:13 [main] INFO  t.g.io/epos-eric/metadata-database/deploy:main - Container is started (JDBC URL: jdbc:postgresql://localhost:33367/cerif?loggerLevel=OFF)
2026-08-21 14:00:13 [main] INFO  com.zaxxer.hikari.HikariDataSource - metadata_catalogue - Starting...
2026-08-21 14:00:13 [main] INFO  com.zaxxer.hikari.pool.HikariPool - metadata_catalogue - Added connection org.postgresql.jdbc.PgConnection@4257255f
2026-08-21 14:00:13 [main] INFO  com.zaxxer.hikari.HikariDataSource - metadata_catalogue - Start completed.
2026-08-21 14:00:14 [main] INFO  com.zaxxer.hikari.HikariDataSource - metadata_catalogue - Shutdown initiated...
2026-08-21 14:00:14 [main] INFO  com.zaxxer.hikari.HikariDataSource - metadata_catalogue - Shutdown completed.
2026-08-21 14:00:14 [main] INFO  t.g.io/epos-eric/metadata-database/deploy:main - Creating container for image: ghcr.io/epos-eric/metadata-database/deploy:main
2026-08-21 14:00:14 [main] INFO  t.g.io/epos-eric/metadata-database/deploy:main - Container ghcr.io/epos-eric/metadata-database/deploy:main is starting: 6d0a4c7d41e553bc51a669b7bc1dabe327498b436c7317aa81b0ae6a6176d70e
2026-08-21 14:00:18 [main] INFO  t.g.io/epos-eric/metadata-database/deploy:main - Container ghcr.io/epos-eric/metadata-database/deploy:main started in PT4.561342412S
2026-08-21 14:00:18 [main] INFO  t.g.io/epos-eric/metadata-database/deploy:main - Container is started (JDBC URL: jdbc:postgresql://localhost:33368/cerif?loggerLevel=OFF)
2026-08-21 14:00:18 [main] INFO  com.zaxxer.hikari.HikariDataSource - metadata_catalogue - Starting...
2026-08-21 14:00:19 [main] INFO  com.zaxxer.hikari.pool.HikariPool - metadata_catalogue - Added connection org.postgresql.jdbc.PgConnection@9190d90
2026-08-21 14:00:19 [main] INFO  com.zaxxer.hikari.HikariDataSource - metadata_catalogue - Start completed.
2026-08-21 14:00:19 [main] INFO  com.zaxxer.hikari.HikariDataSource - metadata_catalogue - Shutdown initiated...
2026-08-21 14:00:19 [main] INFO  com.zaxxer.hikari.HikariDataSource - metadata_catalogue - Shutdown completed.
2026-08-21 14:00:19 [main] INFO  t.g.io/epos-eric/metadata-database/deploy:main - Creating container for image: ghcr.io/epos-eric/metadata-database/deploy:main
2026-08-21 14:00:19 [main] INFO  t.g.io/epos-eric/metadata-database/deploy:main - Container ghcr.io/epos-eric/metadata-database/deploy:main is starting: 2afacd88cd272b19b93910dec043afa9455d009c385ddd287b3f899d3895e128
2026-08-21 14:00:24 [main] INFO  t.g.io/epos-eric/metadata-database/deploy:main - Container ghcr.io/epos-eric/metadata-database/deploy:main started in PT4.620110566S
2026-08-21 14:00:24 [main] INFO  t.g.io/epos-eric/metadata-database/deploy:main - Container is started (JDBC URL: jdbc:postgresql://localhost:33369/cerif?loggerLevel=OFF)
2026-08-21 14:00:24 [main] INFO  com.zaxxer.hikari.HikariDataSource - metadata_catalogue - Starting...
2026-08-21 14:00:24 [main] INFO  com.zaxxer.hikari.pool.HikariPool - metadata_catalogue - Added connection org.postgresql.jdbc.PgConnection@291378f2
2026-08-21 14:00:24 [main] INFO  com.zaxxer.hikari.HikariDataSource - metadata_catalogue - Start completed.
2026-08-21 14:00:24 [main] INFO  com.zaxxer.hikari.HikariDataSource - metadata_catalogue - Shutdown initiated...
2026-08-21 14:00:24 [main] INFO  com.zaxxer.hikari.HikariDataSource - metadata_catalogue - Shutdown completed.
2026-08-21 14:00:24 [main] INFO  t.g.io/epos-eric/metadata-database/deploy:main - Creating container for image: ghcr.io/epos-eric/metadata-database/deploy:main
2026-08-21 14:00:24 [main] INFO  t.g.io/epos-eric/metadata-database/deploy:main - Container ghcr.io/epos-eric/metadata-database/deploy:main is starting: f1b9034d51f5d05b950d8031ef7d645b1a3750b269a8a4629f864f7f19a27958
2026-08-21 14:00:29 [main] INFO  t.g.io/epos-eric/metadata-database/deploy:main - Container ghcr.io/epos-eric/metadata-database/deploy:main started in PT4.665984366S
2026-08-21 14:00:29 [main] INFO  t.g.io/epos-eric/metadata-database/deploy:main - Container is started (JDBC URL: jdbc:postgresql://localhost:33370/cerif?loggerLevel=OFF)
2026-08-21 14:00:29 [main] INFO  com.zaxxer.hikari.HikariDataSource - metadata_catalogue - Starting...
2026-08-21 14:00:29 [main] INFO  com.zaxxer.hikari.pool.HikariPool - metadata_catalogue - Added connection org.postgresql.jdbc.PgConnection@39b266b2
2026-08-21 14:00:29 [main] INFO  com.zaxxer.hikari.HikariDataSource - metadata_catalogue - Start completed.
2026-08-21 14:00:29 [main] INFO  com.zaxxer.hikari.HikariDataSource - metadata_catalogue - Shutdown initiated...
2026-08-21 14:00:29 [main] INFO  com.zaxxer.hikari.HikariDataSource - metadata_catalogue - Shutdown completed.
2026-08-21 14:00:29 [main] INFO  t.g.io/epos-eric/metadata-database/deploy:main - Creating container for image: ghcr.io/epos-eric/metadata-database/deploy:main
2026-08-21 14:00:29 [main] INFO  t.g.io/epos-eric/metadata-database/deploy:main - Container ghcr.io/epos-eric/metadata-database/deploy:main is starting: be6cf62b289cadfc7cefb05978ccceb8f31cf09a3f91a4608c415367ef4c45a6
2026-08-21 14:00:34 [main] INFO  t.g.io/epos-eric/metadata-database/deploy:main - Container ghcr.io/epos-eric/metadata-database/deploy:main started in PT4.575931524S
2026-08-21 14:00:34 [main] INFO  t.g.io/epos-eric/metadata-database/deploy:main - Container is started (JDBC URL: jdbc:postgresql://localhost:33371/cerif?loggerLevel=OFF)
2026-08-21 14:00:34 [main] INFO  com.zaxxer.hikari.HikariDataSource - metadata_catalogue - Starting...
2026-08-21 14:00:34 [main] INFO  com.zaxxer.hikari.pool.HikariPool - metadata_catalogue - Added connection org.postgresql.jdbc.PgConnection@21c1fb2e
2026-08-21 14:00:34 [main] INFO  com.zaxxer.hikari.HikariDataSource - metadata_catalogue - Start completed.
2026-08-21 14:00:34 [main] INFO  com.zaxxer.hikari.HikariDataSource - metadata_catalogue - Shutdown initiated...
2026-08-21 14:00:34 [main] INFO  com.zaxxer.hikari.HikariDataSource - metadata_catalogue - Shutdown completed.
2026-08-21 14:00:35 [main] INFO  t.g.io/epos-eric/metadata-database/deploy:main - Creating container for image: ghcr.io/epos-eric/metadata-database/deploy:main
2026-08-21 14:00:35 [main] INFO  t.g.io/epos-eric/metadata-database/deploy:main - Container ghcr.io/epos-eric/metadata-database/deploy:main is starting: 29845c49042ee68004e218c0825f2b3342fc4ec7b6344963047c65648aa1bc74
2026-08-21 14:00:40 [main] INFO  t.g.io/epos-eric/metadata-database/deploy:main - Container ghcr.io/epos-eric/metadata-database/deploy:main started in PT4.657083988S
2026-08-21 14:00:40 [main] INFO  t.g.io/epos-eric/metadata-database/deploy:main - Container is started (JDBC URL: jdbc:postgresql://localhost:33372/cerif?loggerLevel=OFF)
2026-08-21 14:00:40 [main] INFO  com.zaxxer.hikari.HikariDataSource - metadata_catalogue - Starting...
2026-08-21 14:00:40 [main] INFO  com.zaxxer.hikari.pool.HikariPool - metadata_catalogue - Added connection org.postgresql.jdbc.PgConnection@bb526c
2026-08-21 14:00:40 [main] INFO  com.zaxxer.hikari.HikariDataSource - metadata_catalogue - Start completed.
2026-08-21 14:00:41 [main] INFO  com.zaxxer.hikari.HikariDataSource - metadata_catalogue - Shutdown initiated...
2026-08-21 14:00:41 [main] INFO  com.zaxxer.hikari.HikariDataSource - metadata_catalogue - Shutdown completed.
2026-08-21 14:00:41 [main] INFO  t.g.io/epos-eric/metadata-database/deploy:main - Creating container for image: ghcr.io/epos-eric/metadata-database/deploy:main
2026-08-21 14:00:41 [main] INFO  t.g.io/epos-eric/metadata-database/deploy:main - Container ghcr.io/epos-eric/metadata-database/deploy:main is starting: 5f4f67996c81219a3e3ab55fdf122c6ec20aef860312f083aa317e2143b34e26
2026-08-21 14:00:45 [main] INFO  t.g.io/epos-eric/metadata-database/deploy:main - Container ghcr.io/epos-eric/metadata-database/deploy:main started in PT4.528461395S
2026-08-21 14:00:45 [main] INFO  t.g.io/epos-eric/metadata-database/deploy:main - Container is started (JDBC URL: jdbc:postgresql://localhost:33373/cerif?loggerLevel=OFF)
2026-08-21 14:00:45 [main] INFO  com.zaxxer.hikari.HikariDataSource - metadata_catalogue - Starting...
2026-08-21 14:00:45 [main] INFO  com.zaxxer.hikari.pool.HikariPool - metadata_catalogue - Added connection org.postgresql.jdbc.PgConnection@60febb62
2026-08-21 14:00:45 [main] INFO  com.zaxxer.hikari.HikariDataSource - metadata_catalogue - Start completed.
2026-08-21 14:00:46 [main] INFO  com.zaxxer.hikari.HikariDataSource - metadata_catalogue - Shutdown initiated...
2026-08-21 14:00:46 [main] INFO  com.zaxxer.hikari.HikariDataSource - metadata_catalogue - Shutdown completed.
2026-08-21 14:00:46 [main] INFO  t.g.io/epos-eric/metadata-database/deploy:main - Creating container for image: ghcr.io/epos-eric/metadata-database/deploy:main
2026-08-21 14:00:46 [main] INFO  t.g.io/epos-eric/metadata-database/deploy:main - Container ghcr.io/epos-eric/metadata-database/deploy:main is starting: 0cb30e73113213a539cb1bb0345cdda1b5c99db8dd8167d0919773e496bd6650
2026-08-21 14:00:50 [main] INFO  t.g.io/epos-eric/metadata-database/deploy:main - Container ghcr.io/epos-eric/metadata-database/deploy:main started in PT4.397316347S
2026-08-21 14:00:50 [main] INFO  t.g.io/epos-eric/metadata-database/deploy:main - Container is started (JDBC URL: jdbc:postgresql://localhost:33374/cerif?loggerLevel=OFF)
2026-08-21 14:00:50 [main] INFO  com.zaxxer.hikari.HikariDataSource - metadata_catalogue - Starting...
2026-08-21 14:00:50 [main] INFO  com.zaxxer.hikari.pool.HikariPool - metadata_catalogue - Added connection org.postgresql.jdbc.PgConnection@3c616237
2026-08-21 14:00:50 [main] INFO  com.zaxxer.hikari.HikariDataSource - metadata_catalogue - Start completed.
2026-08-21 14:00:50 [main] INFO  com.zaxxer.hikari.HikariDataSource - metadata_catalogue - Shutdown initiated...
2026-08-21 14:00:50 [main] INFO  com.zaxxer.hikari.HikariDataSource - metadata_catalogue - Shutdown completed.
2026-08-21 14:00:51 [main] INFO  t.g.io/epos-eric/metadata-database/deploy:main - Creating container for image: ghcr.io/epos-eric/metadata-database/deploy:main
2026-08-21 14:00:51 [main] INFO  t.g.io/epos-eric/metadata-database/deploy:main - Container ghcr.io/epos-eric/metadata-database/deploy:main is starting: 663dd30d86cfe8ac7d452a7ebe730d12af8f9d6e3b372698eeb535d7c982cb49
2026-08-21 14:00:56 [main] INFO  t.g.io/epos-eric/metadata-database/deploy:main - Container ghcr.io/epos-eric/metadata-database/deploy:main started in PT5.355760889S
2026-08-21 14:00:56 [main] INFO  t.g.io/epos-eric/metadata-database/deploy:main - Container is started (JDBC URL: jdbc:postgresql://localhost:33375/cerif?loggerLevel=OFF)
2026-08-21 14:00:56 [main] INFO  com.zaxxer.hikari.HikariDataSource - metadata_catalogue - Starting...
2026-08-21 14:00:56 [main] INFO  com.zaxxer.hikari.pool.HikariPool - metadata_catalogue - Added connection org.postgresql.jdbc.PgConnection@22651b3a
2026-08-21 14:00:56 [main] INFO  com.zaxxer.hikari.HikariDataSource - metadata_catalogue - Start completed.
2026-08-21 14:00:57 [main] INFO  com.zaxxer.hikari.HikariDataSource - metadata_catalogue - Shutdown initiated...
2026-08-21 14:00:57 [main] INFO  com.zaxxer.hikari.HikariDataSource - metadata_catalogue - Shutdown completed.
2026-08-21 14:00:57 [main] INFO  t.g.io/epos-eric/metadata-database/deploy:main - Creating container for image: ghcr.io/epos-eric/metadata-database/deploy:main
2026-08-21 14:00:57 [main] INFO  t.g.io/epos-eric/metadata-database/deploy:main - Container ghcr.io/epos-eric/metadata-database/deploy:main is starting: 1e1913e44b6ea1df803b0cd927c2462b05cc8f8783d07e8a611d54427eb92614
2026-08-21 14:01:02 [main] INFO  t.g.io/epos-eric/metadata-database/deploy:main - Container ghcr.io/epos-eric/metadata-database/deploy:main started in PT4.693107412S
2026-08-21 14:01:02 [main] INFO  t.g.io/epos-eric/metadata-database/deploy:main - Container is started (JDBC URL: jdbc:postgresql://localhost:33376/cerif?loggerLevel=OFF)
2026-08-21 14:01:02 [main] INFO  com.zaxxer.hikari.HikariDataSource - metadata_catalogue - Starting...
2026-08-21 14:01:02 [main] INFO  com.zaxxer.hikari.pool.HikariPool - metadata_catalogue - Added connection org.postgresql.jdbc.PgConnection@40d678d9
2026-08-21 14:01:02 [main] INFO  com.zaxxer.hikari.HikariDataSource - metadata_catalogue - Start completed.
2026-08-21 14:01:02 [main] INFO  com.zaxxer.hikari.HikariDataSource - metadata_catalogue - Shutdown initiated...
2026-08-21 14:01:02 [main] INFO  com.zaxxer.hikari.HikariDataSource - metadata_catalogue - Shutdown completed.
2026-08-21 14:01:03 [main] INFO  t.g.io/epos-eric/metadata-database/deploy:main - Creating container for image: ghcr.io/epos-eric/metadata-database/deploy:main
2026-08-21 14:01:03 [main] INFO  t.g.io/epos-eric/metadata-database/deploy:main - Container ghcr.io/epos-eric/metadata-database/deploy:main is starting: e62e221e1fceca59f91e3c0c0710f8f7ddd26bdd44cfaab9d2b9df59fb44bc60
2026-08-21 14:01:07 [main] INFO  t.g.io/epos-eric/metadata-database/deploy:main - Container ghcr.io/epos-eric/metadata-database/deploy:main started in PT4.615021265S
2026-08-21 14:01:07 [main] INFO  t.g.io/epos-eric/metadata-database/deploy:main - Container is started (JDBC URL: jdbc:postgresql://localhost:33377/cerif?loggerLevel=OFF)
2026-08-21 14:01:07 [main] INFO  com.zaxxer.hikari.HikariDataSource - metadata_catalogue - Starting...
2026-08-21 14:01:07 [main] INFO  com.zaxxer.hikari.pool.HikariPool - metadata_catalogue - Added connection org.postgresql.jdbc.PgConnection@5a358e59
2026-08-21 14:01:07 [main] INFO  com.zaxxer.hikari.HikariDataSource - metadata_catalogue - Start completed.
2026-08-21 14:01:08 [main] INFO  com.zaxxer.hikari.HikariDataSource - metadata_catalogue - Shutdown initiated...
2026-08-21 14:01:08 [main] INFO  com.zaxxer.hikari.HikariDataSource - metadata_catalogue - Shutdown completed.
2026-08-21 14:01:08 [main] INFO  t.g.io/epos-eric/metadata-database/deploy:main - Creating container for image: ghcr.io/epos-eric/metadata-database/deploy:main
2026-08-21 14:01:08 [main] INFO  t.g.io/epos-eric/metadata-database/deploy:main - Container ghcr.io/epos-eric/metadata-database/deploy:main is starting: 0181aebd3d27813ac12a0ce138e0e703c1eb440435a15e23f22c627c0851eb16
2026-08-21 14:01:13 [main] INFO  t.g.io/epos-eric/metadata-database/deploy:main - Container ghcr.io/epos-eric/metadata-database/deploy:main started in PT4.532988999S
2026-08-21 14:01:13 [main] INFO  t.g.io/epos-eric/metadata-database/deploy:main - Container is started (JDBC URL: jdbc:postgresql://localhost:33378/cerif?loggerLevel=OFF)
2026-08-21 14:01:13 [main] INFO  com.zaxxer.hikari.HikariDataSource - metadata_catalogue - Starting...
2026-08-21 14:01:13 [main] INFO  com.zaxxer.hikari.pool.HikariPool - metadata_catalogue - Added connection org.postgresql.jdbc.PgConnection@3ac6e690
2026-08-21 14:01:13 [main] INFO  com.zaxxer.hikari.HikariDataSource - metadata_catalogue - Start completed.
2026-08-21 14:01:13 [main] INFO  com.zaxxer.hikari.HikariDataSource - metadata_catalogue - Shutdown initiated...
2026-08-21 14:01:13 [main] INFO  com.zaxxer.hikari.HikariDataSource - metadata_catalogue - Shutdown completed.
2026-08-21 14:01:14 [main] INFO  t.g.io/epos-eric/metadata-database/deploy:main - Creating container for image: ghcr.io/epos-eric/metadata-database/deploy:main
2026-08-21 14:01:14 [main] INFO  t.g.io/epos-eric/metadata-database/deploy:main - Container ghcr.io/epos-eric/metadata-database/deploy:main is starting: c1ad4dca500e7e0fda75fa409e2889679e11d0b70a6e46157cc869a9a2e9fc90
2026-08-21 14:01:18 [main] INFO  t.g.io/epos-eric/metadata-database/deploy:main - Container ghcr.io/epos-eric/metadata-database/deploy:main started in PT4.466585388S
2026-08-21 14:01:18 [main] INFO  t.g.io/epos-eric/metadata-database/deploy:main - Container is started (JDBC URL: jdbc:postgresql://localhost:33379/cerif?loggerLevel=OFF)
2026-08-21 14:01:18 [main] INFO  com.zaxxer.hikari.HikariDataSource - metadata_catalogue - Starting...
2026-08-21 14:01:18 [main] INFO  com.zaxxer.hikari.pool.HikariPool - metadata_catalogue - Added connection org.postgresql.jdbc.PgConnection@b66d2f8
2026-08-21 14:01:18 [main] INFO  com.zaxxer.hikari.HikariDataSource - metadata_catalogue - Start completed.
2026-08-21 14:01:19 [main] INFO  com.zaxxer.hikari.HikariDataSource - metadata_catalogue - Shutdown initiated...
2026-08-21 14:01:19 [main] INFO  com.zaxxer.hikari.HikariDataSource - metadata_catalogue - Shutdown completed.
2026-08-21 14:01:19 [main] INFO  t.g.io/epos-eric/metadata-database/deploy:main - Creating container for image: ghcr.io/epos-eric/metadata-database/deploy:main
2026-08-21 14:01:19 [main] INFO  t.g.io/epos-eric/metadata-database/deploy:main - Container ghcr.io/epos-eric/metadata-database/deploy:main is starting: b727a3e56285f27955d4e86b8a8783ef69b9748f198044d7be3df67f33813e72
2026-08-21 14:01:23 [main] INFO  t.g.io/epos-eric/metadata-database/deploy:main - Container ghcr.io/epos-eric/metadata-database/deploy:main started in PT4.653844077S
2026-08-21 14:01:23 [main] INFO  t.g.io/epos-eric/metadata-database/deploy:main - Container is started (JDBC URL: jdbc:postgresql://localhost:33380/cerif?loggerLevel=OFF)
2026-08-21 14:01:23 [main] INFO  com.zaxxer.hikari.HikariDataSource - metadata_catalogue - Starting...
2026-08-21 14:01:23 [main] INFO  com.zaxxer.hikari.pool.HikariPool - metadata_catalogue - Added connection org.postgresql.jdbc.PgConnection@23f0cad
2026-08-21 14:01:23 [main] INFO  com.zaxxer.hikari.HikariDataSource - metadata_catalogue - Start completed.
2026-08-21 14:01:24 [main] INFO  com.zaxxer.hikari.HikariDataSource - metadata_catalogue - Shutdown initiated...
2026-08-21 14:01:24 [main] INFO  com.zaxxer.hikari.HikariDataSource - metadata_catalogue - Shutdown completed.
2026-08-21 14:01:24 [main] INFO  t.g.io/epos-eric/metadata-database/deploy:main - Creating container for image: ghcr.io/epos-eric/metadata-database/deploy:main
2026-08-21 14:01:24 [main] INFO  t.g.io/epos-eric/metadata-database/deploy:main - Container ghcr.io/epos-eric/metadata-database/deploy:main is starting: e8d6c05e3df7395deddbdb0e2ece57953b8710f8ee91a606e211052171d64595
2026-08-21 14:01:28 [main] INFO  t.g.io/epos-eric/metadata-database/deploy:main - Container ghcr.io/epos-eric/metadata-database/deploy:main started in PT3.99163631S
2026-08-21 14:01:28 [main] INFO  t.g.io/epos-eric/metadata-database/deploy:main - Container is started (JDBC URL: jdbc:postgresql://localhost:33381/cerif?loggerLevel=OFF)
2026-08-21 14:01:28 [main] INFO  com.zaxxer.hikari.HikariDataSource - metadata_catalogue - Starting...
2026-08-21 14:01:28 [main] INFO  com.zaxxer.hikari.pool.HikariPool - metadata_catalogue - Added connection org.postgresql.jdbc.PgConnection@2bc2a0af
2026-08-21 14:01:28 [main] INFO  com.zaxxer.hikari.HikariDataSource - metadata_catalogue - Start completed.
2026-08-21 14:01:28 [main] INFO  com.zaxxer.hikari.HikariDataSource - metadata_catalogue - Shutdown initiated...
2026-08-21 14:01:28 [main] INFO  com.zaxxer.hikari.HikariDataSource - metadata_catalogue - Shutdown completed.
2026-08-21 14:01:29 [main] INFO  t.g.io/epos-eric/metadata-database/deploy:main - Creating container for image: ghcr.io/epos-eric/metadata-database/deploy:main
2026-08-21 14:01:29 [main] INFO  t.g.io/epos-eric/metadata-database/deploy:main - Container ghcr.io/epos-eric/metadata-database/deploy:main is starting: 2c3e8c02b61a97fd94e297168389023ef88e7c5a7443408f7216d5b98cc4d126
2026-08-21 14:01:32 [main] INFO  t.g.io/epos-eric/metadata-database/deploy:main - Container ghcr.io/epos-eric/metadata-database/deploy:main started in PT3.844280904S
2026-08-21 14:01:32 [main] INFO  t.g.io/epos-eric/metadata-database/deploy:main - Container is started (JDBC URL: jdbc:postgresql://localhost:33382/cerif?loggerLevel=OFF)
2026-08-21 14:01:32 [main] INFO  com.zaxxer.hikari.HikariDataSource - metadata_catalogue - Starting...
2026-08-21 14:01:32 [main] INFO  com.zaxxer.hikari.pool.HikariPool - metadata_catalogue - Added connection org.postgresql.jdbc.PgConnection@52e2e8bb
2026-08-21 14:01:32 [main] INFO  com.zaxxer.hikari.HikariDataSource - metadata_catalogue - Start completed.
2026-08-21 14:01:33 [main] INFO  com.zaxxer.hikari.HikariDataSource - metadata_catalogue - Shutdown initiated...
2026-08-21 14:01:33 [main] INFO  com.zaxxer.hikari.HikariDataSource - metadata_catalogue - Shutdown completed.
2026-08-21 14:01:33 [main] INFO  t.g.io/epos-eric/metadata-database/deploy:main - Creating container for image: ghcr.io/epos-eric/metadata-database/deploy:main
2026-08-21 14:01:33 [main] INFO  t.g.io/epos-eric/metadata-database/deploy:main - Container ghcr.io/epos-eric/metadata-database/deploy:main is starting: 367f383f4270dd234e52cd5dd41f5eb126148e466a3f039de9bee9725f8c8ca1
2026-08-21 14:01:37 [main] INFO  t.g.io/epos-eric/metadata-database/deploy:main - Container ghcr.io/epos-eric/metadata-database/deploy:main started in PT4.503644294S
2026-08-21 14:01:37 [main] INFO  t.g.io/epos-eric/metadata-database/deploy:main - Container is started (JDBC URL: jdbc:postgresql://localhost:33383/cerif?loggerLevel=OFF)
2026-08-21 14:01:37 [main] INFO  com.zaxxer.hikari.HikariDataSource - metadata_catalogue - Starting...
2026-08-21 14:01:37 [main] INFO  com.zaxxer.hikari.pool.HikariPool - metadata_catalogue - Added connection org.postgresql.jdbc.PgConnection@518c8fc1
2026-08-21 14:01:37 [main] INFO  com.zaxxer.hikari.HikariDataSource - metadata_catalogue - Start completed.
2026-08-21 14:01:38 [main] INFO  com.zaxxer.hikari.HikariDataSource - metadata_catalogue - Shutdown initiated...
2026-08-21 14:01:38 [main] INFO  com.zaxxer.hikari.HikariDataSource - metadata_catalogue - Shutdown completed.
2026-08-21 14:01:38 [main] INFO  t.g.io/epos-eric/metadata-database/deploy:main - Creating container for image: ghcr.io/epos-eric/metadata-database/deploy:main
2026-08-21 14:01:38 [main] INFO  t.g.io/epos-eric/metadata-database/deploy:main - Container ghcr.io/epos-eric/metadata-database/deploy:main is starting: 0839d184dde743b91b210cb46e4a69fcfe2c6b789ad635fb798141550e4c74d4
2026-08-21 14:01:42 [main] INFO  t.g.io/epos-eric/metadata-database/deploy:main - Container ghcr.io/epos-eric/metadata-database/deploy:main started in PT4.532881172S
2026-08-21 14:01:42 [main] INFO  t.g.io/epos-eric/metadata-database/deploy:main - Container is started (JDBC URL: jdbc:postgresql://localhost:33384/cerif?loggerLevel=OFF)
2026-08-21 14:01:42 [main] INFO  com.zaxxer.hikari.HikariDataSource - metadata_catalogue - Starting...
2026-08-21 14:01:43 [main] INFO  com.zaxxer.hikari.pool.HikariPool - metadata_catalogue - Added connection org.postgresql.jdbc.PgConnection@23036ffe
2026-08-21 14:01:43 [main] INFO  com.zaxxer.hikari.HikariDataSource - metadata_catalogue - Start completed.
2026-08-21 14:01:43 [main] INFO  com.zaxxer.hikari.HikariDataSource - metadata_catalogue - Shutdown initiated...
2026-08-21 14:01:43 [main] INFO  com.zaxxer.hikari.HikariDataSource - metadata_catalogue - Shutdown completed.
2026-08-21 14:01:43 [main] INFO  t.g.io/epos-eric/metadata-database/deploy:main - Creating container for image: ghcr.io/epos-eric/metadata-database/deploy:main
2026-08-21 14:01:44 [main] INFO  t.g.io/epos-eric/metadata-database/deploy:main - Container ghcr.io/epos-eric/metadata-database/deploy:main is starting: 6279cb5b64cef0c17bf8b369b0e6ea5c6ce9cd70f7f4003316701d5f6706f4a5
2026-08-21 14:01:48 [main] INFO  t.g.io/epos-eric/metadata-database/deploy:main - Container ghcr.io/epos-eric/metadata-database/deploy:main started in PT4.619777928S
2026-08-21 14:01:48 [main] INFO  t.g.io/epos-eric/metadata-database/deploy:main - Container is started (JDBC URL: jdbc:postgresql://localhost:33385/cerif?loggerLevel=OFF)
2026-08-21 14:01:48 [main] INFO  com.zaxxer.hikari.HikariDataSource - metadata_catalogue - Starting...
2026-08-21 14:01:48 [main] INFO  com.zaxxer.hikari.pool.HikariPool - metadata_catalogue - Added connection org.postgresql.jdbc.PgConnection@13a8de0b
2026-08-21 14:01:48 [main] INFO  com.zaxxer.hikari.HikariDataSource - metadata_catalogue - Start completed.
2026-08-21 14:01:48 [main] INFO  com.zaxxer.hikari.HikariDataSource - metadata_catalogue - Shutdown initiated...
2026-08-21 14:01:48 [main] INFO  com.zaxxer.hikari.HikariDataSource - metadata_catalogue - Shutdown completed.
2026-08-21 14:01:48 [main] INFO  t.g.io/epos-eric/metadata-database/deploy:main - Creating container for image: ghcr.io/epos-eric/metadata-database/deploy:main
2026-08-21 14:01:49 [main] INFO  t.g.io/epos-eric/metadata-database/deploy:main - Container ghcr.io/epos-eric/metadata-database/deploy:main is starting: 69d445e8b2025f96708ad08a5eee1cac09c357ea8079fc82e05f6d8a87db42f8
2026-08-21 14:01:53 [main] INFO  t.g.io/epos-eric/metadata-database/deploy:main - Container ghcr.io/epos-eric/metadata-database/deploy:main started in PT4.428954692S
2026-08-21 14:01:53 [main] INFO  t.g.io/epos-eric/metadata-database/deploy:main - Container is started (JDBC URL: jdbc:postgresql://localhost:33386/cerif?loggerLevel=OFF)
2026-08-21 14:01:53 [main] INFO  com.zaxxer.hikari.HikariDataSource - metadata_catalogue - Starting...
2026-08-21 14:01:53 [main] INFO  com.zaxxer.hikari.pool.HikariPool - metadata_catalogue - Added connection org.postgresql.jdbc.PgConnection@74ecc76c
2026-08-21 14:01:53 [main] INFO  com.zaxxer.hikari.HikariDataSource - metadata_catalogue - Start completed.
2026-08-21 14:01:53 [main] INFO  com.zaxxer.hikari.HikariDataSource - metadata_catalogue - Shutdown initiated...
2026-08-21 14:01:53 [main] INFO  com.zaxxer.hikari.HikariDataSource - metadata_catalogue - Shutdown completed.
2026-08-21 14:01:53 [main] INFO  t.g.io/epos-eric/metadata-database/deploy:main - Creating container for image: ghcr.io/epos-eric/metadata-database/deploy:main
2026-08-21 14:01:53 [main] INFO  t.g.io/epos-eric/metadata-database/deploy:main - Container ghcr.io/epos-eric/metadata-database/deploy:main is starting: 0e3dcc6c651a304b9654d46c66239ceab8da57c805e0742d968c68650bd5a60d
2026-08-21 14:01:58 [main] INFO  t.g.io/epos-eric/metadata-database/deploy:main - Container ghcr.io/epos-eric/metadata-database/deploy:main started in PT4.508363105S
2026-08-21 14:01:58 [main] INFO  t.g.io/epos-eric/metadata-database/deploy:main - Container is started (JDBC URL: jdbc:postgresql://localhost:33387/cerif?loggerLevel=OFF)
2026-08-21 14:01:58 [main] INFO  com.zaxxer.hikari.HikariDataSource - metadata_catalogue - Starting...
2026-08-21 14:01:58 [main] INFO  com.zaxxer.hikari.pool.HikariPool - metadata_catalogue - Added connection org.postgresql.jdbc.PgConnection@334d1ee5
2026-08-21 14:01:58 [main] INFO  com.zaxxer.hikari.HikariDataSource - metadata_catalogue - Start completed.
2026-08-21 14:01:58 [main] INFO  com.zaxxer.hikari.HikariDataSource - metadata_catalogue - Shutdown initiated...
2026-08-21 14:01:58 [main] INFO  com.zaxxer.hikari.HikariDataSource - metadata_catalogue - Shutdown completed.
2026-08-21 14:01:58 [main] INFO  t.g.io/epos-eric/metadata-database/deploy:main - Creating container for image: ghcr.io/epos-eric/metadata-database/deploy:main
2026-08-21 14:01:59 [main] INFO  t.g.io/epos-eric/metadata-database/deploy:main - Container ghcr.io/epos-eric/metadata-database/deploy:main is starting: d059f21bd87ff4716dfde631d9594c3d76f07e060a4b52da178e7d305d3e83dd
2026-08-21 14:02:03 [main] INFO  t.g.io/epos-eric/metadata-database/deploy:main - Container ghcr.io/epos-eric/metadata-database/deploy:main started in PT4.270360536S
2026-08-21 14:02:03 [main] INFO  t.g.io/epos-eric/metadata-database/deploy:main - Container is started (JDBC URL: jdbc:postgresql://localhost:33388/cerif?loggerLevel=OFF)
2026-08-21 14:02:03 [main] INFO  com.zaxxer.hikari.HikariDataSource - metadata_catalogue - Starting...
2026-08-21 14:02:03 [main] INFO  com.zaxxer.hikari.pool.HikariPool - metadata_catalogue - Added connection org.postgresql.jdbc.PgConnection@5d06c6dd
2026-08-21 14:02:03 [main] INFO  com.zaxxer.hikari.HikariDataSource - metadata_catalogue - Start completed.
2026-08-21 14:02:03 [main] INFO  com.zaxxer.hikari.HikariDataSource - metadata_catalogue - Shutdown initiated...
2026-08-21 14:02:03 [main] INFO  com.zaxxer.hikari.HikariDataSource - metadata_catalogue - Shutdown completed.
2026-08-21 14:02:03 [main] INFO  t.g.io/epos-eric/metadata-database/deploy:main - Creating container for image: ghcr.io/epos-eric/metadata-database/deploy:main
2026-08-21 14:02:03 [main] INFO  t.g.io/epos-eric/metadata-database/deploy:main - Container ghcr.io/epos-eric/metadata-database/deploy:main is starting: 01449af7320331766216481b2402fe0b51489fbd282a5da0dc5f287b13d7431d
2026-08-21 14:02:07 [main] INFO  t.g.io/epos-eric/metadata-database/deploy:main - Container ghcr.io/epos-eric/metadata-database/deploy:main started in PT3.915759153S
2026-08-21 14:02:07 [main] INFO  t.g.io/epos-eric/metadata-database/deploy:main - Container is started (JDBC URL: jdbc:postgresql://localhost:33389/cerif?loggerLevel=OFF)
2026-08-21 14:02:07 [main] INFO  com.zaxxer.hikari.HikariDataSource - metadata_catalogue - Starting...
2026-08-21 14:02:07 [main] INFO  com.zaxxer.hikari.pool.HikariPool - metadata_catalogue - Added connection org.postgresql.jdbc.PgConnection@65e47a2e
2026-08-21 14:02:07 [main] INFO  com.zaxxer.hikari.HikariDataSource - metadata_catalogue - Start completed.
2026-08-21 14:02:08 [main] INFO  com.zaxxer.hikari.HikariDataSource - metadata_catalogue - Shutdown initiated...
2026-08-21 14:02:08 [main] INFO  com.zaxxer.hikari.HikariDataSource - metadata_catalogue - Shutdown completed.
2026-08-21 14:02:08 [main] INFO  t.g.io/epos-eric/metadata-database/deploy:main - Creating container for image: ghcr.io/epos-eric/metadata-database/deploy:main
2026-08-21 14:02:08 [main] INFO  t.g.io/epos-eric/metadata-database/deploy:main - Container ghcr.io/epos-eric/metadata-database/deploy:main is starting: e44976219d9afee4ee83353f903d9d8c6099a4548b4d3131692cae8e2eaf4565
2026-08-21 14:02:13 [main] INFO  t.g.io/epos-eric/metadata-database/deploy:main - Container ghcr.io/epos-eric/metadata-database/deploy:main started in PT4.457546515S
2026-08-21 14:02:13 [main] INFO  t.g.io/epos-eric/metadata-database/deploy:main - Container is started (JDBC URL: jdbc:postgresql://localhost:33390/cerif?loggerLevel=OFF)
2026-08-21 14:02:13 [main] INFO  com.zaxxer.hikari.HikariDataSource - metadata_catalogue - Starting...
2026-08-21 14:02:13 [main] INFO  com.zaxxer.hikari.pool.HikariPool - metadata_catalogue - Added connection org.postgresql.jdbc.PgConnection@63b4b582
2026-08-21 14:02:13 [main] INFO  com.zaxxer.hikari.HikariDataSource - metadata_catalogue - Start completed.
2026-08-21 14:02:13 [main] INFO  com.zaxxer.hikari.HikariDataSource - metadata_catalogue - Shutdown initiated...
2026-08-21 14:02:13 [main] INFO  com.zaxxer.hikari.HikariDataSource - metadata_catalogue - Shutdown completed.
2026-08-21 14:02:13 [main] INFO  t.g.io/epos-eric/metadata-database/deploy:main - Creating container for image: ghcr.io/epos-eric/metadata-database/deploy:main
2026-08-21 14:02:13 [main] INFO  t.g.io/epos-eric/metadata-database/deploy:main - Container ghcr.io/epos-eric/metadata-database/deploy:main is starting: 0abf7d364e4d5e03e28b3c17de49f67f9650ff15c00c993a3400206a06e51922
2026-08-21 14:02:18 [main] INFO  t.g.io/epos-eric/metadata-database/deploy:main - Container ghcr.io/epos-eric/metadata-database/deploy:main started in PT4.442557812S
2026-08-21 14:02:18 [main] INFO  t.g.io/epos-eric/metadata-database/deploy:main - Container is started (JDBC URL: jdbc:postgresql://localhost:33391/cerif?loggerLevel=OFF)
2026-08-21 14:02:18 [main] INFO  com.zaxxer.hikari.HikariDataSource - metadata_catalogue - Starting...
2026-08-21 14:02:18 [main] INFO  com.zaxxer.hikari.pool.HikariPool - metadata_catalogue - Added connection org.postgresql.jdbc.PgConnection@11cc301
2026-08-21 14:02:18 [main] INFO  com.zaxxer.hikari.HikariDataSource - metadata_catalogue - Start completed.
2026-08-21 14:02:18 [main] INFO  com.zaxxer.hikari.HikariDataSource - metadata_catalogue - Shutdown initiated...
2026-08-21 14:02:18 [main] INFO  com.zaxxer.hikari.HikariDataSource - metadata_catalogue - Shutdown completed.
2026-08-21 14:02:18 [main] INFO  t.g.io/epos-eric/metadata-database/deploy:main - Creating container for image: ghcr.io/epos-eric/metadata-database/deploy:main
2026-08-21 14:02:19 [main] INFO  t.g.io/epos-eric/metadata-database/deploy:main - Container ghcr.io/epos-eric/metadata-database/deploy:main is starting: ab80286f71c1d887be7767304474a2ada565c69f2119a90e013affcaddc8f74d
2026-08-21 14:02:23 [main] INFO  t.g.io/epos-eric/metadata-database/deploy:main - Container ghcr.io/epos-eric/metadata-database/deploy:main started in PT4.642805818S
2026-08-21 14:02:23 [main] INFO  t.g.io/epos-eric/metadata-database/deploy:main - Container is started (JDBC URL: jdbc:postgresql://localhost:33392/cerif?loggerLevel=OFF)
2026-08-21 14:02:23 [main] INFO  com.zaxxer.hikari.HikariDataSource - metadata_catalogue - Starting...
2026-08-21 14:02:23 [main] INFO  com.zaxxer.hikari.pool.HikariPool - metadata_catalogue - Added connection org.postgresql.jdbc.PgConnection@5fad865
2026-08-21 14:02:23 [main] INFO  com.zaxxer.hikari.HikariDataSource - metadata_catalogue - Start completed.
2026-08-21 14:02:23 [main] INFO  com.zaxxer.hikari.HikariDataSource - metadata_catalogue - Shutdown initiated...
2026-08-21 14:02:23 [main] INFO  com.zaxxer.hikari.HikariDataSource - metadata_catalogue - Shutdown completed.
2026-08-21 14:02:24 [main] INFO  t.g.io/epos-eric/metadata-database/deploy:main - Creating container for image: ghcr.io/epos-eric/metadata-database/deploy:main
2026-08-21 14:02:24 [main] INFO  t.g.io/epos-eric/metadata-database/deploy:main - Container ghcr.io/epos-eric/metadata-database/deploy:main is starting: 7440c121eaa9f4f9eb49e5c9926676842e59c14b272b4efeecb4ea3b31f44236
2026-08-21 14:02:29 [main] INFO  t.g.io/epos-eric/metadata-database/deploy:main - Container ghcr.io/epos-eric/metadata-database/deploy:main started in PT5.178555041S
2026-08-21 14:02:29 [main] INFO  t.g.io/epos-eric/metadata-database/deploy:main - Container is started (JDBC URL: jdbc:postgresql://localhost:33393/cerif?loggerLevel=OFF)
2026-08-21 14:02:29 [main] INFO  com.zaxxer.hikari.HikariDataSource - metadata_catalogue - Starting...
2026-08-21 14:02:29 [main] INFO  com.zaxxer.hikari.pool.HikariPool - metadata_catalogue - Added connection org.postgresql.jdbc.PgConnection@610399d4
2026-08-21 14:02:29 [main] INFO  com.zaxxer.hikari.HikariDataSource - metadata_catalogue - Start completed.
2026-08-21 14:02:29 [main] INFO  com.zaxxer.hikari.HikariDataSource - metadata_catalogue - Shutdown initiated...
2026-08-21 14:02:29 [main] INFO  com.zaxxer.hikari.HikariDataSource - metadata_catalogue - Shutdown completed.
2026-08-21 14:02:29 [main] INFO  t.g.io/epos-eric/metadata-database/deploy:main - Creating container for image: ghcr.io/epos-eric/metadata-database/deploy:main
2026-08-21 14:02:30 [main] INFO  t.g.io/epos-eric/metadata-database/deploy:main - Container ghcr.io/epos-eric/metadata-database/deploy:main is starting: d32b7ca8267aa5fe40e970e08fb97ba8cabb25aa04def0f53b20c364a66ba067
2026-08-21 14:02:34 [main] INFO  t.g.io/epos-eric/metadata-database/deploy:main - Container ghcr.io/epos-eric/metadata-database/deploy:main started in PT4.468926906S
2026-08-21 14:02:34 [main] INFO  t.g.io/epos-eric/metadata-database/deploy:main - Container is started (JDBC URL: jdbc:postgresql://localhost:33394/cerif?loggerLevel=OFF)
2026-08-21 14:02:34 [main] INFO  com.zaxxer.hikari.HikariDataSource - metadata_catalogue - Starting...
2026-08-21 14:02:34 [main] INFO  com.zaxxer.hikari.pool.HikariPool - metadata_catalogue - Added connection org.postgresql.jdbc.PgConnection@40d17b3c
2026-08-21 14:02:34 [main] INFO  com.zaxxer.hikari.HikariDataSource - metadata_catalogue - Start completed.
2026-08-21 14:02:34 [main] INFO  com.zaxxer.hikari.HikariDataSource - metadata_catalogue - Shutdown initiated...
2026-08-21 14:02:34 [main] INFO  com.zaxxer.hikari.HikariDataSource - metadata_catalogue - Shutdown completed.
2026-08-21 14:02:35 [main] INFO  t.g.io/epos-eric/metadata-database/deploy:main - Creating container for image: ghcr.io/epos-eric/metadata-database/deploy:main
2026-08-21 14:02:35 [main] INFO  t.g.io/epos-eric/metadata-database/deploy:main - Container ghcr.io/epos-eric/metadata-database/deploy:main is starting: f108e78a421650c710bc184d813292a60537fa8b87e4dc474b3292f67e920130
2026-08-21 14:02:38 [main] INFO  t.g.io/epos-eric/metadata-database/deploy:main - Container ghcr.io/epos-eric/metadata-database/deploy:main started in PT3.847417835S
2026-08-21 14:02:38 [main] INFO  t.g.io/epos-eric/metadata-database/deploy:main - Container is started (JDBC URL: jdbc:postgresql://localhost:33395/cerif?loggerLevel=OFF)
2026-08-21 14:02:38 [main] INFO  com.zaxxer.hikari.HikariDataSource - metadata_catalogue - Starting...
2026-08-21 14:02:39 [main] INFO  com.zaxxer.hikari.pool.HikariPool - metadata_catalogue - Added connection org.postgresql.jdbc.PgConnection@18e954b5
2026-08-21 14:02:39 [main] INFO  com.zaxxer.hikari.HikariDataSource - metadata_catalogue - Start completed.
2026-08-21 14:02:39 [main] INFO  com.zaxxer.hikari.HikariDataSource - metadata_catalogue - Shutdown initiated...
2026-08-21 14:02:39 [main] INFO  com.zaxxer.hikari.HikariDataSource - metadata_catalogue - Shutdown completed.
2026-08-21 14:02:39 [main] INFO  t.g.io/epos-eric/metadata-database/deploy:main - Creating container for image: ghcr.io/epos-eric/metadata-database/deploy:main
2026-08-21 14:02:39 [main] INFO  t.g.io/epos-eric/metadata-database/deploy:main - Container ghcr.io/epos-eric/metadata-database/deploy:main is starting: 4a0ccdca6c63c3f7aa24b658706ac99071ac6aa73cc165f30e594b7951d944cb
2026-08-21 14:02:44 [main] INFO  t.g.io/epos-eric/metadata-database/deploy:main - Container ghcr.io/epos-eric/metadata-database/deploy:main started in PT4.574226426S
2026-08-21 14:02:44 [main] INFO  t.g.io/epos-eric/metadata-database/deploy:main - Container is started (JDBC URL: jdbc:postgresql://localhost:33396/cerif?loggerLevel=OFF)
2026-08-21 14:02:44 [main] INFO  com.zaxxer.hikari.HikariDataSource - metadata_catalogue - Starting...
2026-08-21 14:02:44 [main] INFO  com.zaxxer.hikari.pool.HikariPool - metadata_catalogue - Added connection org.postgresql.jdbc.PgConnection@eabda67
2026-08-21 14:02:44 [main] INFO  com.zaxxer.hikari.HikariDataSource - metadata_catalogue - Start completed.
2026-08-21 14:02:44 [main] INFO  com.zaxxer.hikari.HikariDataSource - metadata_catalogue - Shutdown initiated...
2026-08-21 14:02:44 [main] INFO  com.zaxxer.hikari.HikariDataSource - metadata_catalogue - Shutdown completed.
2026-08-21 14:02:44 [main] INFO  t.g.io/epos-eric/metadata-database/deploy:main - Creating container for image: ghcr.io/epos-eric/metadata-database/deploy:main
2026-08-21 14:02:45 [main] INFO  t.g.io/epos-eric/metadata-database/deploy:main - Container ghcr.io/epos-eric/metadata-database/deploy:main is starting: 869f779fa5e29396fa7bb0efc56e3254d50d0390e61d3652bc7f84c74bcd9736
2026-08-21 14:02:49 [main] INFO  t.g.io/epos-eric/metadata-database/deploy:main - Container ghcr.io/epos-eric/metadata-database/deploy:main started in PT4.9823958S
2026-08-21 14:02:49 [main] INFO  t.g.io/epos-eric/metadata-database/deploy:main - Container is started (JDBC URL: jdbc:postgresql://localhost:33397/cerif?loggerLevel=OFF)
2026-08-21 14:02:49 [main] INFO  com.zaxxer.hikari.HikariDataSource - metadata_catalogue - Starting...
2026-08-21 14:02:49 [main] INFO  com.zaxxer.hikari.pool.HikariPool - metadata_catalogue - Added connection org.postgresql.jdbc.PgConnection@26cef3c
2026-08-21 14:02:49 [main] INFO  com.zaxxer.hikari.HikariDataSource - metadata_catalogue - Start completed.
2026-08-21 14:02:50 [main] INFO  com.zaxxer.hikari.HikariDataSource - metadata_catalogue - Shutdown initiated...
2026-08-21 14:02:50 [main] INFO  com.zaxxer.hikari.HikariDataSource - metadata_catalogue - Shutdown completed.
2026-08-21 14:02:50 [main] INFO  t.g.io/epos-eric/metadata-database/deploy:main - Creating container for image: ghcr.io/epos-eric/metadata-database/deploy:main
2026-08-21 14:02:51 [main] INFO  t.g.io/epos-eric/metadata-database/deploy:main - Container ghcr.io/epos-eric/metadata-database/deploy:main is starting: c778614ad636c5d513952f66b3464281e48f3267536e5e28893deb532613a53a
2026-08-21 14:02:56 [main] INFO  t.g.io/epos-eric/metadata-database/deploy:main - Container ghcr.io/epos-eric/metadata-database/deploy:main started in PT5.100546997S
2026-08-21 14:02:56 [main] INFO  t.g.io/epos-eric/metadata-database/deploy:main - Container is started (JDBC URL: jdbc:postgresql://localhost:33398/cerif?loggerLevel=OFF)
2026-08-21 14:02:56 [main] INFO  com.zaxxer.hikari.HikariDataSource - metadata_catalogue - Starting...
2026-08-21 14:02:56 [main] INFO  com.zaxxer.hikari.pool.HikariPool - metadata_catalogue - Added connection org.postgresql.jdbc.PgConnection@60087f9a
2026-08-21 14:02:56 [main] INFO  com.zaxxer.hikari.HikariDataSource - metadata_catalogue - Start completed.
2026-08-21 14:02:56 [main] INFO  com.zaxxer.hikari.HikariDataSource - metadata_catalogue - Shutdown initiated...
2026-08-21 14:02:56 [main] INFO  com.zaxxer.hikari.HikariDataSource - metadata_catalogue - Shutdown completed.
2026-08-21 14:02:56 [main] INFO  t.g.io/epos-eric/metadata-database/deploy:main - Creating container for image: ghcr.io/epos-eric/metadata-database/deploy:main
2026-08-21 14:02:56 [main] INFO  t.g.io/epos-eric/metadata-database/deploy:main - Container ghcr.io/epos-eric/metadata-database/deploy:main is starting: 0bb0e99185eaaf240c6ef7f935ca65f466db897e4d2a5718e8c48f88234b016f
2026-08-21 14:03:01 [main] INFO  t.g.io/epos-eric/metadata-database/deploy:main - Container ghcr.io/epos-eric/metadata-database/deploy:main started in PT4.716542366S
2026-08-21 14:03:01 [main] INFO  t.g.io/epos-eric/metadata-database/deploy:main - Container is started (JDBC URL: jdbc:postgresql://localhost:33399/cerif?loggerLevel=OFF)
2026-08-21 14:03:01 [main] INFO  com.zaxxer.hikari.HikariDataSource - metadata_catalogue - Starting...
2026-08-21 14:03:01 [main] INFO  com.zaxxer.hikari.pool.HikariPool - metadata_catalogue - Added connection org.postgresql.jdbc.PgConnection@4c228648
2026-08-21 14:03:01 [main] INFO  com.zaxxer.hikari.HikariDataSource - metadata_catalogue - Start completed.
2026-08-21 14:03:01 [main] INFO  com.zaxxer.hikari.HikariDataSource - metadata_catalogue - Shutdown initiated...
2026-08-21 14:03:01 [main] INFO  com.zaxxer.hikari.HikariDataSource - metadata_catalogue - Shutdown completed.
2026-08-21 14:03:02 [main] INFO  t.g.io/epos-eric/metadata-database/deploy:main - Creating container for image: ghcr.io/epos-eric/metadata-database/deploy:main
2026-08-21 14:03:02 [main] INFO  t.g.io/epos-eric/metadata-database/deploy:main - Container ghcr.io/epos-eric/metadata-database/deploy:main is starting: e9abd8cc179daef55358f03e7a09db91ae7b42803ec5c53a13ac57f8e5dd3226
2026-08-21 14:03:06 [main] INFO  t.g.io/epos-eric/metadata-database/deploy:main - Container ghcr.io/epos-eric/metadata-database/deploy:main started in PT4.426687406S
2026-08-21 14:03:06 [main] INFO  t.g.io/epos-eric/metadata-database/deploy:main - Container is started (JDBC URL: jdbc:postgresql://localhost:33400/cerif?loggerLevel=OFF)
2026-08-21 14:03:06 [main] INFO  com.zaxxer.hikari.HikariDataSource - metadata_catalogue - Starting...
2026-08-21 14:03:06 [main] INFO  com.zaxxer.hikari.pool.HikariPool - metadata_catalogue - Added connection org.postgresql.jdbc.PgConnection@353ed7c8
2026-08-21 14:03:06 [main] INFO  com.zaxxer.hikari.HikariDataSource - metadata_catalogue - Start completed.
2026-08-21 14:03:06 [main] INFO  com.zaxxer.hikari.HikariDataSource - metadata_catalogue - Shutdown initiated...
2026-08-21 14:03:06 [main] INFO  com.zaxxer.hikari.HikariDataSource - metadata_catalogue - Shutdown completed.
2026-08-21 14:03:07 [main] INFO  t.g.io/epos-eric/metadata-database/deploy:main - Creating container for image: ghcr.io/epos-eric/metadata-database/deploy:main
2026-08-21 14:03:07 [main] INFO  t.g.io/epos-eric/metadata-database/deploy:main - Container ghcr.io/epos-eric/metadata-database/deploy:main is starting: d822280013c21b2d128396a75f12b4f2c15cc775972a02d1d7f744d174aaac91
2026-08-21 14:03:12 [main] INFO  t.g.io/epos-eric/metadata-database/deploy:main - Container ghcr.io/epos-eric/metadata-database/deploy:main started in PT5.301528289S
2026-08-21 14:03:12 [main] INFO  t.g.io/epos-eric/metadata-database/deploy:main - Container is started (JDBC URL: jdbc:postgresql://localhost:33401/cerif?loggerLevel=OFF)
2026-08-21 14:03:12 [main] INFO  com.zaxxer.hikari.HikariDataSource - metadata_catalogue - Starting...
2026-08-21 14:03:12 [main] INFO  com.zaxxer.hikari.pool.HikariPool - metadata_catalogue - Added connection org.postgresql.jdbc.PgConnection@a2a2056
2026-08-21 14:03:12 [main] INFO  com.zaxxer.hikari.HikariDataSource - metadata_catalogue - Start completed.
2026-08-21 14:03:12 [main] INFO  com.zaxxer.hikari.HikariDataSource - metadata_catalogue - Shutdown initiated...
2026-08-21 14:03:12 [main] INFO  com.zaxxer.hikari.HikariDataSource - metadata_catalogue - Shutdown completed.
2026-08-21 14:03:13 [main] INFO  t.g.io/epos-eric/metadata-database/deploy:main - Creating container for image: ghcr.io/epos-eric/metadata-database/deploy:main
2026-08-21 14:03:13 [main] INFO  t.g.io/epos-eric/metadata-database/deploy:main - Container ghcr.io/epos-eric/metadata-database/deploy:main is starting: 517c17b9d6e20108e1fcd93a0230c9375e28e650ab4bb70bfcac4d00eac53eab
2026-08-21 14:03:17 [main] INFO  t.g.io/epos-eric/metadata-database/deploy:main - Container ghcr.io/epos-eric/metadata-database/deploy:main started in PT3.946915055S
2026-08-21 14:03:17 [main] INFO  t.g.io/epos-eric/metadata-database/deploy:main - Container is started (JDBC URL: jdbc:postgresql://localhost:33402/cerif?loggerLevel=OFF)
2026-08-21 14:03:17 [main] INFO  com.zaxxer.hikari.HikariDataSource - metadata_catalogue - Starting...
2026-08-21 14:03:17 [main] INFO  com.zaxxer.hikari.pool.HikariPool - metadata_catalogue - Added connection org.postgresql.jdbc.PgConnection@3e352cd7
2026-08-21 14:03:17 [main] INFO  com.zaxxer.hikari.HikariDataSource - metadata_catalogue - Start completed.
2026-08-21 14:03:17 [main] INFO  com.zaxxer.hikari.HikariDataSource - metadata_catalogue - Shutdown initiated...
2026-08-21 14:03:17 [main] INFO  com.zaxxer.hikari.HikariDataSource - metadata_catalogue - Shutdown completed.
2026-08-21 14:03:17 [main] INFO  t.g.io/epos-eric/metadata-database/deploy:main - Creating container for image: ghcr.io/epos-eric/metadata-database/deploy:main
2026-08-21 14:03:17 [main] INFO  t.g.io/epos-eric/metadata-database/deploy:main - Container ghcr.io/epos-eric/metadata-database/deploy:main is starting: dfefc03b301c5e45baee9f88ace8da1d3407e01a419dbb8403cce64bd7755231
2026-08-21 14:03:22 [main] INFO  t.g.io/epos-eric/metadata-database/deploy:main - Container ghcr.io/epos-eric/metadata-database/deploy:main started in PT5.099125448S
2026-08-21 14:03:22 [main] INFO  t.g.io/epos-eric/metadata-database/deploy:main - Container is started (JDBC URL: jdbc:postgresql://localhost:33403/cerif?loggerLevel=OFF)
2026-08-21 14:03:22 [main] INFO  com.zaxxer.hikari.HikariDataSource - metadata_catalogue - Starting...
2026-08-21 14:03:22 [main] INFO  com.zaxxer.hikari.pool.HikariPool - metadata_catalogue - Added connection org.postgresql.jdbc.PgConnection@21a23195
2026-08-21 14:03:22 [main] INFO  com.zaxxer.hikari.HikariDataSource - metadata_catalogue - Start completed.
2026-08-21 14:03:22 [main] INFO  com.zaxxer.hikari.HikariDataSource - metadata_catalogue - Shutdown initiated...
2026-08-21 14:03:22 [main] INFO  com.zaxxer.hikari.HikariDataSource - metadata_catalogue - Shutdown completed.
2026-08-21 14:03:23 [main] INFO  t.g.io/epos-eric/metadata-database/deploy:main - Creating container for image: ghcr.io/epos-eric/metadata-database/deploy:main
2026-08-21 14:03:23 [main] INFO  t.g.io/epos-eric/metadata-database/deploy:main - Container ghcr.io/epos-eric/metadata-database/deploy:main is starting: 73b750d16284974f5b31b2da3b2248f2c7b142ebeb0b7e60757162f322088c59
2026-08-21 14:03:27 [main] INFO  t.g.io/epos-eric/metadata-database/deploy:main - Container ghcr.io/epos-eric/metadata-database/deploy:main started in PT4.549222848S
2026-08-21 14:03:27 [main] INFO  t.g.io/epos-eric/metadata-database/deploy:main - Container is started (JDBC URL: jdbc:postgresql://localhost:33404/cerif?loggerLevel=OFF)
2026-08-21 14:03:27 [main] INFO  com.zaxxer.hikari.HikariDataSource - metadata_catalogue - Starting...
2026-08-21 14:03:27 [main] INFO  com.zaxxer.hikari.pool.HikariPool - metadata_catalogue - Added connection org.postgresql.jdbc.PgConnection@5b1c735d
2026-08-21 14:03:27 [main] INFO  com.zaxxer.hikari.HikariDataSource - metadata_catalogue - Start completed.
2026-08-21 14:03:28 [main] INFO  com.zaxxer.hikari.HikariDataSource - metadata_catalogue - Shutdown initiated...
2026-08-21 14:03:28 [main] INFO  com.zaxxer.hikari.HikariDataSource - metadata_catalogue - Shutdown completed.
2026-08-21 14:03:28 [main] INFO  t.g.io/epos-eric/metadata-database/deploy:main - Creating container for image: ghcr.io/epos-eric/metadata-database/deploy:main
2026-08-21 14:03:28 [main] INFO  t.g.io/epos-eric/metadata-database/deploy:main - Container ghcr.io/epos-eric/metadata-database/deploy:main is starting: bba05170245ea376e23edcf41b8aeaaa5896c610130e890f36e6f26c43158b08
2026-08-21 14:03:33 [main] INFO  t.g.io/epos-eric/metadata-database/deploy:main - Container ghcr.io/epos-eric/metadata-database/deploy:main started in PT5.026605448S
2026-08-21 14:03:33 [main] INFO  t.g.io/epos-eric/metadata-database/deploy:main - Container is started (JDBC URL: jdbc:postgresql://localhost:33405/cerif?loggerLevel=OFF)
2026-08-21 14:03:33 [main] INFO  com.zaxxer.hikari.HikariDataSource - metadata_catalogue - Starting...
2026-08-21 14:03:33 [main] INFO  com.zaxxer.hikari.pool.HikariPool - metadata_catalogue - Added connection org.postgresql.jdbc.PgConnection@527bc1b5
2026-08-21 14:03:33 [main] INFO  com.zaxxer.hikari.HikariDataSource - metadata_catalogue - Start completed.
2026-08-21 14:03:34 [main] INFO  com.zaxxer.hikari.HikariDataSource - metadata_catalogue - Shutdown initiated...
2026-08-21 14:03:34 [main] INFO  com.zaxxer.hikari.HikariDataSource - metadata_catalogue - Shutdown completed.
2026-08-21 14:03:34 [main] INFO  t.g.io/epos-eric/metadata-database/deploy:main - Creating container for image: ghcr.io/epos-eric/metadata-database/deploy:main
2026-08-21 14:03:34 [main] INFO  t.g.io/epos-eric/metadata-database/deploy:main - Container ghcr.io/epos-eric/metadata-database/deploy:main is starting: ee7f70b9e54c907e3a108dc9894c3d8309b0336920d49699f5eebd1bba066f29
2026-08-21 14:03:39 [main] INFO  t.g.io/epos-eric/metadata-database/deploy:main - Container ghcr.io/epos-eric/metadata-database/deploy:main started in PT5.238722957S
2026-08-21 14:03:39 [main] INFO  t.g.io/epos-eric/metadata-database/deploy:main - Container is started (JDBC URL: jdbc:postgresql://localhost:33406/cerif?loggerLevel=OFF)
2026-08-21 14:03:39 [main] INFO  com.zaxxer.hikari.HikariDataSource - metadata_catalogue - Starting...
2026-08-21 14:03:39 [main] INFO  com.zaxxer.hikari.pool.HikariPool - metadata_catalogue - Added connection org.postgresql.jdbc.PgConnection@43ed38bf
2026-08-21 14:03:39 [main] INFO  com.zaxxer.hikari.HikariDataSource - metadata_catalogue - Start completed.
2026-08-21 14:03:39 [main] INFO  com.zaxxer.hikari.HikariDataSource - metadata_catalogue - Shutdown initiated...
2026-08-21 14:03:39 [main] INFO  com.zaxxer.hikari.HikariDataSource - metadata_catalogue - Shutdown completed.
2026-08-21 14:03:40 [main] INFO  t.g.io/epos-eric/metadata-database/deploy:main - Creating container for image: ghcr.io/epos-eric/metadata-database/deploy:main
2026-08-21 14:03:40 [main] INFO  t.g.io/epos-eric/metadata-database/deploy:main - Container ghcr.io/epos-eric/metadata-database/deploy:main is starting: 452c8f85f85adda8b623e9753d2ecef661f5b30c43dca25e4cfca279d66aa034
2026-08-21 14:03:44 [main] INFO  t.g.io/epos-eric/metadata-database/deploy:main - Container ghcr.io/epos-eric/metadata-database/deploy:main started in PT4.332320202S
2026-08-21 14:03:44 [main] INFO  t.g.io/epos-eric/metadata-database/deploy:main - Container is started (JDBC URL: jdbc:postgresql://localhost:33407/cerif?loggerLevel=OFF)
2026-08-21 14:03:44 [main] INFO  com.zaxxer.hikari.HikariDataSource - metadata_catalogue - Starting...
2026-08-21 14:03:44 [main] INFO  com.zaxxer.hikari.pool.HikariPool - metadata_catalogue - Added connection org.postgresql.jdbc.PgConnection@695536c7
2026-08-21 14:03:44 [main] INFO  com.zaxxer.hikari.HikariDataSource - metadata_catalogue - Start completed.
2026-08-21 14:03:47 [main] INFO  com.zaxxer.hikari.HikariDataSource - metadata_catalogue - Shutdown initiated...
2026-08-21 14:03:47 [main] INFO  com.zaxxer.hikari.HikariDataSource - metadata_catalogue - Shutdown completed.
2026-08-21 14:03:47 [main] INFO  t.g.io/epos-eric/metadata-database/deploy:main - Creating container for image: ghcr.io/epos-eric/metadata-database/deploy:main
2026-08-21 14:03:47 [main] INFO  t.g.io/epos-eric/metadata-database/deploy:main - Container ghcr.io/epos-eric/metadata-database/deploy:main is starting: c03e5fdfee3e95270fa5cab1e104da3f22a0858d51c089f68a401eedb58525ee
2026-08-21 14:03:52 [main] INFO  t.g.io/epos-eric/metadata-database/deploy:main - Container ghcr.io/epos-eric/metadata-database/deploy:main started in PT4.28792953S
2026-08-21 14:03:52 [main] INFO  t.g.io/epos-eric/metadata-database/deploy:main - Container is started (JDBC URL: jdbc:postgresql://localhost:33408/cerif?loggerLevel=OFF)
2026-08-21 14:03:52 [main] INFO  com.zaxxer.hikari.HikariDataSource - metadata_catalogue - Starting...
2026-08-21 14:03:52 [main] INFO  com.zaxxer.hikari.pool.HikariPool - metadata_catalogue - Added connection org.postgresql.jdbc.PgConnection@520a7546
2026-08-21 14:03:52 [main] INFO  com.zaxxer.hikari.HikariDataSource - metadata_catalogue - Start completed.
2026-08-21 14:03:52 [main] INFO  com.zaxxer.hikari.HikariDataSource - metadata_catalogue - Shutdown initiated...
2026-08-21 14:03:52 [main] INFO  com.zaxxer.hikari.HikariDataSource - metadata_catalogue - Shutdown completed.
2026-08-21 14:03:52 [main] INFO  t.g.io/epos-eric/metadata-database/deploy:main - Creating container for image: ghcr.io/epos-eric/metadata-database/deploy:main
2026-08-21 14:03:53 [main] INFO  t.g.io/epos-eric/metadata-database/deploy:main - Container ghcr.io/epos-eric/metadata-database/deploy:main is starting: 9ce371a9e792efc608ae0e36aab1aeb33b3371cd375ed6f6d3fb6d95568ab66d
2026-08-21 14:03:57 [main] INFO  t.g.io/epos-eric/metadata-database/deploy:main - Container ghcr.io/epos-eric/metadata-database/deploy:main started in PT4.51081465S
2026-08-21 14:03:57 [main] INFO  t.g.io/epos-eric/metadata-database/deploy:main - Container is started (JDBC URL: jdbc:postgresql://localhost:33409/cerif?loggerLevel=OFF)
2026-08-21 14:03:57 [main] INFO  com.zaxxer.hikari.HikariDataSource - metadata_catalogue - Starting...
2026-08-21 14:03:57 [main] INFO  com.zaxxer.hikari.pool.HikariPool - metadata_catalogue - Added connection org.postgresql.jdbc.PgConnection@400a2608
2026-08-21 14:03:57 [main] INFO  com.zaxxer.hikari.HikariDataSource - metadata_catalogue - Start completed.
2026-08-21 14:03:57 [main] INFO  com.zaxxer.hikari.HikariDataSource - metadata_catalogue - Shutdown initiated...
2026-08-21 14:03:57 [main] INFO  com.zaxxer.hikari.HikariDataSource - metadata_catalogue - Shutdown completed.
2026-08-21 14:03:58 [main] INFO  t.g.io/epos-eric/metadata-database/deploy:main - Creating container for image: ghcr.io/epos-eric/metadata-database/deploy:main
2026-08-21 14:03:58 [main] INFO  t.g.io/epos-eric/metadata-database/deploy:main - Container ghcr.io/epos-eric/metadata-database/deploy:main is starting: f2e36abee68a92b42f1397049519c7bae2402388608317c051afcf17b1d673a8
2026-08-21 14:04:03 [main] INFO  t.g.io/epos-eric/metadata-database/deploy:main - Container ghcr.io/epos-eric/metadata-database/deploy:main started in PT5.349737046S
2026-08-21 14:04:03 [main] INFO  t.g.io/epos-eric/metadata-database/deploy:main - Container is started (JDBC URL: jdbc:postgresql://localhost:33410/cerif?loggerLevel=OFF)
2026-08-21 14:04:03 [main] INFO  com.zaxxer.hikari.HikariDataSource - metadata_catalogue - Starting...
2026-08-21 14:04:03 [main] INFO  com.zaxxer.hikari.pool.HikariPool - metadata_catalogue - Added connection org.postgresql.jdbc.PgConnection@53a067b2
2026-08-21 14:04:03 [main] INFO  com.zaxxer.hikari.HikariDataSource - metadata_catalogue - Start completed.
2026-08-21 14:04:03 [main] INFO  com.zaxxer.hikari.HikariDataSource - metadata_catalogue - Shutdown initiated...
2026-08-21 14:04:03 [main] INFO  com.zaxxer.hikari.HikariDataSource - metadata_catalogue - Shutdown completed.
2026-08-21 14:04:04 [main] INFO  t.g.io/epos-eric/metadata-database/deploy:main - Creating container for image: ghcr.io/epos-eric/metadata-database/deploy:main
2026-08-21 14:04:04 [main] INFO  t.g.io/epos-eric/metadata-database/deploy:main - Container ghcr.io/epos-eric/metadata-database/deploy:main is starting: a422c30f2eefd266066be625f901d3d4d7ac0a046000a5b68c77bd6b9db50857
2026-08-21 14:04:09 [main] INFO  t.g.io/epos-eric/metadata-database/deploy:main - Container ghcr.io/epos-eric/metadata-database/deploy:main started in PT5.021049726S
2026-08-21 14:04:09 [main] INFO  t.g.io/epos-eric/metadata-database/deploy:main - Container is started (JDBC URL: jdbc:postgresql://localhost:33411/cerif?loggerLevel=OFF)
2026-08-21 14:04:09 [main] INFO  com.zaxxer.hikari.HikariDataSource - metadata_catalogue - Starting...
2026-08-21 14:04:09 [main] INFO  com.zaxxer.hikari.pool.HikariPool - metadata_catalogue - Added connection org.postgresql.jdbc.PgConnection@69f746d6
2026-08-21 14:04:09 [main] INFO  com.zaxxer.hikari.HikariDataSource - metadata_catalogue - Start completed.
2026-08-21 14:04:09 [main] INFO  com.zaxxer.hikari.HikariDataSource - metadata_catalogue - Shutdown initiated...
2026-08-21 14:04:09 [main] INFO  com.zaxxer.hikari.HikariDataSource - metadata_catalogue - Shutdown completed.
2026-08-21 14:04:09 [main] INFO  t.g.io/epos-eric/metadata-database/deploy:main - Creating container for image: ghcr.io/epos-eric/metadata-database/deploy:main
2026-08-21 14:04:10 [main] INFO  t.g.io/epos-eric/metadata-database/deploy:main - Container ghcr.io/epos-eric/metadata-database/deploy:main is starting: 530aaf7ee02313a471094217abb478ec191bd049c1620c35a46b6406331cede7
2026-08-21 14:04:14 [main] INFO  t.g.io/epos-eric/metadata-database/deploy:main - Container ghcr.io/epos-eric/metadata-database/deploy:main started in PT5.008859074S
2026-08-21 14:04:14 [main] INFO  t.g.io/epos-eric/metadata-database/deploy:main - Container is started (JDBC URL: jdbc:postgresql://localhost:33412/cerif?loggerLevel=OFF)
2026-08-21 14:04:14 [main] INFO  com.zaxxer.hikari.HikariDataSource - metadata_catalogue - Starting...
2026-08-21 14:04:14 [main] INFO  com.zaxxer.hikari.pool.HikariPool - metadata_catalogue - Added connection org.postgresql.jdbc.PgConnection@49f384fd
2026-08-21 14:04:14 [main] INFO  com.zaxxer.hikari.HikariDataSource - metadata_catalogue - Start completed.
2026-08-21 14:04:14 [main] INFO  com.zaxxer.hikari.HikariDataSource - metadata_catalogue - Shutdown initiated...
2026-08-21 14:04:15 [main] INFO  com.zaxxer.hikari.HikariDataSource - metadata_catalogue - Shutdown completed.
2026-08-21 14:04:15 [main] INFO  t.g.io/epos-eric/metadata-database/deploy:main - Creating container for image: ghcr.io/epos-eric/metadata-database/deploy:main
2026-08-21 14:04:15 [main] INFO  t.g.io/epos-eric/metadata-database/deploy:main - Container ghcr.io/epos-eric/metadata-database/deploy:main is starting: 07279ad749647a9f3c8d792a97edb12cbb2a4f2afab3c5523bdd97bf74618295
2026-08-21 14:04:19 [main] INFO  t.g.io/epos-eric/metadata-database/deploy:main - Container ghcr.io/epos-eric/metadata-database/deploy:main started in PT3.990470516S
2026-08-21 14:04:19 [main] INFO  t.g.io/epos-eric/metadata-database/deploy:main - Container is started (JDBC URL: jdbc:postgresql://localhost:33413/cerif?loggerLevel=OFF)
2026-08-21 14:04:19 [main] INFO  com.zaxxer.hikari.HikariDataSource - metadata_catalogue - Starting...
2026-08-21 14:04:19 [main] INFO  com.zaxxer.hikari.pool.HikariPool - metadata_catalogue - Added connection org.postgresql.jdbc.PgConnection@4e1acf2e
2026-08-21 14:04:19 [main] INFO  com.zaxxer.hikari.HikariDataSource - metadata_catalogue - Start completed.
2026-08-21 14:04:19 [main] INFO  com.zaxxer.hikari.HikariDataSource - metadata_catalogue - Shutdown initiated...
2026-08-21 14:04:19 [main] INFO  com.zaxxer.hikari.HikariDataSource - metadata_catalogue - Shutdown completed.
2026-08-21 14:04:19 [main] INFO  t.g.io/epos-eric/metadata-database/deploy:main - Creating container for image: ghcr.io/epos-eric/metadata-database/deploy:main
2026-08-21 14:04:20 [main] INFO  t.g.io/epos-eric/metadata-database/deploy:main - Container ghcr.io/epos-eric/metadata-database/deploy:main is starting: beccfc684e6a90159c1f230db69e0bd30da4a2f709abe085f6fd9e1ddd9afab2
2026-08-21 14:04:24 [main] INFO  t.g.io/epos-eric/metadata-database/deploy:main - Container ghcr.io/epos-eric/metadata-database/deploy:main started in PT4.409040468S
2026-08-21 14:04:24 [main] INFO  t.g.io/epos-eric/metadata-database/deploy:main - Container is started (JDBC URL: jdbc:postgresql://localhost:33414/cerif?loggerLevel=OFF)
2026-08-21 14:04:24 [main] INFO  com.zaxxer.hikari.HikariDataSource - metadata_catalogue - Starting...
2026-08-21 14:04:24 [main] INFO  com.zaxxer.hikari.pool.HikariPool - metadata_catalogue - Added connection org.postgresql.jdbc.PgConnection@424ea768
2026-08-21 14:04:24 [main] INFO  com.zaxxer.hikari.HikariDataSource - metadata_catalogue - Start completed.
2026-08-21 14:04:24 [main] INFO  com.zaxxer.hikari.HikariDataSource - metadata_catalogue - Shutdown initiated...
2026-08-21 14:04:24 [main] INFO  com.zaxxer.hikari.HikariDataSource - metadata_catalogue - Shutdown completed.
2026-08-21 14:04:25 [main] INFO  t.g.io/epos-eric/metadata-database/deploy:main - Creating container for image: ghcr.io/epos-eric/metadata-database/deploy:main
2026-08-21 14:04:25 [main] INFO  t.g.io/epos-eric/metadata-database/deploy:main - Container ghcr.io/epos-eric/metadata-database/deploy:main is starting: 979ce2956a30932dd7e4148dd4b61e5aa625380bdafe34f04a985ef26a1b8ce6
2026-08-21 14:04:29 [main] INFO  t.g.io/epos-eric/metadata-database/deploy:main - Container ghcr.io/epos-eric/metadata-database/deploy:main started in PT4.655276011S
2026-08-21 14:04:29 [main] INFO  t.g.io/epos-eric/metadata-database/deploy:main - Container is started (JDBC URL: jdbc:postgresql://localhost:33415/cerif?loggerLevel=OFF)
2026-08-21 14:04:29 [main] INFO  com.zaxxer.hikari.HikariDataSource - metadata_catalogue - Starting...
2026-08-21 14:04:29 [main] INFO  com.zaxxer.hikari.pool.HikariPool - metadata_catalogue - Added connection org.postgresql.jdbc.PgConnection@3fc45e5c
2026-08-21 14:04:29 [main] INFO  com.zaxxer.hikari.HikariDataSource - metadata_catalogue - Start completed.
2026-08-21 14:04:30 [main] INFO  com.zaxxer.hikari.HikariDataSource - metadata_catalogue - Shutdown initiated...
2026-08-21 14:04:30 [main] INFO  com.zaxxer.hikari.HikariDataSource - metadata_catalogue - Shutdown completed.
2026-08-21 14:04:30 [main] INFO  t.g.io/epos-eric/metadata-database/deploy:main - Creating container for image: ghcr.io/epos-eric/metadata-database/deploy:main
2026-08-21 14:04:30 [main] INFO  t.g.io/epos-eric/metadata-database/deploy:main - Container ghcr.io/epos-eric/metadata-database/deploy:main is starting: d6c75b7e8681c043bb1bb66e2a602fce9a1e9fbb7c5a6bed699c5acd3a07a931
2026-08-21 14:04:34 [main] INFO  t.g.io/epos-eric/metadata-database/deploy:main - Container ghcr.io/epos-eric/metadata-database/deploy:main started in PT3.930092074S
2026-08-21 14:04:34 [main] INFO  t.g.io/epos-eric/metadata-database/deploy:main - Container is started (JDBC URL: jdbc:postgresql://localhost:33416/cerif?loggerLevel=OFF)
2026-08-21 14:04:34 [main] INFO  com.zaxxer.hikari.HikariDataSource - metadata_catalogue - Starting...
2026-08-21 14:04:34 [main] INFO  com.zaxxer.hikari.pool.HikariPool - metadata_catalogue - Added connection org.postgresql.jdbc.PgConnection@4572a9d6
2026-08-21 14:04:34 [main] INFO  com.zaxxer.hikari.HikariDataSource - metadata_catalogue - Start completed.
2026-08-21 14:04:35 [main] INFO  com.zaxxer.hikari.HikariDataSource - metadata_catalogue - Shutdown initiated...
2026-08-21 14:04:35 [main] INFO  com.zaxxer.hikari.HikariDataSource - metadata_catalogue - Shutdown completed.
2026-08-21 14:04:35 [main] INFO  t.g.io/epos-eric/metadata-database/deploy:main - Creating container for image: ghcr.io/epos-eric/metadata-database/deploy:main
2026-08-21 14:04:35 [main] INFO  t.g.io/epos-eric/metadata-database/deploy:main - Container ghcr.io/epos-eric/metadata-database/deploy:main is starting: 28c78819e81a5abf49dffd122fde93f00c6612d6ee744f2a7eefe6affec67fab
2026-08-21 14:04:40 [main] INFO  t.g.io/epos-eric/metadata-database/deploy:main - Container ghcr.io/epos-eric/metadata-database/deploy:main started in PT5.360597437S
2026-08-21 14:04:40 [main] INFO  t.g.io/epos-eric/metadata-database/deploy:main - Container is started (JDBC URL: jdbc:postgresql://localhost:33417/cerif?loggerLevel=OFF)
2026-08-21 14:04:40 [main] INFO  com.zaxxer.hikari.HikariDataSource - metadata_catalogue - Starting...
2026-08-21 14:04:41 [main] INFO  com.zaxxer.hikari.pool.HikariPool - metadata_catalogue - Added connection org.postgresql.jdbc.PgConnection@66593814
2026-08-21 14:04:41 [main] INFO  com.zaxxer.hikari.HikariDataSource - metadata_catalogue - Start completed.
2026-08-21 14:04:41 [main] INFO  com.zaxxer.hikari.HikariDataSource - metadata_catalogue - Shutdown initiated...
2026-08-21 14:04:41 [main] INFO  com.zaxxer.hikari.HikariDataSource - metadata_catalogue - Shutdown completed.
2026-08-21 14:04:41 [main] INFO  t.g.io/epos-eric/metadata-database/deploy:main - Creating container for image: ghcr.io/epos-eric/metadata-database/deploy:main
2026-08-21 14:04:41 [main] INFO  t.g.io/epos-eric/metadata-database/deploy:main - Container ghcr.io/epos-eric/metadata-database/deploy:main is starting: ecd4760b5a170c3436eb3d6500e30ff16d6136e7e377c0dc839b57fb9e897634
2026-08-21 14:04:46 [main] INFO  t.g.io/epos-eric/metadata-database/deploy:main - Container ghcr.io/epos-eric/metadata-database/deploy:main started in PT5.079023414S
2026-08-21 14:04:46 [main] INFO  t.g.io/epos-eric/metadata-database/deploy:main - Container is started (JDBC URL: jdbc:postgresql://localhost:33418/cerif?loggerLevel=OFF)
2026-08-21 14:04:46 [main] INFO  com.zaxxer.hikari.HikariDataSource - metadata_catalogue - Starting...
2026-08-21 14:04:46 [main] INFO  com.zaxxer.hikari.pool.HikariPool - metadata_catalogue - Added connection org.postgresql.jdbc.PgConnection@15efda1a
2026-08-21 14:04:46 [main] INFO  com.zaxxer.hikari.HikariDataSource - metadata_catalogue - Start completed.
2026-08-21 14:04:59 [main] INFO  com.zaxxer.hikari.HikariDataSource - metadata_catalogue - Shutdown initiated...
2026-08-21 14:04:59 [main] INFO  com.zaxxer.hikari.HikariDataSource - metadata_catalogue - Shutdown completed.
2026-08-21 14:04:59 [main] INFO  t.g.io/epos-eric/metadata-database/deploy:main - Creating container for image: ghcr.io/epos-eric/metadata-database/deploy:main
2026-08-21 14:04:59 [main] INFO  t.g.io/epos-eric/metadata-database/deploy:main - Container ghcr.io/epos-eric/metadata-database/deploy:main is starting: d5bbfe72aae9f5be171f63c6ca189b545e8acd6a02c38cb692ee76acb184d697
2026-08-21 14:05:03 [main] INFO  t.g.io/epos-eric/metadata-database/deploy:main - Container ghcr.io/epos-eric/metadata-database/deploy:main started in PT4.429293081S
2026-08-21 14:05:03 [main] INFO  t.g.io/epos-eric/metadata-database/deploy:main - Container is started (JDBC URL: jdbc:postgresql://localhost:33419/cerif?loggerLevel=OFF)
2026-08-21 14:05:03 [main] INFO  com.zaxxer.hikari.HikariDataSource - metadata_catalogue - Starting...
2026-08-21 14:05:04 [main] INFO  com.zaxxer.hikari.pool.HikariPool - metadata_catalogue - Added connection org.postgresql.jdbc.PgConnection@45c9cb86
2026-08-21 14:05:04 [main] INFO  com.zaxxer.hikari.HikariDataSource - metadata_catalogue - Start completed.
2026-08-21 14:05:04 [main] INFO  com.zaxxer.hikari.HikariDataSource - metadata_catalogue - Shutdown initiated...
2026-08-21 14:05:04 [main] INFO  com.zaxxer.hikari.HikariDataSource - metadata_catalogue - Shutdown completed.
2026-08-21 14:05:04 [main] INFO  t.g.io/epos-eric/metadata-database/deploy:main - Creating container for image: ghcr.io/epos-eric/metadata-database/deploy:main
2026-08-21 14:05:05 [main] INFO  t.g.io/epos-eric/metadata-database/deploy:main - Container ghcr.io/epos-eric/metadata-database/deploy:main is starting: 0b14e6ffc63b8cd50638deaf6b5e51d648cfc18edb9957385c1a5eac3e7aaf01
2026-08-21 14:05:10 [main] INFO  t.g.io/epos-eric/metadata-database/deploy:main - Container ghcr.io/epos-eric/metadata-database/deploy:main started in PT5.281087691S
2026-08-21 14:05:10 [main] INFO  t.g.io/epos-eric/metadata-database/deploy:main - Container is started (JDBC URL: jdbc:postgresql://localhost:33420/cerif?loggerLevel=OFF)
2026-08-21 14:05:10 [main] INFO  com.zaxxer.hikari.HikariDataSource - metadata_catalogue - Starting...
2026-08-21 14:05:10 [main] INFO  com.zaxxer.hikari.pool.HikariPool - metadata_catalogue - Added connection org.postgresql.jdbc.PgConnection@58365712
2026-08-21 14:05:10 [main] INFO  com.zaxxer.hikari.HikariDataSource - metadata_catalogue - Start completed.
2026-08-21 14:05:10 [main] INFO  com.zaxxer.hikari.HikariDataSource - metadata_catalogue - Shutdown initiated...
2026-08-21 14:05:10 [main] INFO  com.zaxxer.hikari.HikariDataSource - metadata_catalogue - Shutdown completed.
2026-08-21 14:05:10 [main] INFO  t.g.io/epos-eric/metadata-database/deploy:main - Creating container for image: ghcr.io/epos-eric/metadata-database/deploy:main
2026-08-21 14:05:10 [main] INFO  t.g.io/epos-eric/metadata-database/deploy:main - Container ghcr.io/epos-eric/metadata-database/deploy:main is starting: 3404db4569623131d98312e2bf771e515e955ef1ab418fbec527897b1ba72f91
2026-08-21 14:05:15 [main] INFO  t.g.io/epos-eric/metadata-database/deploy:main - Container ghcr.io/epos-eric/metadata-database/deploy:main started in PT4.480737579S
2026-08-21 14:05:15 [main] INFO  t.g.io/epos-eric/metadata-database/deploy:main - Container is started (JDBC URL: jdbc:postgresql://localhost:33421/cerif?loggerLevel=OFF)
2026-08-21 14:05:15 [main] INFO  com.zaxxer.hikari.HikariDataSource - metadata_catalogue - Starting...
2026-08-21 14:05:15 [main] INFO  com.zaxxer.hikari.pool.HikariPool - metadata_catalogue - Added connection org.postgresql.jdbc.PgConnection@54fca596
2026-08-21 14:05:15 [main] INFO  com.zaxxer.hikari.HikariDataSource - metadata_catalogue - Start completed.
2026-08-21 14:05:15 [main] INFO  com.zaxxer.hikari.HikariDataSource - metadata_catalogue - Shutdown initiated...
2026-08-21 14:05:15 [main] INFO  com.zaxxer.hikari.HikariDataSource - metadata_catalogue - Shutdown completed.
2026-08-21 14:05:16 [main] INFO  t.g.io/epos-eric/metadata-database/deploy:main - Creating container for image: ghcr.io/epos-eric/metadata-database/deploy:main
2026-08-21 14:05:16 [main] INFO  t.g.io/epos-eric/metadata-database/deploy:main - Container ghcr.io/epos-eric/metadata-database/deploy:main is starting: db5281696d87afb80c5a0b5e40e9e73bb4796a908c3a96a94fe0a6cc951d565a
2026-08-21 14:05:20 [main] INFO  t.g.io/epos-eric/metadata-database/deploy:main - Container ghcr.io/epos-eric/metadata-database/deploy:main started in PT4.680767868S
2026-08-21 14:05:20 [main] INFO  t.g.io/epos-eric/metadata-database/deploy:main - Container is started (JDBC URL: jdbc:postgresql://localhost:33422/cerif?loggerLevel=OFF)
2026-08-21 14:05:20 [main] INFO  com.zaxxer.hikari.HikariDataSource - metadata_catalogue - Starting...
2026-08-21 14:05:20 [main] INFO  com.zaxxer.hikari.pool.HikariPool - metadata_catalogue - Added connection org.postgresql.jdbc.PgConnection@79276485
2026-08-21 14:05:20 [main] INFO  com.zaxxer.hikari.HikariDataSource - metadata_catalogue - Start completed.
2026-08-21 14:05:20 [main] INFO  com.zaxxer.hikari.HikariDataSource - metadata_catalogue - Shutdown initiated...
2026-08-21 14:05:20 [main] INFO  com.zaxxer.hikari.HikariDataSource - metadata_catalogue - Shutdown completed.
2026-08-21 14:05:21 [main] INFO  t.g.io/epos-eric/metadata-database/deploy:main - Creating container for image: ghcr.io/epos-eric/metadata-database/deploy:main
2026-08-21 14:05:21 [main] INFO  t.g.io/epos-eric/metadata-database/deploy:main - Container ghcr.io/epos-eric/metadata-database/deploy:main is starting: 71fb637726588b806f70e5dafc4249cf21f7725a2acc197c6554c9d70901ce79
2026-08-21 14:05:25 [main] INFO  t.g.io/epos-eric/metadata-database/deploy:main - Container ghcr.io/epos-eric/metadata-database/deploy:main started in PT3.937706536S
2026-08-21 14:05:25 [main] INFO  t.g.io/epos-eric/metadata-database/deploy:main - Container is started (JDBC URL: jdbc:postgresql://localhost:33423/cerif?loggerLevel=OFF)
2026-08-21 14:05:25 [main] INFO  com.zaxxer.hikari.HikariDataSource - metadata_catalogue - Starting...
2026-08-21 14:05:25 [main] INFO  com.zaxxer.hikari.pool.HikariPool - metadata_catalogue - Added connection org.postgresql.jdbc.PgConnection@2448a8c2
2026-08-21 14:05:25 [main] INFO  com.zaxxer.hikari.HikariDataSource - metadata_catalogue - Start completed.
2026-08-21 14:05:25 [main] INFO  com.zaxxer.hikari.HikariDataSource - metadata_catalogue - Shutdown initiated...
2026-08-21 14:05:25 [main] INFO  com.zaxxer.hikari.HikariDataSource - metadata_catalogue - Shutdown completed.
2026-08-21 14:05:25 [main] INFO  t.g.io/epos-eric/metadata-database/deploy:main - Creating container for image: ghcr.io/epos-eric/metadata-database/deploy:main
2026-08-21 14:05:26 [main] INFO  t.g.io/epos-eric/metadata-database/deploy:main - Container ghcr.io/epos-eric/metadata-database/deploy:main is starting: 0ac1104c675b9308d687ff49add0241eec4e327ac74c8771e14da62f1554128a
2026-08-21 14:05:31 [main] INFO  t.g.io/epos-eric/metadata-database/deploy:main - Container ghcr.io/epos-eric/metadata-database/deploy:main started in PT5.443726541S
2026-08-21 14:05:31 [main] INFO  t.g.io/epos-eric/metadata-database/deploy:main - Container is started (JDBC URL: jdbc:postgresql://localhost:33424/cerif?loggerLevel=OFF)
2026-08-21 14:05:31 [main] INFO  com.zaxxer.hikari.HikariDataSource - metadata_catalogue - Starting...
2026-08-21 14:05:31 [main] INFO  com.zaxxer.hikari.pool.HikariPool - metadata_catalogue - Added connection org.postgresql.jdbc.PgConnection@1cb05b95
2026-08-21 14:05:31 [main] INFO  com.zaxxer.hikari.HikariDataSource - metadata_catalogue - Start completed.
2026-08-21 14:05:31 [main] INFO  com.zaxxer.hikari.HikariDataSource - metadata_catalogue - Shutdown initiated...
2026-08-21 14:05:31 [main] INFO  com.zaxxer.hikari.HikariDataSource - metadata_catalogue - Shutdown completed.
2026-08-21 14:05:31 [main] INFO  t.g.io/epos-eric/metadata-database/deploy:main - Creating container for image: ghcr.io/epos-eric/metadata-database/deploy:main
2026-08-21 14:05:31 [main] INFO  t.g.io/epos-eric/metadata-database/deploy:main - Container ghcr.io/epos-eric/metadata-database/deploy:main is starting: e6f8a098d9c8ee4afc01e1c6606d21c2acd7145405a2605591b73e5e5c49a369
2026-08-21 14:05:36 [main] INFO  t.g.io/epos-eric/metadata-database/deploy:main - Container ghcr.io/epos-eric/metadata-database/deploy:main started in PT4.879810712S
2026-08-21 14:05:36 [main] INFO  t.g.io/epos-eric/metadata-database/deploy:main - Container is started (JDBC URL: jdbc:postgresql://localhost:33425/cerif?loggerLevel=OFF)
2026-08-21 14:05:36 [main] INFO  com.zaxxer.hikari.HikariDataSource - metadata_catalogue - Starting...
2026-08-21 14:05:36 [main] INFO  com.zaxxer.hikari.pool.HikariPool - metadata_catalogue - Added connection org.postgresql.jdbc.PgConnection@59db8446
2026-08-21 14:05:36 [main] INFO  com.zaxxer.hikari.HikariDataSource - metadata_catalogue - Start completed.
2026-08-21 14:05:37 [main] INFO  com.zaxxer.hikari.HikariDataSource - metadata_catalogue - Shutdown initiated...
2026-08-21 14:05:37 [main] INFO  com.zaxxer.hikari.HikariDataSource - metadata_catalogue - Shutdown completed.
2026-08-21 14:05:37 [main] INFO  t.g.io/epos-eric/metadata-database/deploy:main - Creating container for image: ghcr.io/epos-eric/metadata-database/deploy:main
2026-08-21 14:05:38 [main] INFO  t.g.io/epos-eric/metadata-database/deploy:main - Container ghcr.io/epos-eric/metadata-database/deploy:main is starting: bb47a8206de72bd8ba8fb7451a579811beeb5675f753d9c59ef55dadcea05a1b
2026-08-21 14:05:42 [main] INFO  t.g.io/epos-eric/metadata-database/deploy:main - Container ghcr.io/epos-eric/metadata-database/deploy:main started in PT4.969483457S
2026-08-21 14:05:42 [main] INFO  t.g.io/epos-eric/metadata-database/deploy:main - Container is started (JDBC URL: jdbc:postgresql://localhost:33426/cerif?loggerLevel=OFF)
2026-08-21 14:05:42 [main] INFO  com.zaxxer.hikari.HikariDataSource - metadata_catalogue - Starting...
2026-08-21 14:05:42 [main] INFO  com.zaxxer.hikari.pool.HikariPool - metadata_catalogue - Added connection org.postgresql.jdbc.PgConnection@440219dc
2026-08-21 14:05:42 [main] INFO  com.zaxxer.hikari.HikariDataSource - metadata_catalogue - Start completed.
2026-08-21 14:05:43 [main] INFO  com.zaxxer.hikari.HikariDataSource - metadata_catalogue - Shutdown initiated...
2026-08-21 14:05:43 [main] INFO  com.zaxxer.hikari.HikariDataSource - metadata_catalogue - Shutdown completed.
2026-08-21 14:05:43 [main] INFO  t.g.io/epos-eric/metadata-database/deploy:main - Creating container for image: ghcr.io/epos-eric/metadata-database/deploy:main
2026-08-21 14:05:43 [main] INFO  t.g.io/epos-eric/metadata-database/deploy:main - Container ghcr.io/epos-eric/metadata-database/deploy:main is starting: bb935672845c5300fb986722f128856549b9948fa9220ca1164ab6d5d18fca3a
2026-08-21 14:05:47 [main] INFO  t.g.io/epos-eric/metadata-database/deploy:main - Container ghcr.io/epos-eric/metadata-database/deploy:main started in PT3.802970185S
2026-08-21 14:05:47 [main] INFO  t.g.io/epos-eric/metadata-database/deploy:main - Container is started (JDBC URL: jdbc:postgresql://localhost:33427/cerif?loggerLevel=OFF)
2026-08-21 14:05:47 [main] INFO  com.zaxxer.hikari.HikariDataSource - metadata_catalogue - Starting...
2026-08-21 14:05:47 [main] INFO  com.zaxxer.hikari.pool.HikariPool - metadata_catalogue - Added connection org.postgresql.jdbc.PgConnection@48a84c58
2026-08-21 14:05:47 [main] INFO  com.zaxxer.hikari.HikariDataSource - metadata_catalogue - Start completed.
2026-08-21 14:05:47 [main] INFO  com.zaxxer.hikari.HikariDataSource - metadata_catalogue - Shutdown initiated...
2026-08-21 14:05:47 [main] INFO  com.zaxxer.hikari.HikariDataSource - metadata_catalogue - Shutdown completed.
2026-08-21 14:05:47 [main] INFO  t.g.io/epos-eric/metadata-database/deploy:main - Creating container for image: ghcr.io/epos-eric/metadata-database/deploy:main
2026-08-21 14:05:48 [main] INFO  t.g.io/epos-eric/metadata-database/deploy:main - Container ghcr.io/epos-eric/metadata-database/deploy:main is starting: ad9d17734067572257173624705fc8a9d49b1e3cd9023c7cd5c113314aadfb74
2026-08-21 14:05:51 [main] INFO  t.g.io/epos-eric/metadata-database/deploy:main - Container ghcr.io/epos-eric/metadata-database/deploy:main started in PT3.796962129S
2026-08-21 14:05:51 [main] INFO  t.g.io/epos-eric/metadata-database/deploy:main - Container is started (JDBC URL: jdbc:postgresql://localhost:33428/cerif?loggerLevel=OFF)
2026-08-21 14:05:51 [main] INFO  com.zaxxer.hikari.HikariDataSource - metadata_catalogue - Starting...
2026-08-21 14:05:51 [main] INFO  com.zaxxer.hikari.pool.HikariPool - metadata_catalogue - Added connection org.postgresql.jdbc.PgConnection@2996f795
2026-08-21 14:05:51 [main] INFO  com.zaxxer.hikari.HikariDataSource - metadata_catalogue - Start completed.
2026-08-21 14:05:51 [main] INFO  com.zaxxer.hikari.HikariDataSource - metadata_catalogue - Shutdown initiated...
2026-08-21 14:05:51 [main] INFO  com.zaxxer.hikari.HikariDataSource - metadata_catalogue - Shutdown completed.
2026-08-21 14:05:52 [main] INFO  t.g.io/epos-eric/metadata-database/deploy:main - Creating container for image: ghcr.io/epos-eric/metadata-database/deploy:main
2026-08-21 14:05:52 [main] INFO  t.g.io/epos-eric/metadata-database/deploy:main - Container ghcr.io/epos-eric/metadata-database/deploy:main is starting: 9e1dd585b01d467d35be79b4c3cff919d1ae93b134fa1629d8eb23d2d3ba642b
2026-08-21 14:05:57 [main] INFO  t.g.io/epos-eric/metadata-database/deploy:main - Container ghcr.io/epos-eric/metadata-database/deploy:main started in PT5.202018155S
2026-08-21 14:05:57 [main] INFO  t.g.io/epos-eric/metadata-database/deploy:main - Container is started (JDBC URL: jdbc:postgresql://localhost:33429/cerif?loggerLevel=OFF)
2026-08-21 14:05:57 [main] INFO  com.zaxxer.hikari.HikariDataSource - metadata_catalogue - Starting...
2026-08-21 14:05:57 [main] INFO  com.zaxxer.hikari.pool.HikariPool - metadata_catalogue - Added connection org.postgresql.jdbc.PgConnection@3a6295d9
2026-08-21 14:05:57 [main] INFO  com.zaxxer.hikari.HikariDataSource - metadata_catalogue - Start completed.
2026-08-21 14:05:57 [main] INFO  com.zaxxer.hikari.HikariDataSource - metadata_catalogue - Shutdown initiated...
2026-08-21 14:05:57 [main] INFO  com.zaxxer.hikari.HikariDataSource - metadata_catalogue - Shutdown completed.
2026-08-21 14:05:58 [main] INFO  t.g.io/epos-eric/metadata-database/deploy:main - Creating container for image: ghcr.io/epos-eric/metadata-database/deploy:main
2026-08-21 14:05:58 [main] INFO  t.g.io/epos-eric/metadata-database/deploy:main - Container ghcr.io/epos-eric/metadata-database/deploy:main is starting: 12025bfe5ca1bfbc6e41c98a0c561dbcdfb9bbc7df8f981d667be220c0eabb4d
2026-08-21 14:06:03 [main] INFO  t.g.io/epos-eric/metadata-database/deploy:main - Container ghcr.io/epos-eric/metadata-database/deploy:main started in PT5.312502006S
2026-08-21 14:06:03 [main] INFO  t.g.io/epos-eric/metadata-database/deploy:main - Container is started (JDBC URL: jdbc:postgresql://localhost:33430/cerif?loggerLevel=OFF)
2026-08-21 14:06:03 [main] INFO  com.zaxxer.hikari.HikariDataSource - metadata_catalogue - Starting...
2026-08-21 14:06:03 [main] INFO  com.zaxxer.hikari.pool.HikariPool - metadata_catalogue - Added connection org.postgresql.jdbc.PgConnection@3432eb58
2026-08-21 14:06:03 [main] INFO  com.zaxxer.hikari.HikariDataSource - metadata_catalogue - Start completed.
2026-08-21 14:06:03 [main] INFO  com.zaxxer.hikari.HikariDataSource - metadata_catalogue - Shutdown initiated...
2026-08-21 14:06:03 [main] INFO  com.zaxxer.hikari.HikariDataSource - metadata_catalogue - Shutdown completed.
2026-08-21 14:06:04 [main] INFO  t.g.io/epos-eric/metadata-database/deploy:main - Creating container for image: ghcr.io/epos-eric/metadata-database/deploy:main
2026-08-21 14:06:04 [main] INFO  t.g.io/epos-eric/metadata-database/deploy:main - Container ghcr.io/epos-eric/metadata-database/deploy:main is starting: ec7eb8c6866db2038ec5352379ecdd39f53829271a6a46a2e10bc2920f257104
2026-08-21 14:06:09 [main] INFO  t.g.io/epos-eric/metadata-database/deploy:main - Container ghcr.io/epos-eric/metadata-database/deploy:main started in PT5.141693851S
2026-08-21 14:06:09 [main] INFO  t.g.io/epos-eric/metadata-database/deploy:main - Container is started (JDBC URL: jdbc:postgresql://localhost:33431/cerif?loggerLevel=OFF)
2026-08-21 14:06:09 [main] INFO  com.zaxxer.hikari.HikariDataSource - metadata_catalogue - Starting...
2026-08-21 14:06:09 [main] INFO  com.zaxxer.hikari.pool.HikariPool - metadata_catalogue - Added connection org.postgresql.jdbc.PgConnection@5ff1cd7a
2026-08-21 14:06:09 [main] INFO  com.zaxxer.hikari.HikariDataSource - metadata_catalogue - Start completed.
2026-08-21 14:06:09 [main] INFO  com.zaxxer.hikari.HikariDataSource - metadata_catalogue - Shutdown initiated...
2026-08-21 14:06:09 [main] INFO  com.zaxxer.hikari.HikariDataSource - metadata_catalogue - Shutdown completed.
2026-08-21 14:06:10 [main] INFO  t.g.io/epos-eric/metadata-database/deploy:main - Creating container for image: ghcr.io/epos-eric/metadata-database/deploy:main
2026-08-21 14:06:10 [main] INFO  t.g.io/epos-eric/metadata-database/deploy:main - Container ghcr.io/epos-eric/metadata-database/deploy:main is starting: f34d4c0de917668543e38c57fd68bfaa2ff09876cfc711c2c3a6788ff8871b92
2026-08-21 14:06:14 [main] INFO  t.g.io/epos-eric/metadata-database/deploy:main - Container ghcr.io/epos-eric/metadata-database/deploy:main started in PT3.958067531S
2026-08-21 14:06:14 [main] INFO  t.g.io/epos-eric/metadata-database/deploy:main - Container is started (JDBC URL: jdbc:postgresql://localhost:33432/cerif?loggerLevel=OFF)
2026-08-21 14:06:14 [main] INFO  com.zaxxer.hikari.HikariDataSource - metadata_catalogue - Starting...
2026-08-21 14:06:14 [main] INFO  com.zaxxer.hikari.pool.HikariPool - metadata_catalogue - Added connection org.postgresql.jdbc.PgConnection@40a87a74
2026-08-21 14:06:14 [main] INFO  com.zaxxer.hikari.HikariDataSource - metadata_catalogue - Start completed.
2026-08-21 14:06:14 [main] INFO  com.zaxxer.hikari.HikariDataSource - metadata_catalogue - Shutdown initiated...
2026-08-21 14:06:14 [main] INFO  com.zaxxer.hikari.HikariDataSource - metadata_catalogue - Shutdown completed.
2026-08-21 14:06:14 [main] INFO  t.g.io/epos-eric/metadata-database/deploy:main - Creating container for image: ghcr.io/epos-eric/metadata-database/deploy:main
2026-08-21 14:06:15 [main] INFO  t.g.io/epos-eric/metadata-database/deploy:main - Container ghcr.io/epos-eric/metadata-database/deploy:main is starting: c1b1bb8bb3566b41eacf8180a004a8db3d94cca834e17c89634fbb4339153c78
2026-08-21 14:06:19 [main] INFO  t.g.io/epos-eric/metadata-database/deploy:main - Container ghcr.io/epos-eric/metadata-database/deploy:main started in PT4.860692216S
2026-08-21 14:06:19 [main] INFO  t.g.io/epos-eric/metadata-database/deploy:main - Container is started (JDBC URL: jdbc:postgresql://localhost:33433/cerif?loggerLevel=OFF)
2026-08-21 14:06:19 [main] INFO  com.zaxxer.hikari.HikariDataSource - metadata_catalogue - Starting...
2026-08-21 14:06:19 [main] INFO  com.zaxxer.hikari.pool.HikariPool - metadata_catalogue - Added connection org.postgresql.jdbc.PgConnection@4868a22f
2026-08-21 14:06:19 [main] INFO  com.zaxxer.hikari.HikariDataSource - metadata_catalogue - Start completed.
2026-08-21 14:06:20 [main] INFO  com.zaxxer.hikari.HikariDataSource - metadata_catalogue - Shutdown initiated...
2026-08-21 14:06:20 [main] INFO  com.zaxxer.hikari.HikariDataSource - metadata_catalogue - Shutdown completed.
2026-08-21 14:06:20 [main] INFO  t.g.io/epos-eric/metadata-database/deploy:main - Creating container for image: ghcr.io/epos-eric/metadata-database/deploy:main
2026-08-21 14:06:20 [main] INFO  t.g.io/epos-eric/metadata-database/deploy:main - Container ghcr.io/epos-eric/metadata-database/deploy:main is starting: 5a57b2d078bb72bd3fef5df03f736d068ed4461f3710e32890ab84ac07333037
2026-08-21 14:06:25 [main] INFO  t.g.io/epos-eric/metadata-database/deploy:main - Container ghcr.io/epos-eric/metadata-database/deploy:main started in PT4.886039796S
2026-08-21 14:06:25 [main] INFO  t.g.io/epos-eric/metadata-database/deploy:main - Container is started (JDBC URL: jdbc:postgresql://localhost:33434/cerif?loggerLevel=OFF)
2026-08-21 14:06:25 [main] INFO  com.zaxxer.hikari.HikariDataSource - metadata_catalogue - Starting...
2026-08-21 14:06:25 [main] INFO  com.zaxxer.hikari.pool.HikariPool - metadata_catalogue - Added connection org.postgresql.jdbc.PgConnection@74a06824
2026-08-21 14:06:25 [main] INFO  com.zaxxer.hikari.HikariDataSource - metadata_catalogue - Start completed.
2026-08-21 14:06:25 [main] INFO  com.zaxxer.hikari.HikariDataSource - metadata_catalogue - Shutdown initiated...
2026-08-21 14:06:25 [main] INFO  com.zaxxer.hikari.HikariDataSource - metadata_catalogue - Shutdown completed.
2026-08-21 14:06:26 [main] INFO  t.g.io/epos-eric/metadata-database/deploy:main - Creating container for image: ghcr.io/epos-eric/metadata-database/deploy:main
2026-08-21 14:06:26 [main] INFO  t.g.io/epos-eric/metadata-database/deploy:main - Container ghcr.io/epos-eric/metadata-database/deploy:main is starting: 5a3cf3eb59932f72fdaf344fa262b94b4acbe82b48e76061953cea6e598a6544
2026-08-21 14:06:30 [main] INFO  t.g.io/epos-eric/metadata-database/deploy:main - Container ghcr.io/epos-eric/metadata-database/deploy:main started in PT4.604213709S
2026-08-21 14:06:30 [main] INFO  t.g.io/epos-eric/metadata-database/deploy:main - Container is started (JDBC URL: jdbc:postgresql://localhost:33435/cerif?loggerLevel=OFF)
2026-08-21 14:06:30 [main] INFO  com.zaxxer.hikari.HikariDataSource - metadata_catalogue - Starting...
2026-08-21 14:06:30 [main] INFO  com.zaxxer.hikari.pool.HikariPool - metadata_catalogue - Added connection org.postgresql.jdbc.PgConnection@19af25e6
2026-08-21 14:06:30 [main] INFO  com.zaxxer.hikari.HikariDataSource - metadata_catalogue - Start completed.
2026-08-21 14:06:32 [main] INFO  com.zaxxer.hikari.HikariDataSource - metadata_catalogue - Shutdown initiated...
2026-08-21 14:06:32 [main] INFO  com.zaxxer.hikari.HikariDataSource - metadata_catalogue - Shutdown completed.
2026-08-21 14:06:33 [main] INFO  t.g.io/epos-eric/metadata-database/deploy:main - Creating container for image: ghcr.io/epos-eric/metadata-database/deploy:main
2026-08-21 14:06:33 [main] INFO  t.g.io/epos-eric/metadata-database/deploy:main - Container ghcr.io/epos-eric/metadata-database/deploy:main is starting: 83c435c13887d2247654ba58e8d77eb1522c648c7d8a6daccfa69b9b953ba08f
2026-08-21 14:06:37 [main] INFO  t.g.io/epos-eric/metadata-database/deploy:main - Container ghcr.io/epos-eric/metadata-database/deploy:main started in PT4.405800434S
2026-08-21 14:06:37 [main] INFO  t.g.io/epos-eric/metadata-database/deploy:main - Container is started (JDBC URL: jdbc:postgresql://localhost:33436/cerif?loggerLevel=OFF)
2026-08-21 14:06:37 [main] INFO  com.zaxxer.hikari.HikariDataSource - metadata_catalogue - Starting...
2026-08-21 14:06:37 [main] INFO  com.zaxxer.hikari.pool.HikariPool - metadata_catalogue - Added connection org.postgresql.jdbc.PgConnection@9039c76
2026-08-21 14:06:37 [main] INFO  com.zaxxer.hikari.HikariDataSource - metadata_catalogue - Start completed.
2026-08-21 14:06:37 [main] INFO  com.zaxxer.hikari.HikariDataSource - metadata_catalogue - Shutdown initiated...
2026-08-21 14:06:37 [main] INFO  com.zaxxer.hikari.HikariDataSource - metadata_catalogue - Shutdown completed.
2026-08-21 14:06:38 [main] INFO  t.g.io/epos-eric/metadata-database/deploy:main - Creating container for image: ghcr.io/epos-eric/metadata-database/deploy:main
2026-08-21 14:06:38 [main] INFO  t.g.io/epos-eric/metadata-database/deploy:main - Container ghcr.io/epos-eric/metadata-database/deploy:main is starting: 7a27f9427921e26beb209dd11f7eb0d393288f10076ffe65b27ef625429caa55
2026-08-21 14:06:43 [main] INFO  t.g.io/epos-eric/metadata-database/deploy:main - Container ghcr.io/epos-eric/metadata-database/deploy:main started in PT5.474858683S
2026-08-21 14:06:43 [main] INFO  t.g.io/epos-eric/metadata-database/deploy:main - Container is started (JDBC URL: jdbc:postgresql://localhost:33437/cerif?loggerLevel=OFF)
2026-08-21 14:06:43 [main] INFO  com.zaxxer.hikari.HikariDataSource - metadata_catalogue - Starting...
2026-08-21 14:06:43 [main] INFO  com.zaxxer.hikari.pool.HikariPool - metadata_catalogue - Added connection org.postgresql.jdbc.PgConnection@3ed7230a
2026-08-21 14:06:43 [main] INFO  com.zaxxer.hikari.HikariDataSource - metadata_catalogue - Start completed.
2026-08-21 14:06:43 [main] INFO  com.zaxxer.hikari.HikariDataSource - metadata_catalogue - Shutdown initiated...
2026-08-21 14:06:43 [main] INFO  com.zaxxer.hikari.HikariDataSource - metadata_catalogue - Shutdown completed.
2026-08-21 14:06:44 [main] INFO  t.g.io/epos-eric/metadata-database/deploy:main - Creating container for image: ghcr.io/epos-eric/metadata-database/deploy:main
2026-08-21 14:06:44 [main] INFO  t.g.io/epos-eric/metadata-database/deploy:main - Container ghcr.io/epos-eric/metadata-database/deploy:main is starting: 069454eb0b48bd189dc81a524047ddd94c8761d5c5357ca782c4a3ac9b61547c
2026-08-21 14:06:49 [main] INFO  t.g.io/epos-eric/metadata-database/deploy:main - Container ghcr.io/epos-eric/metadata-database/deploy:main started in PT5.050590472S
2026-08-21 14:06:49 [main] INFO  t.g.io/epos-eric/metadata-database/deploy:main - Container is started (JDBC URL: jdbc:postgresql://localhost:33438/cerif?loggerLevel=OFF)
2026-08-21 14:06:49 [main] INFO  com.zaxxer.hikari.HikariDataSource - metadata_catalogue - Starting...
2026-08-21 14:06:49 [main] INFO  com.zaxxer.hikari.pool.HikariPool - metadata_catalogue - Added connection org.postgresql.jdbc.PgConnection@39f7dd2c
2026-08-21 14:06:49 [main] INFO  com.zaxxer.hikari.HikariDataSource - metadata_catalogue - Start completed.
2026-08-21 14:06:50 [main] INFO  com.zaxxer.hikari.HikariDataSource - metadata_catalogue - Shutdown initiated...
2026-08-21 14:06:50 [main] INFO  com.zaxxer.hikari.HikariDataSource - metadata_catalogue - Shutdown completed.
2026-08-21 14:06:51 [main] INFO  t.g.io/epos-eric/metadata-database/deploy:main - Creating container for image: ghcr.io/epos-eric/metadata-database/deploy:main
2026-08-21 14:06:51 [main] INFO  t.g.io/epos-eric/metadata-database/deploy:main - Container ghcr.io/epos-eric/metadata-database/deploy:main is starting: 1b49619e822a822bfe35fb8e1f874ba3ad2a1c94c4543e0f859def4082e620c1
2026-08-21 14:06:56 [main] INFO  t.g.io/epos-eric/metadata-database/deploy:main - Container ghcr.io/epos-eric/metadata-database/deploy:main started in PT5.374763295S
2026-08-21 14:06:56 [main] INFO  t.g.io/epos-eric/metadata-database/deploy:main - Container is started (JDBC URL: jdbc:postgresql://localhost:33439/cerif?loggerLevel=OFF)
2026-08-21 14:06:56 [main] INFO  com.zaxxer.hikari.HikariDataSource - metadata_catalogue - Starting...
2026-08-21 14:06:56 [main] INFO  com.zaxxer.hikari.pool.HikariPool - metadata_catalogue - Added connection org.postgresql.jdbc.PgConnection@4ba98b75
2026-08-21 14:06:56 [main] INFO  com.zaxxer.hikari.HikariDataSource - metadata_catalogue - Start completed.
2026-08-21 14:06:57 [main] INFO  com.zaxxer.hikari.HikariDataSource - metadata_catalogue - Shutdown initiated...
2026-08-21 14:06:57 [main] INFO  com.zaxxer.hikari.HikariDataSource - metadata_catalogue - Shutdown completed.
2026-08-21 14:06:58 [main] INFO  t.g.io/epos-eric/metadata-database/deploy:main - Creating container for image: ghcr.io/epos-eric/metadata-database/deploy:main
2026-08-21 14:06:58 [main] INFO  t.g.io/epos-eric/metadata-database/deploy:main - Container ghcr.io/epos-eric/metadata-database/deploy:main is starting: 179d2764d7e9cec9993988212bf82d475e8fa35df0943230b68e40becc04d1b9
2026-08-21 14:07:03 [main] INFO  t.g.io/epos-eric/metadata-database/deploy:main - Container ghcr.io/epos-eric/metadata-database/deploy:main started in PT5.413149515S
2026-08-21 14:07:03 [main] INFO  t.g.io/epos-eric/metadata-database/deploy:main - Container is started (JDBC URL: jdbc:postgresql://localhost:33440/cerif?loggerLevel=OFF)
2026-08-21 14:07:03 [main] INFO  com.zaxxer.hikari.HikariDataSource - metadata_catalogue - Starting...
2026-08-21 14:07:03 [main] INFO  com.zaxxer.hikari.pool.HikariPool - metadata_catalogue - Added connection org.postgresql.jdbc.PgConnection@6660f845
2026-08-21 14:07:03 [main] INFO  com.zaxxer.hikari.HikariDataSource - metadata_catalogue - Start completed.
2026-08-21 14:07:03 [main] INFO  com.zaxxer.hikari.HikariDataSource - metadata_catalogue - Shutdown initiated...
2026-08-21 14:07:03 [main] INFO  com.zaxxer.hikari.HikariDataSource - metadata_catalogue - Shutdown completed.
2026-08-21 14:07:03 [main] INFO  t.g.io/epos-eric/metadata-database/deploy:main - Creating container for image: ghcr.io/epos-eric/metadata-database/deploy:main
2026-08-21 14:07:04 [main] INFO  t.g.io/epos-eric/metadata-database/deploy:main - Container ghcr.io/epos-eric/metadata-database/deploy:main is starting: 8d953b35d4453293aad00873ee409fb98dc7e4fea4c18761389a1c652ab09ef7
2026-08-21 14:07:07 [main] INFO  t.g.io/epos-eric/metadata-database/deploy:main - Container ghcr.io/epos-eric/metadata-database/deploy:main started in PT4.022132379S
2026-08-21 14:07:07 [main] INFO  t.g.io/epos-eric/metadata-database/deploy:main - Container is started (JDBC URL: jdbc:postgresql://localhost:33441/cerif?loggerLevel=OFF)
2026-08-21 14:07:07 [main] INFO  com.zaxxer.hikari.HikariDataSource - metadata_catalogue - Starting...
2026-08-21 14:07:08 [main] INFO  com.zaxxer.hikari.pool.HikariPool - metadata_catalogue - Added connection org.postgresql.jdbc.PgConnection@6257f475
2026-08-21 14:07:08 [main] INFO  com.zaxxer.hikari.HikariDataSource - metadata_catalogue - Start completed.
2026-08-21 14:07:08 [main] INFO  com.zaxxer.hikari.HikariDataSource - metadata_catalogue - Shutdown initiated...
2026-08-21 14:07:08 [main] INFO  com.zaxxer.hikari.HikariDataSource - metadata_catalogue - Shutdown completed.
2026-08-21 14:07:08 [main] INFO  t.g.io/epos-eric/metadata-database/deploy:main - Creating container for image: ghcr.io/epos-eric/metadata-database/deploy:main
2026-08-21 14:07:08 [main] INFO  t.g.io/epos-eric/metadata-database/deploy:main - Container ghcr.io/epos-eric/metadata-database/deploy:main is starting: 1d2f57340183953871dbb4418c8d286f6915bf06fad431d172ef4ee36effcff8
2026-08-21 14:07:13 [main] INFO  t.g.io/epos-eric/metadata-database/deploy:main - Container ghcr.io/epos-eric/metadata-database/deploy:main started in PT5.342282161S
2026-08-21 14:07:13 [main] INFO  t.g.io/epos-eric/metadata-database/deploy:main - Container is started (JDBC URL: jdbc:postgresql://localhost:33442/cerif?loggerLevel=OFF)
2026-08-21 14:07:13 [main] INFO  com.zaxxer.hikari.HikariDataSource - metadata_catalogue - Starting...
2026-08-21 14:07:14 [main] INFO  com.zaxxer.hikari.pool.HikariPool - metadata_catalogue - Added connection org.postgresql.jdbc.PgConnection@2746615d
2026-08-21 14:07:14 [main] INFO  com.zaxxer.hikari.HikariDataSource - metadata_catalogue - Start completed.
2026-08-21 14:07:14 [main] INFO  com.zaxxer.hikari.HikariDataSource - metadata_catalogue - Shutdown initiated...
2026-08-21 14:07:14 [main] INFO  com.zaxxer.hikari.HikariDataSource - metadata_catalogue - Shutdown completed.
2026-08-21 14:07:14 [main] INFO  t.g.io/epos-eric/metadata-database/deploy:main - Creating container for image: ghcr.io/epos-eric/metadata-database/deploy:main
2026-08-21 14:07:14 [main] INFO  t.g.io/epos-eric/metadata-database/deploy:main - Container ghcr.io/epos-eric/metadata-database/deploy:main is starting: 6ce251d66604f3b08f93c1b067baee49475f0b3aeac14f38ce4f1be7a4bbabcf
2026-08-21 14:07:18 [main] INFO  t.g.io/epos-eric/metadata-database/deploy:main - Container ghcr.io/epos-eric/metadata-database/deploy:main started in PT4.09803357S
2026-08-21 14:07:18 [main] INFO  t.g.io/epos-eric/metadata-database/deploy:main - Container is started (JDBC URL: jdbc:postgresql://localhost:33443/cerif?loggerLevel=OFF)
2026-08-21 14:07:18 [main] INFO  com.zaxxer.hikari.HikariDataSource - metadata_catalogue - Starting...
2026-08-21 14:07:18 [main] INFO  com.zaxxer.hikari.pool.HikariPool - metadata_catalogue - Added connection org.postgresql.jdbc.PgConnection@448f9938
2026-08-21 14:07:18 [main] INFO  com.zaxxer.hikari.HikariDataSource - metadata_catalogue - Start completed.
2026-08-21 14:07:18 [main] INFO  com.zaxxer.hikari.HikariDataSource - metadata_catalogue - Shutdown initiated...
2026-08-21 14:07:18 [main] INFO  com.zaxxer.hikari.HikariDataSource - metadata_catalogue - Shutdown completed.
2026-08-21 14:07:19 [main] INFO  t.g.io/epos-eric/metadata-database/deploy:main - Creating container for image: ghcr.io/epos-eric/metadata-database/deploy:main
2026-08-21 14:07:19 [main] INFO  t.g.io/epos-eric/metadata-database/deploy:main - Container ghcr.io/epos-eric/metadata-database/deploy:main is starting: 5a6f86c106cb6ff565bdcfa99691b4d87d8c1c3fa1f1cddbcbf63dc46a67fe71
2026-08-21 14:07:24 [main] INFO  t.g.io/epos-eric/metadata-database/deploy:main - Container ghcr.io/epos-eric/metadata-database/deploy:main started in PT4.823061271S
2026-08-21 14:07:24 [main] INFO  t.g.io/epos-eric/metadata-database/deploy:main - Container is started (JDBC URL: jdbc:postgresql://localhost:33444/cerif?loggerLevel=OFF)
2026-08-21 14:07:24 [main] INFO  com.zaxxer.hikari.HikariDataSource - metadata_catalogue - Starting...
2026-08-21 14:07:24 [main] INFO  com.zaxxer.hikari.pool.HikariPool - metadata_catalogue - Added connection org.postgresql.jdbc.PgConnection@761344ba
2026-08-21 14:07:24 [main] INFO  com.zaxxer.hikari.HikariDataSource - metadata_catalogue - Start completed.
2026-08-21 14:07:24 [main] INFO  com.zaxxer.hikari.HikariDataSource - metadata_catalogue - Shutdown initiated...
2026-08-21 14:07:24 [main] INFO  com.zaxxer.hikari.HikariDataSource - metadata_catalogue - Shutdown completed.
2026-08-21 14:07:24 [main] INFO  t.g.io/epos-eric/metadata-database/deploy:main - Creating container for image: ghcr.io/epos-eric/metadata-database/deploy:main
2026-08-21 14:07:25 [main] INFO  t.g.io/epos-eric/metadata-database/deploy:main - Container ghcr.io/epos-eric/metadata-database/deploy:main is starting: 1a32c39a38eaf181140f8847a2a0805b0305a31cebb49f3245003cee92364ee5
2026-08-21 14:07:29 [main] INFO  t.g.io/epos-eric/metadata-database/deploy:main - Container ghcr.io/epos-eric/metadata-database/deploy:main started in PT4.62137734S
2026-08-21 14:07:29 [main] INFO  t.g.io/epos-eric/metadata-database/deploy:main - Container is started (JDBC URL: jdbc:postgresql://localhost:33445/cerif?loggerLevel=OFF)
2026-08-21 14:07:29 [main] INFO  com.zaxxer.hikari.HikariDataSource - metadata_catalogue - Starting...
2026-08-21 14:07:29 [main] INFO  com.zaxxer.hikari.pool.HikariPool - metadata_catalogue - Added connection org.postgresql.jdbc.PgConnection@70b58517
2026-08-21 14:07:29 [main] INFO  com.zaxxer.hikari.HikariDataSource - metadata_catalogue - Start completed.
2026-08-21 14:07:30 [main] INFO  com.zaxxer.hikari.HikariDataSource - metadata_catalogue - Shutdown initiated...
2026-08-21 14:07:30 [main] INFO  com.zaxxer.hikari.HikariDataSource - metadata_catalogue - Shutdown completed.
2026-08-21 14:07:30 [main] INFO  t.g.io/epos-eric/metadata-database/deploy:main - Creating container for image: ghcr.io/epos-eric/metadata-database/deploy:main
2026-08-21 14:07:30 [main] INFO  t.g.io/epos-eric/metadata-database/deploy:main - Container ghcr.io/epos-eric/metadata-database/deploy:main is starting: b502651d290a36d2955ecb4facea4175bce0b91e2ea64e0e042ed7bbf73a0021
2026-08-21 14:07:35 [main] INFO  t.g.io/epos-eric/metadata-database/deploy:main - Container ghcr.io/epos-eric/metadata-database/deploy:main started in PT4.69892534S
2026-08-21 14:07:35 [main] INFO  t.g.io/epos-eric/metadata-database/deploy:main - Container is started (JDBC URL: jdbc:postgresql://localhost:33446/cerif?loggerLevel=OFF)
2026-08-21 14:07:35 [main] INFO  com.zaxxer.hikari.HikariDataSource - metadata_catalogue - Starting...
2026-08-21 14:07:35 [main] INFO  com.zaxxer.hikari.pool.HikariPool - metadata_catalogue - Added connection org.postgresql.jdbc.PgConnection@70a710e0
2026-08-21 14:07:35 [main] INFO  com.zaxxer.hikari.HikariDataSource - metadata_catalogue - Start completed.
2026-08-21 14:07:35 [main] INFO  com.zaxxer.hikari.HikariDataSource - metadata_catalogue - Shutdown initiated...
2026-08-21 14:07:35 [main] INFO  com.zaxxer.hikari.HikariDataSource - metadata_catalogue - Shutdown completed.
2026-08-21 14:07:35 [main] INFO  t.g.io/epos-eric/metadata-database/deploy:main - Creating container for image: ghcr.io/epos-eric/metadata-database/deploy:main
2026-08-21 14:07:35 [main] INFO  t.g.io/epos-eric/metadata-database/deploy:main - Container ghcr.io/epos-eric/metadata-database/deploy:main is starting: d6f4f4f6dabd6ec1e46243fef2cd9327954a041742c46f492addf13a1c880d0a
2026-08-21 14:07:39 [main] INFO  t.g.io/epos-eric/metadata-database/deploy:main - Container ghcr.io/epos-eric/metadata-database/deploy:main started in PT3.997329185S
2026-08-21 14:07:39 [main] INFO  t.g.io/epos-eric/metadata-database/deploy:main - Container is started (JDBC URL: jdbc:postgresql://localhost:33447/cerif?loggerLevel=OFF)
2026-08-21 14:07:39 [main] INFO  com.zaxxer.hikari.HikariDataSource - metadata_catalogue - Starting...
2026-08-21 14:07:39 [main] INFO  com.zaxxer.hikari.pool.HikariPool - metadata_catalogue - Added connection org.postgresql.jdbc.PgConnection@7351c41
2026-08-21 14:07:39 [main] INFO  com.zaxxer.hikari.HikariDataSource - metadata_catalogue - Start completed.
2026-08-21 14:07:39 [main] INFO  com.zaxxer.hikari.HikariDataSource - metadata_catalogue - Shutdown initiated...
2026-08-21 14:07:39 [main] INFO  com.zaxxer.hikari.HikariDataSource - metadata_catalogue - Shutdown completed.
2026-08-21 14:07:40 [main] INFO  t.g.io/epos-eric/metadata-database/deploy:main - Creating container for image: ghcr.io/epos-eric/metadata-database/deploy:main
2026-08-21 14:07:40 [main] INFO  t.g.io/epos-eric/metadata-database/deploy:main - Container ghcr.io/epos-eric/metadata-database/deploy:main is starting: 60b181e634acf583cecffce7a644b79c311817455a9b2aba346203c3dc6482fa
2026-08-21 14:07:45 [main] INFO  t.g.io/epos-eric/metadata-database/deploy:main - Container ghcr.io/epos-eric/metadata-database/deploy:main started in PT4.736471736S
2026-08-21 14:07:45 [main] INFO  t.g.io/epos-eric/metadata-database/deploy:main - Container is started (JDBC URL: jdbc:postgresql://localhost:33448/cerif?loggerLevel=OFF)
2026-08-21 14:07:45 [main] INFO  com.zaxxer.hikari.HikariDataSource - metadata_catalogue - Starting...
2026-08-21 14:07:45 [main] INFO  com.zaxxer.hikari.pool.HikariPool - metadata_catalogue - Added connection org.postgresql.jdbc.PgConnection@5b70bbb8
2026-08-21 14:07:45 [main] INFO  com.zaxxer.hikari.HikariDataSource - metadata_catalogue - Start completed.
2026-08-21 14:07:45 [main] INFO  com.zaxxer.hikari.HikariDataSource - metadata_catalogue - Shutdown initiated...
2026-08-21 14:07:45 [main] INFO  com.zaxxer.hikari.HikariDataSource - metadata_catalogue - Shutdown completed.
2026-08-27 10:48:58 [main] INFO  o.testcontainers.images.PullPolicy - Image pull policy will be performed by: DefaultPullPolicy()
2026-08-27 10:48:58 [main] INFO  o.t.utility.ImageNameSubstitutor - Image name substitution will be performed by: DefaultImageNameSubstitutor (composite of 'ConfigurationFileImageNameSubstitutor' and 'PrefixingImageNameSubstitutor')
2026-08-27 10:48:58 [main] INFO  o.testcontainers.DockerClientFactory - Testcontainers version: 2.0.2
2026-08-27 10:48:58 [main] INFO  o.t.d.DockerClientProviderStrategy - Loaded org.testcontainers.dockerclient.UnixSocketClientProviderStrategy from ~/.testcontainers.properties, will try it first
2026-08-27 10:48:58 [main] INFO  o.t.d.DockerClientProviderStrategy - Found Docker environment with local Unix socket (unix:///var/run/docker.sock)
2026-08-27 10:48:58 [main] INFO  o.testcontainers.DockerClientFactory - Docker host IP address is localhost
2026-08-27 10:48:58 [main] INFO  o.testcontainers.DockerClientFactory - Connected to docker: 
  Server Version: 29.7.2
  API Version: 1.55
  Operating System: Arch Linux
  Total Memory: 63796 MB
2026-08-27 10:48:59 [main] INFO  tc.testcontainers/ryuk:0.13.0 - Creating container for image: testcontainers/ryuk:0.13.0
2026-08-27 10:48:59 [main] INFO  tc.testcontainers/ryuk:0.13.0 - Container testcontainers/ryuk:0.13.0 is starting: 019df2bfb475cf1c237bea39dbd4d424ff8ea61c6b153a2db07aadf8915ffa91
2026-08-27 10:48:59 [main] INFO  tc.testcontainers/ryuk:0.13.0 - Container testcontainers/ryuk:0.13.0 started in PT0.368629389S
2026-08-27 10:48:59 [main] INFO  o.t.utility.RyukResourceReaper - Ryuk started - will monitor and terminate Testcontainers containers on JVM exit
2026-08-27 10:48:59 [main] INFO  o.testcontainers.DockerClientFactory - Checking the system...
2026-08-27 10:48:59 [main] INFO  o.testcontainers.DockerClientFactory - ✔︎ Docker server version should be at least 1.6.0
2026-08-27 10:48:59 [main] INFO  t.g.io/epos-eric/metadata-database/deploy:main - Creating container for image: ghcr.io/epos-eric/metadata-database/deploy:main
2026-08-27 10:48:59 [main] INFO  t.g.io/epos-eric/metadata-database/deploy:main - Container ghcr.io/epos-eric/metadata-database/deploy:main is starting: 96ae5e7e2f20406712b564da1ffa3123a95805d272e998820d25df78ad5fb4e3
2026-08-27 10:49:03 [main] INFO  t.g.io/epos-eric/metadata-database/deploy:main - Container ghcr.io/epos-eric/metadata-database/deploy:main started in PT3.657754419S
2026-08-27 10:49:03 [main] INFO  t.g.io/epos-eric/metadata-database/deploy:main - Container is started (JDBC URL: jdbc:postgresql://localhost:33454/cerif?loggerLevel=OFF)
2026-08-27 10:49:03 [main] INFO  com.zaxxer.hikari.HikariDataSource - metadata_catalogue - Starting...
2026-08-27 10:49:03 [main] INFO  com.zaxxer.hikari.pool.HikariPool - metadata_catalogue - Added connection org.postgresql.jdbc.PgConnection@45ab3bdd
2026-08-27 10:49:03 [main] INFO  com.zaxxer.hikari.HikariDataSource - metadata_catalogue - Start completed.
2026-08-27 10:49:04 [main] INFO  com.zaxxer.hikari.HikariDataSource - metadata_catalogue - Shutdown initiated...
2026-08-27 10:49:04 [main] INFO  com.zaxxer.hikari.HikariDataSource - metadata_catalogue - Shutdown completed.
2026-08-27 10:49:04 [main] INFO  t.g.io/epos-eric/metadata-database/deploy:main - Creating container for image: ghcr.io/epos-eric/metadata-database/deploy:main
2026-08-27 10:49:04 [main] INFO  t.g.io/epos-eric/metadata-database/deploy:main - Container ghcr.io/epos-eric/metadata-database/deploy:main is starting: 7225f44086b1cb215feae5efc2d54124cf0aa844475570fe57051ef445db5cb2
2026-08-27 10:49:08 [main] INFO  t.g.io/epos-eric/metadata-database/deploy:main - Container ghcr.io/epos-eric/metadata-database/deploy:main started in PT3.687715369S
2026-08-27 10:49:08 [main] INFO  t.g.io/epos-eric/metadata-database/deploy:main - Container is started (JDBC URL: jdbc:postgresql://localhost:33455/cerif?loggerLevel=OFF)
2026-08-27 10:49:08 [main] INFO  com.zaxxer.hikari.HikariDataSource - metadata_catalogue - Starting...
2026-08-27 10:49:08 [main] INFO  com.zaxxer.hikari.pool.HikariPool - metadata_catalogue - Added connection org.postgresql.jdbc.PgConnection@6dcbbb49
2026-08-27 10:49:08 [main] INFO  com.zaxxer.hikari.HikariDataSource - metadata_catalogue - Start completed.
2026-08-27 10:49:08 [main] INFO  com.zaxxer.hikari.HikariDataSource - metadata_catalogue - Shutdown initiated...
2026-08-27 10:49:08 [main] INFO  com.zaxxer.hikari.HikariDataSource - metadata_catalogue - Shutdown completed.
2026-08-27 10:49:08 [main] INFO  t.g.io/epos-eric/metadata-database/deploy:main - Creating container for image: ghcr.io/epos-eric/metadata-database/deploy:main
2026-08-27 10:49:09 [main] INFO  t.g.io/epos-eric/metadata-database/deploy:main - Container ghcr.io/epos-eric/metadata-database/deploy:main is starting: 42b5667d7dce62f67aff371609612848a3f780c30d1646a75181fd0d1eac9155
2026-08-27 10:49:13 [main] INFO  t.g.io/epos-eric/metadata-database/deploy:main - Container ghcr.io/epos-eric/metadata-database/deploy:main started in PT4.325301766S
2026-08-27 10:49:13 [main] INFO  t.g.io/epos-eric/metadata-database/deploy:main - Container is started (JDBC URL: jdbc:postgresql://localhost:33456/cerif?loggerLevel=OFF)
2026-08-27 10:49:13 [main] INFO  com.zaxxer.hikari.HikariDataSource - metadata_catalogue - Starting...
2026-08-27 10:49:13 [main] INFO  com.zaxxer.hikari.pool.HikariPool - metadata_catalogue - Added connection org.postgresql.jdbc.PgConnection@6c75e3bc
2026-08-27 10:49:13 [main] INFO  com.zaxxer.hikari.HikariDataSource - metadata_catalogue - Start completed.
2026-08-27 10:49:13 [main] INFO  com.zaxxer.hikari.HikariDataSource - metadata_catalogue - Shutdown initiated...
2026-08-27 10:49:13 [main] INFO  com.zaxxer.hikari.HikariDataSource - metadata_catalogue - Shutdown completed.
2026-08-27 10:49:13 [main] INFO  t.g.io/epos-eric/metadata-database/deploy:main - Creating container for image: ghcr.io/epos-eric/metadata-database/deploy:main
2026-08-27 10:49:14 [main] INFO  t.g.io/epos-eric/metadata-database/deploy:main - Container ghcr.io/epos-eric/metadata-database/deploy:main is starting: fdb14ff5484c6a350980a43712990f8d1d5acef6872a6a937d8f0bd6452341f5
2026-08-27 10:49:18 [main] INFO  t.g.io/epos-eric/metadata-database/deploy:main - Container ghcr.io/epos-eric/metadata-database/deploy:main started in PT4.289443013S
2026-08-27 10:49:18 [main] INFO  t.g.io/epos-eric/metadata-database/deploy:main - Container is started (JDBC URL: jdbc:postgresql://localhost:33457/cerif?loggerLevel=OFF)
2026-08-27 10:49:18 [main] INFO  com.zaxxer.hikari.HikariDataSource - metadata_catalogue - Starting...
2026-08-27 10:49:18 [main] INFO  com.zaxxer.hikari.pool.HikariPool - metadata_catalogue - Added connection org.postgresql.jdbc.PgConnection@9746157
2026-08-27 10:49:18 [main] INFO  com.zaxxer.hikari.HikariDataSource - metadata_catalogue - Start completed.
2026-08-27 10:49:18 [main] INFO  com.zaxxer.hikari.HikariDataSource - metadata_catalogue - Shutdown initiated...
2026-08-27 10:49:18 [main] INFO  com.zaxxer.hikari.HikariDataSource - metadata_catalogue - Shutdown completed.
2026-08-27 10:49:18 [main] INFO  t.g.io/epos-eric/metadata-database/deploy:main - Creating container for image: ghcr.io/epos-eric/metadata-database/deploy:main
2026-08-27 10:49:19 [main] INFO  t.g.io/epos-eric/metadata-database/deploy:main - Container ghcr.io/epos-eric/metadata-database/deploy:main is starting: b4895329f545b99350e53027d58ab01551286f98905926c8eee85c6813b81ec1
2026-08-27 10:49:22 [main] INFO  t.g.io/epos-eric/metadata-database/deploy:main - Container ghcr.io/epos-eric/metadata-database/deploy:main started in PT3.677585739S
2026-08-27 10:49:22 [main] INFO  t.g.io/epos-eric/metadata-database/deploy:main - Container is started (JDBC URL: jdbc:postgresql://localhost:33458/cerif?loggerLevel=OFF)
2026-08-27 10:49:22 [main] INFO  com.zaxxer.hikari.HikariDataSource - metadata_catalogue - Starting...
2026-08-27 10:49:22 [main] INFO  com.zaxxer.hikari.pool.HikariPool - metadata_catalogue - Added connection org.postgresql.jdbc.PgConnection@1322b542
2026-08-27 10:49:22 [main] INFO  com.zaxxer.hikari.HikariDataSource - metadata_catalogue - Start completed.
2026-08-27 10:49:23 [main] INFO  com.zaxxer.hikari.HikariDataSource - metadata_catalogue - Shutdown initiated...
2026-08-27 10:49:23 [main] INFO  com.zaxxer.hikari.HikariDataSource - metadata_catalogue - Shutdown completed.
2026-08-27 10:49:23 [main] INFO  t.g.io/epos-eric/metadata-database/deploy:main - Creating container for image: ghcr.io/epos-eric/metadata-database/deploy:main
2026-08-27 10:49:23 [main] INFO  t.g.io/epos-eric/metadata-database/deploy:main - Container ghcr.io/epos-eric/metadata-database/deploy:main is starting: e1d32f04f311a529309ed5268ee52fc2c8de0e0bf0235546a570ded3b20653c3
2026-08-27 10:49:27 [main] INFO  t.g.io/epos-eric/metadata-database/deploy:main - Container ghcr.io/epos-eric/metadata-database/deploy:main started in PT3.62604998S
2026-08-27 10:49:27 [main] INFO  t.g.io/epos-eric/metadata-database/deploy:main - Container is started (JDBC URL: jdbc:postgresql://localhost:33459/cerif?loggerLevel=OFF)
2026-08-27 10:49:27 [main] INFO  com.zaxxer.hikari.HikariDataSource - metadata_catalogue - Starting...
2026-08-27 10:49:27 [main] INFO  com.zaxxer.hikari.pool.HikariPool - metadata_catalogue - Added connection org.postgresql.jdbc.PgConnection@2f650dae
2026-08-27 10:49:27 [main] INFO  com.zaxxer.hikari.HikariDataSource - metadata_catalogue - Start completed.
2026-08-27 10:49:27 [main] INFO  com.zaxxer.hikari.HikariDataSource - metadata_catalogue - Shutdown initiated...
2026-08-27 10:49:27 [main] INFO  com.zaxxer.hikari.HikariDataSource - metadata_catalogue - Shutdown completed.
2026-08-27 10:49:27 [main] INFO  t.g.io/epos-eric/metadata-database/deploy:main - Creating container for image: ghcr.io/epos-eric/metadata-database/deploy:main
2026-08-27 10:49:27 [main] INFO  t.g.io/epos-eric/metadata-database/deploy:main - Container ghcr.io/epos-eric/metadata-database/deploy:main is starting: 4f45dad51e8f2d35f08b1a6469014d4a2955262ec4338c614e26f414f8b30a94
2026-08-27 10:49:31 [main] INFO  t.g.io/epos-eric/metadata-database/deploy:main - Container ghcr.io/epos-eric/metadata-database/deploy:main started in PT3.945256177S
2026-08-27 10:49:31 [main] INFO  t.g.io/epos-eric/metadata-database/deploy:main - Container is started (JDBC URL: jdbc:postgresql://localhost:33460/cerif?loggerLevel=OFF)
2026-08-27 10:49:31 [main] INFO  com.zaxxer.hikari.HikariDataSource - metadata_catalogue - Starting...
2026-08-27 10:49:31 [main] INFO  com.zaxxer.hikari.pool.HikariPool - metadata_catalogue - Added connection org.postgresql.jdbc.PgConnection@153cf928
2026-08-27 10:49:31 [main] INFO  com.zaxxer.hikari.HikariDataSource - metadata_catalogue - Start completed.
2026-08-27 10:49:33 [main] INFO  com.zaxxer.hikari.HikariDataSource - metadata_catalogue - Shutdown initiated...
2026-08-27 10:49:33 [main] INFO  com.zaxxer.hikari.HikariDataSource - metadata_catalogue - Shutdown completed.
2026-08-27 10:49:33 [main] INFO  t.g.io/epos-eric/metadata-database/deploy:main - Creating container for image: ghcr.io/epos-eric/metadata-database/deploy:main
2026-08-27 10:49:33 [main] INFO  t.g.io/epos-eric/metadata-database/deploy:main - Container ghcr.io/epos-eric/metadata-database/deploy:main is starting: fcc8faad0bbcbc11d0a30a44def9521c95118754c8e60c5f60b60a2963e88361
2026-08-27 10:49:37 [main] INFO  t.g.io/epos-eric/metadata-database/deploy:main - Container ghcr.io/epos-eric/metadata-database/deploy:main started in PT4.167990832S
2026-08-27 10:49:37 [main] INFO  t.g.io/epos-eric/metadata-database/deploy:main - Container is started (JDBC URL: jdbc:postgresql://localhost:33461/cerif?loggerLevel=OFF)
2026-08-27 10:49:37 [main] INFO  com.zaxxer.hikari.HikariDataSource - metadata_catalogue - Starting...
2026-08-27 10:49:37 [main] INFO  com.zaxxer.hikari.pool.HikariPool - metadata_catalogue - Added connection org.postgresql.jdbc.PgConnection@7a63c618
2026-08-27 10:49:37 [main] INFO  com.zaxxer.hikari.HikariDataSource - metadata_catalogue - Start completed.
2026-08-27 10:49:37 [main] INFO  com.zaxxer.hikari.HikariDataSource - metadata_catalogue - Shutdown initiated...
2026-08-27 10:49:37 [main] INFO  com.zaxxer.hikari.HikariDataSource - metadata_catalogue - Shutdown completed.
2026-08-27 10:49:38 [main] INFO  t.g.io/epos-eric/metadata-database/deploy:main - Creating container for image: ghcr.io/epos-eric/metadata-database/deploy:main
2026-08-27 10:49:38 [main] INFO  t.g.io/epos-eric/metadata-database/deploy:main - Container ghcr.io/epos-eric/metadata-database/deploy:main is starting: 2e9bcb4e4809c94782993c75f5dca8e3e2385a0508ca9d6e259b8e4ba6c84cbe
2026-08-27 10:49:41 [main] INFO  t.g.io/epos-eric/metadata-database/deploy:main - Container ghcr.io/epos-eric/metadata-database/deploy:main started in PT3.661277806S
2026-08-27 10:49:41 [main] INFO  t.g.io/epos-eric/metadata-database/deploy:main - Container is started (JDBC URL: jdbc:postgresql://localhost:33462/cerif?loggerLevel=OFF)
2026-08-27 10:49:41 [main] INFO  com.zaxxer.hikari.HikariDataSource - metadata_catalogue - Starting...
2026-08-27 10:49:41 [main] INFO  com.zaxxer.hikari.pool.HikariPool - metadata_catalogue - Added connection org.postgresql.jdbc.PgConnection@7645ced6
2026-08-27 10:49:41 [main] INFO  com.zaxxer.hikari.HikariDataSource - metadata_catalogue - Start completed.
2026-08-27 10:49:41 [main] INFO  com.zaxxer.hikari.HikariDataSource - metadata_catalogue - Shutdown initiated...
2026-08-27 10:49:41 [main] INFO  com.zaxxer.hikari.HikariDataSource - metadata_catalogue - Shutdown completed.
2026-08-27 10:49:42 [main] INFO  t.g.io/epos-eric/metadata-database/deploy:main - Creating container for image: ghcr.io/epos-eric/metadata-database/deploy:main
2026-08-27 10:49:42 [main] INFO  t.g.io/epos-eric/metadata-database/deploy:main - Container ghcr.io/epos-eric/metadata-database/deploy:main is starting: b127a6109f6a068fd3914314a41a33b9e9c8a1ffcfae7a4d50f7d89925e048ba
2026-08-27 10:49:46 [main] INFO  t.g.io/epos-eric/metadata-database/deploy:main - Container ghcr.io/epos-eric/metadata-database/deploy:main started in PT3.840667897S
2026-08-27 10:49:46 [main] INFO  t.g.io/epos-eric/metadata-database/deploy:main - Container is started (JDBC URL: jdbc:postgresql://localhost:33463/cerif?loggerLevel=OFF)
2026-08-27 10:49:46 [main] INFO  com.zaxxer.hikari.HikariDataSource - metadata_catalogue - Starting...
2026-08-27 10:49:46 [main] INFO  com.zaxxer.hikari.pool.HikariPool - metadata_catalogue - Added connection org.postgresql.jdbc.PgConnection@2945a3c1
2026-08-27 10:49:46 [main] INFO  com.zaxxer.hikari.HikariDataSource - metadata_catalogue - Start completed.
2026-08-27 10:49:46 [main] INFO  com.zaxxer.hikari.HikariDataSource - metadata_catalogue - Shutdown initiated...
2026-08-27 10:49:46 [main] INFO  com.zaxxer.hikari.HikariDataSource - metadata_catalogue - Shutdown completed.
2026-08-27 10:49:46 [main] INFO  t.g.io/epos-eric/metadata-database/deploy:main - Creating container for image: ghcr.io/epos-eric/metadata-database/deploy:main
2026-08-27 10:49:46 [main] INFO  t.g.io/epos-eric/metadata-database/deploy:main - Container ghcr.io/epos-eric/metadata-database/deploy:main is starting: 788a5bd008a71bcac8fe06bfcc014cde1568e372aab9296dd18018657d934b72
2026-08-27 10:49:50 [main] INFO  t.g.io/epos-eric/metadata-database/deploy:main - Container ghcr.io/epos-eric/metadata-database/deploy:main started in PT3.693987428S
2026-08-27 10:49:50 [main] INFO  t.g.io/epos-eric/metadata-database/deploy:main - Container is started (JDBC URL: jdbc:postgresql://localhost:33464/cerif?loggerLevel=OFF)
2026-08-27 10:49:50 [main] INFO  com.zaxxer.hikari.HikariDataSource - metadata_catalogue - Starting...
2026-08-27 10:49:50 [main] INFO  com.zaxxer.hikari.pool.HikariPool - metadata_catalogue - Added connection org.postgresql.jdbc.PgConnection@34abfd7f
2026-08-27 10:49:50 [main] INFO  com.zaxxer.hikari.HikariDataSource - metadata_catalogue - Start completed.
2026-08-27 10:49:51 [main] INFO  com.zaxxer.hikari.HikariDataSource - metadata_catalogue - Shutdown initiated...
2026-08-27 10:49:51 [main] INFO  com.zaxxer.hikari.HikariDataSource - metadata_catalogue - Shutdown completed.
2026-08-27 10:49:51 [main] INFO  t.g.io/epos-eric/metadata-database/deploy:main - Creating container for image: ghcr.io/epos-eric/metadata-database/deploy:main
2026-08-27 10:49:51 [main] INFO  t.g.io/epos-eric/metadata-database/deploy:main - Container ghcr.io/epos-eric/metadata-database/deploy:main is starting: f005c7d9e10673fa648042a8a1fcb095b5d358518dbb78e66cbfbcfd17e50e81
2026-08-27 10:49:55 [main] INFO  t.g.io/epos-eric/metadata-database/deploy:main - Container ghcr.io/epos-eric/metadata-database/deploy:main started in PT3.920205082S
2026-08-27 10:49:55 [main] INFO  t.g.io/epos-eric/metadata-database/deploy:main - Container is started (JDBC URL: jdbc:postgresql://localhost:33465/cerif?loggerLevel=OFF)
2026-08-27 10:49:55 [main] INFO  com.zaxxer.hikari.HikariDataSource - metadata_catalogue - Starting...
2026-08-27 10:49:55 [main] INFO  com.zaxxer.hikari.pool.HikariPool - metadata_catalogue - Added connection org.postgresql.jdbc.PgConnection@45a9dc8e
2026-08-27 10:49:55 [main] INFO  com.zaxxer.hikari.HikariDataSource - metadata_catalogue - Start completed.
2026-08-27 10:49:56 [main] INFO  com.zaxxer.hikari.HikariDataSource - metadata_catalogue - Shutdown initiated...
2026-08-27 10:49:56 [main] INFO  com.zaxxer.hikari.HikariDataSource - metadata_catalogue - Shutdown completed.
2026-08-27 10:49:56 [main] INFO  t.g.io/epos-eric/metadata-database/deploy:main - Creating container for image: ghcr.io/epos-eric/metadata-database/deploy:main
2026-08-27 10:49:56 [main] INFO  t.g.io/epos-eric/metadata-database/deploy:main - Container ghcr.io/epos-eric/metadata-database/deploy:main is starting: b589a003ab8a231c8cc8df4270316475f3135486bb23524155b1f2c4ab0340e3
2026-08-27 10:50:00 [main] INFO  t.g.io/epos-eric/metadata-database/deploy:main - Container ghcr.io/epos-eric/metadata-database/deploy:main started in PT3.850940551S
2026-08-27 10:50:00 [main] INFO  t.g.io/epos-eric/metadata-database/deploy:main - Container is started (JDBC URL: jdbc:postgresql://localhost:33466/cerif?loggerLevel=OFF)
2026-08-27 10:50:00 [main] INFO  com.zaxxer.hikari.HikariDataSource - metadata_catalogue - Starting...
2026-08-27 10:50:00 [main] INFO  com.zaxxer.hikari.pool.HikariPool - metadata_catalogue - Added connection org.postgresql.jdbc.PgConnection@223bbda6
2026-08-27 10:50:00 [main] INFO  com.zaxxer.hikari.HikariDataSource - metadata_catalogue - Start completed.
2026-08-27 10:50:00 [main] INFO  com.zaxxer.hikari.HikariDataSource - metadata_catalogue - Shutdown initiated...
2026-08-27 10:50:00 [main] INFO  com.zaxxer.hikari.HikariDataSource - metadata_catalogue - Shutdown completed.
2026-08-27 10:50:00 [main] INFO  t.g.io/epos-eric/metadata-database/deploy:main - Creating container for image: ghcr.io/epos-eric/metadata-database/deploy:main
2026-08-27 10:50:00 [main] INFO  t.g.io/epos-eric/metadata-database/deploy:main - Container ghcr.io/epos-eric/metadata-database/deploy:main is starting: 895d9aaf3598570d2f32568b91874bbe41f159fbe469519e0feda9b48327df03
2026-08-27 10:50:04 [main] INFO  t.g.io/epos-eric/metadata-database/deploy:main - Container ghcr.io/epos-eric/metadata-database/deploy:main started in PT3.866544523S
2026-08-27 10:50:04 [main] INFO  t.g.io/epos-eric/metadata-database/deploy:main - Container is started (JDBC URL: jdbc:postgresql://localhost:33467/cerif?loggerLevel=OFF)
2026-08-27 10:50:04 [main] INFO  com.zaxxer.hikari.HikariDataSource - metadata_catalogue - Starting...
2026-08-27 10:50:04 [main] INFO  com.zaxxer.hikari.pool.HikariPool - metadata_catalogue - Added connection org.postgresql.jdbc.PgConnection@3c7a94c7
2026-08-27 10:50:04 [main] INFO  com.zaxxer.hikari.HikariDataSource - metadata_catalogue - Start completed.
2026-08-27 10:50:05 [main] INFO  com.zaxxer.hikari.HikariDataSource - metadata_catalogue - Shutdown initiated...
2026-08-27 10:50:05 [main] INFO  com.zaxxer.hikari.HikariDataSource - metadata_catalogue - Shutdown completed.
2026-08-27 10:50:05 [main] INFO  t.g.io/epos-eric/metadata-database/deploy:main - Creating container for image: ghcr.io/epos-eric/metadata-database/deploy:main
2026-08-27 10:50:05 [main] INFO  t.g.io/epos-eric/metadata-database/deploy:main - Container ghcr.io/epos-eric/metadata-database/deploy:main is starting: 0a56de32cea8777e63bf7ee955bc013d86c9ca375c5ccc764feb21f5e5d4e27d
2026-08-27 10:50:09 [main] INFO  t.g.io/epos-eric/metadata-database/deploy:main - Container ghcr.io/epos-eric/metadata-database/deploy:main started in PT3.672265278S
2026-08-27 10:50:09 [main] INFO  t.g.io/epos-eric/metadata-database/deploy:main - Container is started (JDBC URL: jdbc:postgresql://localhost:33468/cerif?loggerLevel=OFF)
2026-08-27 10:50:09 [main] INFO  com.zaxxer.hikari.HikariDataSource - metadata_catalogue - Starting...
2026-08-27 10:50:09 [main] INFO  com.zaxxer.hikari.pool.HikariPool - metadata_catalogue - Added connection org.postgresql.jdbc.PgConnection@1ae36a1a
2026-08-27 10:50:09 [main] INFO  com.zaxxer.hikari.HikariDataSource - metadata_catalogue - Start completed.
2026-08-27 10:50:09 [main] INFO  com.zaxxer.hikari.HikariDataSource - metadata_catalogue - Shutdown initiated...
2026-08-27 10:50:09 [main] INFO  com.zaxxer.hikari.HikariDataSource - metadata_catalogue - Shutdown completed.
2026-08-27 10:50:09 [main] INFO  t.g.io/epos-eric/metadata-database/deploy:main - Creating container for image: ghcr.io/epos-eric/metadata-database/deploy:main
2026-08-27 10:50:09 [main] INFO  t.g.io/epos-eric/metadata-database/deploy:main - Container ghcr.io/epos-eric/metadata-database/deploy:main is starting: 324c1b6a834b0229b6d035fa20eac11275d2d1bd0455189020e83b2b50dafbcf
2026-08-27 10:50:14 [main] INFO  t.g.io/epos-eric/metadata-database/deploy:main - Container ghcr.io/epos-eric/metadata-database/deploy:main started in PT4.381024729S
2026-08-27 10:50:14 [main] INFO  t.g.io/epos-eric/metadata-database/deploy:main - Container is started (JDBC URL: jdbc:postgresql://localhost:33469/cerif?loggerLevel=OFF)
2026-08-27 10:50:14 [main] INFO  com.zaxxer.hikari.HikariDataSource - metadata_catalogue - Starting...
2026-08-27 10:50:14 [main] INFO  com.zaxxer.hikari.pool.HikariPool - metadata_catalogue - Added connection org.postgresql.jdbc.PgConnection@22520d2c
2026-08-27 10:50:14 [main] INFO  com.zaxxer.hikari.HikariDataSource - metadata_catalogue - Start completed.
2026-08-27 10:50:14 [main] INFO  com.zaxxer.hikari.HikariDataSource - metadata_catalogue - Shutdown initiated...
2026-08-27 10:50:14 [main] INFO  com.zaxxer.hikari.HikariDataSource - metadata_catalogue - Shutdown completed.
2026-08-27 10:50:14 [main] INFO  t.g.io/epos-eric/metadata-database/deploy:main - Creating container for image: ghcr.io/epos-eric/metadata-database/deploy:main
2026-08-27 10:50:14 [main] INFO  t.g.io/epos-eric/metadata-database/deploy:main - Container ghcr.io/epos-eric/metadata-database/deploy:main is starting: 14ee01ef3d61fe9a4147096507bf16d8daa0bc49ae7cd66994b7e4ddd0a39ee8
2026-08-27 10:50:18 [main] INFO  t.g.io/epos-eric/metadata-database/deploy:main - Container ghcr.io/epos-eric/metadata-database/deploy:main started in PT3.8928813S
2026-08-27 10:50:18 [main] INFO  t.g.io/epos-eric/metadata-database/deploy:main - Container is started (JDBC URL: jdbc:postgresql://localhost:33470/cerif?loggerLevel=OFF)
2026-08-27 10:50:18 [main] INFO  com.zaxxer.hikari.HikariDataSource - metadata_catalogue - Starting...
2026-08-27 10:50:18 [main] INFO  com.zaxxer.hikari.pool.HikariPool - metadata_catalogue - Added connection org.postgresql.jdbc.PgConnection@3a949bec
2026-08-27 10:50:18 [main] INFO  com.zaxxer.hikari.HikariDataSource - metadata_catalogue - Start completed.
2026-08-27 10:50:18 [main] INFO  com.zaxxer.hikari.HikariDataSource - metadata_catalogue - Shutdown initiated...
2026-08-27 10:50:18 [main] INFO  com.zaxxer.hikari.HikariDataSource - metadata_catalogue - Shutdown completed.
2026-08-27 10:50:19 [main] INFO  t.g.io/epos-eric/metadata-database/deploy:main - Creating container for image: ghcr.io/epos-eric/metadata-database/deploy:main
2026-08-27 10:50:19 [main] INFO  t.g.io/epos-eric/metadata-database/deploy:main - Container ghcr.io/epos-eric/metadata-database/deploy:main is starting: ec683d8766d59c485f7d03e789650dc28473aa8f35a5cb70d04d82b3ad1675d6
2026-08-27 10:50:23 [main] INFO  t.g.io/epos-eric/metadata-database/deploy:main - Container ghcr.io/epos-eric/metadata-database/deploy:main started in PT4.320632946S
2026-08-27 10:50:23 [main] INFO  t.g.io/epos-eric/metadata-database/deploy:main - Container is started (JDBC URL: jdbc:postgresql://localhost:33471/cerif?loggerLevel=OFF)
2026-08-27 10:50:23 [main] INFO  com.zaxxer.hikari.HikariDataSource - metadata_catalogue - Starting...
2026-08-27 10:50:23 [main] INFO  com.zaxxer.hikari.pool.HikariPool - metadata_catalogue - Added connection org.postgresql.jdbc.PgConnection@68674144
2026-08-27 10:50:23 [main] INFO  com.zaxxer.hikari.HikariDataSource - metadata_catalogue - Start completed.
2026-08-27 10:50:23 [main] INFO  com.zaxxer.hikari.HikariDataSource - metadata_catalogue - Shutdown initiated...
2026-08-27 10:50:23 [main] INFO  com.zaxxer.hikari.HikariDataSource - metadata_catalogue - Shutdown completed.
2026-08-27 10:50:24 [main] INFO  t.g.io/epos-eric/metadata-database/deploy:main - Creating container for image: ghcr.io/epos-eric/metadata-database/deploy:main
2026-08-27 10:50:24 [main] INFO  t.g.io/epos-eric/metadata-database/deploy:main - Container ghcr.io/epos-eric/metadata-database/deploy:main is starting: 018f2f0b15809935b95b3a88ab91c43a61b605dcc72a1578507d2349f353afec
2026-08-27 10:50:28 [main] INFO  t.g.io/epos-eric/metadata-database/deploy:main - Container ghcr.io/epos-eric/metadata-database/deploy:main started in PT4.345337629S
2026-08-27 10:50:28 [main] INFO  t.g.io/epos-eric/metadata-database/deploy:main - Container is started (JDBC URL: jdbc:postgresql://localhost:33472/cerif?loggerLevel=OFF)
2026-08-27 10:50:28 [main] INFO  com.zaxxer.hikari.HikariDataSource - metadata_catalogue - Starting...
2026-08-27 10:50:28 [main] INFO  com.zaxxer.hikari.pool.HikariPool - metadata_catalogue - Added connection org.postgresql.jdbc.PgConnection@4608876e
2026-08-27 10:50:28 [main] INFO  com.zaxxer.hikari.HikariDataSource - metadata_catalogue - Start completed.
2026-08-27 10:50:28 [main] INFO  com.zaxxer.hikari.HikariDataSource - metadata_catalogue - Shutdown initiated...
2026-08-27 10:50:28 [main] INFO  com.zaxxer.hikari.HikariDataSource - metadata_catalogue - Shutdown completed.
2026-08-27 10:50:28 [main] INFO  t.g.io/epos-eric/metadata-database/deploy:main - Creating container for image: ghcr.io/epos-eric/metadata-database/deploy:main
2026-08-27 10:50:29 [main] INFO  t.g.io/epos-eric/metadata-database/deploy:main - Container ghcr.io/epos-eric/metadata-database/deploy:main is starting: e3730faa09be8cee0607afec305f81540915682a14c708d52435024c98979a9c
2026-08-27 10:50:33 [main] INFO  t.g.io/epos-eric/metadata-database/deploy:main - Container ghcr.io/epos-eric/metadata-database/deploy:main started in PT4.358587484S
2026-08-27 10:50:33 [main] INFO  t.g.io/epos-eric/metadata-database/deploy:main - Container is started (JDBC URL: jdbc:postgresql://localhost:33473/cerif?loggerLevel=OFF)
2026-08-27 10:50:33 [main] INFO  com.zaxxer.hikari.HikariDataSource - metadata_catalogue - Starting...
2026-08-27 10:50:33 [main] INFO  com.zaxxer.hikari.pool.HikariPool - metadata_catalogue - Added connection org.postgresql.jdbc.PgConnection@4153d05
2026-08-27 10:50:33 [main] INFO  com.zaxxer.hikari.HikariDataSource - metadata_catalogue - Start completed.
2026-08-27 10:50:33 [main] INFO  com.zaxxer.hikari.HikariDataSource - metadata_catalogue - Shutdown initiated...
2026-08-27 10:50:33 [main] INFO  com.zaxxer.hikari.HikariDataSource - metadata_catalogue - Shutdown completed.
2026-08-27 10:50:33 [main] INFO  t.g.io/epos-eric/metadata-database/deploy:main - Creating container for image: ghcr.io/epos-eric/metadata-database/deploy:main
2026-08-27 10:50:33 [main] INFO  t.g.io/epos-eric/metadata-database/deploy:main - Container ghcr.io/epos-eric/metadata-database/deploy:main is starting: 865c8a79d2821a90ebcf68dc0a49c8450a7d047f69c3a5416b8220e2662fe7a8
2026-08-27 10:50:38 [main] INFO  t.g.io/epos-eric/metadata-database/deploy:main - Container ghcr.io/epos-eric/metadata-database/deploy:main started in PT4.376465861S
2026-08-27 10:50:38 [main] INFO  t.g.io/epos-eric/metadata-database/deploy:main - Container is started (JDBC URL: jdbc:postgresql://localhost:33474/cerif?loggerLevel=OFF)
2026-08-27 10:50:38 [main] INFO  com.zaxxer.hikari.HikariDataSource - metadata_catalogue - Starting...
2026-08-27 10:50:38 [main] INFO  com.zaxxer.hikari.pool.HikariPool - metadata_catalogue - Added connection org.postgresql.jdbc.PgConnection@2a2f3ec9
2026-08-27 10:50:38 [main] INFO  com.zaxxer.hikari.HikariDataSource - metadata_catalogue - Start completed.
2026-08-27 10:50:38 [main] INFO  com.zaxxer.hikari.HikariDataSource - metadata_catalogue - Shutdown initiated...
2026-08-27 10:50:38 [main] INFO  com.zaxxer.hikari.HikariDataSource - metadata_catalogue - Shutdown completed.
2026-08-27 10:50:38 [main] INFO  t.g.io/epos-eric/metadata-database/deploy:main - Creating container for image: ghcr.io/epos-eric/metadata-database/deploy:main
2026-08-27 10:50:39 [main] INFO  t.g.io/epos-eric/metadata-database/deploy:main - Container ghcr.io/epos-eric/metadata-database/deploy:main is starting: 6aa2e027ef46d269ba59ab7f9d11439dde821ed44ae6d86127497c8eb73b95c2
2026-08-27 10:50:43 [main] INFO  t.g.io/epos-eric/metadata-database/deploy:main - Container ghcr.io/epos-eric/metadata-database/deploy:main started in PT4.236303109S
2026-08-27 10:50:43 [main] INFO  t.g.io/epos-eric/metadata-database/deploy:main - Container is started (JDBC URL: jdbc:postgresql://localhost:33475/cerif?loggerLevel=OFF)
2026-08-27 10:50:43 [main] INFO  com.zaxxer.hikari.HikariDataSource - metadata_catalogue - Starting...
2026-08-27 10:50:43 [main] INFO  com.zaxxer.hikari.pool.HikariPool - metadata_catalogue - Added connection org.postgresql.jdbc.PgConnection@2d2bb545
2026-08-27 10:50:43 [main] INFO  com.zaxxer.hikari.HikariDataSource - metadata_catalogue - Start completed.
2026-08-27 10:50:43 [main] INFO  com.zaxxer.hikari.HikariDataSource - metadata_catalogue - Shutdown initiated...
2026-08-27 10:50:43 [main] INFO  com.zaxxer.hikari.HikariDataSource - metadata_catalogue - Shutdown completed.
2026-08-27 10:50:43 [main] INFO  t.g.io/epos-eric/metadata-database/deploy:main - Creating container for image: ghcr.io/epos-eric/metadata-database/deploy:main
2026-08-27 10:50:43 [main] INFO  t.g.io/epos-eric/metadata-database/deploy:main - Container ghcr.io/epos-eric/metadata-database/deploy:main is starting: 09bf788527ff771ca8eb63f4d0ec924f181aded011d62d9e4e6c5dc4e2e1d299
2026-08-27 10:50:47 [main] INFO  t.g.io/epos-eric/metadata-database/deploy:main - Container ghcr.io/epos-eric/metadata-database/deploy:main started in PT4.079815913S
2026-08-27 10:50:47 [main] INFO  t.g.io/epos-eric/metadata-database/deploy:main - Container is started (JDBC URL: jdbc:postgresql://localhost:33476/cerif?loggerLevel=OFF)
2026-08-27 10:50:47 [main] INFO  com.zaxxer.hikari.HikariDataSource - metadata_catalogue - Starting...
2026-08-27 10:50:47 [main] INFO  com.zaxxer.hikari.pool.HikariPool - metadata_catalogue - Added connection org.postgresql.jdbc.PgConnection@3ef1b8d3
2026-08-27 10:50:47 [main] INFO  com.zaxxer.hikari.HikariDataSource - metadata_catalogue - Start completed.
2026-08-27 10:50:48 [main] INFO  com.zaxxer.hikari.HikariDataSource - metadata_catalogue - Shutdown initiated...
2026-08-27 10:50:48 [main] INFO  com.zaxxer.hikari.HikariDataSource - metadata_catalogue - Shutdown completed.
2026-08-27 10:50:48 [main] INFO  t.g.io/epos-eric/metadata-database/deploy:main - Creating container for image: ghcr.io/epos-eric/metadata-database/deploy:main
2026-08-27 10:50:48 [main] INFO  t.g.io/epos-eric/metadata-database/deploy:main - Container ghcr.io/epos-eric/metadata-database/deploy:main is starting: 3b996f2d0963b65c96c2b8320f5a428594cfab7c2837dc9a1a83a674051e17a5
2026-08-27 10:50:52 [main] INFO  t.g.io/epos-eric/metadata-database/deploy:main - Container ghcr.io/epos-eric/metadata-database/deploy:main started in PT3.755170799S
2026-08-27 10:50:52 [main] INFO  t.g.io/epos-eric/metadata-database/deploy:main - Container is started (JDBC URL: jdbc:postgresql://localhost:33477/cerif?loggerLevel=OFF)
2026-08-27 10:50:52 [main] INFO  com.zaxxer.hikari.HikariDataSource - metadata_catalogue - Starting...
2026-08-27 10:50:52 [main] INFO  com.zaxxer.hikari.pool.HikariPool - metadata_catalogue - Added connection org.postgresql.jdbc.PgConnection@7223fd84
2026-08-27 10:50:52 [main] INFO  com.zaxxer.hikari.HikariDataSource - metadata_catalogue - Start completed.
2026-08-27 10:50:52 [main] INFO  com.zaxxer.hikari.HikariDataSource - metadata_catalogue - Shutdown initiated...
2026-08-27 10:50:52 [main] INFO  com.zaxxer.hikari.HikariDataSource - metadata_catalogue - Shutdown completed.
2026-08-27 10:50:52 [main] INFO  t.g.io/epos-eric/metadata-database/deploy:main - Creating container for image: ghcr.io/epos-eric/metadata-database/deploy:main
2026-08-27 10:50:52 [main] INFO  t.g.io/epos-eric/metadata-database/deploy:main - Container ghcr.io/epos-eric/metadata-database/deploy:main is starting: b8920853bbfea59f15c121b53c8c6a905790dd6a1a9095ad4b16ee62f5ab7e37
2026-08-27 10:50:57 [main] INFO  t.g.io/epos-eric/metadata-database/deploy:main - Container ghcr.io/epos-eric/metadata-database/deploy:main started in PT4.653427839S
2026-08-27 10:50:57 [main] INFO  t.g.io/epos-eric/metadata-database/deploy:main - Container is started (JDBC URL: jdbc:postgresql://localhost:33478/cerif?loggerLevel=OFF)
2026-08-27 10:50:57 [main] INFO  com.zaxxer.hikari.HikariDataSource - metadata_catalogue - Starting...
2026-08-27 10:50:57 [main] INFO  com.zaxxer.hikari.pool.HikariPool - metadata_catalogue - Added connection org.postgresql.jdbc.PgConnection@7d90349a
2026-08-27 10:50:57 [main] INFO  com.zaxxer.hikari.HikariDataSource - metadata_catalogue - Start completed.
2026-08-27 10:50:57 [main] INFO  com.zaxxer.hikari.HikariDataSource - metadata_catalogue - Shutdown initiated...
2026-08-27 10:50:57 [main] INFO  com.zaxxer.hikari.HikariDataSource - metadata_catalogue - Shutdown completed.
2026-08-27 10:50:58 [main] INFO  t.g.io/epos-eric/metadata-database/deploy:main - Creating container for image: ghcr.io/epos-eric/metadata-database/deploy:main
2026-08-27 10:50:58 [main] INFO  t.g.io/epos-eric/metadata-database/deploy:main - Container ghcr.io/epos-eric/metadata-database/deploy:main is starting: 384445f219d75e4b8ed03d4dfc3d719f22a12279fb844a26a0676c4e1648366a
2026-08-27 10:51:02 [main] INFO  t.g.io/epos-eric/metadata-database/deploy:main - Container ghcr.io/epos-eric/metadata-database/deploy:main started in PT4.661537599S
2026-08-27 10:51:02 [main] INFO  t.g.io/epos-eric/metadata-database/deploy:main - Container is started (JDBC URL: jdbc:postgresql://localhost:33479/cerif?loggerLevel=OFF)
2026-08-27 10:51:02 [main] INFO  com.zaxxer.hikari.HikariDataSource - metadata_catalogue - Starting...
2026-08-27 10:51:02 [main] INFO  com.zaxxer.hikari.pool.HikariPool - metadata_catalogue - Added connection org.postgresql.jdbc.PgConnection@34564e35
2026-08-27 10:51:02 [main] INFO  com.zaxxer.hikari.HikariDataSource - metadata_catalogue - Start completed.
2026-08-27 10:51:03 [main] INFO  com.zaxxer.hikari.HikariDataSource - metadata_catalogue - Shutdown initiated...
2026-08-27 10:51:03 [main] INFO  com.zaxxer.hikari.HikariDataSource - metadata_catalogue - Shutdown completed.
2026-08-27 10:51:03 [main] INFO  t.g.io/epos-eric/metadata-database/deploy:main - Creating container for image: ghcr.io/epos-eric/metadata-database/deploy:main
2026-08-27 10:51:03 [main] INFO  t.g.io/epos-eric/metadata-database/deploy:main - Container ghcr.io/epos-eric/metadata-database/deploy:main is starting: 2a91f1fcfd6bdee786a6b2a76daed16391495745b74722ab0bbe6cc193002788
2026-08-27 10:51:07 [main] INFO  t.g.io/epos-eric/metadata-database/deploy:main - Container ghcr.io/epos-eric/metadata-database/deploy:main started in PT3.629434116S
2026-08-27 10:51:07 [main] INFO  t.g.io/epos-eric/metadata-database/deploy:main - Container is started (JDBC URL: jdbc:postgresql://localhost:33480/cerif?loggerLevel=OFF)
2026-08-27 10:51:07 [main] INFO  com.zaxxer.hikari.HikariDataSource - metadata_catalogue - Starting...
2026-08-27 10:51:07 [main] INFO  com.zaxxer.hikari.pool.HikariPool - metadata_catalogue - Added connection org.postgresql.jdbc.PgConnection@2f86dd2e
2026-08-27 10:51:07 [main] INFO  com.zaxxer.hikari.HikariDataSource - metadata_catalogue - Start completed.
2026-08-27 10:51:07 [main] INFO  com.zaxxer.hikari.HikariDataSource - metadata_catalogue - Shutdown initiated...
2026-08-27 10:51:07 [main] INFO  com.zaxxer.hikari.HikariDataSource - metadata_catalogue - Shutdown completed.
2026-08-27 10:51:07 [main] INFO  t.g.io/epos-eric/metadata-database/deploy:main - Creating container for image: ghcr.io/epos-eric/metadata-database/deploy:main
2026-08-27 10:51:07 [main] INFO  t.g.io/epos-eric/metadata-database/deploy:main - Container ghcr.io/epos-eric/metadata-database/deploy:main is starting: e0d92b462b496249aeec6f8c5ed145168a376d43a7057a0cc2d7a4b80453de78
2026-08-27 10:51:11 [main] INFO  t.g.io/epos-eric/metadata-database/deploy:main - Container ghcr.io/epos-eric/metadata-database/deploy:main started in PT3.501902564S
2026-08-27 10:51:11 [main] INFO  t.g.io/epos-eric/metadata-database/deploy:main - Container is started (JDBC URL: jdbc:postgresql://localhost:33481/cerif?loggerLevel=OFF)
2026-08-27 10:51:11 [main] INFO  com.zaxxer.hikari.HikariDataSource - metadata_catalogue - Starting...
2026-08-27 10:51:11 [main] INFO  com.zaxxer.hikari.pool.HikariPool - metadata_catalogue - Added connection org.postgresql.jdbc.PgConnection@44de4aa1
2026-08-27 10:51:11 [main] INFO  com.zaxxer.hikari.HikariDataSource - metadata_catalogue - Start completed.
2026-08-27 10:51:11 [main] INFO  com.zaxxer.hikari.HikariDataSource - metadata_catalogue - Shutdown initiated...
2026-08-27 10:51:11 [main] INFO  com.zaxxer.hikari.HikariDataSource - metadata_catalogue - Shutdown completed.
2026-08-27 10:51:11 [main] INFO  t.g.io/epos-eric/metadata-database/deploy:main - Creating container for image: ghcr.io/epos-eric/metadata-database/deploy:main
2026-08-27 10:51:11 [main] INFO  t.g.io/epos-eric/metadata-database/deploy:main - Container ghcr.io/epos-eric/metadata-database/deploy:main is starting: d366fdca15c22ae4939afc8754c7fdf99275688916ee7de8646eec560a380d8f
2026-08-27 10:51:15 [main] INFO  t.g.io/epos-eric/metadata-database/deploy:main - Container ghcr.io/epos-eric/metadata-database/deploy:main started in PT4.105925981S
2026-08-27 10:51:15 [main] INFO  t.g.io/epos-eric/metadata-database/deploy:main - Container is started (JDBC URL: jdbc:postgresql://localhost:33482/cerif?loggerLevel=OFF)
2026-08-27 10:51:15 [main] INFO  com.zaxxer.hikari.HikariDataSource - metadata_catalogue - Starting...
2026-08-27 10:51:15 [main] INFO  com.zaxxer.hikari.pool.HikariPool - metadata_catalogue - Added connection org.postgresql.jdbc.PgConnection@1b5ba0ca
2026-08-27 10:51:15 [main] INFO  com.zaxxer.hikari.HikariDataSource - metadata_catalogue - Start completed.
2026-08-27 10:51:15 [main] INFO  com.zaxxer.hikari.HikariDataSource - metadata_catalogue - Shutdown initiated...
2026-08-27 10:51:15 [main] INFO  com.zaxxer.hikari.HikariDataSource - metadata_catalogue - Shutdown completed.
2026-08-27 10:51:16 [main] INFO  t.g.io/epos-eric/metadata-database/deploy:main - Creating container for image: ghcr.io/epos-eric/metadata-database/deploy:main
2026-08-27 10:51:16 [main] INFO  t.g.io/epos-eric/metadata-database/deploy:main - Container ghcr.io/epos-eric/metadata-database/deploy:main is starting: c11ee6e604874906b413d9ec1b33095dee617721b0487717596222cb251d1708
2026-08-27 10:51:20 [main] INFO  t.g.io/epos-eric/metadata-database/deploy:main - Container ghcr.io/epos-eric/metadata-database/deploy:main started in PT3.922431866S
2026-08-27 10:51:20 [main] INFO  t.g.io/epos-eric/metadata-database/deploy:main - Container is started (JDBC URL: jdbc:postgresql://localhost:33483/cerif?loggerLevel=OFF)
2026-08-27 10:51:20 [main] INFO  com.zaxxer.hikari.HikariDataSource - metadata_catalogue - Starting...
2026-08-27 10:51:20 [main] INFO  com.zaxxer.hikari.pool.HikariPool - metadata_catalogue - Added connection org.postgresql.jdbc.PgConnection@2bcc8ccd
2026-08-27 10:51:20 [main] INFO  com.zaxxer.hikari.HikariDataSource - metadata_catalogue - Start completed.
2026-08-27 10:51:21 [main] INFO  com.zaxxer.hikari.HikariDataSource - metadata_catalogue - Shutdown initiated...
2026-08-27 10:51:21 [main] INFO  com.zaxxer.hikari.HikariDataSource - metadata_catalogue - Shutdown completed.
2026-08-27 10:51:21 [main] INFO  t.g.io/epos-eric/metadata-database/deploy:main - Creating container for image: ghcr.io/epos-eric/metadata-database/deploy:main
2026-08-27 10:51:21 [main] INFO  t.g.io/epos-eric/metadata-database/deploy:main - Container ghcr.io/epos-eric/metadata-database/deploy:main is starting: d70b1cfe3291d2791699f9f8e3c15336c5b38eca1cebfb4631e7dc7bac57114d
2026-08-27 10:51:25 [main] INFO  t.g.io/epos-eric/metadata-database/deploy:main - Container ghcr.io/epos-eric/metadata-database/deploy:main started in PT3.702099923S
2026-08-27 10:51:25 [main] INFO  t.g.io/epos-eric/metadata-database/deploy:main - Container is started (JDBC URL: jdbc:postgresql://localhost:33484/cerif?loggerLevel=OFF)
2026-08-27 10:51:25 [main] INFO  com.zaxxer.hikari.HikariDataSource - metadata_catalogue - Starting...
2026-08-27 10:51:25 [main] INFO  com.zaxxer.hikari.pool.HikariPool - metadata_catalogue - Added connection org.postgresql.jdbc.PgConnection@707172a8
2026-08-27 10:51:25 [main] INFO  com.zaxxer.hikari.HikariDataSource - metadata_catalogue - Start completed.
2026-08-27 10:51:25 [main] INFO  com.zaxxer.hikari.HikariDataSource - metadata_catalogue - Shutdown initiated...
2026-08-27 10:51:25 [main] INFO  com.zaxxer.hikari.HikariDataSource - metadata_catalogue - Shutdown completed.
2026-08-27 10:51:25 [main] INFO  t.g.io/epos-eric/metadata-database/deploy:main - Creating container for image: ghcr.io/epos-eric/metadata-database/deploy:main
2026-08-27 10:51:26 [main] INFO  t.g.io/epos-eric/metadata-database/deploy:main - Container ghcr.io/epos-eric/metadata-database/deploy:main is starting: 486df87d2bf353880d9008a418d9494989ab9b8247d5511d3415a82102c77e0d
2026-08-27 10:51:30 [main] INFO  t.g.io/epos-eric/metadata-database/deploy:main - Container ghcr.io/epos-eric/metadata-database/deploy:main started in PT4.225800153S
2026-08-27 10:51:30 [main] INFO  t.g.io/epos-eric/metadata-database/deploy:main - Container is started (JDBC URL: jdbc:postgresql://localhost:33485/cerif?loggerLevel=OFF)
2026-08-27 10:51:30 [main] INFO  com.zaxxer.hikari.HikariDataSource - metadata_catalogue - Starting...
2026-08-27 10:51:30 [main] INFO  com.zaxxer.hikari.pool.HikariPool - metadata_catalogue - Added connection org.postgresql.jdbc.PgConnection@4ec91b1c
2026-08-27 10:51:30 [main] INFO  com.zaxxer.hikari.HikariDataSource - metadata_catalogue - Start completed.
2026-08-27 10:51:30 [main] INFO  com.zaxxer.hikari.HikariDataSource - metadata_catalogue - Shutdown initiated...
2026-08-27 10:51:30 [main] INFO  com.zaxxer.hikari.HikariDataSource - metadata_catalogue - Shutdown completed.
2026-08-27 10:51:31 [main] INFO  t.g.io/epos-eric/metadata-database/deploy:main - Creating container for image: ghcr.io/epos-eric/metadata-database/deploy:main
2026-08-27 10:51:31 [main] INFO  t.g.io/epos-eric/metadata-database/deploy:main - Container ghcr.io/epos-eric/metadata-database/deploy:main is starting: bcb41cc936cb16d648b7017722bcb250e1dfcf42e134e808e40d7014e6f18db3
2026-08-27 10:51:35 [main] INFO  t.g.io/epos-eric/metadata-database/deploy:main - Container ghcr.io/epos-eric/metadata-database/deploy:main started in PT4.256368171S
2026-08-27 10:51:35 [main] INFO  t.g.io/epos-eric/metadata-database/deploy:main - Container is started (JDBC URL: jdbc:postgresql://localhost:33486/cerif?loggerLevel=OFF)
2026-08-27 10:51:35 [main] INFO  com.zaxxer.hikari.HikariDataSource - metadata_catalogue - Starting...
2026-08-27 10:51:35 [main] INFO  com.zaxxer.hikari.pool.HikariPool - metadata_catalogue - Added connection org.postgresql.jdbc.PgConnection@6b043bbe
2026-08-27 10:51:35 [main] INFO  com.zaxxer.hikari.HikariDataSource - metadata_catalogue - Start completed.
2026-08-27 10:51:35 [main] INFO  com.zaxxer.hikari.HikariDataSource - metadata_catalogue - Shutdown initiated...
2026-08-27 10:51:35 [main] INFO  com.zaxxer.hikari.HikariDataSource - metadata_catalogue - Shutdown completed.
2026-08-27 10:51:36 [main] INFO  t.g.io/epos-eric/metadata-database/deploy:main - Creating container for image: ghcr.io/epos-eric/metadata-database/deploy:main
2026-08-27 10:51:36 [main] INFO  t.g.io/epos-eric/metadata-database/deploy:main - Container ghcr.io/epos-eric/metadata-database/deploy:main is starting: 4fc82e5ed947dbde1614eac766e075d903a93ade948ba3ce4b74e5a7ed3c76f9
2026-08-27 10:51:39 [main] INFO  t.g.io/epos-eric/metadata-database/deploy:main - Container ghcr.io/epos-eric/metadata-database/deploy:main started in PT3.852002824S
2026-08-27 10:51:39 [main] INFO  t.g.io/epos-eric/metadata-database/deploy:main - Container is started (JDBC URL: jdbc:postgresql://localhost:33487/cerif?loggerLevel=OFF)
2026-08-27 10:51:39 [main] INFO  com.zaxxer.hikari.HikariDataSource - metadata_catalogue - Starting...
2026-08-27 10:51:40 [main] INFO  com.zaxxer.hikari.pool.HikariPool - metadata_catalogue - Added connection org.postgresql.jdbc.PgConnection@2ea2a7c2
2026-08-27 10:51:40 [main] INFO  com.zaxxer.hikari.HikariDataSource - metadata_catalogue - Start completed.
2026-08-27 10:51:40 [main] INFO  com.zaxxer.hikari.HikariDataSource - metadata_catalogue - Shutdown initiated...
2026-08-27 10:51:40 [main] INFO  com.zaxxer.hikari.HikariDataSource - metadata_catalogue - Shutdown completed.
2026-08-27 10:51:40 [main] INFO  t.g.io/epos-eric/metadata-database/deploy:main - Creating container for image: ghcr.io/epos-eric/metadata-database/deploy:main
2026-08-27 10:51:40 [main] INFO  t.g.io/epos-eric/metadata-database/deploy:main - Container ghcr.io/epos-eric/metadata-database/deploy:main is starting: cb25a32a031c2174a3b9a0487811995044201f8c15319647d80debf4c9970a1a
2026-08-27 10:51:44 [main] INFO  t.g.io/epos-eric/metadata-database/deploy:main - Container ghcr.io/epos-eric/metadata-database/deploy:main started in PT3.858974427S
2026-08-27 10:51:44 [main] INFO  t.g.io/epos-eric/metadata-database/deploy:main - Container is started (JDBC URL: jdbc:postgresql://localhost:33488/cerif?loggerLevel=OFF)
2026-08-27 10:51:44 [main] INFO  com.zaxxer.hikari.HikariDataSource - metadata_catalogue - Starting...
2026-08-27 10:51:44 [main] INFO  com.zaxxer.hikari.pool.HikariPool - metadata_catalogue - Added connection org.postgresql.jdbc.PgConnection@624e1774
2026-08-27 10:51:44 [main] INFO  com.zaxxer.hikari.HikariDataSource - metadata_catalogue - Start completed.
2026-08-27 10:51:44 [main] INFO  com.zaxxer.hikari.HikariDataSource - metadata_catalogue - Shutdown initiated...
2026-08-27 10:51:44 [main] INFO  com.zaxxer.hikari.HikariDataSource - metadata_catalogue - Shutdown completed.
2026-08-27 10:51:45 [main] INFO  t.g.io/epos-eric/metadata-database/deploy:main - Creating container for image: ghcr.io/epos-eric/metadata-database/deploy:main
2026-08-27 10:51:45 [main] INFO  t.g.io/epos-eric/metadata-database/deploy:main - Container ghcr.io/epos-eric/metadata-database/deploy:main is starting: 24e202a53cd38b5efd06ec6a04c5e170ced5942fda55a83d685497095ce3d718
2026-08-27 10:51:49 [main] INFO  t.g.io/epos-eric/metadata-database/deploy:main - Container ghcr.io/epos-eric/metadata-database/deploy:main started in PT4.147407517S
2026-08-27 10:51:49 [main] INFO  t.g.io/epos-eric/metadata-database/deploy:main - Container is started (JDBC URL: jdbc:postgresql://localhost:33489/cerif?loggerLevel=OFF)
2026-08-27 10:51:49 [main] INFO  com.zaxxer.hikari.HikariDataSource - metadata_catalogue - Starting...
2026-08-27 10:51:49 [main] INFO  com.zaxxer.hikari.pool.HikariPool - metadata_catalogue - Added connection org.postgresql.jdbc.PgConnection@645ec259
2026-08-27 10:51:49 [main] INFO  com.zaxxer.hikari.HikariDataSource - metadata_catalogue - Start completed.
2026-08-27 10:51:49 [main] INFO  com.zaxxer.hikari.HikariDataSource - metadata_catalogue - Shutdown initiated...
2026-08-27 10:51:49 [main] INFO  com.zaxxer.hikari.HikariDataSource - metadata_catalogue - Shutdown completed.
2026-08-27 10:51:49 [main] INFO  t.g.io/epos-eric/metadata-database/deploy:main - Creating container for image: ghcr.io/epos-eric/metadata-database/deploy:main
2026-08-27 10:51:49 [main] INFO  t.g.io/epos-eric/metadata-database/deploy:main - Container ghcr.io/epos-eric/metadata-database/deploy:main is starting: 490e836b67eee8064a9ed295464b17a5eb66175c3e55b38ef2d87ce973ac2a5d
2026-08-27 10:51:53 [main] INFO  t.g.io/epos-eric/metadata-database/deploy:main - Container ghcr.io/epos-eric/metadata-database/deploy:main started in PT3.847297191S
2026-08-27 10:51:53 [main] INFO  t.g.io/epos-eric/metadata-database/deploy:main - Container is started (JDBC URL: jdbc:postgresql://localhost:33490/cerif?loggerLevel=OFF)
2026-08-27 10:51:53 [main] INFO  com.zaxxer.hikari.HikariDataSource - metadata_catalogue - Starting...
2026-08-27 10:51:53 [main] INFO  com.zaxxer.hikari.pool.HikariPool - metadata_catalogue - Added connection org.postgresql.jdbc.PgConnection@34eef852
2026-08-27 10:51:53 [main] INFO  com.zaxxer.hikari.HikariDataSource - metadata_catalogue - Start completed.
2026-08-27 10:51:53 [main] INFO  com.zaxxer.hikari.HikariDataSource - metadata_catalogue - Shutdown initiated...
2026-08-27 10:51:53 [main] INFO  com.zaxxer.hikari.HikariDataSource - metadata_catalogue - Shutdown completed.
2026-08-27 10:51:54 [main] INFO  t.g.io/epos-eric/metadata-database/deploy:main - Creating container for image: ghcr.io/epos-eric/metadata-database/deploy:main
2026-08-27 10:51:54 [main] INFO  t.g.io/epos-eric/metadata-database/deploy:main - Container ghcr.io/epos-eric/metadata-database/deploy:main is starting: cdc793b06ae1dae67fc6e7f9ac4f08b395220417d6be750c39be6485c58b0ab4
2026-08-27 10:51:57 [main] INFO  t.g.io/epos-eric/metadata-database/deploy:main - Container ghcr.io/epos-eric/metadata-database/deploy:main started in PT3.485925177S
2026-08-27 10:51:57 [main] INFO  t.g.io/epos-eric/metadata-database/deploy:main - Container is started (JDBC URL: jdbc:postgresql://localhost:33491/cerif?loggerLevel=OFF)
2026-08-27 10:51:57 [main] INFO  com.zaxxer.hikari.HikariDataSource - metadata_catalogue - Starting...
2026-08-27 10:51:57 [main] INFO  com.zaxxer.hikari.pool.HikariPool - metadata_catalogue - Added connection org.postgresql.jdbc.PgConnection@67646076
2026-08-27 10:51:57 [main] INFO  com.zaxxer.hikari.HikariDataSource - metadata_catalogue - Start completed.
2026-08-27 10:51:57 [main] INFO  com.zaxxer.hikari.HikariDataSource - metadata_catalogue - Shutdown initiated...
2026-08-27 10:51:57 [main] INFO  com.zaxxer.hikari.HikariDataSource - metadata_catalogue - Shutdown completed.
2026-08-27 10:51:57 [main] INFO  t.g.io/epos-eric/metadata-database/deploy:main - Creating container for image: ghcr.io/epos-eric/metadata-database/deploy:main
2026-08-27 10:51:57 [main] INFO  t.g.io/epos-eric/metadata-database/deploy:main - Container ghcr.io/epos-eric/metadata-database/deploy:main is starting: cd36c048a1018961566fdcbc406147d66bcd94aedf53873904ce23630463f57a
2026-08-27 10:52:02 [main] INFO  t.g.io/epos-eric/metadata-database/deploy:main - Container ghcr.io/epos-eric/metadata-database/deploy:main started in PT4.206864543S
2026-08-27 10:52:02 [main] INFO  t.g.io/epos-eric/metadata-database/deploy:main - Container is started (JDBC URL: jdbc:postgresql://localhost:33492/cerif?loggerLevel=OFF)
2026-08-27 10:52:02 [main] INFO  com.zaxxer.hikari.HikariDataSource - metadata_catalogue - Starting...
2026-08-27 10:52:02 [main] INFO  com.zaxxer.hikari.pool.HikariPool - metadata_catalogue - Added connection org.postgresql.jdbc.PgConnection@422aef1c
2026-08-27 10:52:02 [main] INFO  com.zaxxer.hikari.HikariDataSource - metadata_catalogue - Start completed.
2026-08-27 10:52:02 [main] INFO  com.zaxxer.hikari.HikariDataSource - metadata_catalogue - Shutdown initiated...
2026-08-27 10:52:02 [main] INFO  com.zaxxer.hikari.HikariDataSource - metadata_catalogue - Shutdown completed.
2026-08-27 10:52:02 [main] INFO  t.g.io/epos-eric/metadata-database/deploy:main - Creating container for image: ghcr.io/epos-eric/metadata-database/deploy:main
2026-08-27 10:52:02 [main] INFO  t.g.io/epos-eric/metadata-database/deploy:main - Container ghcr.io/epos-eric/metadata-database/deploy:main is starting: db38d6120d5f7e9028451983b8add1df3312c4f9d5558761cfd9e76e37497ada
2026-08-27 10:52:06 [main] INFO  t.g.io/epos-eric/metadata-database/deploy:main - Container ghcr.io/epos-eric/metadata-database/deploy:main started in PT3.609467938S
2026-08-27 10:52:06 [main] INFO  t.g.io/epos-eric/metadata-database/deploy:main - Container is started (JDBC URL: jdbc:postgresql://localhost:33493/cerif?loggerLevel=OFF)
2026-08-27 10:52:06 [main] INFO  com.zaxxer.hikari.HikariDataSource - metadata_catalogue - Starting...
2026-08-27 10:52:06 [main] INFO  com.zaxxer.hikari.pool.HikariPool - metadata_catalogue - Added connection org.postgresql.jdbc.PgConnection@40eb3261
2026-08-27 10:52:06 [main] INFO  com.zaxxer.hikari.HikariDataSource - metadata_catalogue - Start completed.
2026-08-27 10:52:06 [main] INFO  com.zaxxer.hikari.HikariDataSource - metadata_catalogue - Shutdown initiated...
2026-08-27 10:52:06 [main] INFO  com.zaxxer.hikari.HikariDataSource - metadata_catalogue - Shutdown completed.
2026-08-27 10:52:07 [main] INFO  t.g.io/epos-eric/metadata-database/deploy:main - Creating container for image: ghcr.io/epos-eric/metadata-database/deploy:main
2026-08-27 10:52:07 [main] INFO  t.g.io/epos-eric/metadata-database/deploy:main - Container ghcr.io/epos-eric/metadata-database/deploy:main is starting: 79fe88ac5ef92bcc2970435c710d3feeb194922efd6e2761c6e4228de8a5c600
2026-08-27 10:52:11 [main] INFO  t.g.io/epos-eric/metadata-database/deploy:main - Container ghcr.io/epos-eric/metadata-database/deploy:main started in PT4.714547788S
2026-08-27 10:52:11 [main] INFO  t.g.io/epos-eric/metadata-database/deploy:main - Container is started (JDBC URL: jdbc:postgresql://localhost:33494/cerif?loggerLevel=OFF)
2026-08-27 10:52:11 [main] INFO  com.zaxxer.hikari.HikariDataSource - metadata_catalogue - Starting...
2026-08-27 10:52:11 [main] INFO  com.zaxxer.hikari.pool.HikariPool - metadata_catalogue - Added connection org.postgresql.jdbc.PgConnection@46868cea
2026-08-27 10:52:11 [main] INFO  com.zaxxer.hikari.HikariDataSource - metadata_catalogue - Start completed.
2026-08-27 10:52:12 [main] INFO  com.zaxxer.hikari.HikariDataSource - metadata_catalogue - Shutdown initiated...
2026-08-27 10:52:12 [main] INFO  com.zaxxer.hikari.HikariDataSource - metadata_catalogue - Shutdown completed.
2026-08-27 10:52:12 [main] INFO  t.g.io/epos-eric/metadata-database/deploy:main - Creating container for image: ghcr.io/epos-eric/metadata-database/deploy:main
2026-08-27 10:52:12 [main] INFO  t.g.io/epos-eric/metadata-database/deploy:main - Container ghcr.io/epos-eric/metadata-database/deploy:main is starting: 013879abe5fe3701cab150208d9accaa5ab5c8e05f86088716b8830ad2ba1408
2026-08-27 10:52:16 [main] INFO  t.g.io/epos-eric/metadata-database/deploy:main - Container ghcr.io/epos-eric/metadata-database/deploy:main started in PT4.12619946S
2026-08-27 10:52:16 [main] INFO  t.g.io/epos-eric/metadata-database/deploy:main - Container is started (JDBC URL: jdbc:postgresql://localhost:33495/cerif?loggerLevel=OFF)
2026-08-27 10:52:16 [main] INFO  com.zaxxer.hikari.HikariDataSource - metadata_catalogue - Starting...
2026-08-27 10:52:16 [main] INFO  com.zaxxer.hikari.pool.HikariPool - metadata_catalogue - Added connection org.postgresql.jdbc.PgConnection@18a04f34
2026-08-27 10:52:16 [main] INFO  com.zaxxer.hikari.HikariDataSource - metadata_catalogue - Start completed.
2026-08-27 10:52:16 [main] INFO  com.zaxxer.hikari.HikariDataSource - metadata_catalogue - Shutdown initiated...
2026-08-27 10:52:16 [main] INFO  com.zaxxer.hikari.HikariDataSource - metadata_catalogue - Shutdown completed.
2026-08-27 10:52:17 [main] INFO  t.g.io/epos-eric/metadata-database/deploy:main - Creating container for image: ghcr.io/epos-eric/metadata-database/deploy:main
2026-08-27 10:52:17 [main] INFO  t.g.io/epos-eric/metadata-database/deploy:main - Container ghcr.io/epos-eric/metadata-database/deploy:main is starting: 2118b11ffb2daac08674d27bd4e2aae001c2da7158211180e0f1a5cdb77c8613
2026-08-27 10:52:21 [main] INFO  t.g.io/epos-eric/metadata-database/deploy:main - Container ghcr.io/epos-eric/metadata-database/deploy:main started in PT4.323258009S
2026-08-27 10:52:21 [main] INFO  t.g.io/epos-eric/metadata-database/deploy:main - Container is started (JDBC URL: jdbc:postgresql://localhost:33496/cerif?loggerLevel=OFF)
2026-08-27 10:52:21 [main] INFO  com.zaxxer.hikari.HikariDataSource - metadata_catalogue - Starting...
2026-08-27 10:52:21 [main] INFO  com.zaxxer.hikari.pool.HikariPool - metadata_catalogue - Added connection org.postgresql.jdbc.PgConnection@47546f1f
2026-08-27 10:52:21 [main] INFO  com.zaxxer.hikari.HikariDataSource - metadata_catalogue - Start completed.
2026-08-27 10:52:21 [main] INFO  com.zaxxer.hikari.HikariDataSource - metadata_catalogue - Shutdown initiated...
2026-08-27 10:52:21 [main] INFO  com.zaxxer.hikari.HikariDataSource - metadata_catalogue - Shutdown completed.
2026-08-27 10:52:22 [main] INFO  t.g.io/epos-eric/metadata-database/deploy:main - Creating container for image: ghcr.io/epos-eric/metadata-database/deploy:main
2026-08-27 10:52:22 [main] INFO  t.g.io/epos-eric/metadata-database/deploy:main - Container ghcr.io/epos-eric/metadata-database/deploy:main is starting: 78e66c53e1a1dfcbaa1572675492d3a1187bb03435b11c1e738997e51dc4ef5b
2026-08-27 10:52:25 [main] INFO  t.g.io/epos-eric/metadata-database/deploy:main - Container ghcr.io/epos-eric/metadata-database/deploy:main started in PT3.710061565S
2026-08-27 10:52:25 [main] INFO  t.g.io/epos-eric/metadata-database/deploy:main - Container is started (JDBC URL: jdbc:postgresql://localhost:33497/cerif?loggerLevel=OFF)
2026-08-27 10:52:25 [main] INFO  com.zaxxer.hikari.HikariDataSource - metadata_catalogue - Starting...
2026-08-27 10:52:25 [main] INFO  com.zaxxer.hikari.pool.HikariPool - metadata_catalogue - Added connection org.postgresql.jdbc.PgConnection@1d65e6c0
2026-08-27 10:52:25 [main] INFO  com.zaxxer.hikari.HikariDataSource - metadata_catalogue - Start completed.
2026-08-27 10:52:25 [main] INFO  com.zaxxer.hikari.HikariDataSource - metadata_catalogue - Shutdown initiated...
2026-08-27 10:52:25 [main] INFO  com.zaxxer.hikari.HikariDataSource - metadata_catalogue - Shutdown completed.
2026-08-27 10:52:26 [main] INFO  t.g.io/epos-eric/metadata-database/deploy:main - Creating container for image: ghcr.io/epos-eric/metadata-database/deploy:main
2026-08-27 10:52:26 [main] INFO  t.g.io/epos-eric/metadata-database/deploy:main - Container ghcr.io/epos-eric/metadata-database/deploy:main is starting: 1c098903420db8a9739c1ab89982501f8c6c14d687eec1cd48ba18f69a0a8846
2026-08-27 10:52:29 [main] INFO  t.g.io/epos-eric/metadata-database/deploy:main - Container ghcr.io/epos-eric/metadata-database/deploy:main started in PT3.548264497S
2026-08-27 10:52:29 [main] INFO  t.g.io/epos-eric/metadata-database/deploy:main - Container is started (JDBC URL: jdbc:postgresql://localhost:33498/cerif?loggerLevel=OFF)
2026-08-27 10:52:29 [main] INFO  com.zaxxer.hikari.HikariDataSource - metadata_catalogue - Starting...
2026-08-27 10:52:29 [main] INFO  com.zaxxer.hikari.pool.HikariPool - metadata_catalogue - Added connection org.postgresql.jdbc.PgConnection@6f42f729
2026-08-27 10:52:29 [main] INFO  com.zaxxer.hikari.HikariDataSource - metadata_catalogue - Start completed.
2026-08-27 10:52:30 [main] INFO  com.zaxxer.hikari.HikariDataSource - metadata_catalogue - Shutdown initiated...
2026-08-27 10:52:30 [main] INFO  com.zaxxer.hikari.HikariDataSource - metadata_catalogue - Shutdown completed.
2026-08-27 10:52:31 [main] INFO  t.g.io/epos-eric/metadata-database/deploy:main - Creating container for image: ghcr.io/epos-eric/metadata-database/deploy:main
2026-08-27 10:52:31 [main] INFO  t.g.io/epos-eric/metadata-database/deploy:main - Container ghcr.io/epos-eric/metadata-database/deploy:main is starting: cb6de5e69d32cd4e43958d67b1f8e4fd207a8598399d0b3d404737d15096b3a8
2026-08-27 10:52:35 [main] INFO  t.g.io/epos-eric/metadata-database/deploy:main - Container ghcr.io/epos-eric/metadata-database/deploy:main started in PT3.949453187S
2026-08-27 10:52:35 [main] INFO  t.g.io/epos-eric/metadata-database/deploy:main - Container is started (JDBC URL: jdbc:postgresql://localhost:33499/cerif?loggerLevel=OFF)
2026-08-27 10:52:35 [main] INFO  com.zaxxer.hikari.HikariDataSource - metadata_catalogue - Starting...
2026-08-27 10:52:35 [main] INFO  com.zaxxer.hikari.pool.HikariPool - metadata_catalogue - Added connection org.postgresql.jdbc.PgConnection@4a0559ea
2026-08-27 10:52:35 [main] INFO  com.zaxxer.hikari.HikariDataSource - metadata_catalogue - Start completed.
2026-08-27 10:52:35 [main] INFO  com.zaxxer.hikari.HikariDataSource - metadata_catalogue - Shutdown initiated...
2026-08-27 10:52:35 [main] INFO  com.zaxxer.hikari.HikariDataSource - metadata_catalogue - Shutdown completed.
2026-08-27 10:52:35 [main] INFO  t.g.io/epos-eric/metadata-database/deploy:main - Creating container for image: ghcr.io/epos-eric/metadata-database/deploy:main
2026-08-27 10:52:35 [main] INFO  t.g.io/epos-eric/metadata-database/deploy:main - Container ghcr.io/epos-eric/metadata-database/deploy:main is starting: 8d4d20d46bad88e30ed67641f2d264f7db7621cdd9324c18b56a5f680ae848bf
2026-08-27 10:52:40 [main] INFO  t.g.io/epos-eric/metadata-database/deploy:main - Container ghcr.io/epos-eric/metadata-database/deploy:main started in PT4.40376076S
2026-08-27 10:52:40 [main] INFO  t.g.io/epos-eric/metadata-database/deploy:main - Container is started (JDBC URL: jdbc:postgresql://localhost:33500/cerif?loggerLevel=OFF)
2026-08-27 10:52:40 [main] INFO  com.zaxxer.hikari.HikariDataSource - metadata_catalogue - Starting...
2026-08-27 10:52:40 [main] INFO  com.zaxxer.hikari.pool.HikariPool - metadata_catalogue - Added connection org.postgresql.jdbc.PgConnection@2e64c64a
2026-08-27 10:52:40 [main] INFO  com.zaxxer.hikari.HikariDataSource - metadata_catalogue - Start completed.
2026-08-27 10:52:40 [main] INFO  com.zaxxer.hikari.HikariDataSource - metadata_catalogue - Shutdown initiated...
2026-08-27 10:52:40 [main] INFO  com.zaxxer.hikari.HikariDataSource - metadata_catalogue - Shutdown completed.
2026-08-27 10:52:40 [main] INFO  t.g.io/epos-eric/metadata-database/deploy:main - Creating container for image: ghcr.io/epos-eric/metadata-database/deploy:main
2026-08-27 10:52:40 [main] INFO  t.g.io/epos-eric/metadata-database/deploy:main - Container ghcr.io/epos-eric/metadata-database/deploy:main is starting: ecb5a4fab4377845a60c2cef11406b407dc7ac976d0e34bc902c2776eaf52ab4
2026-08-27 10:52:44 [main] INFO  t.g.io/epos-eric/metadata-database/deploy:main - Container ghcr.io/epos-eric/metadata-database/deploy:main started in PT4.200075997S
2026-08-27 10:52:44 [main] INFO  t.g.io/epos-eric/metadata-database/deploy:main - Container is started (JDBC URL: jdbc:postgresql://localhost:33501/cerif?loggerLevel=OFF)
2026-08-27 10:52:44 [main] INFO  com.zaxxer.hikari.HikariDataSource - metadata_catalogue - Starting...
2026-08-27 10:52:44 [main] INFO  com.zaxxer.hikari.pool.HikariPool - metadata_catalogue - Added connection org.postgresql.jdbc.PgConnection@67a7b2a8
2026-08-27 10:52:44 [main] INFO  com.zaxxer.hikari.HikariDataSource - metadata_catalogue - Start completed.
2026-08-27 10:52:45 [main] INFO  com.zaxxer.hikari.HikariDataSource - metadata_catalogue - Shutdown initiated...
2026-08-27 10:52:45 [main] INFO  com.zaxxer.hikari.HikariDataSource - metadata_catalogue - Shutdown completed.
2026-08-27 10:52:45 [main] INFO  t.g.io/epos-eric/metadata-database/deploy:main - Creating container for image: ghcr.io/epos-eric/metadata-database/deploy:main
2026-08-27 10:52:45 [main] INFO  t.g.io/epos-eric/metadata-database/deploy:main - Container ghcr.io/epos-eric/metadata-database/deploy:main is starting: 5ed921841133e03a98c51b60cb73841ee7a4a346bb7223dc50977bcd103ce409
2026-08-27 10:52:50 [main] INFO  t.g.io/epos-eric/metadata-database/deploy:main - Container ghcr.io/epos-eric/metadata-database/deploy:main started in PT4.474389816S
2026-08-27 10:52:50 [main] INFO  t.g.io/epos-eric/metadata-database/deploy:main - Container is started (JDBC URL: jdbc:postgresql://localhost:33502/cerif?loggerLevel=OFF)
2026-08-27 10:52:50 [main] INFO  com.zaxxer.hikari.HikariDataSource - metadata_catalogue - Starting...
2026-08-27 10:52:50 [main] INFO  com.zaxxer.hikari.pool.HikariPool - metadata_catalogue - Added connection org.postgresql.jdbc.PgConnection@7d01e701
2026-08-27 10:52:50 [main] INFO  com.zaxxer.hikari.HikariDataSource - metadata_catalogue - Start completed.
2026-08-27 10:52:50 [main] INFO  com.zaxxer.hikari.HikariDataSource - metadata_catalogue - Shutdown initiated...
2026-08-27 10:52:50 [main] INFO  com.zaxxer.hikari.HikariDataSource - metadata_catalogue - Shutdown completed.
2026-08-27 10:52:50 [main] INFO  t.g.io/epos-eric/metadata-database/deploy:main - Creating container for image: ghcr.io/epos-eric/metadata-database/deploy:main
2026-08-27 10:52:50 [main] INFO  t.g.io/epos-eric/metadata-database/deploy:main - Container ghcr.io/epos-eric/metadata-database/deploy:main is starting: 59bd6dee4185895e9dcd7be7250574e6c4a2c86273b5719d0b89abf4a0ed2366
2026-08-27 10:52:54 [main] INFO  t.g.io/epos-eric/metadata-database/deploy:main - Container ghcr.io/epos-eric/metadata-database/deploy:main started in PT3.695636639S
2026-08-27 10:52:54 [main] INFO  t.g.io/epos-eric/metadata-database/deploy:main - Container is started (JDBC URL: jdbc:postgresql://localhost:33503/cerif?loggerLevel=OFF)
2026-08-27 10:52:54 [main] INFO  com.zaxxer.hikari.HikariDataSource - metadata_catalogue - Starting...
2026-08-27 10:52:54 [main] INFO  com.zaxxer.hikari.pool.HikariPool - metadata_catalogue - Added connection org.postgresql.jdbc.PgConnection@64637fee
2026-08-27 10:52:54 [main] INFO  com.zaxxer.hikari.HikariDataSource - metadata_catalogue - Start completed.
2026-08-27 10:52:54 [main] INFO  com.zaxxer.hikari.HikariDataSource - metadata_catalogue - Shutdown initiated...
2026-08-27 10:52:54 [main] INFO  com.zaxxer.hikari.HikariDataSource - metadata_catalogue - Shutdown completed.
2026-08-27 10:52:55 [main] INFO  t.g.io/epos-eric/metadata-database/deploy:main - Creating container for image: ghcr.io/epos-eric/metadata-database/deploy:main
2026-08-27 10:52:55 [main] INFO  t.g.io/epos-eric/metadata-database/deploy:main - Container ghcr.io/epos-eric/metadata-database/deploy:main is starting: 2b094a652b920e58c6c2df17d0e8d1fcc4484903af582f2ad3bcd4fc6ff3be22
2026-08-27 10:52:59 [main] INFO  t.g.io/epos-eric/metadata-database/deploy:main - Container ghcr.io/epos-eric/metadata-database/deploy:main started in PT4.407883452S
2026-08-27 10:52:59 [main] INFO  t.g.io/epos-eric/metadata-database/deploy:main - Container is started (JDBC URL: jdbc:postgresql://localhost:33504/cerif?loggerLevel=OFF)
2026-08-27 10:52:59 [main] INFO  com.zaxxer.hikari.HikariDataSource - metadata_catalogue - Starting...
2026-08-27 10:52:59 [main] INFO  com.zaxxer.hikari.pool.HikariPool - metadata_catalogue - Added connection org.postgresql.jdbc.PgConnection@766d04dd
2026-08-27 10:52:59 [main] INFO  com.zaxxer.hikari.HikariDataSource - metadata_catalogue - Start completed.
2026-08-27 10:52:59 [main] INFO  com.zaxxer.hikari.HikariDataSource - metadata_catalogue - Shutdown initiated...
2026-08-27 10:52:59 [main] INFO  com.zaxxer.hikari.HikariDataSource - metadata_catalogue - Shutdown completed.
2026-08-27 10:53:00 [main] INFO  t.g.io/epos-eric/metadata-database/deploy:main - Creating container for image: ghcr.io/epos-eric/metadata-database/deploy:main
2026-08-27 10:53:00 [main] INFO  t.g.io/epos-eric/metadata-database/deploy:main - Container ghcr.io/epos-eric/metadata-database/deploy:main is starting: 1dfb455469901ad2f7d2c26e578843b6a1cd5f7ecaf889cd11d3337034d93d1d
2026-08-27 10:53:04 [main] INFO  t.g.io/epos-eric/metadata-database/deploy:main - Container ghcr.io/epos-eric/metadata-database/deploy:main started in PT3.855719552S
2026-08-27 10:53:04 [main] INFO  t.g.io/epos-eric/metadata-database/deploy:main - Container is started (JDBC URL: jdbc:postgresql://localhost:33505/cerif?loggerLevel=OFF)
2026-08-27 10:53:04 [main] INFO  com.zaxxer.hikari.HikariDataSource - metadata_catalogue - Starting...
2026-08-27 10:53:04 [main] INFO  com.zaxxer.hikari.pool.HikariPool - metadata_catalogue - Added connection org.postgresql.jdbc.PgConnection@77164ff3
2026-08-27 10:53:04 [main] INFO  com.zaxxer.hikari.HikariDataSource - metadata_catalogue - Start completed.
2026-08-27 10:53:05 [main] INFO  com.zaxxer.hikari.HikariDataSource - metadata_catalogue - Shutdown initiated...
2026-08-27 10:53:05 [main] INFO  com.zaxxer.hikari.HikariDataSource - metadata_catalogue - Shutdown completed.
2026-08-27 10:53:05 [main] INFO  t.g.io/epos-eric/metadata-database/deploy:main - Creating container for image: ghcr.io/epos-eric/metadata-database/deploy:main
2026-08-27 10:53:05 [main] INFO  t.g.io/epos-eric/metadata-database/deploy:main - Container ghcr.io/epos-eric/metadata-database/deploy:main is starting: 6a49d5fdcfff100f9eb4d10e466446eaf658f0eba5436100e2185ec00b473e60
2026-08-27 10:53:09 [main] INFO  t.g.io/epos-eric/metadata-database/deploy:main - Container ghcr.io/epos-eric/metadata-database/deploy:main started in PT3.957464947S
2026-08-27 10:53:09 [main] INFO  t.g.io/epos-eric/metadata-database/deploy:main - Container is started (JDBC URL: jdbc:postgresql://localhost:33506/cerif?loggerLevel=OFF)
2026-08-27 10:53:09 [main] INFO  com.zaxxer.hikari.HikariDataSource - metadata_catalogue - Starting...
2026-08-27 10:53:09 [main] INFO  com.zaxxer.hikari.pool.HikariPool - metadata_catalogue - Added connection org.postgresql.jdbc.PgConnection@535e38eb
2026-08-27 10:53:09 [main] INFO  com.zaxxer.hikari.HikariDataSource - metadata_catalogue - Start completed.
2026-08-27 10:53:09 [main] INFO  com.zaxxer.hikari.HikariDataSource - metadata_catalogue - Shutdown initiated...
2026-08-27 10:53:09 [main] INFO  com.zaxxer.hikari.HikariDataSource - metadata_catalogue - Shutdown completed.
2026-08-27 10:53:10 [main] INFO  t.g.io/epos-eric/metadata-database/deploy:main - Creating container for image: ghcr.io/epos-eric/metadata-database/deploy:main
2026-08-27 10:53:10 [main] INFO  t.g.io/epos-eric/metadata-database/deploy:main - Container ghcr.io/epos-eric/metadata-database/deploy:main is starting: 28301af36e4a0c17c0259d23017c26faa4f82fc57e5a642209923607cd53b7aa
2026-08-27 10:53:14 [main] INFO  t.g.io/epos-eric/metadata-database/deploy:main - Container ghcr.io/epos-eric/metadata-database/deploy:main started in PT4.615523459S
2026-08-27 10:53:14 [main] INFO  t.g.io/epos-eric/metadata-database/deploy:main - Container is started (JDBC URL: jdbc:postgresql://localhost:33507/cerif?loggerLevel=OFF)
2026-08-27 10:53:14 [main] INFO  com.zaxxer.hikari.HikariDataSource - metadata_catalogue - Starting...
2026-08-27 10:53:14 [main] INFO  com.zaxxer.hikari.pool.HikariPool - metadata_catalogue - Added connection org.postgresql.jdbc.PgConnection@716a6c3a
2026-08-27 10:53:14 [main] INFO  com.zaxxer.hikari.HikariDataSource - metadata_catalogue - Start completed.
2026-08-27 10:53:14 [main] INFO  com.zaxxer.hikari.HikariDataSource - metadata_catalogue - Shutdown initiated...
2026-08-27 10:53:14 [main] INFO  com.zaxxer.hikari.HikariDataSource - metadata_catalogue - Shutdown completed.
2026-08-27 10:53:15 [main] INFO  t.g.io/epos-eric/metadata-database/deploy:main - Creating container for image: ghcr.io/epos-eric/metadata-database/deploy:main
2026-08-27 10:53:15 [main] INFO  t.g.io/epos-eric/metadata-database/deploy:main - Container ghcr.io/epos-eric/metadata-database/deploy:main is starting: 49982b9acd004b1adb1d81a7d202e3fe7ea7b36cddf992a38042f0f0af82828b
2026-08-27 10:53:18 [main] INFO  t.g.io/epos-eric/metadata-database/deploy:main - Container ghcr.io/epos-eric/metadata-database/deploy:main started in PT3.707494411S
2026-08-27 10:53:18 [main] INFO  t.g.io/epos-eric/metadata-database/deploy:main - Container is started (JDBC URL: jdbc:postgresql://localhost:33508/cerif?loggerLevel=OFF)
2026-08-27 10:53:18 [main] INFO  com.zaxxer.hikari.HikariDataSource - metadata_catalogue - Starting...
2026-08-27 10:53:18 [main] INFO  com.zaxxer.hikari.pool.HikariPool - metadata_catalogue - Added connection org.postgresql.jdbc.PgConnection@5a9056db
2026-08-27 10:53:18 [main] INFO  com.zaxxer.hikari.HikariDataSource - metadata_catalogue - Start completed.
2026-08-27 10:53:19 [main] INFO  com.zaxxer.hikari.HikariDataSource - metadata_catalogue - Shutdown initiated...
2026-08-27 10:53:19 [main] INFO  com.zaxxer.hikari.HikariDataSource - metadata_catalogue - Shutdown completed.
2026-08-27 10:53:19 [main] INFO  t.g.io/epos-eric/metadata-database/deploy:main - Creating container for image: ghcr.io/epos-eric/metadata-database/deploy:main
2026-08-27 10:53:19 [main] INFO  t.g.io/epos-eric/metadata-database/deploy:main - Container ghcr.io/epos-eric/metadata-database/deploy:main is starting: 2a57e40cd3122824f1ce00a8de7a5e511b13b499fe6edd10f94ef005bb1b5e6c
2026-08-27 10:53:23 [main] INFO  t.g.io/epos-eric/metadata-database/deploy:main - Container ghcr.io/epos-eric/metadata-database/deploy:main started in PT3.787540115S
2026-08-27 10:53:23 [main] INFO  t.g.io/epos-eric/metadata-database/deploy:main - Container is started (JDBC URL: jdbc:postgresql://localhost:33509/cerif?loggerLevel=OFF)
2026-08-27 10:53:23 [main] INFO  com.zaxxer.hikari.HikariDataSource - metadata_catalogue - Starting...
2026-08-27 10:53:23 [main] INFO  com.zaxxer.hikari.pool.HikariPool - metadata_catalogue - Added connection org.postgresql.jdbc.PgConnection@306ae6a3
2026-08-27 10:53:23 [main] INFO  com.zaxxer.hikari.HikariDataSource - metadata_catalogue - Start completed.
2026-08-27 10:53:26 [main] INFO  com.zaxxer.hikari.HikariDataSource - metadata_catalogue - Shutdown initiated...
2026-08-27 10:53:26 [main] INFO  com.zaxxer.hikari.HikariDataSource - metadata_catalogue - Shutdown completed.
2026-08-27 10:53:27 [main] INFO  t.g.io/epos-eric/metadata-database/deploy:main - Creating container for image: ghcr.io/epos-eric/metadata-database/deploy:main
2026-08-27 10:53:27 [main] INFO  t.g.io/epos-eric/metadata-database/deploy:main - Container ghcr.io/epos-eric/metadata-database/deploy:main is starting: 23451c985e03e741f05ec8e0a5d7fe4302e42bf7fb74493d5a58a46157e3cea7
2026-08-27 10:53:32 [main] INFO  t.g.io/epos-eric/metadata-database/deploy:main - Container ghcr.io/epos-eric/metadata-database/deploy:main started in PT4.674018461S
2026-08-27 10:53:32 [main] INFO  t.g.io/epos-eric/metadata-database/deploy:main - Container is started (JDBC URL: jdbc:postgresql://localhost:33510/cerif?loggerLevel=OFF)
2026-08-27 10:53:32 [main] INFO  com.zaxxer.hikari.HikariDataSource - metadata_catalogue - Starting...
2026-08-27 10:53:32 [main] INFO  com.zaxxer.hikari.pool.HikariPool - metadata_catalogue - Added connection org.postgresql.jdbc.PgConnection@2ca85a23
2026-08-27 10:53:32 [main] INFO  com.zaxxer.hikari.HikariDataSource - metadata_catalogue - Start completed.
2026-08-27 10:53:32 [main] INFO  com.zaxxer.hikari.HikariDataSource - metadata_catalogue - Shutdown initiated...
2026-08-27 10:53:32 [main] INFO  com.zaxxer.hikari.HikariDataSource - metadata_catalogue - Shutdown completed.
2026-08-27 10:53:32 [main] INFO  t.g.io/epos-eric/metadata-database/deploy:main - Creating container for image: ghcr.io/epos-eric/metadata-database/deploy:main
2026-08-27 10:53:32 [main] INFO  t.g.io/epos-eric/metadata-database/deploy:main - Container ghcr.io/epos-eric/metadata-database/deploy:main is starting: 19fd882bfb7d610861dac2fda06a06028ff1d62bdd9e76061d2cab1d917e104b
2026-08-27 10:53:36 [main] INFO  t.g.io/epos-eric/metadata-database/deploy:main - Container ghcr.io/epos-eric/metadata-database/deploy:main started in PT4.083032435S
2026-08-27 10:53:36 [main] INFO  t.g.io/epos-eric/metadata-database/deploy:main - Container is started (JDBC URL: jdbc:postgresql://localhost:33511/cerif?loggerLevel=OFF)
2026-08-27 10:53:36 [main] INFO  com.zaxxer.hikari.HikariDataSource - metadata_catalogue - Starting...
2026-08-27 10:53:36 [main] INFO  com.zaxxer.hikari.pool.HikariPool - metadata_catalogue - Added connection org.postgresql.jdbc.PgConnection@31aae9ba
2026-08-27 10:53:36 [main] INFO  com.zaxxer.hikari.HikariDataSource - metadata_catalogue - Start completed.
2026-08-27 10:53:36 [main] INFO  com.zaxxer.hikari.HikariDataSource - metadata_catalogue - Shutdown initiated...
2026-08-27 10:53:36 [main] INFO  com.zaxxer.hikari.HikariDataSource - metadata_catalogue - Shutdown completed.
2026-08-27 10:53:36 [main] INFO  t.g.io/epos-eric/metadata-database/deploy:main - Creating container for image: ghcr.io/epos-eric/metadata-database/deploy:main
2026-08-27 10:53:37 [main] INFO  t.g.io/epos-eric/metadata-database/deploy:main - Container ghcr.io/epos-eric/metadata-database/deploy:main is starting: 4a7aa4189af70924e4e0183498e6676935f6e989aa2298a7abf8f8c997a1c924
2026-08-27 10:53:40 [main] INFO  t.g.io/epos-eric/metadata-database/deploy:main - Container ghcr.io/epos-eric/metadata-database/deploy:main started in PT3.485075021S
2026-08-27 10:53:40 [main] INFO  t.g.io/epos-eric/metadata-database/deploy:main - Container is started (JDBC URL: jdbc:postgresql://localhost:33512/cerif?loggerLevel=OFF)
2026-08-27 10:53:40 [main] INFO  com.zaxxer.hikari.HikariDataSource - metadata_catalogue - Starting...
2026-08-27 10:53:40 [main] INFO  com.zaxxer.hikari.pool.HikariPool - metadata_catalogue - Added connection org.postgresql.jdbc.PgConnection@2fc79f6e
2026-08-27 10:53:40 [main] INFO  com.zaxxer.hikari.HikariDataSource - metadata_catalogue - Start completed.
2026-08-27 10:53:40 [main] INFO  com.zaxxer.hikari.HikariDataSource - metadata_catalogue - Shutdown initiated...
2026-08-27 10:53:40 [main] INFO  com.zaxxer.hikari.HikariDataSource - metadata_catalogue - Shutdown completed.
2026-08-27 10:53:40 [main] INFO  t.g.io/epos-eric/metadata-database/deploy:main - Creating container for image: ghcr.io/epos-eric/metadata-database/deploy:main
2026-08-27 10:53:40 [main] INFO  t.g.io/epos-eric/metadata-database/deploy:main - Container ghcr.io/epos-eric/metadata-database/deploy:main is starting: 3700e7909e54bf1d42fee68f54f20e5f6759ac63b31996dcb44dd782d86372bf
2026-08-27 10:53:44 [main] INFO  t.g.io/epos-eric/metadata-database/deploy:main - Container ghcr.io/epos-eric/metadata-database/deploy:main started in PT4.064643326S
2026-08-27 10:53:44 [main] INFO  t.g.io/epos-eric/metadata-database/deploy:main - Container is started (JDBC URL: jdbc:postgresql://localhost:33513/cerif?loggerLevel=OFF)
2026-08-27 10:53:44 [main] INFO  com.zaxxer.hikari.HikariDataSource - metadata_catalogue - Starting...
2026-08-27 10:53:44 [main] INFO  com.zaxxer.hikari.pool.HikariPool - metadata_catalogue - Added connection org.postgresql.jdbc.PgConnection@4ccfe51a
2026-08-27 10:53:44 [main] INFO  com.zaxxer.hikari.HikariDataSource - metadata_catalogue - Start completed.
2026-08-27 10:53:54 [main] INFO  com.zaxxer.hikari.HikariDataSource - metadata_catalogue - Shutdown initiated...
2026-08-27 10:53:54 [main] INFO  com.zaxxer.hikari.HikariDataSource - metadata_catalogue - Shutdown completed.
2026-08-27 10:53:55 [main] INFO  t.g.io/epos-eric/metadata-database/deploy:main - Creating container for image: ghcr.io/epos-eric/metadata-database/deploy:main
2026-08-27 10:53:55 [main] INFO  t.g.io/epos-eric/metadata-database/deploy:main - Container ghcr.io/epos-eric/metadata-database/deploy:main is starting: 81b69d65f3b9b5c28fae2df3961d15d3e86f1fcb5148744a13ad8480e1c63f0d
2026-08-27 10:53:59 [main] INFO  t.g.io/epos-eric/metadata-database/deploy:main - Container ghcr.io/epos-eric/metadata-database/deploy:main started in PT4.255938905S
2026-08-27 10:53:59 [main] INFO  t.g.io/epos-eric/metadata-database/deploy:main - Container is started (JDBC URL: jdbc:postgresql://localhost:33514/cerif?loggerLevel=OFF)
2026-08-27 10:53:59 [main] INFO  com.zaxxer.hikari.HikariDataSource - metadata_catalogue - Starting...
2026-08-27 10:53:59 [main] INFO  com.zaxxer.hikari.pool.HikariPool - metadata_catalogue - Added connection org.postgresql.jdbc.PgConnection@2ebeba92
2026-08-27 10:53:59 [main] INFO  com.zaxxer.hikari.HikariDataSource - metadata_catalogue - Start completed.
2026-08-27 10:53:59 [main] INFO  com.zaxxer.hikari.HikariDataSource - metadata_catalogue - Shutdown initiated...
2026-08-27 10:53:59 [main] INFO  com.zaxxer.hikari.HikariDataSource - metadata_catalogue - Shutdown completed.
2026-08-27 10:54:00 [main] INFO  t.g.io/epos-eric/metadata-database/deploy:main - Creating container for image: ghcr.io/epos-eric/metadata-database/deploy:main
2026-08-27 10:54:00 [main] INFO  t.g.io/epos-eric/metadata-database/deploy:main - Container ghcr.io/epos-eric/metadata-database/deploy:main is starting: 8ae50a35ccad7a7e95b292ef33e68035406fc49dde609311e606d618466de17d
2026-08-27 10:54:04 [main] INFO  t.g.io/epos-eric/metadata-database/deploy:main - Container ghcr.io/epos-eric/metadata-database/deploy:main started in PT4.21837913S
2026-08-27 10:54:04 [main] INFO  t.g.io/epos-eric/metadata-database/deploy:main - Container is started (JDBC URL: jdbc:postgresql://localhost:33515/cerif?loggerLevel=OFF)
2026-08-27 10:54:04 [main] INFO  com.zaxxer.hikari.HikariDataSource - metadata_catalogue - Starting...
2026-08-27 10:54:04 [main] INFO  com.zaxxer.hikari.pool.HikariPool - metadata_catalogue - Added connection org.postgresql.jdbc.PgConnection@b6db631
2026-08-27 10:54:04 [main] INFO  com.zaxxer.hikari.HikariDataSource - metadata_catalogue - Start completed.
2026-08-27 10:54:06 [main] INFO  com.zaxxer.hikari.HikariDataSource - metadata_catalogue - Shutdown initiated...
2026-08-27 10:54:06 [main] INFO  com.zaxxer.hikari.HikariDataSource - metadata_catalogue - Shutdown completed.
2026-08-27 10:54:06 [main] INFO  t.g.io/epos-eric/metadata-database/deploy:main - Creating container for image: ghcr.io/epos-eric/metadata-database/deploy:main
2026-08-27 10:54:06 [main] INFO  t.g.io/epos-eric/metadata-database/deploy:main - Container ghcr.io/epos-eric/metadata-database/deploy:main is starting: d2a593a54a1608e7dd2102e640ea7676c0ed544f8a788f861ec8d34f12d184e9
2026-08-27 10:54:10 [main] INFO  t.g.io/epos-eric/metadata-database/deploy:main - Container ghcr.io/epos-eric/metadata-database/deploy:main started in PT4.088315229S
2026-08-27 10:54:10 [main] INFO  t.g.io/epos-eric/metadata-database/deploy:main - Container is started (JDBC URL: jdbc:postgresql://localhost:33516/cerif?loggerLevel=OFF)
2026-08-27 10:54:10 [main] INFO  com.zaxxer.hikari.HikariDataSource - metadata_catalogue - Starting...
2026-08-27 10:54:10 [main] INFO  com.zaxxer.hikari.pool.HikariPool - metadata_catalogue - Added connection org.postgresql.jdbc.PgConnection@561ba949
2026-08-27 10:54:10 [main] INFO  com.zaxxer.hikari.HikariDataSource - metadata_catalogue - Start completed.
2026-08-27 10:54:10 [main] INFO  com.zaxxer.hikari.HikariDataSource - metadata_catalogue - Shutdown initiated...
2026-08-27 10:54:10 [main] INFO  com.zaxxer.hikari.HikariDataSource - metadata_catalogue - Shutdown completed.
2026-08-27 10:54:11 [main] INFO  t.g.io/epos-eric/metadata-database/deploy:main - Creating container for image: ghcr.io/epos-eric/metadata-database/deploy:main
2026-08-27 10:54:11 [main] INFO  t.g.io/epos-eric/metadata-database/deploy:main - Container ghcr.io/epos-eric/metadata-database/deploy:main is starting: c973f43668b91c1a47cc9e91e5d25e19f58a2ab137ff4c045b3850b1520012cc
2026-08-27 10:54:16 [main] INFO  t.g.io/epos-eric/metadata-database/deploy:main - Container ghcr.io/epos-eric/metadata-database/deploy:main started in PT4.940807524S
2026-08-27 10:54:16 [main] INFO  t.g.io/epos-eric/metadata-database/deploy:main - Container is started (JDBC URL: jdbc:postgresql://localhost:33517/cerif?loggerLevel=OFF)
2026-08-27 10:54:16 [main] INFO  com.zaxxer.hikari.HikariDataSource - metadata_catalogue - Starting...
2026-08-27 10:54:16 [main] INFO  com.zaxxer.hikari.pool.HikariPool - metadata_catalogue - Added connection org.postgresql.jdbc.PgConnection@3d9256cc
2026-08-27 10:54:16 [main] INFO  com.zaxxer.hikari.HikariDataSource - metadata_catalogue - Start completed.
2026-08-27 10:54:16 [main] INFO  com.zaxxer.hikari.HikariDataSource - metadata_catalogue - Shutdown initiated...
2026-08-27 10:54:16 [main] INFO  com.zaxxer.hikari.HikariDataSource - metadata_catalogue - Shutdown completed.
2026-08-27 10:54:16 [main] INFO  t.g.io/epos-eric/metadata-database/deploy:main - Creating container for image: ghcr.io/epos-eric/metadata-database/deploy:main
2026-08-27 10:54:16 [main] INFO  t.g.io/epos-eric/metadata-database/deploy:main - Container ghcr.io/epos-eric/metadata-database/deploy:main is starting: 6ca81f503940b95c8793367cc5bf7ffcbb1f6be4a8a884d15fb77cd18040e423
2026-08-27 10:54:20 [main] INFO  t.g.io/epos-eric/metadata-database/deploy:main - Container ghcr.io/epos-eric/metadata-database/deploy:main started in PT3.499283635S
2026-08-27 10:54:20 [main] INFO  t.g.io/epos-eric/metadata-database/deploy:main - Container is started (JDBC URL: jdbc:postgresql://localhost:33518/cerif?loggerLevel=OFF)
2026-08-27 10:54:20 [main] INFO  com.zaxxer.hikari.HikariDataSource - metadata_catalogue - Starting...
2026-08-27 10:54:20 [main] INFO  com.zaxxer.hikari.pool.HikariPool - metadata_catalogue - Added connection org.postgresql.jdbc.PgConnection@76ae986
2026-08-27 10:54:20 [main] INFO  com.zaxxer.hikari.HikariDataSource - metadata_catalogue - Start completed.
2026-08-27 10:54:20 [main] INFO  com.zaxxer.hikari.HikariDataSource - metadata_catalogue - Shutdown initiated...
2026-08-27 10:54:20 [main] INFO  com.zaxxer.hikari.HikariDataSource - metadata_catalogue - Shutdown completed.
2026-08-27 10:54:20 [main] INFO  t.g.io/epos-eric/metadata-database/deploy:main - Creating container for image: ghcr.io/epos-eric/metadata-database/deploy:main
2026-08-27 10:54:20 [main] INFO  t.g.io/epos-eric/metadata-database/deploy:main - Container ghcr.io/epos-eric/metadata-database/deploy:main is starting: 52a131e4c40ea8f27fb2e2b3e67c72d11541ed304b02580a2b832db3d59c353e
2026-08-27 10:54:24 [main] INFO  t.g.io/epos-eric/metadata-database/deploy:main - Container ghcr.io/epos-eric/metadata-database/deploy:main started in PT3.89988843S
2026-08-27 10:54:24 [main] INFO  t.g.io/epos-eric/metadata-database/deploy:main - Container is started (JDBC URL: jdbc:postgresql://localhost:33519/cerif?loggerLevel=OFF)
2026-08-27 10:54:24 [main] INFO  com.zaxxer.hikari.HikariDataSource - metadata_catalogue - Starting...
2026-08-27 10:54:24 [main] INFO  com.zaxxer.hikari.pool.HikariPool - metadata_catalogue - Added connection org.postgresql.jdbc.PgConnection@4698ccad
2026-08-27 10:54:24 [main] INFO  com.zaxxer.hikari.HikariDataSource - metadata_catalogue - Start completed.
2026-08-27 10:54:24 [main] INFO  com.zaxxer.hikari.HikariDataSource - metadata_catalogue - Shutdown initiated...
2026-08-27 10:54:24 [main] INFO  com.zaxxer.hikari.HikariDataSource - metadata_catalogue - Shutdown completed.
2026-08-27 10:54:25 [main] INFO  t.g.io/epos-eric/metadata-database/deploy:main - Creating container for image: ghcr.io/epos-eric/metadata-database/deploy:main
2026-08-27 10:54:25 [main] INFO  t.g.io/epos-eric/metadata-database/deploy:main - Container ghcr.io/epos-eric/metadata-database/deploy:main is starting: 5d301a05796dd9ae58bf1599c8650b3641fc1b7ae40afb9eac0a224ed904ba4d
2026-08-27 10:54:29 [main] INFO  t.g.io/epos-eric/metadata-database/deploy:main - Container ghcr.io/epos-eric/metadata-database/deploy:main started in PT4.193512976S
2026-08-27 10:54:29 [main] INFO  t.g.io/epos-eric/metadata-database/deploy:main - Container is started (JDBC URL: jdbc:postgresql://localhost:33520/cerif?loggerLevel=OFF)
2026-08-27 10:54:29 [main] INFO  com.zaxxer.hikari.HikariDataSource - metadata_catalogue - Starting...
2026-08-27 10:54:29 [main] INFO  com.zaxxer.hikari.pool.HikariPool - metadata_catalogue - Added connection org.postgresql.jdbc.PgConnection@5ffec2e5
2026-08-27 10:54:29 [main] INFO  com.zaxxer.hikari.HikariDataSource - metadata_catalogue - Start completed.
2026-08-27 10:54:29 [main] INFO  com.zaxxer.hikari.HikariDataSource - metadata_catalogue - Shutdown initiated...
2026-08-27 10:54:29 [main] INFO  com.zaxxer.hikari.HikariDataSource - metadata_catalogue - Shutdown completed.
2026-08-27 10:54:30 [main] INFO  t.g.io/epos-eric/metadata-database/deploy:main - Creating container for image: ghcr.io/epos-eric/metadata-database/deploy:main
2026-08-27 10:54:30 [main] INFO  t.g.io/epos-eric/metadata-database/deploy:main - Container ghcr.io/epos-eric/metadata-database/deploy:main is starting: 0b544c7a2265c54382777157caf46255b1415ded0776e0d5fbb3ba5a46e9da2c
2026-08-27 10:54:33 [main] INFO  t.g.io/epos-eric/metadata-database/deploy:main - Container ghcr.io/epos-eric/metadata-database/deploy:main started in PT3.620085332S
2026-08-27 10:54:33 [main] INFO  t.g.io/epos-eric/metadata-database/deploy:main - Container is started (JDBC URL: jdbc:postgresql://localhost:33521/cerif?loggerLevel=OFF)
2026-08-27 10:54:33 [main] INFO  com.zaxxer.hikari.HikariDataSource - metadata_catalogue - Starting...
2026-08-27 10:54:33 [main] INFO  com.zaxxer.hikari.pool.HikariPool - metadata_catalogue - Added connection org.postgresql.jdbc.PgConnection@6a60af20
2026-08-27 10:54:33 [main] INFO  com.zaxxer.hikari.HikariDataSource - metadata_catalogue - Start completed.
2026-08-27 10:54:33 [main] INFO  com.zaxxer.hikari.HikariDataSource - metadata_catalogue - Shutdown initiated...
2026-08-27 10:54:33 [main] INFO  com.zaxxer.hikari.HikariDataSource - metadata_catalogue - Shutdown completed.
2026-08-27 10:54:34 [main] INFO  t.g.io/epos-eric/metadata-database/deploy:main - Creating container for image: ghcr.io/epos-eric/metadata-database/deploy:main
2026-08-27 10:54:34 [main] INFO  t.g.io/epos-eric/metadata-database/deploy:main - Container ghcr.io/epos-eric/metadata-database/deploy:main is starting: 603b8fdfd619a0eca1705fda482a62e276af213cdab1504c6ec15b5200522ff2
2026-08-27 10:54:38 [main] INFO  t.g.io/epos-eric/metadata-database/deploy:main - Container ghcr.io/epos-eric/metadata-database/deploy:main started in PT3.887383916S
2026-08-27 10:54:38 [main] INFO  t.g.io/epos-eric/metadata-database/deploy:main - Container is started (JDBC URL: jdbc:postgresql://localhost:33522/cerif?loggerLevel=OFF)
2026-08-27 10:54:38 [main] INFO  com.zaxxer.hikari.HikariDataSource - metadata_catalogue - Starting...
2026-08-27 10:54:38 [main] INFO  com.zaxxer.hikari.pool.HikariPool - metadata_catalogue - Added connection org.postgresql.jdbc.PgConnection@3565e30b
2026-08-27 10:54:38 [main] INFO  com.zaxxer.hikari.HikariDataSource - metadata_catalogue - Start completed.
2026-08-27 10:54:38 [main] INFO  com.zaxxer.hikari.HikariDataSource - metadata_catalogue - Shutdown initiated...
2026-08-27 10:54:38 [main] INFO  com.zaxxer.hikari.HikariDataSource - metadata_catalogue - Shutdown completed.
2026-08-27 10:54:38 [main] INFO  t.g.io/epos-eric/metadata-database/deploy:main - Creating container for image: ghcr.io/epos-eric/metadata-database/deploy:main
2026-08-27 10:54:38 [main] INFO  t.g.io/epos-eric/metadata-database/deploy:main - Container ghcr.io/epos-eric/metadata-database/deploy:main is starting: a36ed90518c4a9d3374232985f14aec27ae7a3fe6bf81df09b7c90abe9a52434
2026-08-27 10:54:43 [main] INFO  t.g.io/epos-eric/metadata-database/deploy:main - Container ghcr.io/epos-eric/metadata-database/deploy:main started in PT4.466054038S
2026-08-27 10:54:43 [main] INFO  t.g.io/epos-eric/metadata-database/deploy:main - Container is started (JDBC URL: jdbc:postgresql://localhost:33523/cerif?loggerLevel=OFF)
2026-08-27 10:54:43 [main] INFO  com.zaxxer.hikari.HikariDataSource - metadata_catalogue - Starting...
2026-08-27 10:54:43 [main] INFO  com.zaxxer.hikari.pool.HikariPool - metadata_catalogue - Added connection org.postgresql.jdbc.PgConnection@1d3e1753
2026-08-27 10:54:43 [main] INFO  com.zaxxer.hikari.HikariDataSource - metadata_catalogue - Start completed.
2026-08-27 10:54:43 [main] INFO  com.zaxxer.hikari.HikariDataSource - metadata_catalogue - Shutdown initiated...
2026-08-27 10:54:43 [main] INFO  com.zaxxer.hikari.HikariDataSource - metadata_catalogue - Shutdown completed.
2026-08-27 10:54:44 [main] INFO  t.g.io/epos-eric/metadata-database/deploy:main - Creating container for image: ghcr.io/epos-eric/metadata-database/deploy:main
2026-08-27 10:54:44 [main] INFO  t.g.io/epos-eric/metadata-database/deploy:main - Container ghcr.io/epos-eric/metadata-database/deploy:main is starting: fd11ed420dbb8ea9a98ae8cc89056bb203cb3ccc6d8d62d3b8df2426c581df3e
2026-08-27 10:54:48 [main] INFO  t.g.io/epos-eric/metadata-database/deploy:main - Container ghcr.io/epos-eric/metadata-database/deploy:main started in PT4.350707767S
2026-08-27 10:54:48 [main] INFO  t.g.io/epos-eric/metadata-database/deploy:main - Container is started (JDBC URL: jdbc:postgresql://localhost:33524/cerif?loggerLevel=OFF)
2026-08-27 10:54:48 [main] INFO  com.zaxxer.hikari.HikariDataSource - metadata_catalogue - Starting...
2026-08-27 10:54:48 [main] INFO  com.zaxxer.hikari.pool.HikariPool - metadata_catalogue - Added connection org.postgresql.jdbc.PgConnection@31643f1c
2026-08-27 10:54:48 [main] INFO  com.zaxxer.hikari.HikariDataSource - metadata_catalogue - Start completed.
2026-08-27 10:54:48 [main] INFO  com.zaxxer.hikari.HikariDataSource - metadata_catalogue - Shutdown initiated...
2026-08-27 10:54:48 [main] INFO  com.zaxxer.hikari.HikariDataSource - metadata_catalogue - Shutdown completed.
2026-08-27 10:54:48 [main] INFO  t.g.io/epos-eric/metadata-database/deploy:main - Creating container for image: ghcr.io/epos-eric/metadata-database/deploy:main
2026-08-27 10:54:49 [main] INFO  t.g.io/epos-eric/metadata-database/deploy:main - Container ghcr.io/epos-eric/metadata-database/deploy:main is starting: 441cf82151076ba89ccc82ff1bcd757d75c76efee6613f2f71a6d64d24869330
2026-08-27 10:54:52 [main] INFO  t.g.io/epos-eric/metadata-database/deploy:main - Container ghcr.io/epos-eric/metadata-database/deploy:main started in PT3.937787946S
2026-08-27 10:54:52 [main] INFO  t.g.io/epos-eric/metadata-database/deploy:main - Container is started (JDBC URL: jdbc:postgresql://localhost:33525/cerif?loggerLevel=OFF)
2026-08-27 10:54:52 [main] INFO  com.zaxxer.hikari.HikariDataSource - metadata_catalogue - Starting...
2026-08-27 10:54:52 [main] INFO  com.zaxxer.hikari.pool.HikariPool - metadata_catalogue - Added connection org.postgresql.jdbc.PgConnection@731bae90
2026-08-27 10:54:52 [main] INFO  com.zaxxer.hikari.HikariDataSource - metadata_catalogue - Start completed.
2026-08-27 10:54:53 [main] INFO  com.zaxxer.hikari.HikariDataSource - metadata_catalogue - Shutdown initiated...
2026-08-27 10:54:53 [main] INFO  com.zaxxer.hikari.HikariDataSource - metadata_catalogue - Shutdown completed.
2026-08-27 10:54:53 [main] INFO  t.g.io/epos-eric/metadata-database/deploy:main - Creating container for image: ghcr.io/epos-eric/metadata-database/deploy:main
2026-08-27 10:54:53 [main] INFO  t.g.io/epos-eric/metadata-database/deploy:main - Container ghcr.io/epos-eric/metadata-database/deploy:main is starting: 665572323da85fe6aa5d4cf8fc058a6a7f83428dc3c2287250a9f0b8b6d0bf50
2026-08-27 10:54:58 [main] INFO  t.g.io/epos-eric/metadata-database/deploy:main - Container ghcr.io/epos-eric/metadata-database/deploy:main started in PT4.600970372S
2026-08-27 10:54:58 [main] INFO  t.g.io/epos-eric/metadata-database/deploy:main - Container is started (JDBC URL: jdbc:postgresql://localhost:33526/cerif?loggerLevel=OFF)
2026-08-27 10:54:58 [main] INFO  com.zaxxer.hikari.HikariDataSource - metadata_catalogue - Starting...
2026-08-27 10:54:58 [main] INFO  com.zaxxer.hikari.pool.HikariPool - metadata_catalogue - Added connection org.postgresql.jdbc.PgConnection@46ceecfd
2026-08-27 10:54:58 [main] INFO  com.zaxxer.hikari.HikariDataSource - metadata_catalogue - Start completed.
2026-08-27 10:54:58 [main] INFO  com.zaxxer.hikari.HikariDataSource - metadata_catalogue - Shutdown initiated...
2026-08-27 10:54:58 [main] INFO  com.zaxxer.hikari.HikariDataSource - metadata_catalogue - Shutdown completed.
2026-08-27 10:54:59 [main] INFO  t.g.io/epos-eric/metadata-database/deploy:main - Creating container for image: ghcr.io/epos-eric/metadata-database/deploy:main
2026-08-27 10:54:59 [main] INFO  t.g.io/epos-eric/metadata-database/deploy:main - Container ghcr.io/epos-eric/metadata-database/deploy:main is starting: 2dc62780451a614f4b6ef14ee7c5c1bef73847cf05cf8b89ce5564efb5b88935
2026-08-27 10:55:04 [main] INFO  t.g.io/epos-eric/metadata-database/deploy:main - Container ghcr.io/epos-eric/metadata-database/deploy:main started in PT4.999678263S
2026-08-27 10:55:04 [main] INFO  t.g.io/epos-eric/metadata-database/deploy:main - Container is started (JDBC URL: jdbc:postgresql://localhost:33527/cerif?loggerLevel=OFF)
2026-08-27 10:55:04 [main] INFO  com.zaxxer.hikari.HikariDataSource - metadata_catalogue - Starting...
2026-08-27 10:55:04 [main] INFO  com.zaxxer.hikari.pool.HikariPool - metadata_catalogue - Added connection org.postgresql.jdbc.PgConnection@655879ac
2026-08-27 10:55:04 [main] INFO  com.zaxxer.hikari.HikariDataSource - metadata_catalogue - Start completed.
2026-08-27 10:55:04 [main] INFO  com.zaxxer.hikari.HikariDataSource - metadata_catalogue - Shutdown initiated...
2026-08-27 10:55:04 [main] INFO  com.zaxxer.hikari.HikariDataSource - metadata_catalogue - Shutdown completed.
2026-08-27 10:55:05 [main] INFO  t.g.io/epos-eric/metadata-database/deploy:main - Creating container for image: ghcr.io/epos-eric/metadata-database/deploy:main
2026-08-27 10:55:05 [main] INFO  t.g.io/epos-eric/metadata-database/deploy:main - Container ghcr.io/epos-eric/metadata-database/deploy:main is starting: d7afea651d756eb8a98157440e8c794d7e4dbdbbc7a20e9f5f9e3f068be36990
2026-08-27 10:55:09 [main] INFO  t.g.io/epos-eric/metadata-database/deploy:main - Container ghcr.io/epos-eric/metadata-database/deploy:main started in PT3.956959252S
2026-08-27 10:55:09 [main] INFO  t.g.io/epos-eric/metadata-database/deploy:main - Container is started (JDBC URL: jdbc:postgresql://localhost:33528/cerif?loggerLevel=OFF)
2026-08-27 10:55:09 [main] INFO  com.zaxxer.hikari.HikariDataSource - metadata_catalogue - Starting...
2026-08-27 10:55:09 [main] INFO  com.zaxxer.hikari.pool.HikariPool - metadata_catalogue - Added connection org.postgresql.jdbc.PgConnection@5671f37d
2026-08-27 10:55:09 [main] INFO  com.zaxxer.hikari.HikariDataSource - metadata_catalogue - Start completed.
2026-08-27 10:55:09 [main] INFO  com.zaxxer.hikari.HikariDataSource - metadata_catalogue - Shutdown initiated...
2026-08-27 10:55:09 [main] INFO  com.zaxxer.hikari.HikariDataSource - metadata_catalogue - Shutdown completed.
2026-08-27 10:55:09 [main] INFO  t.g.io/epos-eric/metadata-database/deploy:main - Creating container for image: ghcr.io/epos-eric/metadata-database/deploy:main
2026-08-27 10:55:09 [main] INFO  t.g.io/epos-eric/metadata-database/deploy:main - Container ghcr.io/epos-eric/metadata-database/deploy:main is starting: c6773812e975e93301dca5d611ec1ab75fa4ea63c0f1b062d59c7543f31beea9
2026-08-27 10:55:13 [main] INFO  t.g.io/epos-eric/metadata-database/deploy:main - Container ghcr.io/epos-eric/metadata-database/deploy:main started in PT4.241764844S
2026-08-27 10:55:13 [main] INFO  t.g.io/epos-eric/metadata-database/deploy:main - Container is started (JDBC URL: jdbc:postgresql://localhost:33529/cerif?loggerLevel=OFF)
2026-08-27 10:55:13 [main] INFO  com.zaxxer.hikari.HikariDataSource - metadata_catalogue - Starting...
2026-08-27 10:55:13 [main] INFO  com.zaxxer.hikari.pool.HikariPool - metadata_catalogue - Added connection org.postgresql.jdbc.PgConnection@5050ba12
2026-08-27 10:55:13 [main] INFO  com.zaxxer.hikari.HikariDataSource - metadata_catalogue - Start completed.
2026-08-27 10:55:15 [main] INFO  com.zaxxer.hikari.HikariDataSource - metadata_catalogue - Shutdown initiated...
2026-08-27 10:55:15 [main] INFO  com.zaxxer.hikari.HikariDataSource - metadata_catalogue - Shutdown completed.
2026-08-27 10:55:15 [main] INFO  t.g.io/epos-eric/metadata-database/deploy:main - Creating container for image: ghcr.io/epos-eric/metadata-database/deploy:main
2026-08-27 10:55:15 [main] INFO  t.g.io/epos-eric/metadata-database/deploy:main - Container ghcr.io/epos-eric/metadata-database/deploy:main is starting: 5a9be36dd520888e6b072c55ce7bad3c05337857b201f195ed26598d798f5ebe
2026-08-27 10:55:20 [main] INFO  t.g.io/epos-eric/metadata-database/deploy:main - Container ghcr.io/epos-eric/metadata-database/deploy:main started in PT4.602524588S
2026-08-27 10:55:20 [main] INFO  t.g.io/epos-eric/metadata-database/deploy:main - Container is started (JDBC URL: jdbc:postgresql://localhost:33530/cerif?loggerLevel=OFF)
2026-08-27 10:55:20 [main] INFO  com.zaxxer.hikari.HikariDataSource - metadata_catalogue - Starting...
2026-08-27 10:55:20 [main] INFO  com.zaxxer.hikari.pool.HikariPool - metadata_catalogue - Added connection org.postgresql.jdbc.PgConnection@748d435e
2026-08-27 10:55:20 [main] INFO  com.zaxxer.hikari.HikariDataSource - metadata_catalogue - Start completed.
2026-08-27 10:55:20 [main] INFO  com.zaxxer.hikari.HikariDataSource - metadata_catalogue - Shutdown initiated...
2026-08-27 10:55:20 [main] INFO  com.zaxxer.hikari.HikariDataSource - metadata_catalogue - Shutdown completed.
2026-08-27 10:55:20 [main] INFO  t.g.io/epos-eric/metadata-database/deploy:main - Creating container for image: ghcr.io/epos-eric/metadata-database/deploy:main
2026-08-27 10:55:21 [main] INFO  t.g.io/epos-eric/metadata-database/deploy:main - Container ghcr.io/epos-eric/metadata-database/deploy:main is starting: 943b93b0436a9255f47a5b8118b2cce3483e294de8b20b4fafbc630b193c8d75
2026-08-27 10:55:24 [main] INFO  t.g.io/epos-eric/metadata-database/deploy:main - Container ghcr.io/epos-eric/metadata-database/deploy:main started in PT4.224137725S
2026-08-27 10:55:24 [main] INFO  t.g.io/epos-eric/metadata-database/deploy:main - Container is started (JDBC URL: jdbc:postgresql://localhost:33531/cerif?loggerLevel=OFF)
2026-08-27 10:55:24 [main] INFO  com.zaxxer.hikari.HikariDataSource - metadata_catalogue - Starting...
2026-08-27 10:55:24 [main] INFO  com.zaxxer.hikari.pool.HikariPool - metadata_catalogue - Added connection org.postgresql.jdbc.PgConnection@43a19c89
2026-08-27 10:55:24 [main] INFO  com.zaxxer.hikari.HikariDataSource - metadata_catalogue - Start completed.
2026-08-27 10:55:25 [main] INFO  com.zaxxer.hikari.HikariDataSource - metadata_catalogue - Shutdown initiated...
2026-08-27 10:55:25 [main] INFO  com.zaxxer.hikari.HikariDataSource - metadata_catalogue - Shutdown completed.
2026-08-27 10:55:25 [main] INFO  t.g.io/epos-eric/metadata-database/deploy:main - Creating container for image: ghcr.io/epos-eric/metadata-database/deploy:main
2026-08-27 10:55:26 [main] INFO  t.g.io/epos-eric/metadata-database/deploy:main - Container ghcr.io/epos-eric/metadata-database/deploy:main is starting: d6c186e31c3db32eefc3b8a976bdea7dbc165ba4c44eb67f4632d0c1734ff1b0
2026-08-27 10:55:29 [main] INFO  t.g.io/epos-eric/metadata-database/deploy:main - Container ghcr.io/epos-eric/metadata-database/deploy:main started in PT4.051918853S
2026-08-27 10:55:29 [main] INFO  t.g.io/epos-eric/metadata-database/deploy:main - Container is started (JDBC URL: jdbc:postgresql://localhost:33532/cerif?loggerLevel=OFF)
2026-08-27 10:55:29 [main] INFO  com.zaxxer.hikari.HikariDataSource - metadata_catalogue - Starting...
2026-08-27 10:55:29 [main] INFO  com.zaxxer.hikari.pool.HikariPool - metadata_catalogue - Added connection org.postgresql.jdbc.PgConnection@4c1b447a
2026-08-27 10:55:29 [main] INFO  com.zaxxer.hikari.HikariDataSource - metadata_catalogue - Start completed.
2026-08-27 10:55:30 [main] INFO  com.zaxxer.hikari.HikariDataSource - metadata_catalogue - Shutdown initiated...
2026-08-27 10:55:30 [main] INFO  com.zaxxer.hikari.HikariDataSource - metadata_catalogue - Shutdown completed.
2026-08-27 10:55:31 [main] INFO  t.g.io/epos-eric/metadata-database/deploy:main - Creating container for image: ghcr.io/epos-eric/metadata-database/deploy:main
2026-08-27 10:55:31 [main] INFO  t.g.io/epos-eric/metadata-database/deploy:main - Container ghcr.io/epos-eric/metadata-database/deploy:main is starting: 596b15e06508b21505c2c00d32a1fb4839747730f2f4bb1ed8d6ff83baf7bf54
2026-08-27 10:55:36 [main] INFO  t.g.io/epos-eric/metadata-database/deploy:main - Container ghcr.io/epos-eric/metadata-database/deploy:main started in PT5.029179857S
2026-08-27 10:55:36 [main] INFO  t.g.io/epos-eric/metadata-database/deploy:main - Container is started (JDBC URL: jdbc:postgresql://localhost:33533/cerif?loggerLevel=OFF)
2026-08-27 10:55:36 [main] INFO  com.zaxxer.hikari.HikariDataSource - metadata_catalogue - Starting...
2026-08-27 10:55:36 [main] INFO  com.zaxxer.hikari.pool.HikariPool - metadata_catalogue - Added connection org.postgresql.jdbc.PgConnection@189ce1ad
2026-08-27 10:55:36 [main] INFO  com.zaxxer.hikari.HikariDataSource - metadata_catalogue - Start completed.
2026-08-27 10:55:36 [main] INFO  com.zaxxer.hikari.HikariDataSource - metadata_catalogue - Shutdown initiated...
2026-08-27 10:55:36 [main] INFO  com.zaxxer.hikari.HikariDataSource - metadata_catalogue - Shutdown completed.
2026-08-27 10:55:36 [main] INFO  t.g.io/epos-eric/metadata-database/deploy:main - Creating container for image: ghcr.io/epos-eric/metadata-database/deploy:main
2026-08-27 10:55:36 [main] INFO  t.g.io/epos-eric/metadata-database/deploy:main - Container ghcr.io/epos-eric/metadata-database/deploy:main is starting: a44b1b3f1903eab2c2657dee31de3c2269ec0c2fe3361be007edd6e18b38ce3f
2026-08-27 10:55:40 [main] INFO  t.g.io/epos-eric/metadata-database/deploy:main - Container ghcr.io/epos-eric/metadata-database/deploy:main started in PT3.489232755S
2026-08-27 10:55:40 [main] INFO  t.g.io/epos-eric/metadata-database/deploy:main - Container is started (JDBC URL: jdbc:postgresql://localhost:33534/cerif?loggerLevel=OFF)
2026-08-27 10:55:40 [main] INFO  com.zaxxer.hikari.HikariDataSource - metadata_catalogue - Starting...
2026-08-27 10:55:40 [main] INFO  com.zaxxer.hikari.pool.HikariPool - metadata_catalogue - Added connection org.postgresql.jdbc.PgConnection@7880e0e1
2026-08-27 10:55:40 [main] INFO  com.zaxxer.hikari.HikariDataSource - metadata_catalogue - Start completed.
2026-08-27 10:55:40 [main] INFO  com.zaxxer.hikari.HikariDataSource - metadata_catalogue - Shutdown initiated...
2026-08-27 10:55:40 [main] INFO  com.zaxxer.hikari.HikariDataSource - metadata_catalogue - Shutdown completed.
2026-08-27 10:55:40 [main] INFO  t.g.io/epos-eric/metadata-database/deploy:main - Creating container for image: ghcr.io/epos-eric/metadata-database/deploy:main
2026-08-27 10:55:40 [main] INFO  t.g.io/epos-eric/metadata-database/deploy:main - Container ghcr.io/epos-eric/metadata-database/deploy:main is starting: bbd2908126cfe48b90ab16795149d83f767ac49894de308076c068baedef1857
2026-08-27 10:55:44 [main] INFO  t.g.io/epos-eric/metadata-database/deploy:main - Container ghcr.io/epos-eric/metadata-database/deploy:main started in PT3.806637886S
2026-08-27 10:55:44 [main] INFO  t.g.io/epos-eric/metadata-database/deploy:main - Container is started (JDBC URL: jdbc:postgresql://localhost:33535/cerif?loggerLevel=OFF)
2026-08-27 10:55:44 [main] INFO  com.zaxxer.hikari.HikariDataSource - metadata_catalogue - Starting...
2026-08-27 10:55:44 [main] INFO  com.zaxxer.hikari.pool.HikariPool - metadata_catalogue - Added connection org.postgresql.jdbc.PgConnection@d5fd91a
2026-08-27 10:55:44 [main] INFO  com.zaxxer.hikari.HikariDataSource - metadata_catalogue - Start completed.
2026-08-27 10:55:44 [main] INFO  com.zaxxer.hikari.HikariDataSource - metadata_catalogue - Shutdown initiated...
2026-08-27 10:55:44 [main] INFO  com.zaxxer.hikari.HikariDataSource - metadata_catalogue - Shutdown completed.
2026-08-27 10:55:44 [main] INFO  t.g.io/epos-eric/metadata-database/deploy:main - Creating container for image: ghcr.io/epos-eric/metadata-database/deploy:main
2026-08-27 10:55:45 [main] INFO  t.g.io/epos-eric/metadata-database/deploy:main - Container ghcr.io/epos-eric/metadata-database/deploy:main is starting: c1baea5d192eae5f1a3cf4b01063fc9605a21698312ea4f7b35be93da7f81127
2026-08-27 10:55:48 [main] INFO  t.g.io/epos-eric/metadata-database/deploy:main - Container ghcr.io/epos-eric/metadata-database/deploy:main started in PT3.416554044S
2026-08-27 10:55:48 [main] INFO  t.g.io/epos-eric/metadata-database/deploy:main - Container is started (JDBC URL: jdbc:postgresql://localhost:33536/cerif?loggerLevel=OFF)
2026-08-27 10:55:48 [main] INFO  com.zaxxer.hikari.HikariDataSource - metadata_catalogue - Starting...
2026-08-27 10:55:48 [main] INFO  com.zaxxer.hikari.pool.HikariPool - metadata_catalogue - Added connection org.postgresql.jdbc.PgConnection@50cee851
2026-08-27 10:55:48 [main] INFO  com.zaxxer.hikari.HikariDataSource - metadata_catalogue - Start completed.
2026-08-27 10:55:49 [main] INFO  com.zaxxer.hikari.HikariDataSource - metadata_catalogue - Shutdown initiated...
2026-08-27 10:55:49 [main] INFO  com.zaxxer.hikari.HikariDataSource - metadata_catalogue - Shutdown completed.
2026-08-27 10:55:49 [main] INFO  t.g.io/epos-eric/metadata-database/deploy:main - Creating container for image: ghcr.io/epos-eric/metadata-database/deploy:main
2026-08-27 10:55:49 [main] INFO  t.g.io/epos-eric/metadata-database/deploy:main - Container ghcr.io/epos-eric/metadata-database/deploy:main is starting: 0593a5d88d68c9f821f45d73906b684805bb867dd2bc22aa03333d3994cf727c
2026-08-27 10:55:54 [main] INFO  t.g.io/epos-eric/metadata-database/deploy:main - Container ghcr.io/epos-eric/metadata-database/deploy:main started in PT4.611112268S
2026-08-27 10:55:54 [main] INFO  t.g.io/epos-eric/metadata-database/deploy:main - Container is started (JDBC URL: jdbc:postgresql://localhost:33537/cerif?loggerLevel=OFF)
2026-08-27 10:55:54 [main] INFO  com.zaxxer.hikari.HikariDataSource - metadata_catalogue - Starting...
2026-08-27 10:55:54 [main] INFO  com.zaxxer.hikari.pool.HikariPool - metadata_catalogue - Added connection org.postgresql.jdbc.PgConnection@53ffa94b
2026-08-27 10:55:54 [main] INFO  com.zaxxer.hikari.HikariDataSource - metadata_catalogue - Start completed.
2026-08-27 10:55:54 [main] INFO  com.zaxxer.hikari.HikariDataSource - metadata_catalogue - Shutdown initiated...
2026-08-27 10:55:54 [main] INFO  com.zaxxer.hikari.HikariDataSource - metadata_catalogue - Shutdown completed.
2026-08-27 10:55:54 [main] INFO  t.g.io/epos-eric/metadata-database/deploy:main - Creating container for image: ghcr.io/epos-eric/metadata-database/deploy:main
2026-08-27 10:55:54 [main] INFO  t.g.io/epos-eric/metadata-database/deploy:main - Container ghcr.io/epos-eric/metadata-database/deploy:main is starting: bf148275088dc379136a356572f1bcdad8492acd4f2a69ff8fd065bc42a1ebe5
2026-08-27 10:55:58 [main] INFO  t.g.io/epos-eric/metadata-database/deploy:main - Container ghcr.io/epos-eric/metadata-database/deploy:main started in PT4.220217436S
2026-08-27 10:55:58 [main] INFO  t.g.io/epos-eric/metadata-database/deploy:main - Container is started (JDBC URL: jdbc:postgresql://localhost:33538/cerif?loggerLevel=OFF)
2026-08-27 10:55:58 [main] INFO  com.zaxxer.hikari.HikariDataSource - metadata_catalogue - Starting...
2026-08-27 10:55:58 [main] INFO  com.zaxxer.hikari.pool.HikariPool - metadata_catalogue - Added connection org.postgresql.jdbc.PgConnection@232ed0a7
2026-08-27 10:55:58 [main] INFO  com.zaxxer.hikari.HikariDataSource - metadata_catalogue - Start completed.
2026-08-27 10:55:58 [main] INFO  com.zaxxer.hikari.HikariDataSource - metadata_catalogue - Shutdown initiated...
2026-08-27 10:55:58 [main] INFO  com.zaxxer.hikari.HikariDataSource - metadata_catalogue - Shutdown completed.
2026-08-27 10:55:59 [main] INFO  t.g.io/epos-eric/metadata-database/deploy:main - Creating container for image: ghcr.io/epos-eric/metadata-database/deploy:main
2026-08-27 10:55:59 [main] INFO  t.g.io/epos-eric/metadata-database/deploy:main - Container ghcr.io/epos-eric/metadata-database/deploy:main is starting: 085aabb548fd48c500a9e75d04c2ede9d67de4add6a7d94456004b4997382070
2026-08-27 10:56:02 [main] INFO  t.g.io/epos-eric/metadata-database/deploy:main - Container ghcr.io/epos-eric/metadata-database/deploy:main started in PT3.549908198S
2026-08-27 10:56:02 [main] INFO  t.g.io/epos-eric/metadata-database/deploy:main - Container is started (JDBC URL: jdbc:postgresql://localhost:33539/cerif?loggerLevel=OFF)
2026-08-27 10:56:02 [main] INFO  com.zaxxer.hikari.HikariDataSource - metadata_catalogue - Starting...
2026-08-27 10:56:03 [main] INFO  com.zaxxer.hikari.pool.HikariPool - metadata_catalogue - Added connection org.postgresql.jdbc.PgConnection@624c8caf
2026-08-27 10:56:03 [main] INFO  com.zaxxer.hikari.HikariDataSource - metadata_catalogue - Start completed.
2026-08-27 10:56:03 [main] INFO  com.zaxxer.hikari.HikariDataSource - metadata_catalogue - Shutdown initiated...
2026-08-27 10:56:03 [main] INFO  com.zaxxer.hikari.HikariDataSource - metadata_catalogue - Shutdown completed.
2026-08-27 10:56:03 [main] INFO  t.g.io/epos-eric/metadata-database/deploy:main - Creating container for image: ghcr.io/epos-eric/metadata-database/deploy:main
2026-08-27 10:56:03 [main] INFO  t.g.io/epos-eric/metadata-database/deploy:main - Container ghcr.io/epos-eric/metadata-database/deploy:main is starting: 87efdaa2d70e2e9114fafbafa799124224fb4e09b45a544619828fcd54be88e5
2026-08-27 10:56:06 [main] INFO  t.g.io/epos-eric/metadata-database/deploy:main - Container ghcr.io/epos-eric/metadata-database/deploy:main started in PT3.429326947S
2026-08-27 10:56:06 [main] INFO  t.g.io/epos-eric/metadata-database/deploy:main - Container is started (JDBC URL: jdbc:postgresql://localhost:33540/cerif?loggerLevel=OFF)
2026-08-27 10:56:06 [main] INFO  com.zaxxer.hikari.HikariDataSource - metadata_catalogue - Starting...
2026-08-27 10:56:06 [main] INFO  com.zaxxer.hikari.pool.HikariPool - metadata_catalogue - Added connection org.postgresql.jdbc.PgConnection@77efd36e
2026-08-27 10:56:06 [main] INFO  com.zaxxer.hikari.HikariDataSource - metadata_catalogue - Start completed.
2026-08-27 10:56:06 [main] INFO  com.zaxxer.hikari.HikariDataSource - metadata_catalogue - Shutdown initiated...
2026-08-27 10:56:06 [main] INFO  com.zaxxer.hikari.HikariDataSource - metadata_catalogue - Shutdown completed.
2026-08-27 10:56:07 [main] INFO  t.g.io/epos-eric/metadata-database/deploy:main - Creating container for image: ghcr.io/epos-eric/metadata-database/deploy:main
2026-08-27 10:56:07 [main] INFO  t.g.io/epos-eric/metadata-database/deploy:main - Container ghcr.io/epos-eric/metadata-database/deploy:main is starting: be2abb6b59a997c13feae4ef4d8843a025f0de2b248174be3dcb28500c2efc99
2026-08-27 10:56:10 [main] INFO  t.g.io/epos-eric/metadata-database/deploy:main - Container ghcr.io/epos-eric/metadata-database/deploy:main started in PT3.737374028S
2026-08-27 10:56:10 [main] INFO  t.g.io/epos-eric/metadata-database/deploy:main - Container is started (JDBC URL: jdbc:postgresql://localhost:33541/cerif?loggerLevel=OFF)
2026-08-27 10:56:10 [main] INFO  com.zaxxer.hikari.HikariDataSource - metadata_catalogue - Starting...
2026-08-27 10:56:10 [main] INFO  com.zaxxer.hikari.pool.HikariPool - metadata_catalogue - Added connection org.postgresql.jdbc.PgConnection@1751c0a
2026-08-27 10:56:10 [main] INFO  com.zaxxer.hikari.HikariDataSource - metadata_catalogue - Start completed.
2026-08-27 10:56:11 [main] INFO  com.zaxxer.hikari.HikariDataSource - metadata_catalogue - Shutdown initiated...
2026-08-27 10:56:11 [main] INFO  com.zaxxer.hikari.HikariDataSource - metadata_catalogue - Shutdown completed.
2026-08-27 10:56:11 [main] INFO  t.g.io/epos-eric/metadata-database/deploy:main - Creating container for image: ghcr.io/epos-eric/metadata-database/deploy:main
2026-08-27 10:56:11 [main] INFO  t.g.io/epos-eric/metadata-database/deploy:main - Container ghcr.io/epos-eric/metadata-database/deploy:main is starting: 7dc0f7795a4852fad18a48a95d116b0fc56af27b880177e6b938758152c6415e
2026-08-27 10:56:16 [main] INFO  t.g.io/epos-eric/metadata-database/deploy:main - Container ghcr.io/epos-eric/metadata-database/deploy:main started in PT4.900617129S
2026-08-27 10:56:16 [main] INFO  t.g.io/epos-eric/metadata-database/deploy:main - Container is started (JDBC URL: jdbc:postgresql://localhost:33542/cerif?loggerLevel=OFF)
2026-08-27 10:56:16 [main] INFO  com.zaxxer.hikari.HikariDataSource - metadata_catalogue - Starting...
2026-08-27 10:56:16 [main] INFO  com.zaxxer.hikari.pool.HikariPool - metadata_catalogue - Added connection org.postgresql.jdbc.PgConnection@49817a1e
2026-08-27 10:56:16 [main] INFO  com.zaxxer.hikari.HikariDataSource - metadata_catalogue - Start completed.
2026-08-27 10:56:16 [main] INFO  com.zaxxer.hikari.HikariDataSource - metadata_catalogue - Shutdown initiated...
2026-08-27 10:56:16 [main] INFO  com.zaxxer.hikari.HikariDataSource - metadata_catalogue - Shutdown completed.
2026-08-27 10:56:17 [main] INFO  t.g.io/epos-eric/metadata-database/deploy:main - Creating container for image: ghcr.io/epos-eric/metadata-database/deploy:main
2026-08-27 10:56:17 [main] INFO  t.g.io/epos-eric/metadata-database/deploy:main - Container ghcr.io/epos-eric/metadata-database/deploy:main is starting: 778e3bdf076c06be53ed3923cdddbeda465abc4244c2871894fb8b8ae2c4740f
2026-08-27 10:56:22 [main] INFO  t.g.io/epos-eric/metadata-database/deploy:main - Container ghcr.io/epos-eric/metadata-database/deploy:main started in PT4.985960025S
2026-08-27 10:56:22 [main] INFO  t.g.io/epos-eric/metadata-database/deploy:main - Container is started (JDBC URL: jdbc:postgresql://localhost:33543/cerif?loggerLevel=OFF)
2026-08-27 10:56:22 [main] INFO  com.zaxxer.hikari.HikariDataSource - metadata_catalogue - Starting...
2026-08-27 10:56:22 [main] INFO  com.zaxxer.hikari.pool.HikariPool - metadata_catalogue - Added connection org.postgresql.jdbc.PgConnection@7574b4df
2026-08-27 10:56:22 [main] INFO  com.zaxxer.hikari.HikariDataSource - metadata_catalogue - Start completed.
2026-08-27 10:56:22 [main] INFO  com.zaxxer.hikari.HikariDataSource - metadata_catalogue - Shutdown initiated...
2026-08-27 10:56:22 [main] INFO  com.zaxxer.hikari.HikariDataSource - metadata_catalogue - Shutdown completed.
2026-08-27 10:56:22 [main] INFO  t.g.io/epos-eric/metadata-database/deploy:main - Creating container for image: ghcr.io/epos-eric/metadata-database/deploy:main
2026-08-27 10:56:23 [main] INFO  t.g.io/epos-eric/metadata-database/deploy:main - Container ghcr.io/epos-eric/metadata-database/deploy:main is starting: ebdb7a75b5f40b3bb1145787a3c94dc8f2dcb9009870dc66de5cfafe8a215640
2026-08-27 10:56:27 [main] INFO  t.g.io/epos-eric/metadata-database/deploy:main - Container ghcr.io/epos-eric/metadata-database/deploy:main started in PT4.257965345S
2026-08-27 10:56:27 [main] INFO  t.g.io/epos-eric/metadata-database/deploy:main - Container is started (JDBC URL: jdbc:postgresql://localhost:33544/cerif?loggerLevel=OFF)
2026-08-27 10:56:27 [main] INFO  com.zaxxer.hikari.HikariDataSource - metadata_catalogue - Starting...
2026-08-27 10:56:27 [main] INFO  com.zaxxer.hikari.pool.HikariPool - metadata_catalogue - Added connection org.postgresql.jdbc.PgConnection@211815e0
2026-08-27 10:56:27 [main] INFO  com.zaxxer.hikari.HikariDataSource - metadata_catalogue - Start completed.
2026-08-27 10:56:27 [main] INFO  com.zaxxer.hikari.HikariDataSource - metadata_catalogue - Shutdown initiated...
2026-08-27 10:56:27 [main] INFO  com.zaxxer.hikari.HikariDataSource - metadata_catalogue - Shutdown completed.
2026-08-27 10:56:27 [main] INFO  t.g.io/epos-eric/metadata-database/deploy:main - Creating container for image: ghcr.io/epos-eric/metadata-database/deploy:main
2026-08-27 10:56:27 [main] INFO  t.g.io/epos-eric/metadata-database/deploy:main - Container ghcr.io/epos-eric/metadata-database/deploy:main is starting: 16994099be4883c8cbd11681733a6a918d6e5b2ed80c16f754695b757001a4dc
2026-08-27 10:56:31 [main] INFO  t.g.io/epos-eric/metadata-database/deploy:main - Container ghcr.io/epos-eric/metadata-database/deploy:main started in PT3.723015526S
2026-08-27 10:56:31 [main] INFO  t.g.io/epos-eric/metadata-database/deploy:main - Container is started (JDBC URL: jdbc:postgresql://localhost:33545/cerif?loggerLevel=OFF)
2026-08-27 10:56:31 [main] INFO  com.zaxxer.hikari.HikariDataSource - metadata_catalogue - Starting...
2026-08-27 10:56:31 [main] INFO  com.zaxxer.hikari.pool.HikariPool - metadata_catalogue - Added connection org.postgresql.jdbc.PgConnection@5b43d6c5
2026-08-27 10:56:31 [main] INFO  com.zaxxer.hikari.HikariDataSource - metadata_catalogue - Start completed.
2026-08-27 10:56:31 [main] INFO  com.zaxxer.hikari.HikariDataSource - metadata_catalogue - Shutdown initiated...
2026-08-27 10:56:31 [main] INFO  com.zaxxer.hikari.HikariDataSource - metadata_catalogue - Shutdown completed.
2026-08-27 10:56:31 [main] INFO  t.g.io/epos-eric/metadata-database/deploy:main - Creating container for image: ghcr.io/epos-eric/metadata-database/deploy:main
2026-08-27 10:56:32 [main] INFO  t.g.io/epos-eric/metadata-database/deploy:main - Container ghcr.io/epos-eric/metadata-database/deploy:main is starting: 7164679a1cd3b7bfb6925bfb9c3af0b1a3d55fe7e54d182562917da0642ac4b4
2026-08-27 10:56:35 [main] INFO  t.g.io/epos-eric/metadata-database/deploy:main - Container ghcr.io/epos-eric/metadata-database/deploy:main started in PT4.026282663S
2026-08-27 10:56:35 [main] INFO  t.g.io/epos-eric/metadata-database/deploy:main - Container is started (JDBC URL: jdbc:postgresql://localhost:33546/cerif?loggerLevel=OFF)
2026-08-27 10:56:35 [main] INFO  com.zaxxer.hikari.HikariDataSource - metadata_catalogue - Starting...
2026-08-27 10:56:35 [main] INFO  com.zaxxer.hikari.pool.HikariPool - metadata_catalogue - Added connection org.postgresql.jdbc.PgConnection@663763e6
2026-08-27 10:56:35 [main] INFO  com.zaxxer.hikari.HikariDataSource - metadata_catalogue - Start completed.
2026-08-27 10:56:36 [main] INFO  com.zaxxer.hikari.HikariDataSource - metadata_catalogue - Shutdown initiated...
2026-08-27 10:56:36 [main] INFO  com.zaxxer.hikari.HikariDataSource - metadata_catalogue - Shutdown completed.
2026-08-27 10:56:36 [main] INFO  t.g.io/epos-eric/metadata-database/deploy:main - Creating container for image: ghcr.io/epos-eric/metadata-database/deploy:main
2026-08-27 10:56:36 [main] INFO  t.g.io/epos-eric/metadata-database/deploy:main - Container ghcr.io/epos-eric/metadata-database/deploy:main is starting: 1675c598ad515658f85ed329a06e0c1dbcdc15a5dc1611288760c388cb9825b0
2026-08-27 10:56:39 [main] INFO  t.g.io/epos-eric/metadata-database/deploy:main - Container ghcr.io/epos-eric/metadata-database/deploy:main started in PT3.389922003S
2026-08-27 10:56:39 [main] INFO  t.g.io/epos-eric/metadata-database/deploy:main - Container is started (JDBC URL: jdbc:postgresql://localhost:33547/cerif?loggerLevel=OFF)
2026-08-27 10:56:39 [main] INFO  com.zaxxer.hikari.HikariDataSource - metadata_catalogue - Starting...
2026-08-27 10:56:39 [main] INFO  com.zaxxer.hikari.pool.HikariPool - metadata_catalogue - Added connection org.postgresql.jdbc.PgConnection@235108a0
2026-08-27 10:56:39 [main] INFO  com.zaxxer.hikari.HikariDataSource - metadata_catalogue - Start completed.
2026-08-27 10:56:40 [main] INFO  com.zaxxer.hikari.HikariDataSource - metadata_catalogue - Shutdown initiated...
2026-08-27 10:56:40 [main] INFO  com.zaxxer.hikari.HikariDataSource - metadata_catalogue - Shutdown completed.
2026-08-27 10:56:40 [main] INFO  t.g.io/epos-eric/metadata-database/deploy:main - Creating container for image: ghcr.io/epos-eric/metadata-database/deploy:main
2026-08-27 10:56:40 [main] INFO  t.g.io/epos-eric/metadata-database/deploy:main - Container ghcr.io/epos-eric/metadata-database/deploy:main is starting: d65466c9230d446058197bc2adc5625a85937d876ad9a61ec77572c65c51fb04
2026-08-27 10:56:44 [main] INFO  t.g.io/epos-eric/metadata-database/deploy:main - Container ghcr.io/epos-eric/metadata-database/deploy:main started in PT4.118336869S
2026-08-27 10:56:44 [main] INFO  t.g.io/epos-eric/metadata-database/deploy:main - Container is started (JDBC URL: jdbc:postgresql://localhost:33548/cerif?loggerLevel=OFF)
2026-08-27 10:56:44 [main] INFO  com.zaxxer.hikari.HikariDataSource - metadata_catalogue - Starting...
2026-08-27 10:56:44 [main] INFO  com.zaxxer.hikari.pool.HikariPool - metadata_catalogue - Added connection org.postgresql.jdbc.PgConnection@63ef62e7
2026-08-27 10:56:44 [main] INFO  com.zaxxer.hikari.HikariDataSource - metadata_catalogue - Start completed.
2026-08-27 10:56:45 [main] INFO  com.zaxxer.hikari.HikariDataSource - metadata_catalogue - Shutdown initiated...
2026-08-27 10:56:45 [main] INFO  com.zaxxer.hikari.HikariDataSource - metadata_catalogue - Shutdown completed.
2026-08-27 10:56:45 [main] INFO  t.g.io/epos-eric/metadata-database/deploy:main - Creating container for image: ghcr.io/epos-eric/metadata-database/deploy:main
2026-08-27 10:56:45 [main] INFO  t.g.io/epos-eric/metadata-database/deploy:main - Container ghcr.io/epos-eric/metadata-database/deploy:main is starting: 21469c02cf5557c3f5abf828f25f7af1b87a1991c0d5967ec8769b59bbd21d9a
2026-08-27 10:56:49 [main] INFO  t.g.io/epos-eric/metadata-database/deploy:main - Container ghcr.io/epos-eric/metadata-database/deploy:main started in PT3.762534713S
2026-08-27 10:56:49 [main] INFO  t.g.io/epos-eric/metadata-database/deploy:main - Container is started (JDBC URL: jdbc:postgresql://localhost:33549/cerif?loggerLevel=OFF)
2026-08-27 10:56:49 [main] INFO  com.zaxxer.hikari.HikariDataSource - metadata_catalogue - Starting...
2026-08-27 10:56:49 [main] INFO  com.zaxxer.hikari.pool.HikariPool - metadata_catalogue - Added connection org.postgresql.jdbc.PgConnection@182321b
2026-08-27 10:56:49 [main] INFO  com.zaxxer.hikari.HikariDataSource - metadata_catalogue - Start completed.
2026-08-27 10:56:50 [main] INFO  com.zaxxer.hikari.HikariDataSource - metadata_catalogue - Shutdown initiated...
2026-08-27 10:56:50 [main] INFO  com.zaxxer.hikari.HikariDataSource - metadata_catalogue - Shutdown completed.
2026-08-27 10:56:50 [main] INFO  t.g.io/epos-eric/metadata-database/deploy:main - Creating container for image: ghcr.io/epos-eric/metadata-database/deploy:main
2026-08-27 10:56:50 [main] INFO  t.g.io/epos-eric/metadata-database/deploy:main - Container ghcr.io/epos-eric/metadata-database/deploy:main is starting: b831448d14efa36ab1f9926ecd5d3a74724920da3bb44e07c4cd8537f25d546d
2026-08-27 10:56:55 [main] INFO  t.g.io/epos-eric/metadata-database/deploy:main - Container ghcr.io/epos-eric/metadata-database/deploy:main started in PT4.692719859S
2026-08-27 10:56:55 [main] INFO  t.g.io/epos-eric/metadata-database/deploy:main - Container is started (JDBC URL: jdbc:postgresql://localhost:33550/cerif?loggerLevel=OFF)
2026-08-27 10:56:55 [main] INFO  com.zaxxer.hikari.HikariDataSource - metadata_catalogue - Starting...
2026-08-27 10:56:55 [main] INFO  com.zaxxer.hikari.pool.HikariPool - metadata_catalogue - Added connection org.postgresql.jdbc.PgConnection@30bd6dab
2026-08-27 10:56:55 [main] INFO  com.zaxxer.hikari.HikariDataSource - metadata_catalogue - Start completed.
2026-08-27 10:56:55 [main] INFO  com.zaxxer.hikari.HikariDataSource - metadata_catalogue - Shutdown initiated...
2026-08-27 10:56:55 [main] INFO  com.zaxxer.hikari.HikariDataSource - metadata_catalogue - Shutdown completed.
2026-08-27 10:56:55 [main] INFO  t.g.io/epos-eric/metadata-database/deploy:main - Creating container for image: ghcr.io/epos-eric/metadata-database/deploy:main
2026-08-27 10:56:55 [main] INFO  t.g.io/epos-eric/metadata-database/deploy:main - Container ghcr.io/epos-eric/metadata-database/deploy:main is starting: c658abb84fd8c047913da10e5d236acbbd06535be44512fc2c20120615e7cc38
2026-08-27 10:57:00 [main] INFO  t.g.io/epos-eric/metadata-database/deploy:main - Container ghcr.io/epos-eric/metadata-database/deploy:main started in PT4.458065908S
2026-08-27 10:57:00 [main] INFO  t.g.io/epos-eric/metadata-database/deploy:main - Container is started (JDBC URL: jdbc:postgresql://localhost:33551/cerif?loggerLevel=OFF)
2026-08-27 10:57:00 [main] INFO  com.zaxxer.hikari.HikariDataSource - metadata_catalogue - Starting...
2026-08-27 10:57:00 [main] INFO  com.zaxxer.hikari.pool.HikariPool - metadata_catalogue - Added connection org.postgresql.jdbc.PgConnection@c294df7
2026-08-27 10:57:00 [main] INFO  com.zaxxer.hikari.HikariDataSource - metadata_catalogue - Start completed.
2026-08-27 10:57:00 [main] INFO  com.zaxxer.hikari.HikariDataSource - metadata_catalogue - Shutdown initiated...
2026-08-27 10:57:00 [main] INFO  com.zaxxer.hikari.HikariDataSource - metadata_catalogue - Shutdown completed.
2026-08-27 10:57:00 [main] INFO  t.g.io/epos-eric/metadata-database/deploy:main - Creating container for image: ghcr.io/epos-eric/metadata-database/deploy:main
2026-08-27 10:57:00 [main] INFO  t.g.io/epos-eric/metadata-database/deploy:main - Container ghcr.io/epos-eric/metadata-database/deploy:main is starting: f109bc30b3e68460a73d2ba1338d7b449f7a96c66b115c7baec82c67de7c34ae
2026-08-27 10:57:05 [main] INFO  t.g.io/epos-eric/metadata-database/deploy:main - Container ghcr.io/epos-eric/metadata-database/deploy:main started in PT4.966582799S
2026-08-27 10:57:05 [main] INFO  t.g.io/epos-eric/metadata-database/deploy:main - Container is started (JDBC URL: jdbc:postgresql://localhost:33552/cerif?loggerLevel=OFF)
2026-08-27 10:57:05 [main] INFO  com.zaxxer.hikari.HikariDataSource - metadata_catalogue - Starting...
2026-08-27 10:57:05 [main] INFO  com.zaxxer.hikari.pool.HikariPool - metadata_catalogue - Added connection org.postgresql.jdbc.PgConnection@2a80510f
2026-08-27 10:57:05 [main] INFO  com.zaxxer.hikari.HikariDataSource - metadata_catalogue - Start completed.
2026-08-27 10:57:06 [main] INFO  com.zaxxer.hikari.HikariDataSource - metadata_catalogue - Shutdown initiated...
2026-08-27 10:57:06 [main] INFO  com.zaxxer.hikari.HikariDataSource - metadata_catalogue - Shutdown completed.
2026-08-27 10:57:06 [main] INFO  t.g.io/epos-eric/metadata-database/deploy:main - Creating container for image: ghcr.io/epos-eric/metadata-database/deploy:main
2026-08-27 10:57:06 [main] INFO  t.g.io/epos-eric/metadata-database/deploy:main - Container ghcr.io/epos-eric/metadata-database/deploy:main is starting: 02beba8583e87ba7adb3bcebe20bb6859541f9a9659902df4aa8258470534c17
2026-08-27 10:57:11 [main] INFO  t.g.io/epos-eric/metadata-database/deploy:main - Container ghcr.io/epos-eric/metadata-database/deploy:main started in PT4.560817534S
2026-08-27 10:57:11 [main] INFO  t.g.io/epos-eric/metadata-database/deploy:main - Container is started (JDBC URL: jdbc:postgresql://localhost:33553/cerif?loggerLevel=OFF)
2026-08-27 10:57:11 [main] INFO  com.zaxxer.hikari.HikariDataSource - metadata_catalogue - Starting...
2026-08-27 10:57:11 [main] INFO  com.zaxxer.hikari.pool.HikariPool - metadata_catalogue - Added connection org.postgresql.jdbc.PgConnection@31238e4b
2026-08-27 10:57:11 [main] INFO  com.zaxxer.hikari.HikariDataSource - metadata_catalogue - Start completed.
2026-08-27 10:57:11 [main] INFO  com.zaxxer.hikari.HikariDataSource - metadata_catalogue - Shutdown initiated...
2026-08-27 10:57:11 [main] INFO  com.zaxxer.hikari.HikariDataSource - metadata_catalogue - Shutdown completed.
2026-08-27 10:57:11 [main] INFO  t.g.io/epos-eric/metadata-database/deploy:main - Creating container for image: ghcr.io/epos-eric/metadata-database/deploy:main
2026-08-27 10:57:11 [main] INFO  t.g.io/epos-eric/metadata-database/deploy:main - Container ghcr.io/epos-eric/metadata-database/deploy:main is starting: 041548e4fde95ff486fb18e411a407a5b51737c5fa046ccbf2fb9f18dcf78109
2026-08-27 10:57:16 [main] INFO  t.g.io/epos-eric/metadata-database/deploy:main - Container ghcr.io/epos-eric/metadata-database/deploy:main started in PT4.865007708S
2026-08-27 10:57:16 [main] INFO  t.g.io/epos-eric/metadata-database/deploy:main - Container is started (JDBC URL: jdbc:postgresql://localhost:33554/cerif?loggerLevel=OFF)
2026-08-27 10:57:16 [main] INFO  com.zaxxer.hikari.HikariDataSource - metadata_catalogue - Starting...
2026-08-27 10:57:16 [main] INFO  com.zaxxer.hikari.pool.HikariPool - metadata_catalogue - Added connection org.postgresql.jdbc.PgConnection@629c702a
2026-08-27 10:57:16 [main] INFO  com.zaxxer.hikari.HikariDataSource - metadata_catalogue - Start completed.
2026-08-27 10:57:16 [main] INFO  com.zaxxer.hikari.HikariDataSource - metadata_catalogue - Shutdown initiated...
2026-08-27 10:57:16 [main] INFO  com.zaxxer.hikari.HikariDataSource - metadata_catalogue - Shutdown completed.
2026-08-27 10:57:17 [main] INFO  t.g.io/epos-eric/metadata-database/deploy:main - Creating container for image: ghcr.io/epos-eric/metadata-database/deploy:main
2026-08-27 10:57:17 [main] INFO  t.g.io/epos-eric/metadata-database/deploy:main - Container ghcr.io/epos-eric/metadata-database/deploy:main is starting: fa4b4efd800201f32373839e397b58122c183df9861a3a0885507bd51524e6dd
2026-08-27 10:57:22 [main] INFO  t.g.io/epos-eric/metadata-database/deploy:main - Container ghcr.io/epos-eric/metadata-database/deploy:main started in PT5.068457689S
2026-08-27 10:57:22 [main] INFO  t.g.io/epos-eric/metadata-database/deploy:main - Container is started (JDBC URL: jdbc:postgresql://localhost:33555/cerif?loggerLevel=OFF)
2026-08-27 10:57:22 [main] INFO  com.zaxxer.hikari.HikariDataSource - metadata_catalogue - Starting...
2026-08-27 10:57:22 [main] INFO  com.zaxxer.hikari.pool.HikariPool - metadata_catalogue - Added connection org.postgresql.jdbc.PgConnection@c6fc5ab
2026-08-27 10:57:22 [main] INFO  com.zaxxer.hikari.HikariDataSource - metadata_catalogue - Start completed.
2026-08-27 10:57:22 [main] INFO  com.zaxxer.hikari.HikariDataSource - metadata_catalogue - Shutdown initiated...
2026-08-27 10:57:22 [main] INFO  com.zaxxer.hikari.HikariDataSource - metadata_catalogue - Shutdown completed.
2026-08-27 10:57:23 [main] INFO  t.g.io/epos-eric/metadata-database/deploy:main - Creating container for image: ghcr.io/epos-eric/metadata-database/deploy:main
2026-08-27 10:57:23 [main] INFO  t.g.io/epos-eric/metadata-database/deploy:main - Container ghcr.io/epos-eric/metadata-database/deploy:main is starting: d136d42b2cd19e347c9663add8250e7fee8113ee3b840a50113f89f8e50e9afc
2026-08-27 10:57:27 [main] INFO  t.g.io/epos-eric/metadata-database/deploy:main - Container ghcr.io/epos-eric/metadata-database/deploy:main started in PT4.281125459S
2026-08-27 10:57:27 [main] INFO  t.g.io/epos-eric/metadata-database/deploy:main - Container is started (JDBC URL: jdbc:postgresql://localhost:33556/cerif?loggerLevel=OFF)
2026-08-27 10:57:27 [main] INFO  com.zaxxer.hikari.HikariDataSource - metadata_catalogue - Starting...
2026-08-27 10:57:27 [main] INFO  com.zaxxer.hikari.pool.HikariPool - metadata_catalogue - Added connection org.postgresql.jdbc.PgConnection@68b6901b
2026-08-27 10:57:27 [main] INFO  com.zaxxer.hikari.HikariDataSource - metadata_catalogue - Start completed.
2026-08-27 10:57:27 [main] INFO  com.zaxxer.hikari.HikariDataSource - metadata_catalogue - Shutdown initiated...
2026-08-27 10:57:27 [main] INFO  com.zaxxer.hikari.HikariDataSource - metadata_catalogue - Shutdown completed.
2026-08-27 10:57:28 [main] INFO  t.g.io/epos-eric/metadata-database/deploy:main - Creating container for image: ghcr.io/epos-eric/metadata-database/deploy:main
2026-08-27 10:57:28 [main] INFO  t.g.io/epos-eric/metadata-database/deploy:main - Container ghcr.io/epos-eric/metadata-database/deploy:main is starting: ca5cf49f8d38c8824c0fa737583c4433259536f2ad9301e6244ea5586cc5a680
2026-08-27 10:57:33 [main] INFO  t.g.io/epos-eric/metadata-database/deploy:main - Container ghcr.io/epos-eric/metadata-database/deploy:main started in PT5.002910909S
2026-08-27 10:57:33 [main] INFO  t.g.io/epos-eric/metadata-database/deploy:main - Container is started (JDBC URL: jdbc:postgresql://localhost:33557/cerif?loggerLevel=OFF)
2026-08-27 10:57:33 [main] INFO  com.zaxxer.hikari.HikariDataSource - metadata_catalogue - Starting...
2026-08-27 10:57:33 [main] INFO  com.zaxxer.hikari.pool.HikariPool - metadata_catalogue - Added connection org.postgresql.jdbc.PgConnection@6517401
2026-08-27 10:57:33 [main] INFO  com.zaxxer.hikari.HikariDataSource - metadata_catalogue - Start completed.
2026-08-27 10:57:33 [main] INFO  com.zaxxer.hikari.HikariDataSource - metadata_catalogue - Shutdown initiated...
2026-08-27 10:57:33 [main] INFO  com.zaxxer.hikari.HikariDataSource - metadata_catalogue - Shutdown completed.
2026-08-27 10:57:34 [main] INFO  t.g.io/epos-eric/metadata-database/deploy:main - Creating container for image: ghcr.io/epos-eric/metadata-database/deploy:main
2026-08-27 10:57:34 [main] INFO  t.g.io/epos-eric/metadata-database/deploy:main - Container ghcr.io/epos-eric/metadata-database/deploy:main is starting: 87a86c7cecde19da2820a881f9d1f7b8d25103880ed5e69c15ee2f7a6cabf84d
2026-08-27 10:57:39 [main] INFO  t.g.io/epos-eric/metadata-database/deploy:main - Container ghcr.io/epos-eric/metadata-database/deploy:main started in PT4.95980698S
2026-08-27 10:57:39 [main] INFO  t.g.io/epos-eric/metadata-database/deploy:main - Container is started (JDBC URL: jdbc:postgresql://localhost:33558/cerif?loggerLevel=OFF)
2026-08-27 10:57:39 [main] INFO  com.zaxxer.hikari.HikariDataSource - metadata_catalogue - Starting...
2026-08-27 10:57:39 [main] INFO  com.zaxxer.hikari.pool.HikariPool - metadata_catalogue - Added connection org.postgresql.jdbc.PgConnection@4622ab1b
2026-08-27 10:57:39 [main] INFO  com.zaxxer.hikari.HikariDataSource - metadata_catalogue - Start completed.
2026-08-27 10:57:39 [main] INFO  com.zaxxer.hikari.HikariDataSource - metadata_catalogue - Shutdown initiated...
2026-08-27 10:57:39 [main] INFO  com.zaxxer.hikari.HikariDataSource - metadata_catalogue - Shutdown completed.
2026-08-27 11:01:15 [main] INFO  o.testcontainers.images.PullPolicy - Image pull policy will be performed by: DefaultPullPolicy()
2026-08-27 11:01:15 [main] INFO  o.t.utility.ImageNameSubstitutor - Image name substitution will be performed by: DefaultImageNameSubstitutor (composite of 'ConfigurationFileImageNameSubstitutor' and 'PrefixingImageNameSubstitutor')
2026-08-27 11:01:15 [main] INFO  o.testcontainers.DockerClientFactory - Testcontainers version: 2.0.2
2026-08-27 11:01:15 [main] INFO  o.t.d.DockerClientProviderStrategy - Loaded org.testcontainers.dockerclient.UnixSocketClientProviderStrategy from ~/.testcontainers.properties, will try it first
2026-08-27 11:01:15 [main] INFO  o.t.d.DockerClientProviderStrategy - Found Docker environment with local Unix socket (unix:///var/run/docker.sock)
2026-08-27 11:01:15 [main] INFO  o.testcontainers.DockerClientFactory - Docker host IP address is localhost
2026-08-27 11:01:16 [main] INFO  o.testcontainers.DockerClientFactory - Connected to docker: 
  Server Version: 29.7.2
  API Version: 1.55
  Operating System: Arch Linux
  Total Memory: 63796 MB
2026-08-27 11:01:16 [main] INFO  tc.testcontainers/ryuk:0.13.0 - Creating container for image: testcontainers/ryuk:0.13.0
2026-08-27 11:01:16 [main] INFO  tc.testcontainers/ryuk:0.13.0 - Container testcontainers/ryuk:0.13.0 is starting: a8c676e16b597ca194decf3673b37d7bacf4dee71dd5d82c1bbdb7e7656b3f04
2026-08-27 11:01:17 [main] INFO  tc.testcontainers/ryuk:0.13.0 - Container testcontainers/ryuk:0.13.0 started in PT0.294342583S
2026-08-27 11:01:17 [main] INFO  o.t.utility.RyukResourceReaper - Ryuk started - will monitor and terminate Testcontainers containers on JVM exit
2026-08-27 11:01:17 [main] INFO  o.testcontainers.DockerClientFactory - Checking the system...
2026-08-27 11:01:17 [main] INFO  o.testcontainers.DockerClientFactory - ✔︎ Docker server version should be at least 1.6.0
2026-08-27 11:01:17 [main] INFO  t.g.io/epos-eric/metadata-database/deploy:main - Creating container for image: ghcr.io/epos-eric/metadata-database/deploy:main
2026-08-27 11:01:17 [main] INFO  t.g.io/epos-eric/metadata-database/deploy:main - Container ghcr.io/epos-eric/metadata-database/deploy:main is starting: 9db25c0afa01639b1d344036b048765b0a78f74b1cdd21778eca9acc6ab4ddb6
2026-08-27 11:01:21 [main] INFO  t.g.io/epos-eric/metadata-database/deploy:main - Container ghcr.io/epos-eric/metadata-database/deploy:main started in PT3.89434636S
2026-08-27 11:01:21 [main] INFO  t.g.io/epos-eric/metadata-database/deploy:main - Container is started (JDBC URL: jdbc:postgresql://localhost:33560/cerif?loggerLevel=OFF)
2026-08-27 11:01:21 [main] INFO  com.zaxxer.hikari.HikariDataSource - metadata_catalogue - Starting...
2026-08-27 11:01:21 [main] INFO  com.zaxxer.hikari.pool.HikariPool - metadata_catalogue - Added connection org.postgresql.jdbc.PgConnection@ef60710
2026-08-27 11:01:21 [main] INFO  com.zaxxer.hikari.HikariDataSource - metadata_catalogue - Start completed.
2026-08-27 11:01:22 [main] INFO  com.zaxxer.hikari.HikariDataSource - metadata_catalogue - Shutdown initiated...
2026-08-27 11:01:22 [main] INFO  com.zaxxer.hikari.HikariDataSource - metadata_catalogue - Shutdown completed.
2026-08-27 11:01:50 [main] INFO  o.testcontainers.images.PullPolicy - Image pull policy will be performed by: DefaultPullPolicy()
2026-08-27 11:01:50 [main] INFO  o.t.utility.ImageNameSubstitutor - Image name substitution will be performed by: DefaultImageNameSubstitutor (composite of 'ConfigurationFileImageNameSubstitutor' and 'PrefixingImageNameSubstitutor')
2026-08-27 11:01:50 [main] INFO  o.testcontainers.DockerClientFactory - Testcontainers version: 2.0.2
2026-08-27 11:01:50 [main] INFO  o.t.d.DockerClientProviderStrategy - Loaded org.testcontainers.dockerclient.UnixSocketClientProviderStrategy from ~/.testcontainers.properties, will try it first
2026-08-27 11:01:51 [main] INFO  o.t.d.DockerClientProviderStrategy - Found Docker environment with local Unix socket (unix:///var/run/docker.sock)
2026-08-27 11:01:51 [main] INFO  o.testcontainers.DockerClientFactory - Docker host IP address is localhost
2026-08-27 11:01:51 [main] INFO  o.testcontainers.DockerClientFactory - Connected to docker: 
  Server Version: 29.7.2
  API Version: 1.55
  Operating System: Arch Linux
  Total Memory: 63796 MB
2026-08-27 11:01:52 [main] INFO  tc.testcontainers/ryuk:0.13.0 - Creating container for image: testcontainers/ryuk:0.13.0
2026-08-27 11:01:52 [main] INFO  tc.testcontainers/ryuk:0.13.0 - Container testcontainers/ryuk:0.13.0 is starting: 8b7057273cf27a6ea2121265cb412244c19b60f169e68af8b1de87ab72927462
2026-08-27 11:01:52 [main] INFO  tc.testcontainers/ryuk:0.13.0 - Container testcontainers/ryuk:0.13.0 started in PT0.377703545S
2026-08-27 11:01:52 [main] INFO  o.t.utility.RyukResourceReaper - Ryuk started - will monitor and terminate Testcontainers containers on JVM exit
2026-08-27 11:01:52 [main] INFO  o.testcontainers.DockerClientFactory - Checking the system...
2026-08-27 11:01:52 [main] INFO  o.testcontainers.DockerClientFactory - ✔︎ Docker server version should be at least 1.6.0
2026-08-27 11:01:52 [main] INFO  t.g.io/epos-eric/metadata-database/deploy:main - Creating container for image: ghcr.io/epos-eric/metadata-database/deploy:main
2026-08-27 11:01:52 [main] INFO  t.g.io/epos-eric/metadata-database/deploy:main - Container ghcr.io/epos-eric/metadata-database/deploy:main is starting: d3972ace8e67cdd797ad8c48145996e188461c4c2c510ce1b9869981143dda89
2026-08-27 11:01:56 [main] INFO  t.g.io/epos-eric/metadata-database/deploy:main - Container ghcr.io/epos-eric/metadata-database/deploy:main started in PT4.011511794S
2026-08-27 11:01:56 [main] INFO  t.g.io/epos-eric/metadata-database/deploy:main - Container is started (JDBC URL: jdbc:postgresql://localhost:33562/cerif?loggerLevel=OFF)
2026-08-27 11:01:56 [main] INFO  com.zaxxer.hikari.HikariDataSource - metadata_catalogue - Starting...
2026-08-27 11:01:56 [main] INFO  com.zaxxer.hikari.pool.HikariPool - metadata_catalogue - Added connection org.postgresql.jdbc.PgConnection@ef60710
2026-08-27 11:01:56 [main] INFO  com.zaxxer.hikari.HikariDataSource - metadata_catalogue - Start completed.
2026-08-27 11:01:57 [main] INFO  com.zaxxer.hikari.HikariDataSource - metadata_catalogue - Shutdown initiated...
2026-08-27 11:01:57 [main] INFO  com.zaxxer.hikari.HikariDataSource - metadata_catalogue - Shutdown completed.
2026-08-27 11:27:20 [main] INFO  o.testcontainers.images.PullPolicy - Image pull policy will be performed by: DefaultPullPolicy()
2026-08-27 11:27:20 [main] INFO  o.t.utility.ImageNameSubstitutor - Image name substitution will be performed by: DefaultImageNameSubstitutor (composite of 'ConfigurationFileImageNameSubstitutor' and 'PrefixingImageNameSubstitutor')
2026-08-27 11:27:20 [main] INFO  o.testcontainers.DockerClientFactory - Testcontainers version: 2.0.2
2026-08-27 11:27:20 [main] INFO  o.t.d.DockerClientProviderStrategy - Loaded org.testcontainers.dockerclient.UnixSocketClientProviderStrategy from ~/.testcontainers.properties, will try it first
2026-08-27 11:27:20 [main] INFO  o.t.d.DockerClientProviderStrategy - Found Docker environment with local Unix socket (unix:///var/run/docker.sock)
2026-08-27 11:27:20 [main] INFO  o.testcontainers.DockerClientFactory - Docker host IP address is localhost
2026-08-27 11:27:20 [main] INFO  o.testcontainers.DockerClientFactory - Connected to docker: 
  Server Version: 29.7.2
  API Version: 1.55
  Operating System: Arch Linux
  Total Memory: 63796 MB
2026-08-27 11:27:21 [main] INFO  tc.testcontainers/ryuk:0.13.0 - Creating container for image: testcontainers/ryuk:0.13.0
2026-08-27 11:27:21 [main] INFO  tc.testcontainers/ryuk:0.13.0 - Container testcontainers/ryuk:0.13.0 is starting: ace43936d7aa7a0fca96298056fa70b247e169e92fc415958375712717333c4e
2026-08-27 11:27:21 [main] INFO  tc.testcontainers/ryuk:0.13.0 - Container testcontainers/ryuk:0.13.0 started in PT0.353343326S
2026-08-27 11:27:21 [main] INFO  o.t.utility.RyukResourceReaper - Ryuk started - will monitor and terminate Testcontainers containers on JVM exit
2026-08-27 11:27:21 [main] INFO  o.testcontainers.DockerClientFactory - Checking the system...
2026-08-27 11:27:21 [main] INFO  o.testcontainers.DockerClientFactory - ✔︎ Docker server version should be at least 1.6.0
2026-08-27 11:27:21 [main] INFO  t.g.io/epos-eric/metadata-database/deploy:main - Creating container for image: ghcr.io/epos-eric/metadata-database/deploy:main
2026-08-27 11:27:22 [main] INFO  t.g.io/epos-eric/metadata-database/deploy:main - Container ghcr.io/epos-eric/metadata-database/deploy:main is starting: d4d48fbc14baaa1f372a4c1589fba6c1576fafff146d6f0f064044c22c0eddca
2026-08-27 11:27:25 [main] INFO  t.g.io/epos-eric/metadata-database/deploy:main - Container ghcr.io/epos-eric/metadata-database/deploy:main started in PT3.960772128S
2026-08-27 11:27:25 [main] INFO  t.g.io/epos-eric/metadata-database/deploy:main - Container is started (JDBC URL: jdbc:postgresql://localhost:33564/cerif?loggerLevel=OFF)
2026-08-27 11:27:25 [main] INFO  com.zaxxer.hikari.HikariDataSource - metadata_catalogue - Starting...
2026-08-27 11:27:26 [main] INFO  com.zaxxer.hikari.pool.HikariPool - metadata_catalogue - Added connection org.postgresql.jdbc.PgConnection@ef60710
2026-08-27 11:27:26 [main] INFO  com.zaxxer.hikari.HikariDataSource - metadata_catalogue - Start completed.
2026-08-27 11:27:28 [main] INFO  com.zaxxer.hikari.HikariDataSource - metadata_catalogue - Shutdown initiated...
2026-08-27 11:27:28 [main] INFO  com.zaxxer.hikari.HikariDataSource - metadata_catalogue - Shutdown completed.
